domain,brand,tier,programme,prog_url,prog_email,prog_telegram,prog_software,prog_licence,our_email,our_operator,our_licence
13spins.com,13Spins,exact,13aff Partners,https://affcatalog.com/en/aff-program/13aff-partners/,affiliates@13aff.com,https://t.me/affcatalog?product=spsidebartop,MAP,Curacao,,Boom Line B.V.,OGL/2024/599/0274
1bet4win.com,1BET4WIN,exact,1Bet 4Win Partners,https://affcatalog.com/en/aff-program/1bet-4win-partners/,affiliate@1b4w.partners,https://t.me/affcatalog?product=spsidebartop,,,,Media Entertainment N.V.,OGL/2024/1110/0512
1king.com,1KING,exact,Parimatch Affiliates,https://affcatalog.com/en/aff-program/parimatch-partners/,contact@pmaffiliates.com,https://telegram.me/pmaffiliates_channel,In-house,Curacao,,Losartez B.V.,OGL/2024/1441/0693
1xcasino.com,1xCasino,exact,1xCasino Partners,https://affcatalog.com/en/aff-program/1xcasino-partners/,,https://telegram.me/partners_1XC,In-house,Curacao,,Caecus N.V.,OGL/2024/1262/0493
20bet.com,20bet,exact,Playamo Partners,https://affcatalog.com/en/aff-program/playamopartners/,affiliates@playamopartners.com,https://telegram.me/playamo_partners_official,NetRefer,"Curacao, Malta (MGA)",,TechSolutions Group B.V.,OGL/2024/590/0758
20bet.tech,20bet,exact,Playamo Partners,https://affcatalog.com/en/aff-program/playamopartners/,affiliates@playamopartners.com,https://telegram.me/playamo_partners_official,NetRefer,"Curacao, Malta (MGA)",,Innovex B.V.,OGL/2024/1769/1016
21bets.com,21bets,exact,Infinity Stars Partners,https://affcatalog.com/en/aff-program/infinity-stars-partners/,info@infinitystarspartners.com,https://t.me/affcatalog?product=spsidebartop,Cellxpert,"Anjouan, Curacao",,Famagousta B.V.,OGL/2023/155/0098
22casino.com,22 Casino,exact,22Bet Partners,https://affcatalog.com/en/aff-program/22bet-partners/,support@22betpartners.com,https://t.me/affcatalog?product=spsidebartop,NetRefer,"Anjouan, Curacao",,Techwave B.V.,OGL/2024/1653/0930
9winz.com,9winz,exact,9Winz Affiliates,https://affcatalog.com/en/aff-program/9winz-affiliates/,aff@9winz.com,https://telegram.me/aff_9winz,In-house,Curacao,,Globis N.V.,OGL/2024/1194/0723
ampm.casino,AMPM,exact,GameGrow Partners,https://affcatalog.com/en/aff-program/gamegrow-partners/,affiliate@gamegrow.partners,https://telegram.me/gamegrow_partners,,Curacao,,3-102-950476 LIMITADA,ALSI-202602013-FI1
artcasino.io,ArtCasino,exact,Memato Group,https://affcatalog.com/en/aff-program/memato-group/,partners@mematogroup.com,https://t.me/affcatalog?product=spsidebartop,MyAffiliates,Curacao,,Wild Blackfin Limited SRL,ALSI-202601043-FI2
batery.in,Batery,exact,Batery Partners,https://affcatalog.com/en/aff-program/batery-partners/,support@baterypartners.com,https://t.me/affcatalog?product=spsidebartop,AffiJet,Curacao,,YouGMedia B.V.,OGL/2024/107/0914
baxterbet.com,BaxterBet,exact,Ruby Affs,https://affcatalog.com/en/aff-program/ruby-affs/,affiliates@rubyaffs.com,https://t.me/affcatalog?product=spsidebartop,Cellxpert,Curacao,,Neroblanko Tech N.V.,OGL/2024/790/0272
beatbet.com,BeatBet,exact,ICE Affiliates,https://affcatalog.com/en/aff-program/ice-affiliates/,affiliates@iceaffiliates.com,https://t.me/affcatalog?product=spsidebartop,Cellxpert,"Anjouan, Curacao",,Royal Bonanza B.V.,OGL/2024/304/0398
bet7k.cl,Bet7k,exact,7kPartners,https://affcatalog.com/en/aff-program/7kpartners/,info@7k.partners,https://t.me/affcatalog?product=spsidebartop,In-house,Curacao,,NovaWave Technology N.V.,OGL/2024/547/0446
betbeast.com,BetBeast,exact,Thrill Partners,https://affcatalog.com/en/aff-program/thrill-partners/,partners@thrillpartners.com,https://t.me/affcatalog?product=spsidebartop,Affilka,Curacao,,FunGame LLC,ALSI-202508063-FI2
betflash24.com,Betflash24,exact,Betflash24 Partners,https://affcatalog.com/en/aff-program/betflash24-partners/,info@betflash24.com,https://t.me/affcatalog?product=spsidebartop,In-house,Curacao,,Loka IT Solutions N.V.,OGL/2024/770/0226
betfury.ac,BetFury,exact,BetFury Affiliates,https://affcatalog.com/en/aff-program/betfury-affiliates/,affiliate@betfury.com,https://telegram.me/BetFury_Affiliate,Affilka,Curacao,,,
betkudos.com,BetKudos,exact,BetKudos Partners,https://affcatalog.com/en/aff-program/betkudos-partners/,partners@betkudos.com,https://t.me/affcatalog?product=spsidebartop,EveryMatrix,Curacao,,,
betlabel.com,BetLabel,exact,22Bet Partners,https://affcatalog.com/en/aff-program/22bet-partners/,support@22betpartners.com,https://t.me/affcatalog?product=spsidebartop,NetRefer,"Anjouan, Curacao",,Techwave B.V.,OGL/2024/1653/0930
betmac.com,Betmac,exact,Hodl Partners,https://affcatalog.com/en/aff-program/hodl-partners/,info@hodl.partners.com,https://t.me/affcatalog?product=spsidebartop,MyAffiliates,Curacao,,Sefiarray B.V.,OGL/2024/842/0350
betmartini.com,Betmartini,exact,BetMartini Affiliates,https://affcatalog.com/en/aff-program/betmartini-affiliates/,affiliates@betmartini.com,https://t.me/affcatalog?product=spsidebartop,Tapfiliate,Curacao,,Media Entertainment N.V.,OGL/2024/1110/0512
betongame.com,Betongame,exact,Betongame Partners,https://affcatalog.com/en/aff-program/betongame-partners/,support@betongame.partners,https://t.me/affcatalog?product=spsidebartop,,Curacao,,Kromstex B.V.,OGL/2024/313/0337
betphoenix.ag,BetPhoenix,exact,BetPhoenix Affiliates,https://affcatalog.com/en/aff-program/betphoenix-affiliates/,promoters@betphoenix.ag,https://t.me/affcatalog?product=spsidebartop,In-house,Curacao,,International Radical Investment Ltd,ALSI-202509042-FI1
betsala.com,Betsala,exact,Betsala,https://affcatalog.com/en/aff-program/betsala/,,https://t.me/affcatalog?product=spsidebartop,BetConstruct,Curacao,,Betsala B.V.,OGL/2024/1506/0854
betsat.com,Betsat,exact,Betsat Affiliates,https://affcatalog.com/en/aff-program/betsat-affiliates/,,https://t.me/affcatalog?product=spsidebartop,Income Access,Curacao,,Poligon Entertainment N.V.,OGL/2024/815/0653
betsomnia.com,BetSomnia,exact,Megapartners,https://affcatalog.com/en/aff-program/megapartners/,,https://t.me/affcatalog?product=spsidebartop,Affilka,"Curacao, Malta (MGA)",,FairGame G.P. N.V.,OGL/2024/1673/0915
betssen.com,BETSSEN,exact,BETSSEN Partners,https://affcatalog.com/en/aff-program/betssen-partners/,partners@betssen.com,https://t.me/affcatalog?product=spsidebartop,BetConstruct,Curacao,,Great BDG Randon Entertainment N.V.,OGL/2024/544/0557
betti.com,Betti,exact,Betti Affiliates,https://affcatalog.com/en/aff-program/betti-affiliates/,info@bettiaffiliates.com,https://t.me/affcatalog?product=spsidebartop,MyAffiliates,Curacao,,Sefiarray B.V.,OGL/2024/842/0350
betturkey.com,Betturkey,exact,Betturkey Partners,https://affcatalog.com/en/aff-program/betturkey-partners/,marketing@betturkey.com,https://t.me/affcatalog?product=spsidebartop,,Curacao,,Galactic Infinity Ltd,ALSI-202511048-FI2
bettyspin.com,Bettyspin,exact,WinHub Partners,https://affcatalog.com/en/aff-program/winhub-partners/,contact@winhubpartners.com,https://t.me/affcatalog?product=spsidebartop,Cellxpert,Curacao,,Terdersoft B.V.,OGL/2024/1126/0521
betwinner.com,BetWinner,exact,Betwinner Affiliates,https://affcatalog.com/en/aff-program/betwinner-affiliates/,support@betwinneraffiliates.com,https://t.me/affcatalog?product=spsidebartop,In-house,"Curacao, Ghana, Kenya (BCLB), Nigeria, Serbia (GCA), Tanzania, Mozambique, Cameroon, Cote dIvoire, Democratic Republic of the Congo, Zambia",,Prevailer B.V.,OGL/2024/341/0759
betwinner.llc,BetWinner,exact,Betwinner Affiliates,https://affcatalog.com/en/aff-program/betwinner-affiliates/,support@betwinneraffiliates.com,https://t.me/affcatalog?product=spsidebartop,In-house,"Curacao, Ghana, Kenya (BCLB), Nigeria, Serbia (GCA), Tanzania, Mozambique, Cameroon, Cote dIvoire, Democratic Republic of the Congo, Zambia",,Luckyroo N.V.,OGL/2024/1371/0694
bigboost.com,Big Boost,exact,Rhino Affiliates,https://affcatalog.com/en/aff-program/rhino-affiliates/,affiliates@rhinoaffiliates.com,https://t.me/affcatalog?product=spsidebartop,NetRefer,Curacao,,White Star B.V.,OGL/2023/159/0076
bigwins.com,BigWins,exact,Moonrocket Affiliates,https://affcatalog.com/en/aff-program/moonrocket-affiliates/,contact@moonrocketaffiliates.com,https://telegram.me/+-li2G8gL_H0xYjI8,Cellxpert,Curacao,,EastPoint Operations B.V.,OGL/2024/1093/0504
billionairespin.com,Billionaire Spin,exact,FTD Gallery Affiliates,https://affcatalog.com/en/aff-program/ftd-gallery-affiliates/,affiliates@ftdgallery.com,https://telegram.me/+jaNddJ1Zf04yZjQy,Cellxpert,Curacao,,Terdersoft B.V.,OGL/2024/1126/0521
bitsler.com,Bitsler,exact,Bitsler Partners,https://affcatalog.com/en/aff-program/bitsler-partners/,partners@bitsler.com,https://telegram.me/bitsler_casino,In-house,Curacao,,Oyine N.V.,OGL/2024/930/0387
bitstarz.com,Bitstarz,exact,Bitstarz Affiliates,https://affcatalog.com/en/aff-program/bitstarz-affiliates/,affiliates@bitstarz.com,https://t.me/affcatalog?product=spsidebartop,Affilka,Curacao,,Gareton B.V.,OGL/2024/165/0185
bizbet.io,BizBet,exact,Bizbet Partners,https://affcatalog.com/en/aff-program/bizbet-partners/,support@bizbet.partners,https://t.me/affcatalog?product=spsidebartop,In-house,Curacao,,Gameway Global LLC,ALSI-202511025-FI2
bizbet.mobi,BizBet,exact,Bizbet Partners,https://affcatalog.com/en/aff-program/bizbet-partners/,support@bizbet.partners,https://t.me/affcatalog?product=spsidebartop,In-house,Curacao,support-en@africa-bizbet.com,Gameway Global LLC,ALSI-202511025-FI2
bizzocasino.com,Bizzo Casino,exact,Playamo Partners,https://affcatalog.com/en/aff-program/playamopartners/,affiliates@playamopartners.com,https://telegram.me/playamo_partners_official,NetRefer,"Curacao, Malta (MGA)",,TechSolutions Group B.V.,OGL/2024/590/0758
blaze.com,Blaze,exact,Blaze Affiliates,https://affcatalog.com/en/aff-program/blaze-affiliates/,affiliates@blaze.com,https://t.me/affcatalog?product=spsidebartop,Cellxpert,Curacao,,Prolific Trade N.V.,OGL/2024/1415/0636
blazespins.com,Blaze Spins,exact,Blaze Spins Affiliates,https://affcatalog.com/en/aff-program/blaze-spins-affiliates/,partners@blazeaffiliates.com,https://t.me/affcatalog?product=spsidebartop,MAP,Anjouan,,,
bluechip.io,Bluechip,exact,Bluechip Partners,https://affcatalog.com/en/aff-program/bluechip-partners/,hello@bluechip.partners,https://telegram.me/bluechippartners_bot,EveryMatrix,Curacao,,,
bodog.io,Bodog,exact,Revenue Network Affiliates,https://affcatalog.com/en/aff-program/revenue-network-affiliates/,,https://t.me/affcatalog?product=spsidebartop,MyAffiliates,"Antigua and Barbuda, Curacao, Kahnawake",,Caravan Media B.V.,OGL/2024/674/0714
bonanzagame.com,Bonanza Game,exact,AffArea Affiliates,https://affcatalog.com/en/aff-program/affarea-affiliates/,affiliate@affarea.com,https://t.me/affcatalog?product=spsidebartop,In-house,Curacao,,WoT N.V.,OGL/2024/452/0687
bonuskong.com,BonusKong,exact,Shogun Affiliates,https://affcatalog.com/en/aff-program/shogun-affiliates/,affiliates@shogunaffiliates.com,https://t.me/affcatalog?product=spsidebartop,Cellxpert,Curacao,,Rocket Play B.V.,OGL/2024/2413/1228
booi.com,Booi,exact,Gambling Craft,https://affcatalog.com/en/aff-program/gambling-craft/,support@gamblingcraft.com,https://telegram.me/Gambling_craft_news,,Curacao,,Globonet B.V.,OGL/2024/367/0690
boomzino.com,BOOMZINO,exact,380 Partners,https://affcatalog.com/en/aff-program/380-partners/,support@380.partners,https://t.me/affcatalog?product=spsidebartop,Cellxpert,,,Neroblanko Tech N.V.,OGL/2024/790/0272
buustikasino.com,Buusti Kasino,exact,Rhino Affiliates,https://affcatalog.com/en/aff-program/rhino-affiliates/,affiliates@rhinoaffiliates.com,https://t.me/affcatalog?product=spsidebartop,NetRefer,Curacao,,White Star B.V.,OGL/2023/159/0076
candyspinz.com,CandySpinz,exact,Chilli Partners,https://affcatalog.com/en/aff-program/chilli-partners/,,https://t.me/affcatalog?product=spsidebartop,"Affilka, Cellxpert","Curacao, Malta (MGA), Danish Gambling Authority (DGA), United Kingdom (UKGC)",,Terdersoft B.V.,OGL/2024/1126/0521
capospin.com,Capo Spin,exact,Capo Network,https://affcatalog.com/en/aff-program/capo-network/,affiliates@caponetwork.com,https://t.me/affcatalog?product=spsidebartop,Cellxpert,Curacao,,Terdersoft B.V.,OGL/2024/1126/0521
casino-x.com,Casino-X,exact,PoshFriends,https://affcatalog.com/en/aff-program/poshfriends/,support@poshfriends.com,https://telegram.me/poshfriends,In-house,Curacao,,Pomadorro N.V.,OGL/2024/863/0412
casino.satospins.com,SATOSPINS,exact,SureBet Partners,https://affcatalog.com/en/aff-program/surebet-partners/,affiliates@surebetpartners.com,https://t.me/affcatalog?product=spsidebartop,MyAffiliates,Costa Rica,,,
casino4u.tech,Casino4U,exact,Fastpay Affiliates,https://affcatalog.com/en/aff-program/fastpay-affiliates/,affiliates@fastpay-casino.com,https://t.me/affcatalog?product=spsidebartop,Affilka,Curacao,,,
casinobello.info,Casino Bello,exact,Blitz Affiliates,https://affcatalog.com/en/aff-program/blitz-affiliates/,info@blitzaffiliates.com,https://t.me/affcatalog?product=spsidebartop,Affilka,Curacao,,,
casinobossy.com,CasinoBossy,exact,Maggiore Partners,https://affcatalog.com/en/aff-program/maggiore-partners/,affiliates@maggiorepartners.com,https://t.me/affcatalog?product=spsidebartop,Cellxpert,,,Neroblanko Tech N.V.,OGL/2024/790/0272
casinoclic.com,Casino Clic,exact,Riviera Rewards,https://affcatalog.com/en/aff-program/riviera-rewards/,admin@rivierarewards.com,https://t.me/affcatalog?product=spsidebartop,,No license,,Galactic Investments B.V.,OGL/2024/1323/0734
casinofriday.com,CasinoFriday,exact,Funnz Partners,https://affcatalog.com/en/aff-program/funnz-partners/,affiliates@funnz.partners,https://t.me/affcatalog?product=spsidebartop,Cellxpert,Estonia (ETCB),,Far Up Entertainment N.V.,OGL/2024/361/0119
casinojamboree.com,Casino Jamboree,exact,Dodon Partners,https://affcatalog.com/en/aff-program/dodon-partners/,support@dodonpartners.com,https://t.me/affcatalog?product=spsidebartop,NetRefer,Curacao,,Osmila N.V.,OGL/2024/1276/0583
casinomega.com,CasinoMega,exact,King Revenue Partners,https://affcatalog.com/en/aff-program/king-revenue-partners/,affiliates@kingrevenue.com,https://t.me/affcatalog?product=spsidebartop,MyAffiliates,Curacao,,Continental Solutions Limited B.V.,OGL/2024/1208/0715
casinoorca.com,CasinoOrca,exact,Memato Group,https://affcatalog.com/en/aff-program/memato-group/,partners@mematogroup.com,https://t.me/affcatalog?product=spsidebartop,MyAffiliates,Curacao,,Wild Blackfin Limited SRL,ALSI-202601043-FI2
casinopurple.info,Casino Purple,exact,Purple Commissions,https://affcatalog.com/en/aff-program/purple-commissions/,,https://t.me/affcatalog?product=spsidebartop,EGO,Curacao,,,
casinostars.io,CasinoStars,exact,Memato Group,https://affcatalog.com/en/aff-program/memato-group/,partners@mematogroup.com,https://t.me/affcatalog?product=spsidebartop,MyAffiliates,Curacao,,MOONSEEKER SRL,ALSI-202509006-FI1
casinovibes.com,CasinoVibes,exact,EZY Gaming,https://affcatalog.com/en/aff-program/arcanebet-affiliates/,affiliates@arcanebet.com,https://t.me/affcatalog?product=spsidebartop,EveryMatrix,Curacao,,TH Gambling N.V.,OGL/2024/1468/1024
chance.net,Chance,exact,Tipsport Partners,https://affcatalog.com/en/aff-program/tipsport-partners/,affiliate@tipsport.cz,https://t.me/affcatalog?product=spsidebartop,In-house,"Czech Republic, Slovakia (URHH)",,Chance Ltd,ALSI-202510039-FI2
cherryjackpot.com,CherryJackpot,exact,Legend Affiliates,https://affcatalog.com/en/aff-program/legend-affiliates/,managers@legendaffiliates.com,https://t.me/affcatalog?product=spsidebartop,MyAffiliates,Anjouan,,,
cloudbet.com,Cloudbet,exact,Cloudbet Affiliates,https://affcatalog.com/en/aff-program/cloudbet-affiliates/,affiliates@cloudbet.com,https://t.me/affcatalog?product=spsidebartop,In-house,Curacao,,Halcyon Super Holdings B.V.,OGL/2024/328/0599
coinbets777.com,CoinBets777,exact,Coinbets777 Affiliates,https://affcatalog.com/en/aff-program/coinbets777-affiliates/,affiliates@coinbets777.com,https://t.me/affcatalog?product=spsidebartop,Rival,No license,,,
coldbet.com,Coldbet,exact,Coldbet Partners,https://affcatalog.com/en/aff-program/coldbet-partners/,support@coldbet.partners,https://telegram.me/coldbet_partners,In-house,"Anjouan, Curacao",,Game2Net B.V.,OGL/2024/296/1093
corgislot.com,CorgiSlot,exact,Corgi Partners,https://affcatalog.com/en/aff-program/corgi-partners/,affiliate@corgipartners.com,https://t.me/affcatalog?product=spsidebartop,Affilka,Curacao,,FairGame G.P. N.V.,OGL/2024/1673/0915
crypto-games.io,Crypto-Games,exact,Crypto-Games Affiliates,https://affcatalog.com/en/aff-program/crypto-games-affiliates/,,https://t.me/affcatalog?product=spsidebartop,In-house,Costa Rica,,,
cryptoslots.com,CryptoSlots,exact,Slotland Affiliates,https://affcatalog.com/en/aff-program/slotland-affiliates/,program@slotlandaffiliates.com,https://t.me/affcatalog?product=spsidebartop,Cellxpert,Anjouan,,,
dazard.club,Dazard,exact,Brofist Partners,https://affcatalog.com/en/aff-program/brofist-partners/,affiliates@brofist.partners,https://telegram.me/brofist_partners,Affilka,Curacao,,Dama N.V.,OGL/2023/174/0082
db-bet.com,DBbet,exact,DBbet Partners,https://affcatalog.com/en/aff-program/dbbet-partners/,support@partnersdbbet.com,https://telegram.me/dbbetaffiliates,In-house,Curacao,,Sport Tech N.V.,OGL/2024/574/0913
dicebet.com,DiceBet,exact,DiceBet Partners,https://affcatalog.com/en/aff-program/dicebet-partners/,partners@dicebet.com,https://telegram.me/dicebet_partners_welcome_bot,Alanbase,Curacao,,Advanced Sports Entertainment N.V.,OGL/2024/635/0818
dragonslots.com,Dragonslots,exact,Playamo Partners,https://affcatalog.com/en/aff-program/playamopartners/,affiliates@playamopartners.com,https://telegram.me/playamo_partners_official,NetRefer,"Curacao, Malta (MGA)",,Innovex B.V.,OGL/2024/1769/1016
efbet.net,efbet,exact,Efbet Affiliates,https://affcatalog.com/en/aff-program/efbet-affiliates/,,https://t.me/affcatalog?product=spsidebartop,Income Access,Malta (MGA),,AE Group B.V.,OGL/2024/216/0606
egb.com,EGB,exact,eGamingBets Affiliates,https://affcatalog.com/en/aff-program/egamingbets-affiliates/,support@egbaffiliates.com,https://t.me/affcatalog?product=spsidebartop,In-house,Curacao,,Exedra N.V.,OGL/2024/1277/0496
exclusive.america777.com,America777,exact,Affiliate Slots,https://affcatalog.com/en/aff-program/affiliate-slots/,info@affiliateslots.com,https://t.me/affcatalog?product=spsidebartop,Wynta,"Anjouan, Curacao",,,
fairpari.com,FairPari,exact,Fairpari Partners,https://affcatalog.com/en/aff-program/fairpari-partners/,support@fairpari.partners,https://t.me/affcatalog?product=spsidebartop,In-house,Curacao,,Centrald B.V.,OGL/2024/1143/0865
fairpari.com:443,FairPari,exact,Fairpari Partners,https://affcatalog.com/en/aff-program/fairpari-partners/,support@fairpari.partners,https://t.me/affcatalog?product=spsidebartop,In-house,Curacao,,,
fan-sport.com,FANSPORT,exact,FANPARTNERS,https://affcatalog.com/en/aff-program/fan-partners/,info@fanpartners.bet,https://t.me/affcatalog?product=spsidebartop,U-Platform,Curacao,,Interactive Betting N.V.,OGL/2024/537/0691
fantasticbet.com,FantasticBet,exact,Fantasticbet Affiliates,https://affcatalog.com/en/aff-program/fantasticbet-affiliates/,,https://t.me/affcatalog?product=spsidebartop,In-house,Curacao,,Radon B.V.,OGL/2024/802/0282
fastpari.com,FastPari,exact,FastPari Partners,https://affcatalog.com/en/aff-program/fastpari-partners/,support@fastpari.partners,https://t.me/affcatalog?product=spsidebartop,,Curacao,,Mystic Glitter B.V.,OGL/2024/997/0945
felixspin.com,Felixspin,exact,7Ladies Affiliates,https://affcatalog.com/en/aff-program/7ladies-affiliates/,affiliates@7ladies.com,https://telegram.me/the7ladies,Cellxpert,Curacao,,Terdersoft B.V.,OGL/2024/1126/0521
flukyone.com,Flukyone,exact,FlukyOne Affiliates,https://affcatalog.com/en/aff-program/flukyone-affiliates/,,https://t.me/affcatalog?product=spsidebartop,In-house,Curacao,,Momo Entertainment B.V.,OGL/2024/940/0485
flush.com,Flush,exact,Flush Partners,https://affcatalog.com/en/aff-program/flush-partners/,,https://t.me/affcatalog?product=spsidebartop,Affilka,Tobique (TGC),,Fordegens Limitada,ALSI-202509008-FI1
fortuneplay.co,Fortune Play,exact,Rooster Partners,https://affcatalog.com/en/aff-program/rooster-partners/,contact@roosterpartners.com,https://t.me/affcatalog?product=spsidebartop,Affilka,Curacao,,,
forzabet.live,ForzaBet,exact,Forza.Bet Affiliates,https://affcatalog.com/en/aff-program/forza-bet-affiliates/,affiliates@forza.bet,https://t.me/affcatalog?product=spsidebartop,,Anjouan,support@forzabet.live,BeLion International Holdings Ltd.,ALSI-202510053-FI2
freakybillion.com,FreakyBIllion,exact,Casiworx Partners,https://affcatalog.com/en/aff-program/casiworx-partners/,affiliates@casiworx.partners,https://t.me/affcatalog?product=spsidebartop,Affise,Curacao,,Casiworx N.V.,OGL/2024/1278/0497
freespinz.com,FreeSpinz,exact,Freespinz Affiliates,https://affcatalog.com/en/aff-program/freespinz-affiliates/,,https://t.me/affcatalog?product=spsidebartop,,Curacao,,Pacific Odds SRL,ALSI-202510032-FI1
funbet.me,Funbet,exact,Affina Partners,https://affcatalog.com/en/aff-program/affina-partners/,affiliates@affina.com,https://t.me/affcatalog?product=spsidebartop,ReferOn,,reach.us@funbet.me,3-102-938581 Limitada,ALSI-202508066-FI2
funpari.com,FunPari,exact,FunPari Partners,https://affcatalog.com/en/aff-program/funpari-partners/,support@funpari.partners,https://t.me/affcatalog?product=spsidebartop,In-house,Curacao,,Kromstex B.V.,OGL/2024/313/0337
gdfplay.com,GDFplay,exact,PIQ Partners,https://affcatalog.com/en/aff-program/piq-partners/,,https://t.me/affcatalog?product=spsidebartop,,Curacao,,WoT N.V.,OGL/2024/452/0687
get.winbig21.com,Winbig21,exact,WinBig Affiliates,https://affcatalog.com/en/aff-program/winbig-affiliates/,,https://t.me/affcatalog?product=spsidebartop,Rival,Curacao,,,
getwin.online,GetWin,exact,GetWin Partners,https://affcatalog.com/en/aff-program/getwin-partners/,aff@getwin.info,https://telegram.me/getwin_partners,,No license,support@getwin.online,3-102-945845 SRL,ALSI-202511035-FI2
glory.casino,Glory,exact,Glory Partners,https://affcatalog.com/en/aff-program/glory-partners/,support@glory.bet,https://telegram.me/glorypartners,Alanbase,Curacao,,Bettor IO N.V.,OGL/2024/1699/1163
godbunny.com,GodBunny,exact,GodBunny Affiliates,https://affcatalog.com/en/aff-program/godbunny-affiliates/,,https://t.me/affcatalog?product=spsidebartop,In-house,Curacao,,Godbunny B.V.,OGL/2024/199/0868
gomblingo.casino,GOMBLINGO,exact,AffShares Partners,https://affcatalog.com/en/aff-program/affshares-partners/,support@affshares.com,https://t.me/affcatalog?product=spsidebartop,Cellxpert,Curacao,,,
granawin.com,Granawin,exact,Playamo Partners,https://affcatalog.com/en/aff-program/playamopartners/,affiliates@playamopartners.com,https://telegram.me/playamo_partners_official,NetRefer,"Curacao, Malta (MGA)",,Innovex B.V.,OGL/2024/1769/1016
grandz.com,GrandZ,exact,Peak Gamble Affiliates,https://affcatalog.com/en/aff-program/peak-gamble-affiliates/,financial@peakgamble.com,https://t.me/affcatalog?product=spsidebartop,"MyAffiliates, ReferOn","Anjouan, Curacao, Kahnawake",,Brightstar N.V.,OGL/2024/1455/0790
grizzly.online,Grizzly,exact,Grizzly Affiliates,https://affcatalog.com/en/aff-program/grizzly-affiliates/,affiliate@grizzly.bingo,https://t.me/affcatalog?product=spsidebartop,In-house,Anjouan,affiliate@grizzly.bingo,GC Service Group Ltd,ALSI-202508052-FI2
grizzly.win,Grizzly,exact,Grizzly Affiliates,https://affcatalog.com/en/aff-program/grizzly-affiliates/,affiliate@grizzly.bingo,https://t.me/affcatalog?product=spsidebartop,In-house,Anjouan,affiliate@grizzly.bingo,GC Service Group Ltd,ALSI-202508052-FI2
hellocasino.io,Hello Casino,exact,Superfly Partners,https://affcatalog.com/en/aff-program/superfly-partners/,support@superflypartners.net,https://t.me/affcatalog?product=spsidebartop,Scaleo,"Malta (MGA), United Kingdom (UKGC)",,3-102-940372 SRL,ALSI-202604020-FI2
hellspin.vip,Hell Spin,exact,HELL Partners,https://affcatalog.com/en/aff-program/hell-partners/,affiliates@hellpartners.com,https://telegram.me/hellpartners0,NetRefer,Curacao,,Latcas B.V.,OGL/2024/1676/0905
highflybet.com,Highflybet,exact,Shogun Affiliates,https://affcatalog.com/en/aff-program/shogun-affiliates/,affiliates@shogunaffiliates.com,https://t.me/affcatalog?product=spsidebartop,Cellxpert,Curacao,,Terdersoft B.V.,OGL/2024/1126/0521
honeybetz.com,HoneyBetz,exact,ChinChin Partners,https://affcatalog.com/en/aff-program/chinchin-partners/,affiliates@chinchinpartners.com,https://t.me/affcatalog?product=spsidebartop,Cellxpert,Costa Rica,,Terdersoft B.V.,OGL/2024/1126/0521
hornetbet.io,Hornetbet,exact,Hornetbet Partners,https://affcatalog.com/en/aff-program/hornetbet-partners/,affiliate@hornetbet.com,https://t.me/affcatalog?product=spsidebartop,In-house,Curacao,,Jay Services B.V.,OGL/2024/1118/0773
hotbet.bet,HOTBET,exact,Hot Bet Affiliates,https://affcatalog.com/en/aff-program/hot-bet-affiliates/,,https://t.me/affcatalog?product=spsidebartop,Cellxpert,Curacao,,Misterio Vacio B.V.,OGL/2024/1334/1038
instaslots.com,Instaslots,exact,Rock and Roi Affiliates,https://affcatalog.com/en/aff-program/rock-and-roi-affiliates/,,https://t.me/affcatalog?product=spsidebartop,Affilka,Curacao,,High Seas N.V.,OGL/2024/1533/0769
intellectbet.com,Intellectbet,exact,Casiworx Partners,https://affcatalog.com/en/aff-program/casiworx-partners/,affiliates@casiworx.partners,https://t.me/affcatalog?product=spsidebartop,Affise,Curacao,,Casiworx N.V.,OGL/2024/1278/0497
ivibet.game,Ivibet,exact,HELL Partners,https://affcatalog.com/en/aff-program/hell-partners/,affiliates@hellpartners.com,https://telegram.me/hellpartners0,NetRefer,Curacao,,Latcas B.V.,OGL/2024/1676/0905
ivybet.io,Ivybet,exact,7Ladies Affiliates,https://affcatalog.com/en/aff-program/7ladies-affiliates/,affiliates@7ladies.com,https://telegram.me/the7ladies,Cellxpert,Curacao,,Neroblanko Tech N.V.,OGL/2024/790/0272
jackpot-town.com,Jackpot Town,exact,Revenue Haven Affiliates,https://affcatalog.com/en/aff-program/revenue-haven-affiliates/,affiliation@revenuehaven.com,https://t.me/affcatalog?product=spsidebartop,MyAffiliates,Isle of Man,,Yentel Investments B.V.,OGL/2024/1349/0997
jetton.online,JetTon,exact,JetTon Partners,https://affcatalog.com/en/aff-program/jetton-partners/,info.partners@jetton.games,https://telegram.me/jettonpartnersinfo,In-house,Anjouan,,JetTon Games B.V.,OGL/2024/2287/1195
joefortune.com,Joe Fortune,exact,Revenue Network Affiliates,https://affcatalog.com/en/aff-program/revenue-network-affiliates/,,https://t.me/affcatalog?product=spsidebartop,MyAffiliates,"Antigua and Barbuda, Curacao, Kahnawake",,Ridley Media N.V.,OGL/2024/676/0726
jonbet.io,Jonbet,exact,Jonbet Affiliates,https://affcatalog.com/en/aff-program/jonbet-affiliates/,affiliates@jonbet.io,https://t.me/affcatalog?product=spsidebartop,Cellxpert,Curacao,,Ascend Entertainment N.V.,OGL/2024/1467/0728
joocasino.live,Joo Casino,exact,N1 Partners,https://affcatalog.com/en/aff-program/n1-partners/,affiliates@n1.partners,https://telegram.me/n1partnersinsider,Affilka,"Curacao, Kahnawake, Malta (MGA)",,,
jozz.com,Jozz,exact,Gambling Craft,https://affcatalog.com/en/aff-program/gambling-craft/,support@gamblingcraft.com,https://telegram.me/Gambling_craft_news,,Curacao,,Globonet B.V.,OGL/2024/367/0690
jugabet.com.ec,JugaBet,exact,Growe Partners,https://affcatalog.com/en/aff-program/growe-partners/,support@growe.partners,https://telegram.me/growepartners,,,,Gladia N.V.,OGL/2024/378/0652
justcasino.io,JustCasino,exact,Fortunate Partners,https://affcatalog.com/en/aff-program/fortunate-partners/,info@fortunate.partners,https://t.me/affcatalog?product=spsidebartop,Affilka,Curacao,,Just Entertainment B.V.,OGL/2024/164/0246
jvspin.com,JvSpin,exact,JVSpin Partners,https://affcatalog.com/en/aff-program/jvspin-partners/,partners@jvspinbet.com,https://telegram.me/JVSPINBET_PARTNERS,In-house,Curacao,,Orakum N.V.,OGL/2024/586/0786
kaahaus.com,Kaahaus,exact,Fruity Partners,https://affcatalog.com/en/aff-program/fruity-partners/,contact@fruitypartners.com,https://t.me/affcatalog?product=spsidebartop,Cellxpert,Curacao,,Fruity Entertainment N.V.,OGL/2024/1487/0729
kikobet.com,Kikobet,exact,Stake Partners,https://affcatalog.com/en/aff-program/stake-partners/,affiliates@stakepartners.com,https://t.me/affcatalog?product=spsidebartop,,Curacao,,Media Entertainment N.V.,OGL/2024/1110/0512
kilobet.com,Kilobet,exact,KiloBet Affiliates,https://affcatalog.com/en/aff-program/kilobet-afiliates/,connect@pushaffiliates.com,https://t.me/affcatalog?product=spsidebartop,Affilka,Curacao,,SG International N.V.,OGL/2024/379/0174
kirgo.io,Kirgo,exact,Kirgo Partners,https://affcatalog.com/en/aff-program/kirgo-partners/,affiliates@kirgo.com,https://t.me/affcatalog?product=spsidebartop,Affilka,Curacao,,Raining Games N.V.,OGL/2024/2252/1179
kraken.casino,Kraken,exact,Krollbit Partners,https://affcatalog.com/en/aff-program/krollbit-partners/,support@krollbit.partners,https://telegram.me/krollbit_patrners,,Curacao,,SUVYD B.V.,OGL/2024/846/0501
kush.casino,KUSH,exact,NOVA PARTNERS,https://affcatalog.com/en/aff-program/nova-partners/,,https://t.me/affcatalog?product=spsidebartop,In-house,Anjouan,support@kush.casino,3-102-937610 SRL,ALSI-202510054-FI2
latribet.ec,Latribet,exact,Latamaffliate,https://affcatalog.com/en/aff-program/latamaffliate/,afiliados@latribet.ec,https://t.me/affcatalog?product=spsidebartop,,Curacao,,Media Entertainment N.V.,OGL/2024/1110/0512
lemon.casino,Lemon,exact,Lemon Partners,https://affcatalog.com/en/aff-program/lemon-partners/,affiliates@lemon.partners,https://t.me/affcatalog?product=spsidebartop,MAP,Curacao,,,
leon.net,Leon,exact,R2D Partners,https://affcatalog.com/en/aff-program/r2d-partners/,affiliates@r2d.partners,https://telegram.me/r2d_partners,Quintessence,"Curacao, Kahnawake",,Moonlite N.V.,OGL/2024/356/0288
letou.com,Letou,exact,Letou Affiliates,https://affcatalog.com/en/aff-program/letou-affiliates/,letouaffiliate@gmail.com,https://t.me/affcatalog?product=spsidebartop,MyAffiliates,Curacao,cs@letou.com,RegalTech Solutions Limitada,ALSI-202602046-FI2
letsgocasino.com,Let's Go Casino,exact,Letsgo Affiliate Partners,https://affcatalog.com/en/aff-program/letsgo-affiliate-partners/,partners@letsgocasino.com,https://t.me/affcatalog?product=spsidebartop,Affilka,Curacao,,Progress Path Co N.V.,OGL/2024/1113/0517
letslucky.casino,LetsLucky,exact,Fortunate Partners,https://affcatalog.com/en/aff-program/fortunate-partners/,info@fortunate.partners,https://t.me/affcatalog?product=spsidebartop,Affilka,Curacao,,,
limewin.online,Limewin,exact,Playamo Partners,https://affcatalog.com/en/aff-program/playamopartners/,affiliates@playamopartners.com,https://telegram.me/playamo_partners_official,NetRefer,"Curacao, Malta (MGA)",,,
linebet.com,Linebet,exact,Linebet Partners,https://affcatalog.com/en/aff-program/linebet-partners/,b2b@linebet.com,https://t.me/affcatalog?product=spsidebartop,In-house,Curacao,,Aspro N.V.,OGL/2024/565/0553
liraspin.com,Lira Spin,exact,ChinChin Partners,https://affcatalog.com/en/aff-program/chinchin-partners/,affiliates@chinchinpartners.com,https://t.me/affcatalog?product=spsidebartop,Cellxpert,Costa Rica,,Terdersoft B.V.,OGL/2024/1126/0521
livecasinohouse.shop,Live Casino House,exact,Income88 Affiliates,https://affcatalog.com/en/aff-program/income88-affiliates/,info@income88.com,https://t.me/affcatalog?product=spsidebartop,MyAffiliates,Curacao,,,
livegames.io,LiveGames,exact,LiveGames,https://affcatalog.com/en/aff-program/livegames/,partners@live-partners.org,https://t.me/affcatalog?product=spsidebartop,,,,Livetech Software Solutions N.V.,OGL/2024/845/0407
lotteryworld.com,LotteryWorld,exact,Lottomatrix Affiliates,https://affcatalog.com/en/aff-program/lottomatrix-affiliates/,,https://t.me/affcatalog?product=spsidebartop,Post Affiliate Pro,"Irish Revenue Commissioners, Malta (MGA), Spelinspektionen (SGA), United Kingdom (UKGC)",,Go East B.V.,OGL/2024/1044/0452
luckland.com,Luckland,exact,Affilistars,https://affcatalog.com/en/aff-program/affilistars/,support@affilistars.com,https://t.me/affcatalog?product=spsidebartop,MyAffiliates,"Curacao, Malta (MGA)",,,
lucky7even.org,Lucky7even,exact,Rooster Partners,https://affcatalog.com/en/aff-program/rooster-partners/,contact@roosterpartners.com,https://t.me/affcatalog?product=spsidebartop,Affilka,Curacao,,,
luckybear.live,LuckyBear,exact,LuckyBear Partners,https://affcatalog.com/en/aff-program/luckybear-partners/,cooperation@luckybear.partners,https://telegram.me/MedvedPartners,In-house,Curacao,,Bridge Technologies B.V.,OGL/2024/431/0231
luckycapone.com,LuckyCapone,exact,Velvet Partners,https://affcatalog.com/en/aff-program/velvet-partners/,affiliates@velvet.partners,https://t.me/affcatalog?product=spsidebartop,Cellxpert,"Anjouan, Curacao",,Neroblanko Tech N.V.,OGL/2024/790/0272
luckydreams.io,LuckyDreams,exact,Fortunate Partners,https://affcatalog.com/en/aff-program/fortunate-partners/,info@fortunate.partners,https://t.me/affcatalog?product=spsidebartop,Affilka,Curacao,,,
luckyones.online,Lucky Ones,exact,Fortunate Partners,https://affcatalog.com/en/aff-program/fortunate-partners/,info@fortunate.partners,https://t.me/affcatalog?product=spsidebartop,Affilka,Curacao,,,
lukkly.com,Lukkly,exact,Lukkly Partners,https://affcatalog.com/en/aff-program/lukkly-partners/,affilate@lukkly.com,https://t.me/affcatalog?product=spsidebartop,In-house,Curacao,,Nexluck Ltd,ALSI-202512012-FI1
mad.casino,Mad,exact,Luck Partners,https://affcatalog.com/en/aff-program/luck-partners/,,https://t.me/affcatalog?product=spsidebartop,ReferOn,"Curacao, Tobique (TGC)",,3-102-938906 SRL,ALSI-202510009-FI1
magneticslots.com,Magneticslots,exact,CoolAffs,https://affcatalog.com/en/aff-program/coolaffs/,affiliates@coolaff.com,https://telegram.me/coolaffs,Cellxpert,"Anjouan, Curacao",,Neroblanko Tech N.V.,OGL/2024/790/0272
majesticslotsclub.net,Majesticslots Club,exact,Riviera Rewards,https://affcatalog.com/en/aff-program/riviera-rewards/,admin@rivierarewards.com,https://t.me/affcatalog?product=spsidebartop,,No license,,Galactic Investments B.V.,OGL/2024/1323/0734
manekispin.com,Manekispin,exact,Hustle Partners,https://affcatalog.com/en/aff-program/hustle-partners/,affiliates@hustle-partners.com,https://t.me/affcatalog?product=spsidebartop,Cellxpert,Curacao,,Neroblanko Tech N.V.,OGL/2024/790/0272
melbet.org:443,MelBet,exact,Melbet Partners,https://affcatalog.com/en/aff-program/melbet-partners/,support@melbetaffiliates.com,https://t.me/affcatalog?product=spsidebartop,In-house,Curacao,,,
miki.com,Miki,exact,VL Partners,https://affcatalog.com/en/aff-program/vl-partners/,affiliates@vlpartners.com,https://t.me/affcatalog?product=spsidebartop,MyAffiliates,"Curacao, Malta (MGA)",,Novi B.V.,OGL/2024/1288/0542
mondcasino.com,MondCasino,exact,Memato Group,https://affcatalog.com/en/aff-program/memato-group/,partners@mematogroup.com,https://t.me/affcatalog?product=spsidebartop,MyAffiliates,Curacao,,MOONSEEKER SRL,ALSI-202509006-FI1
mostbet.com,MostBet,exact,MostBet Partners,https://affcatalog.com/en/aff-program/mostbet-partners/,help@mostbet.partners,https://telegram.me/mostbetpartners,In-house,Curacao,,Bizbon N.V.,OGL/2024/597/0249
mrcat.com,Mr Cat,exact,Mr Cat Affiliates,https://affcatalog.com/en/aff-program/mr-cat-affiliates/,affiliates@mrcat.com,https://t.me/affcatalog?product=spsidebartop,In-house,Curacao,,RegalTech Solutions Limitada,ALSI-202602046-FI2
mrxbet.bet,MrXBet,exact,MyAff Partners,https://affcatalog.com/en/aff-program/myaff-partners/,,https://t.me/affcatalog?product=spsidebartop,MyAffiliates,Curacao,,TGI Entertainment N.V.,OGL/2024/428/0397
n1bet.live,N1Bet,exact,N1 Partners,https://affcatalog.com/en/aff-program/n1-partners/,affiliates@n1.partners,https://telegram.me/n1partnersinsider,Affilka,"Curacao, Kahnawake, Malta (MGA)",,,
nationalcasino.com,National Casino,exact,Playamo Partners,https://affcatalog.com/en/aff-program/playamopartners/,affiliates@playamopartners.com,https://telegram.me/playamo_partners_official,NetRefer,"Curacao, Malta (MGA)",,TechSolutions Group B.V.,OGL/2024/590/0758
nationalcasino.dev,National Casino,exact,Playamo Partners,https://affcatalog.com/en/aff-program/playamopartners/,affiliates@playamopartners.com,https://telegram.me/playamo_partners_official,NetRefer,"Curacao, Malta (MGA)",,Innovex B.V.,OGL/2024/1769/1016
needforslots.com,NeedForSlots,exact,Padrino Partners,https://affcatalog.com/en/aff-program/padrino-partners/,affiliates@padrinopartners.com,https://t.me/affcatalog?product=spsidebartop,Cellxpert,Curacao,,Neroblanko Tech N.V.,OGL/2024/790/0272
nextbet.com,Nextbet,exact,Nextbet Affiliates,https://affcatalog.com/en/aff-program/nextbet-affiliates/,affiliates@nextbet.com,https://t.me/affcatalog?product=spsidebartop,NetRefer,Curacao,,Osmila N.V.,OGL/2024/1276/0583
norsewin.com,NorseWin,exact,Casiworx Partners,https://affcatalog.com/en/aff-program/casiworx-partners/,affiliates@casiworx.partners,https://t.me/affcatalog?product=spsidebartop,Affise,Curacao,,Casiworx N.V.,OGL/2024/1278/0497
offers.dolfwin.com,Dolfwin,exact,Dolfwin Partners,https://affcatalog.com/en/aff-program/dolfwin-partners/,affiliates@dolfwin.com,https://t.me/affcatalog?product=spsidebartop,Cellxpert,Curacao,,,
offers.vegasland.com,Vegasland,exact,MrPlay Partners,https://affcatalog.com/en/aff-program/mrplay-partners/,support@mrplaypartners.com,https://t.me/affcatalog?product=spsidebartop,Mexos,"Irish Revenue Commissioners, Malta (MGA), United Kingdom (UKGC)",,,
optimbet.com,Optimbet,exact,Stake Partners,https://affcatalog.com/en/aff-program/stake-partners/,affiliates@stakepartners.com,https://t.me/affcatalog?product=spsidebartop,,Curacao,,Media Entertainment N.V.,OGL/2024/1110/0512
parimatch.page,PariMatch,exact,Affter,https://affcatalog.com/en/aff-program/affter/,support@affter.com,https://t.me/affcatalog?product=spsidebartop,In-house,,,,
paripesa.com,PariPesa,exact,Paripesa Partners,https://affcatalog.com/en/aff-program/paripesa-partners/,partners@paripesapartners.org,https://t.me/affcatalog?product=spsidebartop,In-house,Curacao,,Optim Development B.V.,OGL/2024/225/0601
paripulse.com,Pari Pulse,exact,PariPulse Partners,https://affcatalog.com/en/aff-program/paripulse-partners/,affsupport@paripulsepartners.com,https://telegram.me/paripulse_partners,In-house,Curacao,,Seventoria B.V.,OGL/2024/301/0477
placebet.partners,Placebet,exact,Club Affiliates,https://affcatalog.com/en/aff-program/club-affiliates/,partners@clubaffiliates.com,https://t.me/affcatalog?product=spsidebartop,ReferOn,Curacao,,3-102-959375 SRL,ALSI-202604017-FI1
play.casinosecret.net,CasinoSecret,exact,CasinoSecret Affiliates,https://affcatalog.com/en/aff-program/casinosecret-affiliates/,affiliates@casinosecretgroup.com,https://t.me/affcatalog?product=spsidebartop,NetRefer,Curacao,,Breckenridge Curaçao B.V.,OGL/2024/175/0182
play.onlinecasinogames.com,OnlineCasinoGames,exact,SureBet Partners,https://affcatalog.com/en/aff-program/surebet-partners/,affiliates@surebetpartners.com,https://t.me/affcatalog?product=spsidebartop,MyAffiliates,Costa Rica,,,
play.verajohn.net,Vera&John,exact,VJ Group Affiliation,https://affcatalog.com/en/aff-program/vj-group-affiliation/,info@vjgroupaffiliation.com,https://t.me/affcatalog?product=spsidebartop,In-house,"Anjouan, Curacao, Malta (MGA)",,Breckenridge Curaçao B.V.,OGL/2024/175/0182
play.yuugado.net,Yuugado,exact,VJ Group Affiliation,https://affcatalog.com/en/aff-program/vj-group-affiliation/,info@vjgroupaffiliation.com,https://t.me/affcatalog?product=spsidebartop,In-house,"Anjouan, Curacao, Malta (MGA)",,Breckenridge Curaçao B.V.,OGL/2024/175/0182
playbet.io,Playbet,exact,Playbet Partners,https://affcatalog.com/en/aff-program/playbet-partners/,affiliates@playbet.io,https://t.me/affcatalog?product=spsidebartop,Affilka,Curacao,info@playbet.io,Aurevia Digital Ventures Ltd,ALSI-202510058-FI2
playfortuna.com,Play Fortuna,exact,Gambling Craft,https://affcatalog.com/en/aff-program/gambling-craft/,support@gamblingcraft.com,https://telegram.me/Gambling_craft_news,,Curacao,,Globonet B.V.,OGL/2024/367/0690
playjonny.com,Playjonny,exact,Sparta Affiliates,https://affcatalog.com/en/aff-program/sparta-affiliates/,affiliates@spartaaffiliates.com,https://t.me/affcatalog?product=spsidebartop,Cellxpert,Curacao,,Terdersoft B.V.,OGL/2024/1126/0521
playsala.com,PlaySala,exact,PlaySala Affiliates,https://affcatalog.com/en/aff-program/playsala-affiliates/,,https://t.me/affcatalog?product=spsidebartop,Affigates,Curacao,,Betsala B.V.,OGL/2024/1506/0854
plazaplay.com,PlazaPlay,exact,NetoPartners,https://affcatalog.com/en/aff-program/netopartners/,contact@netopartners.com,https://t.me/affcatalog?product=spsidebartop,MyAffiliates,"Curacao, Malta (MGA), Spain (DGOJ), United Kingdom (UKGC)",,Sort Services B.V.,OGL/2024/1305/0545
pribet.club,Pribet,exact,Z Partners,https://affcatalog.com/en/aff-program/z-partners/,support@zpartners.com,https://t.me/affcatalog?product=spsidebartop,Mexos,Curacao,,,
promo.vegazcasino.com,Vegaz Casino,exact,Vegaz Casino Affiliates,https://affcatalog.com/en/aff-program/vegaz-casino-affiliates/,marketing@vegazcasino.com,https://t.me/affcatalog?product=spsidebartop,Post Affiliate Pro,Curacao,,,
raketti.com,Raketti,exact,Rhino Affiliates,https://affcatalog.com/en/aff-program/rhino-affiliates/,affiliates@rhinoaffiliates.com,https://t.me/affcatalog?product=spsidebartop,NetRefer,Curacao,,White Star B.V.,OGL/2023/159/0076
ramenbet.com,RamenBet,exact,PoshFriends,https://affcatalog.com/en/aff-program/poshfriends/,support@poshfriends.com,https://telegram.me/poshfriends,In-house,Curacao,,Pomadorro N.V.,OGL/2024/863/0412
realspin.club,RealSpin,exact,RealSpin Partners,https://affcatalog.com/en/aff-program/realspin-partners/,affiliates@realspinpartners.com,https://t.me/affcatalog?product=spsidebartop,Mexos,Anjouan,,,
respin.bet,ReSpin,exact,Sisu Partners,https://affcatalog.com/en/aff-program/sisu-partners/,partners@sisugroup.com,https://telegram.me/SisuPartners,Cellxpert,Curacao,,,
retrobet.co,Retro Bet,exact,N1 Partners,https://affcatalog.com/en/aff-program/n1-partners/,affiliates@n1.partners,https://telegram.me/n1partnersinsider,Affilka,"Curacao, Kahnawake, Malta (MGA)",,,
rioplay.com,Rioplay,exact,RioPlay Affiliates,https://affcatalog.com/en/aff-program/rioplay-affiliates/,partners@baltent.com,https://t.me/affcatalog?product=spsidebartop,In-house,Curacao,,Bamla Limited N.V.,OGL/2024/1258/0552
rocket.run,Rocket,exact,Newgen Affiliates,https://affcatalog.com/en/aff-program/newgen-affiliates/,partners@newgenaffiliates.com,https://t.me/affcatalog?product=spsidebartop,Affilka,"Curacao, Malta (MGA)",,Ninetynine N.V.,OGL/2023/166/0071
rocketspin.live,Rocket Spin,exact,Rooster Partners,https://affcatalog.com/en/aff-program/rooster-partners/,contact@roosterpartners.com,https://t.me/affcatalog?product=spsidebartop,Affilka,Curacao,,,
rockstarwin.com,RockstarWin,exact,Casiworx Partners,https://affcatalog.com/en/aff-program/casiworx-partners/,affiliates@casiworx.partners,https://t.me/affcatalog?product=spsidebartop,Affise,Curacao,,Casiworx N.V.,OGL/2024/1278/0497
rockyspin.com,RockySpin,exact,Hustle Partners,https://affcatalog.com/en/aff-program/hustle-partners/,affiliates@hustle-partners.com,https://t.me/affcatalog?product=spsidebartop,Cellxpert,Curacao,,Terdersoft B.V.,OGL/2024/1126/0521
rodeoslot.com,Rodeoslot,exact,Shogun Affiliates,https://affcatalog.com/en/aff-program/shogun-affiliates/,affiliates@shogunaffiliates.com,https://t.me/affcatalog?product=spsidebartop,Cellxpert,Curacao,,Neroblanko Tech N.V.,OGL/2024/790/0272
rojabet.cl,Rojabet,exact,Latamaffliate,https://affcatalog.com/en/aff-program/latamaffliate/,afiliados@latribet.ec,https://t.me/affcatalog?product=spsidebartop,,Curacao,,Media Entertainment N.V.,OGL/2024/1110/0512
rollchain.io,Rollchain,exact,Rollchain Partners,https://affcatalog.com/en/aff-program/rollchain-partners/,affiliate@rollchain.io,https://t.me/affcatalog?product=spsidebartop,Scaleo,Anjouan,,,
rolldorado.com,Rolldorado,exact,AffGems,https://affcatalog.com/en/aff-program/affgems/,affiliates@affgems.com,https://t.me/affcatalog?product=spsidebartop,Cellxpert,Curacao,,Terdersoft B.V.,OGL/2024/1126/0521
rollxo.co,RollXO,exact,N1 Partners,https://affcatalog.com/en/aff-program/n1-partners/,affiliates@n1.partners,https://telegram.me/n1partnersinsider,Affilka,"Curacao, Kahnawake, Malta (MGA)",,,
rooster-bet.win,Rooster.Bet,exact,Rooster Partners,https://affcatalog.com/en/aff-program/rooster-partners/,contact@roosterpartners.com,https://t.me/affcatalog?product=spsidebartop,Affilka,Curacao,,,
roulettino.com,Roulettino,exact,Legion Affs,https://affcatalog.com/en/aff-program/legion-affs/,support@legionaffs.com,https://t.me/affcatalog?product=spsidebartop,Cellxpert,"Curacao, Malta (MGA), United Kingdom (UKGC)",,Terdersoft B.V.,OGL/2024/1126/0521
royalstiger.com,Royalstiger,exact,Riventa Partners,https://affcatalog.com/en/aff-program/riventa-partners/,help@riventapartners.com,https://t.me/affcatalog?product=spsidebartop,Cellxpert,,,Neroblanko Tech N.V.,OGL/2024/790/0272
safecasino.com,Safecasino,exact,22Bet Partners,https://affcatalog.com/en/aff-program/22bet-partners/,support@22betpartners.com,https://t.me/affcatalog?product=spsidebartop,NetRefer,"Anjouan, Curacao",,Techwave B.V.,OGL/2024/1653/0930
sapphirebet.com:443,SapphireBet,exact,Sapphirebet Partners,https://affcatalog.com/en/aff-program/sapphirebet-partners/,partner@sapphirebet.com,https://telegram.me/sapphirebetaff,In-house,No license,,,
savaspin.com,SavaSpin,exact,ToTheMoonAffs,https://affcatalog.com/en/aff-program/tothemoonaffs/,affiliates@tothemoonaffs.com,https://telegram.me/ToTheMoonAffs,Cellxpert,,,Terdersoft B.V.,OGL/2024/1126/0521
scratchmania.com,ScratchMania,exact,NetoPartners,https://affcatalog.com/en/aff-program/netopartners/,contact@netopartners.com,https://t.me/affcatalog?product=spsidebartop,MyAffiliates,"Curacao, Malta (MGA), Spain (DGOJ), United Kingdom (UKGC)",,Twino Trading N.V.,OGL/2024/882/0440
shangrila.com,Shangri La,exact,Shangri La Affiliates,https://affcatalog.com/en/aff-program/shangri-la-affiliates/,support@shangrilalive.com,https://t.me/affcatalog?product=spsidebartop,Cellxpert,Curacao,,InterStorm (Curaçao) N.V,OGL/2024/106/0170
shuffle.com,Shuffle,exact,Shuffle Affiliates,https://affcatalog.com/en/aff-program/shuffle-affiliates/,partnerships@shuffle.com,https://t.me/affcatalog?product=spsidebartop,In-house,Curacao,,Natural Nine B.V.,OGL/2024/1337/0628
simsinos.com,Simsinos,exact,Simsino Partners,https://affcatalog.com/en/aff-program/simsino-partners/,affiliates@simsinos.com,https://t.me/affcatalog?product=spsidebartop,MyAffiliates,Kahnawake,,,
simsinos.io,Simsinos,exact,Simsino Partners,https://affcatalog.com/en/aff-program/simsino-partners/,affiliates@simsinos.com,https://t.me/affcatalog?product=spsidebartop,MyAffiliates,Kahnawake,,HNA Gaming B.V.,OGL/2024/1191/0663
slotastic.ag,Slotastic,exact,Affiliate Capital,https://affcatalog.com/en/aff-program/affiliate-capital/,support@affiliatecapital.com,https://t.me/affcatalog?product=spsidebartop,In-house,No license,,,
slotella.com,Slotella,exact,Slotella,https://affcatalog.com/en/aff-program/slotella/,affiliate@slotella.com,https://t.me/affcatalog?product=spsidebartop,In-house,Curacao,,Red Lane B.V.,OGL/2024/1065/0847
slotlounge.live,Slot Lounge,exact,N1 Partners,https://affcatalog.com/en/aff-program/n1-partners/,affiliates@n1.partners,https://telegram.me/n1partnersinsider,Affilka,"Curacao, Kahnawake, Malta (MGA)",,,
slotobit.io,SlotoBit,exact,Casiworx Partners,https://affcatalog.com/en/aff-program/casiworx-partners/,affiliates@casiworx.partners,https://t.me/affcatalog?product=spsidebartop,Affise,Curacao,,Casiworx N.V.,OGL/2024/1278/0497
slotoro.bet,Slotoro,exact,V.Partners,https://affcatalog.com/en/aff-program/v-partners/,info@v.partners,https://telegram.me/vpartners_public,In-house,Curacao,,Wiraon B.V.,OGL/2024/686/0183
slotorush.com,SlotoRush,exact,Casiworx Partners,https://affcatalog.com/en/aff-program/casiworx-partners/,affiliates@casiworx.partners,https://t.me/affcatalog?product=spsidebartop,Affise,Curacao,,Casiworx N.V.,OGL/2024/1278/0497
slotrize.com,SlotRize,exact,First Class Partners,https://affcatalog.com/en/aff-program/first-class-partners/,partners@firstclass.partners,https://telegram.me/firstclasspartners,,"Costa Rica, Curacao",,Neroblanko Tech N.V.,OGL/2024/790/0272
slotsgem.com,Slotsgem,exact,HELL Partners,https://affcatalog.com/en/aff-program/hell-partners/,affiliates@hellpartners.com,https://telegram.me/hellpartners0,NetRefer,Curacao,,Latcas B.V.,OGL/2024/1676/0905
slotsparadise.com,Slots Paradise,exact,RevMasters,https://affcatalog.com/en/aff-program/revmasters/,affiliate@revmasters.com,https://t.me/affcatalog?product=spsidebartop,MyAffiliates,Anjouan,,,
slottyway.com,Slottyway,exact,Jim Partners,https://affcatalog.com/en/aff-program/jim-partners/,support-jp@jimpartners.com,https://t.me/affcatalog?product=spsidebartop,In-house,Curacao,,Atlantic Management B.V.,OGL/2024/1060/0472
slotystake.com,SlotyStake,exact,Casiworx Partners,https://affcatalog.com/en/aff-program/casiworx-partners/,affiliates@casiworx.partners,https://t.me/affcatalog?product=spsidebartop,Affise,Curacao,,Casiworx N.V.,OGL/2024/1278/0497
spacefortuna.com,Space Fortuna,exact,Peak Gamble Affiliates,https://affcatalog.com/en/aff-program/peak-gamble-affiliates/,financial@peakgamble.com,https://t.me/affcatalog?product=spsidebartop,"MyAffiliates, ReferOn","Anjouan, Curacao, Kahnawake",,Inovaplay B.V.,OGL/2024/221/0534
spassino.com,Spassino,exact,Spass Partners,https://affcatalog.com/en/aff-program/spass-partners/,,https://t.me/affcatalog?product=spsidebartop,,Curacao,,Total Unlimited Marketing Ltd,ALSI-202509001-FI1
spinado.com,Spinado,exact,Jim Partners,https://affcatalog.com/en/aff-program/jim-partners/,support-jp@jimpartners.com,https://t.me/affcatalog?product=spsidebartop,In-house,Curacao,,Double Entertainment N.V.,OGL/2024/1650/0921
spinamba.com,Spinamba,exact,Jim Partners,https://affcatalog.com/en/aff-program/jim-partners/,support-jp@jimpartners.com,https://t.me/affcatalog?product=spsidebartop,In-house,Curacao,,Atlantic Management B.V.,OGL/2024/1060/0472
spinania.com,Spinania,exact,FTD Gallery Affiliates,https://affcatalog.com/en/aff-program/ftd-gallery-affiliates/,affiliates@ftdgallery.com,https://telegram.me/+jaNddJ1Zf04yZjQy,Cellxpert,Curacao,,Neroblanko Tech N.V.,OGL/2024/790/0272
spinbit.com,SpinBit,exact,Essential Partners,https://affcatalog.com/en/aff-program/essential-partners/,,https://t.me/affcatalog?product=spsidebartop,MyAffiliates,Curacao,,,
spinfever.live,SpinFever,exact,DeepLogic Partners,https://affcatalog.com/en/aff-program/deeplogic-partners/,affiliates@deeplogic.partners,https://t.me/affcatalog?product=spsidebartop,Affilka,Curacao,,,
spingreen.casino,SpinGreen,exact,GameGrow Partners,https://affcatalog.com/en/aff-program/gamegrow-partners/,affiliate@gamegrow.partners,https://telegram.me/gamegrow_partners,,Curacao,,3-102-950476 LIMITADA,ALSI-202602013-FI1
spinjo.live,Spinjo,exact,Rooster Partners,https://affcatalog.com/en/aff-program/rooster-partners/,contact@roosterpartners.com,https://t.me/affcatalog?product=spsidebartop,Affilka,Curacao,,,
spinmacho.com,Spinmacho,exact,ToTheMoonAffs,https://affcatalog.com/en/aff-program/tothemoonaffs/,affiliates@tothemoonaffs.com,https://telegram.me/ToTheMoonAffs,Cellxpert,,,Terdersoft B.V.,OGL/2024/1126/0521
spinnaus.com,Spinnaus,exact,Fruity Partners,https://affcatalog.com/en/aff-program/fruity-partners/,contact@fruitypartners.com,https://t.me/affcatalog?product=spsidebartop,Cellxpert,Curacao,,Fruity Entertainment N.V.,OGL/2024/1487/0729
spinni.com,Spinni,exact,Casimba Affiliates,https://affcatalog.com/en/aff-program/casimba-affiliates/,info@casimba-affiliates.com,https://t.me/affcatalog?product=spsidebartop,NetRefer,"Gibraltar, Isle of Man, Malta (MGA), United Kingdom (UKGC)",,Play Smart ENT B.V.,OGL/2024/649/0442
spinogambino.com,SpinoGambino,exact,FTD Gallery Affiliates,https://affcatalog.com/en/aff-program/ftd-gallery-affiliates/,affiliates@ftdgallery.com,https://telegram.me/+jaNddJ1Zf04yZjQy,Cellxpert,Curacao,,Terdersoft B.V.,OGL/2024/1126/0521
spinsahara.com,SpinSahara,exact,ChinChin Partners,https://affcatalog.com/en/aff-program/chinchin-partners/,affiliates@chinchinpartners.com,https://t.me/affcatalog?product=spsidebartop,Cellxpert,Costa Rica,,Neroblanko Tech N.V.,OGL/2024/790/0272
spinsup.live,SpinsUP,exact,Rooster Partners,https://affcatalog.com/en/aff-program/rooster-partners/,contact@roosterpartners.com,https://t.me/affcatalog?product=spsidebartop,Affilka,Curacao,,,
stakebro.com,StakeBro,exact,Casiworx Partners,https://affcatalog.com/en/aff-program/casiworx-partners/,affiliates@casiworx.partners,https://t.me/affcatalog?product=spsidebartop,Affise,Curacao,,Casiworx N.V.,OGL/2024/1278/0497
stakemania.com,Stakemania,exact,Casiworx Partners,https://affcatalog.com/en/aff-program/casiworx-partners/,affiliates@casiworx.partners,https://t.me/affcatalog?product=spsidebartop,Affise,Curacao,,Casiworx N.V.,OGL/2024/1278/0497
starzbet.com,Starzbet,exact,Starzbet Partners,https://affcatalog.com/en/aff-program/starzbet-partners/,winwith@starzbetpartners.com,https://t.me/affcatalog?product=spsidebartop,MyAffiliates,Curacao,winwith@infernopartners.com,Obsidian Titan Limited,ALSI-202602052-FI2
tedbet.com,TedBet,exact,Bons Partners,https://affcatalog.com/en/aff-program/bons-partners/,support@bons.partners,https://telegram.me/BonsPartners,In-house,Curacao,,Owl In N.V.,OGL/2024/774/0362
theonlinecasino.com,TheOnlineCasino,exact,Income Network,https://affcatalog.com/en/aff-program/income-network/,affiliates@income-network.com,https://t.me/affcatalog?product=spsidebartop,MyAffiliates,Curacao,,,
thestakehouse.io,TheStakeHouse,exact,The Stake House Affiliates,https://affcatalog.com/en/aff-program/the-stake-house-affiliates/,partners@thestakehouse.io,https://t.me/affcatalog?product=spsidebartop,In-house,Curacao,,,
tombriches.com,TOMB RICHES,exact,King Billy Partners,https://affcatalog.com/en/aff-program/kingbilly-partners/,affiliates@kingbilly.partners,https://t.me/affcatalog?product=spsidebartop,Affilka,"Curacao, Malta (MGA)",,SUVYD B.V.,OGL/2024/846/0501
tonyspins.com,TonySpins,exact,Shogun Affiliates,https://affcatalog.com/en/aff-program/shogun-affiliates/,affiliates@shogunaffiliates.com,https://t.me/affcatalog?product=spsidebartop,Cellxpert,Curacao,,Neroblanko Tech N.V.,OGL/2024/790/0272
top-bet.com,Topbet,exact,Topbet Affiliates,https://affcatalog.com/en/aff-program/topbet-affiliates/,affiliates@topbet.co.za,https://t.me/affcatalog?product=spsidebartop,RavenTrack,Western Cape (WCGRB),,Interactive Betting N.V.,OGL/2024/537/0691
tornadobet.com,Tornadobet,exact,Stake Partners,https://affcatalog.com/en/aff-program/stake-partners/,affiliates@stakepartners.com,https://t.me/affcatalog?product=spsidebartop,,Curacao,,Media Entertainment N.V.,OGL/2024/1110/0512
trillonario.co.cr,Trillonario,exact,LottoElite Affiliates,https://affcatalog.com/en/aff-program/lottoelite-affiliates/,affiliates@lottoelite.com,https://t.me/affcatalog?product=spsidebartop,In-house,Curacao,,Legacy Eight Curacao N.V.,OGL/2024/956/0417
trillonario.com.mx,Trillonario,exact,LottoElite Affiliates,https://affcatalog.com/en/aff-program/lottoelite-affiliates/,affiliates@lottoelite.com,https://t.me/affcatalog?product=spsidebartop,In-house,Curacao,,Legacy Eight Curacao N.V.,OGL/2024/956/0417
tuskcasino.com,TuskCasino,exact,Groupartners,https://affcatalog.com/en/aff-program/groupartners/,,https://t.me/affcatalog?product=spsidebartop,NetRefer,Curacao,,Alt.Bet. Exchange B.V.,OGL/2024/785/0229
ubet.io,Ubet,exact,Ubet Partners,https://affcatalog.com/en/aff-program/ubet-partners/,partner@ubet.kz,https://telegram.me/Ubet_Partners,Alanbase,,,BetU Curacao B.V.,OGL/2024/1064/0761
vbet.kg,Vbet,exact,Vbet Affiliates,https://affcatalog.com/en/aff-program/vbet-affiliates/,affiliates@vbet.com,https://t.me/affcatalog?product=spsidebartop,BetConstruct,"Curacao, Kansspelautoriteit (KSA), Malta (MGA), Spelinspektionen (SGA), United Kingdom (UKGC), Ukraine (PlayCity), France (ANJ)",,Radon B.V.,OGL/2024/802/0282
vegas.salon,Vegas,exact,King Partners,https://affcatalog.com/en/aff-program/king-partners/,manager@kng.partners,https://telegram.me/king_partners,In-house,Ukraine (PlayCity),,SG International N.V.,OGL/2024/379/0174
vegasaces.com,Vegas Aces,exact,RevMasters,https://affcatalog.com/en/aff-program/revmasters/,affiliate@revmasters.com,https://t.me/affcatalog?product=spsidebartop,MyAffiliates,Anjouan,,,
vegazcasino.com,Vegaz Casino,exact,Vegaz Casino Affiliates,https://affcatalog.com/en/aff-program/vegaz-casino-affiliates/,marketing@vegazcasino.com,https://t.me/affcatalog?product=spsidebartop,Post Affiliate Pro,Curacao,info@affpartnergroup.com,MOONSEEKER SRL,ALSI-202509006-FI1
viggoslots.io,Viggoslots,exact,Viggo Partners,https://affcatalog.com/en/aff-program/viggo-partners/,affiliates@viggoslots.com,https://t.me/affcatalog?product=spsidebartop,Gofiliate,Curacao,,HNA Gaming B.V.,OGL/2024/1191/0663
vincispin.com,VinciSpin,exact,Betmen Affiliates,https://affcatalog.com/en/aff-program/betmen-affiliates/,hello@betmenaffiliates.com,https://t.me/affcatalog?product=spsidebartop,Cellxpert,Curacao,,Terdersoft B.V.,OGL/2024/1126/0521
vipcasino.online,VipCasino,exact,Casiworx Partners,https://affcatalog.com/en/aff-program/casiworx-partners/,affiliates@casiworx.partners,https://t.me/affcatalog?product=spsidebartop,Affise,Curacao,,Casiworx N.V.,OGL/2024/1278/0497
voodoo.casino,Voodoo,exact,Heroic Affiliates,https://affcatalog.com/en/aff-program/heroic-affiliates/,affiliates@heroicaffiliates.com,https://telegram.me/heroicaff,Affilka,Curacao,,Novatrix SRL,ALSI-202508056-FI2
web.willbet.io,Willbet,exact,WillBet Partners,https://affcatalog.com/en/aff-program/willbet-partners/,affiliate@willbet.com,https://t.me/affcatalog?product=spsidebartop,Affilka,Curacao,,,
weezybet.com,WeezyBet,exact,Affiliates Paradise,https://affcatalog.com/en/aff-program/affiliates-paradise/,affiliates@affilaites-paradise.com,https://t.me/affcatalog?product=spsidebartop,MyAffiliates,Anjouan,,Geeker Technology N.V.,OGL/2024/251/0130
welle.casino,Welle,exact,Welle Partners,https://affcatalog.com/en/aff-program/welle-partners/,support@wellepartners.com,https://t.me/affcatalog?product=spsidebartop,In-house,Curacao,,,
wild.io,Wild,exact,WildPartners,https://affcatalog.com/en/aff-program/wildpartners/,affiliates@wild.io,https://telegram.me/wildpartners_io,Affilka,Curacao,,Nonce Gaming B.V.,OGL/2024/210/0198
willbet.ai,Willbet,exact,WillBet Partners,https://affcatalog.com/en/aff-program/willbet-partners/,affiliate@willbet.com,https://t.me/affcatalog?product=spsidebartop,Affilka,Curacao,,Novisoft N.V.,OGL/2024/1394/0725
winbeatz.com,Winbeatz,exact,Sparta Affiliates,https://affcatalog.com/en/aff-program/sparta-affiliates/,affiliates@spartaaffiliates.com,https://t.me/affcatalog?product=spsidebartop,Cellxpert,Curacao,,Neroblanko Tech N.V.,OGL/2024/790/0272
wincraft.casino,Wincraft,exact,Affwin Partners,https://affcatalog.com/en/aff-program/affwin-partners/,dosi@afwin.partners,https://telegram.me/affwinpartners,Alanbase,Curacao,,Casiworx N.V.,OGL/2024/1278/0497
windice.io,Windice,exact,Windice Affiliates,https://affcatalog.com/en/aff-program/windice-affiliates/,support@windice.io,https://t.me/affcatalog?product=spsidebartop,In-house,Anjouan,,,
winity.com,Winity,exact,Gambling Craft,https://affcatalog.com/en/aff-program/gambling-craft/,support@gamblingcraft.com,https://telegram.me/Gambling_craft_news,,Curacao,,Winlink B.V.,OGL/2024/886/0978
winorama.com,Winorama,exact,NetoPartners,https://affcatalog.com/en/aff-program/netopartners/,contact@netopartners.com,https://t.me/affcatalog?product=spsidebartop,MyAffiliates,"Curacao, Malta (MGA), Spain (DGOJ), United Kingdom (UKGC)",,Twino Trading N.V.,OGL/2024/882/0440
winspark.com,WinsPark,exact,NetoPartners,https://affcatalog.com/en/aff-program/netopartners/,contact@netopartners.com,https://t.me/affcatalog?product=spsidebartop,MyAffiliates,"Curacao, Malta (MGA), Spain (DGOJ), United Kingdom (UKGC)",,Twino Trading N.V.,OGL/2024/882/0440
wintrillions.com,WinTrillions,exact,LottoElite Affiliates,https://affcatalog.com/en/aff-program/lottoelite-affiliates/,affiliates@lottoelite.com,https://t.me/affcatalog?product=spsidebartop,In-house,Curacao,,Legacy Eight Curacao N.V.,OGL/2024/956/0417
xparibet.com,Xparibet,exact,Xparibet Partners,https://affcatalog.com/en/aff-program/xparibet-partners/,b2b@xparibet.com,https://t.me/affcatalog?product=spsidebartop,In-house,Curacao,,Aspro N.V.,OGL/2024/565/0553
yohoho.bet,Yohoho,exact,Yohoho Partners,https://affcatalog.com/en/aff-program/qizilbilet-partners/,support@yohoho.partners,https://t.me/affcatalog?product=spsidebartop,In-house,Curacao,,Yungmetro B.V.,OGL/2024/1038/0879
allrightcasino.com,AllRight,strong,Jim Partners,https://affcatalog.com/en/aff-program/jim-partners/,support-jp@jimpartners.com,https://t.me/affcatalog?product=spsidebartop,In-house,Curacao,,Atlantic Management B.V.,OGL/2024/1060/0472
anonymous-casino.com,Anonymous,strong,Anonymous Casino Partners,https://affcatalog.com/en/aff-program/anonymous-casino-partners/,affiliate@anonymous-casino.com,https://telegram.me/anonymouscasino,,Curacao,,,
banger.casino,Banger Casino,strong,Glory Partners,https://affcatalog.com/en/aff-program/glory-partners/,support@glory.bet,https://telegram.me/glorypartners,Alanbase,Curacao,,Bettor IO N.V.,OGL/2024/1699/1163
batery-bet.in,Batery,strong,Batery Partners,https://affcatalog.com/en/aff-program/batery-partners/,support@baterypartners.com,https://t.me/affcatalog?product=spsidebartop,AffiJet,Curacao,,YouGMedia B.V.,OGL/2024/107/0914
bounty-casino.info,Bounty,strong,Selector Partners,https://affcatalog.com/en/aff-program/selector-partners/,affilate@selector.gg,https://t.me/affcatalog?product=spsidebartop,In-house,Curacao,,Elsikora N.V.,OGL/2024/345/0210
brillx-casino.com,Brillx,strong,Selector Partners,https://affcatalog.com/en/aff-program/selector-partners/,affilate@selector.gg,https://t.me/affcatalog?product=spsidebartop,In-house,Curacao,,Elsikora N.V.,OGL/2024/345/0210
cobber-casino.tech,Cobber,strong,Fastpay Affiliates,https://affcatalog.com/en/aff-program/fastpay-affiliates/,affiliates@fastpay-casino.com,https://t.me/affcatalog?product=spsidebartop,Affilka,Curacao,,,
cryptobosscasino.com,CryptoBoss,strong,Combo Partners,https://affcatalog.com/en/aff-program/combo-partners/,affiliates@combopartners.online,https://telegram.me/combo_partners,Affilka,Curacao,,3-102-937046 SRL,ALSI-202509033-FI1
evolvebets.com,EvolveCasino,strong,Evolve Affiliates,https://affcatalog.com/en/aff-program/evolve-affiliates/,,https://t.me/affcatalog?product=spsidebartop,Gofiliate,Curacao,,HNA Gaming B.V.,OGL/2024/1191/0663
fireball.casino,Fireball Casino,strong,AFFS.COM,https://affcatalog.com/en/aff-program/affs-com/,sales@affs.com,https://t.me/affcatalog?product=spsidebartop,MAP,Curacao,,Betelgeuse Entertainment B.V.,OGL/2024/1062/0475
friends-casino.vg,Friends,strong,Selector Partners,https://affcatalog.com/en/aff-program/selector-partners/,affilate@selector.gg,https://t.me/affcatalog?product=spsidebartop,In-house,Curacao,,Elsikora N.V.,OGL/2024/345/0210
galaxybetting.com,Galaxy.bet,strong,Galaxy.bet Affiliates,https://affcatalog.com/en/aff-program/galaxy-bet-affiliates/,,https://t.me/affcatalog?product=spsidebartop,In-house,Curacao,,Red Lane B.V.,OGL/2024/1065/0847
games.fortunemobilecasino.co.uk,Fortune Mobile,strong,Galaxy Affiliates,https://affcatalog.com/en/aff-program/galaxy-affiliates/,samson.rosarey@galaxyaffiliates.com,https://t.me/affcatalog?product=spsidebartop,MAP,"Gibraltar, Malta (MGA), United Kingdom (UKGC)",,,
gangsta.casino,Gangsta Casino,strong,13aff Partners,https://affcatalog.com/en/aff-program/13aff-partners/,affiliates@13aff.com,https://t.me/affcatalog?product=spsidebartop,MAP,Curacao,,Boom Line B.V.,OGL/2024/599/0274
goldexcasino.live,Goldex,strong,N1 Partners,https://affcatalog.com/en/aff-program/n1-partners/,affiliates@n1.partners,https://telegram.me/n1partnersinsider,Affilka,"Curacao, Kahnawake, Malta (MGA)",,,
grandzbet.com,GrandZ,strong,Peak Gamble Affiliates,https://affcatalog.com/en/aff-program/peak-gamble-affiliates/,financial@peakgamble.com,https://t.me/affcatalog?product=spsidebartop,"MyAffiliates, ReferOn","Anjouan, Curacao, Kahnawake",,Inovaplay B.V.,OGL/2024/221/0534
hornet.bet,Hornetbet,strong,Hornetbet Partners,https://affcatalog.com/en/aff-program/hornetbet-partners/,affiliate@hornetbet.com,https://t.me/affcatalog?product=spsidebartop,In-house,Curacao,,Jay Services B.V.,OGL/2024/1118/0773
howzitcasino.com,Howzit,strong,Howzit Partners,https://affcatalog.com/en/aff-program/howzit-partners/,partners@howzit.com,https://t.me/affcatalog?product=spsidebartop,MyAffiliates,Curacao,,RegalTech Solutions Limitada,ALSI-202602046-FI2
kilogram.club,Kilogram Club,strong,Snow Dunes Partners,https://affcatalog.com/en/aff-program/sykaaa/,affilate@snowdunes.org,https://t.me/affcatalog?product=spsidebartop,In-house,"Anjouan, Curacao",,Snowdunes B.V.,OGL/2024/604/0267
larivieracasino.com,La Riviera,strong,Riviera Rewards,https://affcatalog.com/en/aff-program/riviera-rewards/,admin@rivierarewards.com,https://t.me/affcatalog?product=spsidebartop,,No license,,Galactic Investments B.V.,OGL/2024/1323/0734
luckybirdcasino.com,Lucky Bird,strong,Jim Partners,https://affcatalog.com/en/aff-program/jim-partners/,support-jp@jimpartners.com,https://t.me/affcatalog?product=spsidebartop,In-house,Curacao,,Atlantic Management B.V.,OGL/2024/1060/0472
m.revolutionaffiliates.com,Revolution,strong,Revolution Affiliates,https://affcatalog.com/en/aff-program/revolution-affiliates/,support@revolutionaffiliates.com,https://t.me/affcatalog?product=spsidebartop,MAP,"Anjouan, Curacao",,,
malibuclubcasino.io,Malibuclub,strong,Zoom Affiliates,https://affcatalog.com/en/aff-program/zoom-affiliates/,affiliates@zoomaffiliates.io,https://t.me/affcatalog?product=spsidebartop,In-house,Curacao,,Audeo N.V.,OGL/2024/1534/0834
metaspinscasino.live,Metaspins,strong,3rd Wave Affiliates,https://affcatalog.com/en/aff-program/3rd-wave-affiliates/,partners@3rdwaveaffiliates.com,https://telegram.me/Affiliates_3rd_Wave,Affilka,Curacao,,,
nolimit.bet,NoLimitBet,strong,Hero Partners,https://affcatalog.com/en/aff-program/hero-partners/,affiliates@herogaming.com,https://t.me/affcatalog?product=spsidebartop,MAP,"Curacao, Kahnawake",,NovaWave Technology N.V.,OGL/2024/547/0446
nolimit.com,NoLimitBet,strong,Hero Partners,https://affcatalog.com/en/aff-program/hero-partners/,affiliates@herogaming.com,https://t.me/affcatalog?product=spsidebartop,MAP,"Curacao, Kahnawake",,Fuego Mediatech Ltd,ALSI-202602003-FI1
rocketbet.com,Rocket,strong,Newgen Affiliates,https://affcatalog.com/en/aff-program/newgen-affiliates/,partners@newgenaffiliates.com,https://t.me/affcatalog?product=spsidebartop,Affilka,"Curacao, Malta (MGA)",,R. Bostock Enterprises B.V.,OGL/2024/1067/0640
selector-casino.net,Selector,strong,Selector Partners,https://affcatalog.com/en/aff-program/selector-partners/,affilate@selector.gg,https://t.me/affcatalog?product=spsidebartop,In-house,Curacao,,Selector Group N.V.,OGL/2024/755/0908
shambalacasino.media,Shambala,strong,Partners Casino,https://affcatalog.com/en/aff-program/partners-casino/,affiliates@partners.casino,https://telegram.me/partners_casinos,Affilka,Curacao,,,
shangrilalive.com,Shangri La Live Casino,strong,Shangri La Affiliates,https://affcatalog.com/en/aff-program/shangri-la-affiliates/,support@shangrilalive.com,https://t.me/affcatalog?product=spsidebartop,Cellxpert,Curacao,,InterStorm (Curaçao) N.V,OGL/2024/106/0170
snatchcasino.com,Snatch,strong,iWild Partners,https://affcatalog.com/en/aff-program/iwild-partners/,info@iwildpartners.com,https://t.me/affcatalog?product=spsidebartop,Affilka,Curacao,,Goodwin N.V.,OGL/2024/758/0228
snatchcasino.io,Snatch,strong,iWild Partners,https://affcatalog.com/en/aff-program/iwild-partners/,info@iwildpartners.com,https://t.me/affcatalog?product=spsidebartop,Affilka,Curacao,,,
stardacasino.life,Starda,strong,Royal Partners,https://affcatalog.com/en/aff-program/royal-partners/,,https://t.me/affcatalog?product=spsidebartop,In-house,Curacao,,,
stawki.win,StawkiBet,strong,Win-Offers,https://affcatalog.com/en/aff-program/win-offers/,info@win-offers.com,,In-house,"Curacao, Kahnawake",,Kallila N.V.,OGL/2024/398/0495
vespercasino.com,Vesper,strong,Props Partners,https://affcatalog.com/en/aff-program/props-partners/,,https://t.me/affcatalog?product=spsidebartop,Post Affiliate Pro,Curacao,,FairGame G.P. N.V.,OGL/2024/1673/0915
winadaycasino.eu,Win A Day,strong,Slotland Affiliates,https://affcatalog.com/en/aff-program/slotland-affiliates/,program@slotlandaffiliates.com,https://t.me/affcatalog?product=spsidebartop,Cellxpert,Anjouan,,,
zipangcasino.com,Zipang,strong,Dodon Partners,https://affcatalog.com/en/aff-program/dodon-partners/,support@dodonpartners.com,https://t.me/affcatalog?product=spsidebartop,NetRefer,Curacao,,Osmila N.V.,OGL/2024/1276/0583
1royspins1.com,RoySpins,weak,Welle Partners,https://affcatalog.com/en/aff-program/welle-partners/,support@wellepartners.com,https://t.me/affcatalog?product=spsidebartop,In-house,Curacao,,,
1xcasino-af.com,1xCasino,weak,1xCasino Partners,https://affcatalog.com/en/aff-program/1xcasino-partners/,,https://telegram.me/partners_1XC,In-house,Curacao,,Caecus N.V.,OGL/2024/1262/0493
1xcasino-ar.com,1xCasino,weak,1xCasino Partners,https://affcatalog.com/en/aff-program/1xcasino-partners/,,https://telegram.me/partners_1XC,In-house,Curacao,,Caecus N.V.,OGL/2024/1262/0493
1xcasino-asia.com,1xCasino,weak,1xCasino Partners,https://affcatalog.com/en/aff-program/1xcasino-partners/,,https://telegram.me/partners_1XC,In-house,Curacao,,Caecus N.V.,OGL/2024/1262/0493
1xcasino-bangladesh.com,1xCasino,weak,1xCasino Partners,https://affcatalog.com/en/aff-program/1xcasino-partners/,,https://telegram.me/partners_1XC,In-house,Curacao,,Caecus N.V.,OGL/2024/1262/0493
1xcasino-bd.com,1xCasino,weak,1xCasino Partners,https://affcatalog.com/en/aff-program/1xcasino-partners/,,https://telegram.me/partners_1XC,In-house,Curacao,,Caecus N.V.,OGL/2024/1262/0493
1xcasino-kr.com,CasinOK,weak,CasinOK Affiliates,https://affcatalog.com/en/aff-program/casinok-affiliates/,affiliate@casinok.com,https://t.me/affcatalog?product=spsidebartop,Cellxpert,Curacao,,Caecus N.V.,OGL/2024/1262/0493
1xcasino-latam.com,1xCasino,weak,1xCasino Partners,https://affcatalog.com/en/aff-program/1xcasino-partners/,,https://telegram.me/partners_1XC,In-house,Curacao,,Caecus N.V.,OGL/2024/1262/0493
1xcasino-sng.com,1xCasino,weak,1xCasino Partners,https://affcatalog.com/en/aff-program/1xcasino-partners/,,https://telegram.me/partners_1XC,In-house,Curacao,,Caecus N.V.,OGL/2024/1262/0493
1xcasino-st.com,1xCasino,weak,1xCasino Partners,https://affcatalog.com/en/aff-program/1xcasino-partners/,,https://telegram.me/partners_1XC,In-house,Curacao,,Caecus N.V.,OGL/2024/1262/0493
7.bet,Avalon 78,weak,Playamo Partners,https://affcatalog.com/en/aff-program/playamopartners/,affiliates@playamopartners.com,https://telegram.me/playamo_partners_official,NetRefer,"Curacao, Malta (MGA)",,,
777spins.online,77Spins,weak,CrystalWG Partners,https://affcatalog.com/en/aff-program/crystalwg-partners/,,https://t.me/affcatalog?product=spsidebartop,MyAffiliates,"Curacao, Malta (MGA)",,Turn1 B.V.,OGL/2024/236/0117
7spin.com,77Spins,weak,CrystalWG Partners,https://affcatalog.com/en/aff-program/crystalwg-partners/,,https://t.me/affcatalog?product=spsidebartop,MyAffiliates,"Curacao, Malta (MGA)",,Plustar N.V.,OGL/2024/138/0289
8.io,Avalon 78,weak,Playamo Partners,https://affcatalog.com/en/aff-program/playamopartners/,affiliates@playamopartners.com,https://telegram.me/playamo_partners_official,NetRefer,"Curacao, Malta (MGA)",,Adda Entertainment NV,OGL/2023/142/0073
8bet.co.sz,Q88bets,weak,MithiAffiliates,https://affcatalog.com/en/aff-program/mithiaffiliates/,affiliates@mithiaffiliates.com,https://t.me/affcatalog?product=spsidebartop,RevMapper,"Malta (MGA), United Kingdom (UKGC)",,Trickless N.V,OGL/2024/139/0125
8win.com.my,BK8 Win,weak,BK8 Affiliate,https://affcatalog.com/en/aff-program/bk8-affiliate/,affiliate.global@bk8.com,https://t.me/affcatalog?product=spsidebartop,Cellxpert,Curacao,,3-102-946565 SRL,ALSI-202511031-FI2
a5.winvegasplus-line.com,Vegas Plus,weak,Ultra Partners,https://affcatalog.com/en/aff-program/ultra-partners/,,https://t.me/affcatalog?product=spsidebartop,In-house,Curacao,,,
abcfortunazone.com,Fortunazo,weak,Growe Partners,https://affcatalog.com/en/aff-program/growe-partners/,support@growe.partners,https://telegram.me/growepartners,,,,Altan N.V.,OGL/2024/596/0252
africa-bizbet.com,BizBet,weak,Bizbet Partners,https://affcatalog.com/en/aff-program/bizbet-partners/,support@bizbet.partners,https://t.me/affcatalog?product=spsidebartop,In-house,Curacao,support-en@africa-bizbet.com,Gameway Global LLC,ALSI-202511025-FI2
apuesto.com,Te Apuesto,weak,TeApuesto Affiliates,https://affcatalog.com/en/aff-program/teapuesto-affiliates/,,https://t.me/affcatalog?product=spsidebartop,Income Access,Peru (MINCETUR),,Media Entertainment N.V.,OGL/2024/1110/0512
atomfortuna.com,Fortuna,weak,Fortuna Affiliates,https://affcatalog.com/en/aff-program/fortuna-affiliates/,affiliates@feg.eu,https://t.me/affcatalog?product=spsidebartop,Mexos,Romania (ONJN),,Altan N.V.,OGL/2024/596/0252
avocasino37.com,AvoCasino,weak,Avocasino Partners,https://affcatalog.com/en/aff-program/avocasino-partners/,,https://t.me/affcatalog?product=spsidebartop,Affilka,Anjouan,,,
bahis.com,MobilBahis,weak,Neat Affiliates,https://affcatalog.com/en/aff-program/neat-affiliates/,hello@neataffiliates.com,https://t.me/affcatalog?product=spsidebartop,"MyAffiliates, NetRefer","Curacao, Malta (MGA)",,Galactic Infinity Ltd,ALSI-202511048-FI2
bcgame-freespin.com,BC.Game,weak,BC.Game Affiliates,https://affcatalog.com/en/aff-program/bc-game-affiliates/,support@bc.game,https://t.me/affcatalog?product=spsidebartop,Affilka,"Anjouan, Nigeria",,,
bet4.cl,Bet442,weak,BigWin Affiliates,https://affcatalog.com/en/aff-program/bigwin-affiliates/,info@bigwinaffiliates.com,https://t.me/affcatalog?product=spsidebartop,MAP,"Alderney (AGCC), Malta (MGA), Danish Gambling Authority (DGA), United Kingdom (UKGC)",,Media4 Curaçao N.V.,OGL/2024/1510/0839
bet4win.net,1BET4WIN,weak,1Bet 4Win Partners,https://affcatalog.com/en/aff-program/1bet-4win-partners/,affiliate@1b4w.partners,https://t.me/affcatalog?product=spsidebartop,,,,UnityBet B.V.,OGL/2024/1994/1120
betcoin.ag,Betcoin.ag,weak,BetcoinPartners,https://affcatalog.com/en/aff-program/betrpartners/,support@paybetr.com,https://t.me/affcatalog?product=spsidebartop,In-house,Curacao,,,
betistar.com,Betista,weak,Luck Partners,https://affcatalog.com/en/aff-program/luck-partners/,,https://t.me/affcatalog?product=spsidebartop,ReferOn,"Curacao, Tobique (TGC)",,Final Enterprises N.V.,OGL/2024/420/0675
betja.com,Betjara,weak,Affiliate Park,https://affcatalog.com/en/aff-program/highbet-affiliate/,affiliate@highbet.com,,MyAffiliates,"Nigeria, United Kingdom (UKGC)",,Swervy International B.V.,OGL/2024/1340/0996
betmac3.com,Betmac,weak,Hodl Partners,https://affcatalog.com/en/aff-program/hodl-partners/,info@hodl.partners.com,https://t.me/affcatalog?product=spsidebartop,MyAffiliates,Curacao,,,
betpro.hn,BetProfessor,weak,BetWonderland,https://affcatalog.com/en/aff-program/betwonderland/,affiliates@betwonderland.com.au,https://t.me/affcatalog?product=spsidebartop,MyAffiliates,"Victorian (VBA), Victorian (VGCCC)",,Trickless N.V,OGL/2024/139/0125
betrepublic1.com,BetRepublic,weak,KNG Partners,https://affcatalog.com/en/aff-program/kng-partners/,affiliates@kngpartners.com,https://t.me/affcatalog?product=spsidebartop,ReferOn,"Anjouan, Philippines (PAGCOR)",,,
betss.com,Betsson,weak,Betsson Group Affiliates,https://affcatalog.com/en/aff-program/betsson-group-affiliates/,affiliateduediligence@betssongroup.com,https://t.me/affcatalog?product=spsidebartop,MyAffiliates,"Malta (MGA), Spelinspektionen (SGA)",,Ceylonite Ltd,ALSI-202603025-FI1
betto.com,bettogoal,weak,Bettogoal Affiliates,https://affcatalog.com/en/aff-program/bettogoal-affiliates/,,https://t.me/affcatalog?product=spsidebartop,BetConstruct,Curacao,,Rail Solutions Group B.V.,OGL/2024/788/0550
bigboost-in.com,Big Boost,weak,Rhino Affiliates,https://affcatalog.com/en/aff-program/rhino-affiliates/,affiliates@rhinoaffiliates.com,https://t.me/affcatalog?product=spsidebartop,NetRefer,Curacao,,White Star B.V.,OGL/2023/159/0076
bigwin.com,BigWins,weak,Moonrocket Affiliates,https://affcatalog.com/en/aff-program/moonrocket-affiliates/,contact@moonrocketaffiliates.com,https://telegram.me/+-li2G8gL_H0xYjI8,Cellxpert,Curacao,,EastPoint Operations B.V.,OGL/2024/1093/0504
bison.win,Bison Casino,weak,AFFS.COM,https://affcatalog.com/en/aff-program/affs-com/,sales@affs.com,https://t.me/affcatalog?product=spsidebartop,MAP,Curacao,,Betelgeuse Entertainment B.V.,OGL/2024/1062/0475
bitkingzredirect.com,BitKingz,weak,Wolfpack Partners,https://affcatalog.com/en/aff-program/wolfpack-partners/,affiliates@wolfpack.partners,https://t.me/affcatalog?product=spsidebartop,Affilka,Curacao,,,
bizbet-au.com,BizBet,weak,Bizbet Partners,https://affcatalog.com/en/aff-program/bizbet-partners/,support@bizbet.partners,https://t.me/affcatalog?product=spsidebartop,In-house,Curacao,,Gameway Global LLC,ALSI-202511025-FI2
bizbet-biz.com,BizBet,weak,Bizbet Partners,https://affcatalog.com/en/aff-program/bizbet-partners/,support@bizbet.partners,https://t.me/affcatalog?product=spsidebartop,In-house,Curacao,support-en@bizbet-biz.com,Gameway Global LLC,ALSI-202511025-FI2
blaze.bet.br,PIN-UP Bet,weak,PIN-UP Partners,https://affcatalog.com/en/aff-program/pin-up-partners/,affiliates@pin-up.partners,https://telegram.me/pinupaff,,,,Prolific Trade N.V.,OGL/2024/1415/0636
blue.game,Bluechip,weak,Bluechip Partners,https://affcatalog.com/en/aff-program/bluechip-partners/,hello@bluechip.partners,https://telegram.me/bluechippartners_bot,EveryMatrix,Curacao,,Pistis Trade N.V.,OGL/2024/1670/1153
bogartcasino.ag,ArtCasino,weak,Memato Group,https://affcatalog.com/en/aff-program/memato-group/,partners@mematogroup.com,https://t.me/affcatalog?product=spsidebartop,MyAffiliates,Curacao,,International Radical Investment Ltd,ALSI-202509042-FI1
bufonbet.com,FonBet,weak,Fonbet Partners,https://affcatalog.com/en/aff-program/fonbet-partners/,,https://telegram.me/Fonbet_Partners,,,,OW Internacional Ltd,ALSI-202512013-FI1
bullchance.com,Chance,weak,Tipsport Partners,https://affcatalog.com/en/aff-program/tipsport-partners/,affiliate@tipsport.cz,https://t.me/affcatalog?product=spsidebartop,In-house,"Czech Republic, Slovakia (URHH)",,Softclub N.V.,OGL/2024/2327/1196
bz.com,Bzeebet,weak,ZeePartners,https://affcatalog.com/en/aff-program/zeepartners/,support@zeepartners.com,https://t.me/affcatalog?product=spsidebartop,NetRefer,"Malta (MGA), United Kingdom (UKGC)",,Genco Pura B.V.,OGL/2024/1496/0934
candy.casino,Candy Land,weak,TrueDynasty,https://affcatalog.com/en/aff-program/truedynasty-affiliates/,contact@truedynastyaffiliates.com,https://t.me/affcatalog?product=spsidebartop,Cellxpert,Curacao,,WoT N.V.,OGL/2024/452/0687
casinaga.com,Casina,weak,Bro Partners,https://affcatalog.com/en/aff-program/bro-partners/,contact@bropartners.com,https://t.me/affcatalog?product=spsidebartop,ReferOn,"Curacao, Tobique (TGC)",,Terdersoft B.V.,OGL/2024/1126/0521
casinoda.com,Casino Days,weak,Rhino Affiliates,https://affcatalog.com/en/aff-program/rhino-affiliates/,affiliates@rhinoaffiliates.com,https://t.me/affcatalog?product=spsidebartop,NetRefer,Curacao,,Elfy Interactive B.V.,OGL/2024/1279/0531
casinokhajana.com,CasinOK,weak,CasinOK Affiliates,https://affcatalog.com/en/aff-program/casinok-affiliates/,affiliate@casinok.com,https://t.me/affcatalog?product=spsidebartop,Cellxpert,Curacao,,White Star B.V.,OGL/2023/159/0076
casinoorca1.com,CasinoOrca,weak,Memato Group,https://affcatalog.com/en/aff-program/memato-group/,partners@mematogroup.com,https://t.me/affcatalog?product=spsidebartop,MyAffiliates,Curacao,,,
casinowinner.live,Winner,weak,Africa Bet Partners,https://affcatalog.com/en/aff-program/africa-bet-partners/,contact@africabetpartners.com,https://t.me/affcatalog?product=spsidebartop,Cellxpert,,,,
castle.com,CasinoCastle,weak,Revenue Planet,https://affcatalog.com/en/aff-program/revenue-planet/,support@revenueplanet.com,https://t.me/affcatalog?product=spsidebartop,MyAffiliates,Curacao,partners@castle.com,Broken Tentacle Ltd,ALSI-202602048-FI2
cosmoracasinos.com,RaCasino,weak,Purplebay Affiliates,https://affcatalog.com/en/aff-program/purplebay-affiliates/,,https://t.me/affcatalog?product=spsidebartop,MyAffiliates,Curacao,support@cosmoracasinos.com,3-102-958311 SRL,ALSI-202604029-FI2
craze.casino,Craze Play,weak,CrazeAffiliates,https://affcatalog.com/en/aff-program/crazeaffiliates/,contact@crazeaffiliates.com,https://t.me/affcatalog?product=spsidebartop,MyAffiliates,Kahnawake,,Gridline Limited,ALSI-202602036-FI2
crypto.games,CryptoBoss,weak,Combo Partners,https://affcatalog.com/en/aff-program/combo-partners/,affiliates@combopartners.online,https://telegram.me/combo_partners,Affilka,Curacao,,MuchGaming B.V.,OGL/2024/1336/1047
cryptobet535.com,CryptoBet,weak,CryptoBet Affiliates,https://affcatalog.com/en/aff-program/cryptobet-affiliates/,,https://t.me/affcatalog?product=spsidebartop,In-house,Curacao,,OnlineGaming Soft B.V.,OGL/2024/825/1106
dicebet-play.com,DiceBet,weak,DiceBet Partners,https://affcatalog.com/en/aff-program/dicebet-partners/,partners@dicebet.com,https://telegram.me/dicebet_partners_welcome_bot,Alanbase,Curacao,,Advanced Sports Entertainment N.V.,OGL/2024/635/0818
dicebet-win.com,DiceBet,weak,DiceBet Partners,https://affcatalog.com/en/aff-program/dicebet-partners/,partners@dicebet.com,https://telegram.me/dicebet_partners_welcome_bot,Alanbase,Curacao,,Advanced Sports Entertainment N.V.,OGL/2024/635/0818
dreamscampaigns.com,Dreams,weak,GWages Affiliate,https://affcatalog.com/en/aff-program/gwages-affiliate/,support@gwages.com,https://t.me/affcatalog?product=spsidebartop,In-house,Anjouan,,,
dreamspinz.com,Dreams,weak,GWages Affiliate,https://affcatalog.com/en/aff-program/gwages-affiliate/,support@gwages.com,https://t.me/affcatalog?product=spsidebartop,In-house,Anjouan,,Terdersoft B.V.,OGL/2024/1126/0521
dripcasino.life,iPCasino,weak,Boss Partners,https://affcatalog.com/en/aff-program/boss-partners/,hello@bosspartners.com,https://t.me/affcatalog?product=spsidebartop,NetRefer,"Curacao, Malta (MGA)",,,
etabet.com,BetaBet,weak,BetaBet Affiliate,https://affcatalog.com/en/aff-program/betabet-affiliate/,affiliate@betabet.com,https://t.me/affcatalog?product=spsidebartop,BetConstruct,Curacao,,Red Lane B.V.,OGL/2024/1065/0847
fastpari-afro.com,FastPari,weak,FastPari Partners,https://affcatalog.com/en/aff-program/fastpari-partners/,support@fastpari.partners,https://t.me/affcatalog?product=spsidebartop,,Curacao,,Mystic Glitter B.V.,OGL/2024/997/0945
fastpay-acess.com,FastPay,weak,Fastpay Affiliates,https://affcatalog.com/en/aff-program/fastpay-affiliates/,affiliates@fastpay-casino.com,https://t.me/affcatalog?product=spsidebartop,Affilka,Curacao,,,
fatbets.com,Fatbet,weak,TrueDynasty,https://affcatalog.com/en/aff-program/truedynasty-affiliates/,contact@truedynastyaffiliates.com,https://t.me/affcatalog?product=spsidebartop,Cellxpert,Curacao,support@gamdom.com,Fatbets Ltd,ALSI-202508054-FI2
fav.casino,FavBet,weak,Favbet Affiliates,https://affcatalog.com/en/aff-program/favbet-affiliates/,affiliate@favbet.com,https://telegram.me/favbetaff,In-house,Curacao,,Favorit United N.V.,OGL/2024/300/0596
flagman-way-six.com,FLAGMAN,weak,Royal Partners,https://affcatalog.com/en/aff-program/royal-partners/,,https://t.me/affcatalog?product=spsidebartop,In-house,Curacao,,,
fortunazone.com,Fortunazo,weak,Growe Partners,https://affcatalog.com/en/aff-program/growe-partners/,support@growe.partners,https://telegram.me/growepartners,,,,Altan N.V.,OGL/2024/596/0252
funbet888.me,Funbet,weak,Affina Partners,https://affcatalog.com/en/aff-program/affina-partners/,affiliates@affina.com,https://t.me/affcatalog?product=spsidebartop,ReferOn,,reach.us@funbet.me,3-102-938581 Limitada,ALSI-202508066-FI2
gangstacasino777.com,Gangsta Casino,weak,13aff Partners,https://affcatalog.com/en/aff-program/13aff-partners/,affiliates@13aff.com,https://t.me/affcatalog?product=spsidebartop,MAP,Curacao,,,
gold.casino,GoldPari,weak,WinWin Partners,https://affcatalog.com/en/aff-program/winwin-partners/,info@winwinbet.partners,https://t.me/affcatalog?product=spsidebartop,In-house,Curacao,admin@gold.casino,3-102-944744 SRL,ALSI-202510061-FI2
golden-winners.com,Winner,weak,Africa Bet Partners,https://affcatalog.com/en/aff-program/africa-bet-partners/,contact@africabetpartners.com,https://t.me/affcatalog?product=spsidebartop,Cellxpert,,,Gleneagles B.V.,OGL/2024/1242/0772
goldenclovercasino.com,Clover,weak,BigWin Affiliates,https://affcatalog.com/en/aff-program/bigwin-affiliates/,info@bigwinaffiliates.com,https://t.me/affcatalog?product=spsidebartop,MAP,"Alderney (AGCC), Malta (MGA), Danish Gambling Authority (DGA), United Kingdom (UKGC)",,PC Play365 Ltd,ALSI-202509016-FI1
gorillacasinos.com,Gorilla,weak,Gorilla Partners,https://affcatalog.com/en/aff-program/gorilla-partners/,affiliates@gorilla.ua,https://telegram.me/gorillapartners,,Ukraine (PlayCity),,Luminous Interactive Solutions Ltd,ALSI-202604040-FI2
grandzrace.com,GrandZ,weak,Peak Gamble Affiliates,https://affcatalog.com/en/aff-program/peak-gamble-affiliates/,financial@peakgamble.com,https://t.me/affcatalog?product=spsidebartop,"MyAffiliates, ReferOn","Anjouan, Curacao, Kahnawake",,Brightstar N.V.,OGL/2024/1455/0790
happylukepromo.com,HappyLuke,weak,Income88 Affiliates,https://affcatalog.com/en/aff-program/income88-affiliates/,info@income88.com,https://t.me/affcatalog?product=spsidebartop,MyAffiliates,Curacao,,,
hellspin222.com,Hell Spin,weak,HELL Partners,https://affcatalog.com/en/aff-program/hell-partners/,affiliates@hellpartners.com,https://telegram.me/hellpartners0,NetRefer,Curacao,,,
herabet.com,EraBet,weak,Era Affiliate,https://affcatalog.com/en/aff-program/era-affiliate/,support@era.bet,https://t.me/affcatalog?product=spsidebartop,In-house,Anjouan,,Red Lane B.V.,OGL/2024/1065/0847
hotslot.com,HotSlots,weak,EWAffiliates,https://affcatalog.com/en/aff-program/ewaffiliates/,affiliates@ewaffiliates.com,https://t.me/affcatalog?product=spsidebartop,MAP,Curacao,,3-102-947593 SRL,ALSI-202603005-FI1
hw.vip,CASHWIN,weak,Boss Partners,https://affcatalog.com/en/aff-program/boss-partners/,hello@bosspartners.com,https://t.me/affcatalog?product=spsidebartop,NetRefer,"Curacao, Malta (MGA)",,Lucifer N.V.,OGL/2024/1635/0968
icebet.casino,DiceBet,weak,DiceBet Partners,https://affcatalog.com/en/aff-program/dicebet-partners/,partners@dicebet.com,https://telegram.me/dicebet_partners_welcome_bot,Alanbase,Curacao,,Altacore N.V.,OGL/2023/109/0075
ignitionpoker.com,Ignition,weak,Ignition Casino Affiliates,https://affcatalog.com/en/aff-program/ignition-casino-affiliates/,,https://t.me/affcatalog?product=spsidebartop,Revenue Network,Anjouan,,Connaught Media B.V.,OGL/2024/625/0719
instantsports.com,Instant,weak,Instant Casino Affiliates,https://affcatalog.com/en/aff-program/instant-casino-affiliates/,,https://t.me/affcatalog?product=spsidebartop,MyAffiliates,Curacao,,Entretenimiento Rojo B.V.,OGL/2024/1100/0505
isbet.com,Solisbet,weak,Solisbet Affiliates,https://affcatalog.com/en/aff-program/solisbet-affiliates/,,https://t.me/affcatalog?product=spsidebartop,In-house,Curacao,,Media Entertainment N.V.,OGL/2024/1110/0512
ivibetx.com,Ivibet,weak,HELL Partners,https://affcatalog.com/en/aff-program/hell-partners/,affiliates@hellpartners.com,https://telegram.me/hellpartners0,NetRefer,Curacao,,,
iwildcasino.com,WildCasino,weak,Elite Casino Partners,https://affcatalog.com/en/aff-program/elite-casino-partners/,support@elitecasinopartners.ag,https://t.me/affcatalog?product=spsidebartop,MyAffiliates,,,Goodwin N.V.,OGL/2024/758/0228
iwildcasino3.io,WildCasino,weak,Elite Casino Partners,https://affcatalog.com/en/aff-program/elite-casino-partners/,support@elitecasinopartners.ag,https://t.me/affcatalog?product=spsidebartop,MyAffiliates,,,,
iwin.ceo,JungliWIN,weak,JungliStars Affiliates,https://affcatalog.com/en/aff-program/junglistars-affiliates/,,https://t.me/affcatalog?product=spsidebartop,Affilka,Curacao,,Gladiator Holding N.V.,OGL/2024/1756/0979
jb.com,Rajbet,weak,RajBet Partners,https://affcatalog.com/en/aff-program/rajbet-partners/,affiliate.manager@rajbets.com,https://t.me/affcatalog?product=spsidebartop,Alanbase,Curacao,,Zozo Technology B.V.,OGL/2024/1519/0809
jetbet365.com,bet365,weak,Bet365 Partners,https://affcatalog.com/en/aff-program/bet365-partners/,support@affiliates365.com,https://telegram.me/bet365_partners,In-house,Gibraltar,,Victoria Games Solutions B.V.,OGL/2024/746/0204
jon.bet,Jonny Jackpot,weak,Dream Team Affiliates,https://affcatalog.com/en/aff-program/dream-team-affiliates/,hello@dreamteamaffiliates.com,https://t.me/affcatalog?product=spsidebartop,NetRefer,"Malta (MGA), United Kingdom (UKGC)",,Ascend Entertainment N.V.,OGL/2024/1467/0728
justcasinoplay.io,JustCasino,weak,Fortunate Partners,https://affcatalog.com/en/aff-program/fortunate-partners/,info@fortunate.partners,https://t.me/affcatalog?product=spsidebartop,Affilka,Curacao,,,
lil.bet,Lilibet,weak,VL Partners,https://affcatalog.com/en/aff-program/vl-partners/,affiliates@vlpartners.com,https://t.me/affcatalog?product=spsidebartop,MyAffiliates,"Curacao, Malta (MGA)",,Blackbelt N.V.,OGL/2024/131/0296
linebetglobal.com,Linebet,weak,Linebet Partners,https://affcatalog.com/en/aff-program/linebet-partners/,b2b@linebet.com,https://t.me/affcatalog?product=spsidebartop,In-house,Curacao,,Savoska LLC,ALSI-202510056-FI2
linktocandyspinz.com,CandySpinz,weak,Chilli Partners,https://affcatalog.com/en/aff-program/chilli-partners/,,https://t.me/affcatalog?product=spsidebartop,"Affilka, Cellxpert","Curacao, Malta (MGA), Danish Gambling Authority (DGA), United Kingdom (UKGC)",,,
lope.bet,LopeBet,weak,LopeBet Partners,https://affcatalog.com/en/aff-program/lopebet-partners/,affiliates@lope.casino,https://t.me/affcatalog?product=spsidebartop,In-house,Curacao,,Favorit United N.V.,OGL/2024/300/0596
lt.com,Sultan Games,weak,Affter,https://affcatalog.com/en/aff-program/affter/,support@affter.com,https://t.me/affcatalog?product=spsidebartop,In-house,,cs@letou.com,RegalTech Solutions Limitada,ALSI-202602046-FI2
ltccas.xyz,LTC Casino,weak,Bit Partners,https://affcatalog.com/en/aff-program/bit-partners/,manager@bitpartners.io,https://t.me/affcatalog?product=spsidebartop,Affilka,No license,,,
luckybet.co,21LuckyBet,weak,Gaming Point,https://affcatalog.com/en/aff-program/gaming-point/,partners@gamingpoint.co,https://telegram.me/affsgp,MAP,"Alderney (AGCC), Curacao, Malta (MGA), United Kingdom (UKGC)",,LBC Enterprises B.V.,OGL/2024/1221/0500
luckybonanza.ag,Bonanza,weak,BigWin Affiliates,https://affcatalog.com/en/aff-program/bigwin-affiliates/,info@bigwinaffiliates.com,https://t.me/affcatalog?product=spsidebartop,MAP,"Alderney (AGCC), Malta (MGA), Danish Gambling Authority (DGA), United Kingdom (UKGC)",,,
luckyspins-in.com,Lucky Spins,weak,Rhino Affiliates,https://affcatalog.com/en/aff-program/rhino-affiliates/,affiliates@rhinoaffiliates.com,https://t.me/affcatalog?product=spsidebartop,NetRefer,Curacao,,White Star B.V.,OGL/2023/159/0076
mariobet.com,Riobet,weak,Rioaff Affiliate Program,https://affcatalog.com/en/aff-program/riobet-affiliates/,support@rioaffiliates.com,https://telegram.me/Rioaffcom,"Alanbase, EveryMatrix",Curacao,,Feel So Good B.V.,OGL/2024/1297/0532
mars.bingo,Marsbet,weak,Marsbet Affiliates,https://affcatalog.com/en/aff-program/marsbet-affiliates/,affiliates@marsbet.com,https://t.me/affcatalog?product=spsidebartop,In-house,Curacao,,Pistis Trade N.V.,OGL/2024/1670/1153
melbet-ca.com,MelBet,weak,Melbet Partners,https://affcatalog.com/en/aff-program/melbet-partners/,support@melbetaffiliates.com,https://t.me/affcatalog?product=spsidebartop,In-house,Curacao,,Pelican Entertainment B.V.,OGL/2024/561/0554
melbet-canada.com,MelBet,weak,Melbet Partners,https://affcatalog.com/en/aff-program/melbet-partners/,support@melbetaffiliates.com,https://t.me/affcatalog?product=spsidebartop,In-house,Curacao,,Pelican Entertainment B.V.,OGL/2024/561/0554
melbetghana.com,MelBet,weak,Melbet Partners,https://affcatalog.com/en/aff-program/melbet-partners/,support@melbetaffiliates.com,https://t.me/affcatalog?product=spsidebartop,In-house,Curacao,,Pelican Entertainment B.V.,OGL/2024/561/0554
milkyway8.casino,MilkyWay,weak,GameGrow Partners,https://affcatalog.com/en/aff-program/gamegrow-partners/,affiliate@gamegrow.partners,https://telegram.me/gamegrow_partners,,Curacao,,,
misterxargent.com,Mister X,weak,CashHunter,https://affcatalog.com/en/aff-program/cashhunter/,support-ch@cashhunter.biz,https://telegram.me/cashhuntersupport,In-house,Curacao,,TGI Entertainment N.V.,OGL/2024/428/0397
misterxor.com,Mister X,weak,CashHunter,https://affcatalog.com/en/aff-program/cashhunter/,support-ch@cashhunter.biz,https://telegram.me/cashhuntersupport,In-house,Curacao,,TGI Entertainment N.V.,OGL/2024/428/0397
misterxplatinum.com,Mister X,weak,CashHunter,https://affcatalog.com/en/aff-program/cashhunter/,support-ch@cashhunter.biz,https://telegram.me/cashhuntersupport,In-house,Curacao,,TGI Entertainment N.V.,OGL/2024/428/0397
misterxvip.com,Mister X,weak,CashHunter,https://affcatalog.com/en/aff-program/cashhunter/,support-ch@cashhunter.biz,https://telegram.me/cashhuntersupport,In-house,Curacao,,TGI Entertainment N.V.,OGL/2024/428/0397
mn-bizbet.io,BizBet,weak,Bizbet Partners,https://affcatalog.com/en/aff-program/bizbet-partners/,support@bizbet.partners,https://t.me/affcatalog?product=spsidebartop,In-house,Curacao,,Gameway Global LLC,ALSI-202511025-FI2
moon.com,Moon Win,weak,Moon Partners,https://affcatalog.com/en/aff-program/moon-partners/,affiliates@moon-partners.com,https://telegram.me/wearemoonpartners,Affilka,Curacao,,Moon International Ltd,ALSI-202601063-FI2
mostbet88.com,MostBet,weak,MostBet Partners,https://affcatalog.com/en/aff-program/mostbet-partners/,help@mostbet.partners,https://telegram.me/mostbetpartners,In-house,Curacao,,Evolut Interactive N.V.,OGL/2024/421/0223
mundoapostas.com,Mundoaposta,weak,Stake Partners,https://affcatalog.com/en/aff-program/stake-partners/,affiliates@stakepartners.com,https://t.me/affcatalog?product=spsidebartop,,Curacao,,Media Entertainment N.V.,OGL/2024/1110/0512
nationalcasinolp.com,National Casino,weak,Playamo Partners,https://affcatalog.com/en/aff-program/playamopartners/,affiliates@playamopartners.com,https://telegram.me/playamo_partners_official,NetRefer,"Curacao, Malta (MGA)",,,
oncasi.com,Black Lion Casino,weak,Black Lion Casino Affiliate,https://affcatalog.com/en/aff-program/black-lion-casino-affiliate/,affiliates@blacklioncasino.com,https://t.me/affcatalog?product=spsidebartop,Post Affiliate Pro,Curacao,,U2IS Limited,ALSI-202601056-FI2
onlyspin.com,OnlySpins,weak,7StarsPartners,https://affcatalog.com/en/aff-program/7starspartners/,welcome@7starpartners.com,https://telegram.me/sevenstarspartners,ReferOn,Anjouan,,Elfy Interactive B.V.,OGL/2024/1279/0531
oxy.casino,Foxy Bingo,weak,Entain Partners,https://affcatalog.com/en/aff-program/entain-partners/,support@entainpartners.com,https://t.me/affcatalog?product=spsidebartop,In-house,"Gibraltar, Malta (MGA), United Kingdom (UKGC)",support@oxy.casino,Spiritus Limited,ALSI-202603056-FI2
parimatchs1.com,PariMatch,weak,Affter,https://affcatalog.com/en/aff-program/affter/,support@affter.com,https://t.me/affcatalog?product=spsidebartop,In-house,,,Castianes B.V.,OGL/2024/1329/0629
pec.bet,Prospect Hall,weak,ActiveWins Affiliates,https://affcatalog.com/en/aff-program/activewins-affiliates/,hi@activewins.com,https://t.me/affcatalog?product=spsidebartop,RavenTrack,"Malta (MGA), United Kingdom (UKGC)",,GP Holding B.V.,OGL/2024/1326/0684
pelicancasino10.games,Pelican,weak,PIQ Partners,https://affcatalog.com/en/aff-program/piq-partners/,,https://t.me/affcatalog?product=spsidebartop,,Curacao,,,
perabet.com,EraBet,weak,Era Affiliate,https://affcatalog.com/en/aff-program/era-affiliate/,support@era.bet,https://t.me/affcatalog?product=spsidebartop,In-house,Anjouan,,SXM Management N.V.,OGL/2024/777/0365
pingwincasino.com,Win.Casino,weak,WinCasino Partners,https://affcatalog.com/en/aff-program/wincasino-partners/,info@win.casino,https://telegram.me/wincasino_partners,In-house,Anjouan,,Entertainment Art B.V.,OGL/2024/995/0478
play.intercasino.net,InterCasino Japan,weak,VJ Group Affiliation,https://affcatalog.com/en/aff-program/vj-group-affiliation/,info@vjgroupaffiliation.com,https://t.me/affcatalog?product=spsidebartop,In-house,"Anjouan, Curacao, Malta (MGA)",,Breckenridge Curaçao B.V.,OGL/2024/175/0182
play.mystino-1.net,Mystino,weak,VJ Group Affiliation,https://affcatalog.com/en/aff-program/vj-group-affiliation/,info@vjgroupaffiliation.com,https://t.me/affcatalog?product=spsidebartop,In-house,"Anjouan, Curacao, Malta (MGA)",,,
playaxecasino.com,Axecasino,weak,Good Affiliates,https://affcatalog.com/en/aff-program/axecasino-affiliates/,partners@goodaffiliates.com,https://telegram.me/goodaffiliates,Affilka,"Curacao, Tobique (TGC)",,,
playbetiolayer.io,Playbet,weak,Playbet Partners,https://affcatalog.com/en/aff-program/playbet-partners/,affiliates@playbet.io,https://t.me/affcatalog?product=spsidebartop,Affilka,Curacao,,,
playfinago.com,Playfina,weak,Playfina Partners,https://affcatalog.com/en/aff-program/playfina-partners/,support@playfina.partners,https://t.me/affcatalog?product=spsidebartop,NetRefer,Curacao,,,
pokerbetcasino.com,Pokerbet,weak,Pokerbet.Partners,https://affcatalog.com/en/aff-program/pokerbet-partners/,aff@poker-bet.com,https://telegram.me/Pokerbet_partners,,Curacao,,Casiworx N.V.,OGL/2024/1278/0497
preloadup.com,Reload,weak,Casimba Affiliates,https://affcatalog.com/en/aff-program/casimba-affiliates/,info@casimba-affiliates.com,https://t.me/affcatalog?product=spsidebartop,NetRefer,"Gibraltar, Isle of Man, Malta (MGA), United Kingdom (UKGC)",,,
promo.rocketplay-bonuses.club,Rocket,weak,Newgen Affiliates,https://affcatalog.com/en/aff-program/newgen-affiliates/,partners@newgenaffiliates.com,https://t.me/affcatalog?product=spsidebartop,Affilka,"Curacao, Malta (MGA)",,,
ra.bet,Boomerang,weak,Boomerang Partners,https://affcatalog.com/en/aff-program/boomerang-partners/,affiliates@boomerang-partners.com,https://telegram.me/boom_partners,"Affilka, Quintessence, ReferOn","Anjouan, Curacao, Malta (MGA)",,Cre8 B.V.,OGL/2024/375/0657
ragnar.bet,Ragnaro,weak,Payday Partners,https://affcatalog.com/en/aff-program/payday-partners/,support@payday.partners,https://t.me/affcatalog?product=spsidebartop,ReferOn,,,Victoria Games Solutions B.V.,OGL/2024/746/0204
rake.com,Kraken,weak,Krollbit Partners,https://affcatalog.com/en/aff-program/krollbit-partners/,support@krollbit.partners,https://telegram.me/krollbit_patrners,,Curacao,,,
regal.casino,Regal Wins,weak,Rank Affiliates,https://affcatalog.com/en/aff-program/rank-affiliates/,affiliates@rank.com,https://t.me/affcatalog?product=spsidebartop,NetRefer,"Spain (DGOJ), United Kingdom (UKGC)",,Zenorix Limited,ALSI-202601037-FI1
ringospin.com,GO.Spin,weak,iSpin Partners,https://affcatalog.com/en/aff-program/ispin-partners/,,https://t.me/affcatalog?product=spsidebartop,Affilka,Curacao,,Neroblanko Tech N.V.,OGL/2024/790/0272
rocketriches-india.in,Rocket,weak,Newgen Affiliates,https://affcatalog.com/en/aff-program/newgen-affiliates/,partners@newgenaffiliates.com,https://t.me/affcatalog?product=spsidebartop,Affilka,"Curacao, Malta (MGA)",,White Star B.V.,OGL/2023/159/0076
rocketriches.com,Rocket,weak,Newgen Affiliates,https://affcatalog.com/en/aff-program/newgen-affiliates/,partners@newgenaffiliates.com,https://t.me/affcatalog?product=spsidebartop,Affilka,"Curacao, Malta (MGA)",,White Star B.V.,OGL/2023/159/0076
rocketrichescasino.com,Rocket,weak,Newgen Affiliates,https://affcatalog.com/en/aff-program/newgen-affiliates/,partners@newgenaffiliates.com,https://t.me/affcatalog?product=spsidebartop,Affilka,"Curacao, Malta (MGA)",,White Star B.V.,OGL/2023/159/0076
sgcasinopromo.com,SG Casino,weak,WOW Partners,https://affcatalog.com/en/aff-program/wow-partners/,affiliates@wowpartners.com,https://telegram.me/wow_partners,ReferOn,Curacao,,,
shangrilavip.com,Shangri La,weak,Shangri La Affiliates,https://affcatalog.com/en/aff-program/shangri-la-affiliates/,support@shangrilalive.com,https://t.me/affcatalog?product=spsidebartop,Cellxpert,Curacao,,InterStorm (Curaçao) N.V,OGL/2024/106/0170
slot.win,Azurslot,weak,22Bet Partners,https://affcatalog.com/en/aff-program/22bet-partners/,support@22betpartners.com,https://t.me/affcatalog?product=spsidebartop,NetRefer,"Anjouan, Curacao",support@slot.win,3-102-942828 SRL,ALSI-202511006-FI1
slotclover.com,Clover,weak,BigWin Affiliates,https://affcatalog.com/en/aff-program/bigwin-affiliates/,info@bigwinaffiliates.com,https://t.me/affcatalog?product=spsidebartop,MAP,"Alderney (AGCC), Malta (MGA), Danish Gambling Authority (DGA), United Kingdom (UKGC)",,Aspera Operations B.V.,OGL/2024/1068/0572
slotneo-rdr.com,SlotNEO,weak,SlotNeo Partners,https://affcatalog.com/en/aff-program/slotneo-partners/,marketing@slotneo.com,https://t.me/affcatalog?product=spsidebartop,In-house,Anjouan,,,
slots.com,Crown Slots,weak,Alpha Affiliates,https://affcatalog.com/en/aff-program/alpha-affiliates/,partners@alpha-affiliates.com,https://telegram.me/aappchannel,"Affilka, ReferOn",Curacao,,Torero Media B.V.,OGL/2024/669/0816
slots.lv,Crown Slots,weak,Alpha Affiliates,https://affcatalog.com/en/aff-program/alpha-affiliates/,partners@alpha-affiliates.com,https://telegram.me/aappchannel,"Affilka, ReferOn",Curacao,,Arbol Media B.V.,OGL/2024/670/0711
slotsempirebonuses.com,Slots Empire,weak,Top One Partners,https://affcatalog.com/en/aff-program/top-one-partners/,marketing@toponepartners.com,https://t.me/affcatalog?product=spsidebartop,MyAffiliates,Curacao,,,
spark.casino,WinsPark,weak,NetoPartners,https://affcatalog.com/en/aff-program/netopartners/,contact@netopartners.com,https://t.me/affcatalog?product=spsidebartop,MyAffiliates,"Curacao, Malta (MGA), Spain (DGOJ), United Kingdom (UKGC)",,Fun Fusion N.V.,OGL/2024/750/0202
spin-betz.com,SpinBet,weak,Essential Partners,https://affcatalog.com/en/aff-program/essential-partners/,,https://t.me/affcatalog?product=spsidebartop,MyAffiliates,Curacao,,Diamante Tech Ltd,ALSI-202601003-FI1
spin.io,Neospin,weak,Alpha Affiliates,https://affcatalog.com/en/aff-program/alpha-affiliates/,partners@alpha-affiliates.com,https://telegram.me/aappchannel,"Affilka, ReferOn",Curacao,,FunGame LLC,ALSI-202508063-FI2
spinarium4.com,Spinarium,weak,Spinarium Partners,https://affcatalog.com/en/aff-program/spinarium-partners/,meet@spinarium.partners,https://telegram.me/spinarium_partners,Affilka,Anjouan,,,
spinbetcasino.com,SpinBet,weak,Essential Partners,https://affcatalog.com/en/aff-program/essential-partners/,,https://t.me/affcatalog?product=spsidebartop,MyAffiliates,Curacao,,,
spinbounty.com,Bounty,weak,Selector Partners,https://affcatalog.com/en/aff-program/selector-partners/,affilate@selector.gg,https://t.me/affcatalog?product=spsidebartop,In-house,Curacao,,Atlantic Management B.V.,OGL/2024/1060/0472
spingreen3.casino,SpinGreen,weak,GameGrow Partners,https://affcatalog.com/en/aff-program/gamegrow-partners/,affiliate@gamegrow.partners,https://telegram.me/gamegrow_partners,,Curacao,,,
star.gg,Bitstarz,weak,Bitstarz Affiliates,https://affcatalog.com/en/aff-program/bitstarz-affiliates/,affiliates@bitstarz.com,https://t.me/affcatalog?product=spsidebartop,Affilka,Curacao,,Skyborn Limited,ALSI-202605021-FI1
sultan-wins.com,Sultan,weak,Parimatch Affiliates,https://affcatalog.com/en/aff-program/parimatch-partners/,contact@pmaffiliates.com,https://telegram.me/pmaffiliates_channel,In-house,Curacao,,Bluestream N.V.,OGL/2024/1452/0706
supercatcasino77.com,Casino7,weak,Casino7 Partners,https://affcatalog.com/en/aff-program/casino7-partners/,contact@casino7partners.com,https://t.me/affcatalog?product=spsidebartop,WagerGun,No license,,Atlantic Management B.V.,OGL/2024/1060/0472
tar.la,Bitstarz,weak,Bitstarz Affiliates,https://affcatalog.com/en/aff-program/bitstarz-affiliates/,affiliates@bitstarz.com,https://t.me/affcatalog?product=spsidebartop,Affilka,Curacao,,Jazz Business Solutions B.V.,OGL/2024/400/0824
theclubhousecasino4.com,Clubhouse,weak,The Clubhouse Affiliates,https://affcatalog.com/en/aff-program/the-clubhouse-affiliates/,partners@theclubhouseaffiliates.com,https://t.me/affcatalog?product=spsidebartop,Affilka,Curacao,,,
thequeenspins.com,Queenspins,weak,RexAffiliates,https://affcatalog.com/en/aff-program/rexaffiliates/,,https://t.me/affcatalog?product=spsidebartop,Affilka,"Curacao, Malta (MGA)",,,
therickycasino.com,Rickycasino,weak,RexAffiliates,https://affcatalog.com/en/aff-program/rexaffiliates/,,https://t.me/affcatalog?product=spsidebartop,Affilka,"Curacao, Malta (MGA)",,,
tipobet365.com,bet365,weak,Bet365 Partners,https://affcatalog.com/en/aff-program/bet365-partners/,support@affiliates365.com,https://telegram.me/bet365_partners,In-house,Gibraltar,,Galactic Infinity Ltd,ALSI-202511048-FI2
top.casino,Top Casino,weak,Growe Partners,https://affcatalog.com/en/aff-program/growe-partners/,support@growe.partners,https://telegram.me/growepartners,,,,Cre8 B.V.,OGL/2024/375/0657
topbet100.com,Topbet,weak,Topbet Affiliates,https://affcatalog.com/en/aff-program/topbet-affiliates/,affiliates@topbet.co.za,https://t.me/affcatalog?product=spsidebartop,RavenTrack,Western Cape (WCGRB),,SUVYD B.V.,OGL/2024/846/0501
u.game,PIN-UP Bet,weak,PIN-UP Partners,https://affcatalog.com/en/aff-program/pin-up-partners/,affiliates@pin-up.partners,https://telegram.me/pinupaff,,,,Aurora Soft Ltd,ALSI-202510044-FI2
u.vip,PIN-UP Bet,weak,PIN-UP Partners,https://affcatalog.com/en/aff-program/pin-up-partners/,affiliates@pin-up.partners,https://telegram.me/pinupaff,,,,Lucifer N.V.,OGL/2024/1635/0968
v.vegas,ViciBet,weak,Alpha Affiliates,https://affcatalog.com/en/aff-program/alpha-affiliates/,partners@alpha-affiliates.com,https://telegram.me/aappchannel,"Affilka, ReferOn",Curacao,,Whitebox B.V.,OGL/2024/822/0338
vegasking.io,Vegas Kings,weak,Top Revenue Affiliates,https://affcatalog.com/en/aff-program/top-revenue-affiliates/,info@toprevenueaffiliates.com,https://t.me/affcatalog?product=spsidebartop,RavenTrack,"Gibraltar, Malta (MGA), United Kingdom (UKGC)",support@dragoon.dev,Royal Edge Holdings Limited,ALSI-202604013-FI1
vipletsgocasino.com,Let's Go Casino,weak,Letsgo Affiliate Partners,https://affcatalog.com/en/aff-program/letsgo-affiliate-partners/,partners@letsgocasino.com,https://t.me/affcatalog?product=spsidebartop,Affilka,Curacao,,Progress Path Co N.V.,OGL/2024/1113/0517
visit-bonanzacity.com,Bonanza,weak,BigWin Affiliates,https://affcatalog.com/en/aff-program/bigwin-affiliates/,info@bigwinaffiliates.com,https://t.me/affcatalog?product=spsidebartop,MAP,"Alderney (AGCC), Malta (MGA), Danish Gambling Authority (DGA), United Kingdom (UKGC)",,,
vivafortuna.casino,Fortuna,weak,Fortuna Affiliates,https://affcatalog.com/en/aff-program/fortuna-affiliates/,affiliates@feg.eu,https://t.me/affcatalog?product=spsidebartop,Mexos,Romania (ONJN),,NewGenx N.V.,OGL/2024/1234/0896
vodka.bet,Vodka.Bet,weak,Vodka Money,https://affcatalog.com/en/aff-program/vodka-money/,info@vodka.money,https://t.me/affcatalog?product=spsidebartop,In-house,Curacao,,Mamba Edge B.V.,OGL/2024/976/0894
wazobet.com,Wazobet Casino,weak,Wazobet Affiliates,https://affcatalog.com/en/aff-program/wazobet-affiliates/,affiliate@wazobet.com,https://t.me/affcatalog?product=spsidebartop,In-house,Curacao,,AzRa678 N.V.,OGL/2024/183/0195
wild-jokers.com,Wild Joker,weak,Graphite Affiliates,https://affcatalog.com/en/aff-program/graphite-affiliates/,affiliates@graphiteaffiliates.com,https://t.me/affcatalog?product=spsidebartop,MyAffiliates,Curacao,,Yentel Investments B.V.,OGL/2024/1349/0997
winawinplay.com,Winawin,weak,High Affiliates,https://affcatalog.com/en/aff-program/high-affiliates/,affiliates@highaffiliates.com,https://t.me/affcatalog?product=spsidebartop,NetRefer,Curacao,,,
winbitcasino.com,Bitcasino,weak,Partners.io,https://affcatalog.com/en/aff-program/partners-io/,affiliates@partners.io,https://telegram.me/partnersio,Cellxpert,Curacao,,MOONSEEKER SRL,ALSI-202509006-FI1
winro.io,WinRoyal,weak,WGRoyal Affiliates,https://affcatalog.com/en/aff-program/wgroyal-affiliates/,,https://t.me/affcatalog?product=spsidebartop,Affilka,Curacao,,August Gaming Ltd,ALSI-202601039-FI2
winwin.bet,WinWin.bet,weak,WinWin Partners,https://affcatalog.com/en/aff-program/winwin-partners/,info@winwinbet.partners,https://t.me/affcatalog?product=spsidebartop,In-house,Curacao,,Alasia Soft B.V.,OGL/2024/433/0399
wolf.io,WolfBet,weak,WolfBet Partners,https://affcatalog.com/en/aff-program/wolfbet-partners/,marketing@wolf.bet,https://t.me/affcatalog?product=spsidebartop,,Curacao,,,
xwin.so,8xwins,weak,WGRoyal Affiliates,https://affcatalog.com/en/aff-program/wgroyal-affiliates/,,https://t.me/affcatalog?product=spsidebartop,Affilka,Curacao,,Bridge Technologies B.V.,OGL/2024/431/0231
yep.casino,Yep Casino,weak,NV Partners,https://affcatalog.com/en/aff-program/nv-partners/,support@nv.partners,,,Curacao,,Nixxe B.V.,OGL/2024/1363/0705
zodiac1bet.com,Zodiac,weak,Rewards Affiliates,https://affcatalog.com/en/aff-program/rewards-affiliates/,support@rewardsaffiliates.com,https://t.me/affcatalog?product=spsidebartop,In-house,"Kahnawake, Malta (MGA), Ontario (AGCO)",,,
