domain,brand_stem,mirrors,operator,licence,jurisdiction,licence_status,expires,already_in_pool,all_domains,status,contacted_on,live,http,title,reason,brand_name
apolobet.com,apolobet,1,Trickless N.V,OGL/2024/139/0125,Curacao,assessment in progress,"December 24, 2025",no,apolobet.com apolobet.fun,not contacted,,yes,200,The premium domain name apolobet.com is for sale. Buy it now!,,
azar365.com,azar,1,Trickless N.V,OGL/2024/139/0125,Curacao,assessment in progress,"December 24, 2025",no,azar365.com azar777.com,not contacted,,yes,200,,,
betjuve.com,betjuve,1,Trickless N.V,OGL/2024/139/0125,Curacao,assessment in progress,"December 24, 2025",no,betjuve.com betjuve50.com,not contacted,,yes,200,Betjuve,,Betjuve
neredebahis.com,neredebahis,1,Trickless N.V,OGL/2024/139/0125,Curacao,assessment in progress,"December 24, 2025",no,neredebahis.com neredebahis98.com,not contacted,,yes,200,Neredebahis - Güncel Giriş Adresi,,Neredebahis
tricobet.io,tricobet,1,Trickless N.V,OGL/2024/139/0125,Curacao,assessment in progress,"December 24, 2025",no,tricobet.io tricobet.com,not contacted,,yes,200,TricoBET — Casino,,TricoBET
1x2bet.co,xbet,0,Trickless N.V,OGL/2024/139/0125,Curacao,assessment in progress,"December 24, 2025",no,1x2bet.co,not contacted,,yes,200,1X2BET.CO - Bienvenidos,,1X2BET.CO
8bet.co.sz,co,0,Trickless N.V,OGL/2024/139/0125,Curacao,assessment in progress,"December 24, 2025",no,8bet.co.sz,not contacted,,yes,200,"Play crash games, sports betting and more | 8Bet Eswatini",,
apuestalos.com,apuestalos,0,Trickless N.V,OGL/2024/139/0125,Curacao,assessment in progress,"December 24, 2025",no,apuestalos.com,not contacted,,yes,200,APUESTALOS,,APUESTALOS
apuestaswin.com,apuestaswin,0,Trickless N.V,OGL/2024/139/0125,Curacao,assessment in progress,"December 24, 2025",no,apuestaswin.com,not contacted,,yes,200,"ApuestasWin | Deportes, Casino y más",,ApuestasWin
astrobet.ec,astrobet,0,Trickless N.V,OGL/2024/139/0125,Curacao,assessment in progress,"December 24, 2025",no,astrobet.ec,not contacted,,yes,200,,,
bet593.online,bet,0,Trickless N.V,OGL/2024/139/0125,Curacao,assessment in progress,"December 24, 2025",no,bet593.online,not contacted,,yes,200,Pronósticos deportivos | Juegos Online | bet593.ec,URLError,Pronósticos deportivos
betplatino.co,betplatino,0,Trickless N.V,OGL/2024/139/0125,Curacao,assessment in progress,"December 24, 2025",no,betplatino.co,not contacted,,yes,200,Betplatino,,Betplatino
betpro.hn,betpro,0,Trickless N.V,OGL/2024/139/0125,Curacao,assessment in progress,"December 24, 2025",no,betpro.hn,not contacted,,yes,200,Betpro Honduras | Apuestas Deportivas y Casino en Línea,,Betpro Honduras
brmegas.com,brmegas,0,Trickless N.V,OGL/2024/139/0125,Curacao,assessment in progress,"December 24, 2025",no,brmegas.com,not contacted,,yes,200,,,
bwise365.com,bwise,0,Trickless N.V,OGL/2024/139/0125,Curacao,assessment in progress,"December 24, 2025",no,bwise365.com,not contacted,,yes,200,Bwise365 Sportsbook,,Bwise365 Sportsbook
casinoencasa.com,casinoencasa,0,Trickless N.V,OGL/2024/139/0125,Curacao,assessment in progress,"December 24, 2025",no,casinoencasa.com,not contacted,,yes,200,CasinoEnCasa,,CasinoEnCasa
extrabet.games,extrabet,0,Trickless N.V,OGL/2024/139/0125,Curacao,assessment in progress,"December 24, 2025",no,extrabet.games,not contacted,,yes,200,,,
fixplay.pe,fixplay,0,Trickless N.V,OGL/2024/139/0125,Curacao,assessment in progress,"December 24, 2025",no,fixplay.pe,not contacted,,yes,200,Betting website,,Betting website
galeribet.com,galeribet,0,Trickless N.V,OGL/2024/139/0125,Curacao,assessment in progress,"December 24, 2025",no,galeribet.com,not contacted,,yes,200,Galeribet,,Galeribet
golbetting.com,golbetting,0,Trickless N.V,OGL/2024/139/0125,Curacao,assessment in progress,"December 24, 2025",no,golbetting.com,not contacted,,yes,200,Golbet - Rakipsiz Online Bahis Sitesi,,Golbet
juegaconelking.com,juegaconelking,0,Trickless N.V,OGL/2024/139/0125,Curacao,assessment in progress,"December 24, 2025",no,juegaconelking.com,not contacted,,yes,200,JUEGA CON EL KING – el mejor casino online de chile- el casino de arturo vidal,,JUEGA CON EL KING
kongocash.com,kongocash,0,Trickless N.V,OGL/2024/139/0125,Curacao,assessment in progress,"December 24, 2025",no,kongocash.com,not contacted,,yes,200,Ingreso,,Ingreso
listobet.com,listobet,0,Trickless N.V,OGL/2024/139/0125,Curacao,assessment in progress,"December 24, 2025",no,listobet.com,not contacted,,yes,200,listobet.com,,listobet.com
lotbet.vip,lotbet,0,Trickless N.V,OGL/2024/139/0125,Curacao,assessment in progress,"December 24, 2025",no,lotbet.vip,not contacted,,yes,200,Lotbet Guatemala | Apuestas deportivas y casino online,,Lotbet Guatemala
loterianacional.ec,loterianacional,0,Trickless N.V,OGL/2024/139/0125,Curacao,assessment in progress,"December 24, 2025",no,loterianacional.ec,not contacted,,yes,200,Loteria Nacional,,Loteria Nacional
mas1x2.com,masx,0,Trickless N.V,OGL/2024/139/0125,Curacao,assessment in progress,"December 24, 2025",no,mas1x2.com,not contacted,,yes,200,"Mas1x2 | Pronósticos deportivos, tragamonedas y casino online en Ecuador",,Mas1x2
masterbets365.com,masterbets,0,Trickless N.V,OGL/2024/139/0125,Curacao,assessment in progress,"December 24, 2025",no,masterbets365.com,not contacted,,yes,200,Top Centro de Apuestas Deportivas Online en toda Latinoamerica,,
petra.bet,petra,0,Trickless N.V,OGL/2024/139/0125,Curacao,assessment in progress,"December 24, 2025",no,petra.bet,not contacted,,yes,200,Jordan's #1 Online Casino & Sports Betting - Petra.bet,,
playred.com,playred,0,Trickless N.V,OGL/2024/139/0125,Curacao,assessment in progress,"December 24, 2025",no,playred.com,not contacted,,yes,200,Playred Casino Lobby,,Playred Casino Lobby
slotrix.net,slotrix,0,Trickless N.V,OGL/2024/139/0125,Curacao,assessment in progress,"December 24, 2025",no,slotrix.net,not contacted,,yes,200,slotrix,,slotrix
yinyangbet.com,yinyangbet,0,Trickless N.V,OGL/2024/139/0125,Curacao,assessment in progress,"December 24, 2025",no,yinyangbet.com,not contacted,,yes,200,Bienvenidos a YinYangBet.com,,Bienvenidos a YinYangBet.com
rocketrichescasino.com,rocketrichescasino,1,White Star B.V.,OGL/2023/159/0076,Curacao,assessment in progress,"December 24, 2025",no,rocketrichescasino.com rocketriches-casino.in,not contacted,,yes,200,,,
bigboost-in.com,bigboostin,0,White Star B.V.,OGL/2023/159/0076,Curacao,assessment in progress,"December 24, 2025",no,bigboost-in.com,not contacted,,yes,200,,,
bigboost.com,bigboost,0,White Star B.V.,OGL/2023/159/0076,Curacao,assessment in progress,"December 24, 2025",no,bigboost.com,not contacted,,yes,200,,,
bigjeeto.com,bigjeeto,0,White Star B.V.,OGL/2023/159/0076,Curacao,assessment in progress,"December 24, 2025",no,bigjeeto.com,not contacted,,yes,200,CloudFront Test,,CloudFront Test
biglucky-in.com,bigluckyin,0,White Star B.V.,OGL/2023/159/0076,Curacao,assessment in progress,"December 24, 2025",no,biglucky-in.com,not contacted,,yes,200,,,
biglucky.com,biglucky,0,White Star B.V.,OGL/2023/159/0076,Curacao,assessment in progress,"December 24, 2025",no,biglucky.com,not contacted,,yes,200,,,
buustikasino.com,buustikasino,0,White Star B.V.,OGL/2023/159/0076,Curacao,assessment in progress,"December 24, 2025",no,buustikasino.com,not contacted,,yes,200,,,
casinokhajana.com,casinokhajana,0,White Star B.V.,OGL/2023/159/0076,Curacao,assessment in progress,"December 24, 2025",no,casinokhajana.com,not contacted,,yes,200,,,
clubcd.com,clubcd,0,White Star B.V.,OGL/2023/159/0076,Curacao,assessment in progress,"December 24, 2025",no,clubcd.com,not contacted,,yes,200,,,
jeetboost.com,jeetboost,0,White Star B.V.,OGL/2023/159/0076,Curacao,assessment in progress,"December 24, 2025",no,jeetboost.com,not contacted,,yes,200,,,
luckyspins-in.com,luckyspinsin,0,White Star B.V.,OGL/2023/159/0076,Curacao,assessment in progress,"December 24, 2025",no,luckyspins-in.com,not contacted,,yes,200,,,
mastispins.com,mastispins,0,White Star B.V.,OGL/2023/159/0076,Curacao,assessment in progress,"December 24, 2025",no,mastispins.com,not contacted,,yes,200,,,
panosta.com,panosta,0,White Star B.V.,OGL/2023/159/0076,Curacao,assessment in progress,"December 24, 2025",no,panosta.com,not contacted,,yes,200,,,
panostabet-no.com,panostabetno,0,White Star B.V.,OGL/2023/159/0076,Curacao,assessment in progress,"December 24, 2025",no,panostabet-no.com,not contacted,,yes,200,,,
panostabet.com,panostabet,0,White Star B.V.,OGL/2023/159/0076,Curacao,assessment in progress,"December 24, 2025",no,panostabet.com,not contacted,,yes,200,,,
paratiisi.com,paratiisi,0,White Star B.V.,OGL/2023/159/0076,Curacao,assessment in progress,"December 24, 2025",no,paratiisi.com,not contacted,,yes,200,,,
playorbet.com,playorbet,0,White Star B.V.,OGL/2023/159/0076,Curacao,assessment in progress,"December 24, 2025",no,playorbet.com,not contacted,,yes,200,,,
raketti.com,raketti,0,White Star B.V.,OGL/2023/159/0076,Curacao,assessment in progress,"December 24, 2025",no,raketti.com,not contacted,,yes,200,,,
regalrush-no.com,regalrushno,0,White Star B.V.,OGL/2023/159/0076,Curacao,assessment in progress,"December 24, 2025",no,regalrush-no.com,not contacted,,yes,200,,,
regalrush.com,regalrush,0,White Star B.V.,OGL/2023/159/0076,Curacao,assessment in progress,"December 24, 2025",no,regalrush.com,not contacted,,yes,200,,,
rocketriches-india.in,rocketrichesindia,0,White Star B.V.,OGL/2023/159/0076,Curacao,assessment in progress,"December 24, 2025",no,rocketriches-india.in,not contacted,,yes,200,,,
rocketriches.com,rocketriches,0,White Star B.V.,OGL/2023/159/0076,Curacao,assessment in progress,"December 24, 2025",no,rocketriches.com,not contacted,,yes,200,,,
rr-in.in,rrin,0,White Star B.V.,OGL/2023/159/0076,Curacao,assessment in progress,"December 24, 2025",no,rr-in.in,not contacted,,yes,200,,,
ruhtinas.com,ruhtinas,0,White Star B.V.,OGL/2023/159/0076,Curacao,assessment in progress,"December 24, 2025",no,ruhtinas.com,not contacted,,yes,200,,,
bettyspin.com,bettyspin,0,Terdersoft B.V.,OGL/2024/1126/0521,Curacao,active,"March 26, 2026",no,bettyspin.com,not contacted,,yes,200,ᐈ Bettyspin - Play Slots Online For Free or Real Money,,ᐈ Bettyspin
billionairespin.com,billionairespin,0,Terdersoft B.V.,OGL/2024/1126/0521,Curacao,active,"March 26, 2026",no,billionairespin.com,not contacted,,yes,200,ᐈ Billionairespin - Play Slots Online For Free or Real Money,,ᐈ Billionairespin
candyspinz.com,candyspinz,0,Terdersoft B.V.,OGL/2024/1126/0521,Curacao,active,"March 26, 2026",no,candyspinz.com,not contacted,,yes,200,ᐈ Candyspinz - Play Slots Online For Free or Real Money,,ᐈ Candyspinz
capospin.com,capospin,0,Terdersoft B.V.,OGL/2024/1126/0521,Curacao,active,"March 26, 2026",no,capospin.com,not contacted,,yes,200,ᐈ Capospin - Play Slots Online For Free or Real Money,,ᐈ Capospin
casinaga.com,casinaga,0,Terdersoft B.V.,OGL/2024/1126/0521,Curacao,active,"March 26, 2026",no,casinaga.com,not contacted,,yes,200,,URLError,
didispin.com,didispin,0,Terdersoft B.V.,OGL/2024/1126/0521,Curacao,active,"March 26, 2026",no,didispin.com,not contacted,,yes,200,,URLError,
dreamspinz.com,dreamspinz,0,Terdersoft B.V.,OGL/2024/1126/0521,Curacao,active,"March 26, 2026",no,dreamspinz.com,not contacted,,yes,200,,URLError,
felixspin.com,felixspin,0,Terdersoft B.V.,OGL/2024/1126/0521,Curacao,active,"March 26, 2026",no,felixspin.com,not contacted,,yes,200,ᐈ Felixspin - Play Slots Online For Free or Real Money,,ᐈ Felixspin
highflybet.com,highflybet,0,Terdersoft B.V.,OGL/2024/1126/0521,Curacao,active,"March 26, 2026",no,highflybet.com,not contacted,,yes,200,ᐈ Highflybet - Play Slots Online For Free or Real Money,,ᐈ Highflybet
honeybetz.com,honeybetz,0,Terdersoft B.V.,OGL/2024/1126/0521,Curacao,active,"March 26, 2026",no,honeybetz.com,not contacted,,yes,200,ᐈ Honeybetz - Play Slots Online For Free or Real Money,,ᐈ Honeybetz
jackpire.com,jackpire,0,Terdersoft B.V.,OGL/2024/1126/0521,Curacao,active,"March 26, 2026",no,jackpire.com,not contacted,,yes,200,,URLError,
jackpoleon.com,jackpoleon,0,Terdersoft B.V.,OGL/2024/1126/0521,Curacao,active,"March 26, 2026",no,jackpoleon.com,not contacted,,yes,200,,URLError,
liraspin.com,liraspin,0,Terdersoft B.V.,OGL/2024/1126/0521,Curacao,active,"March 26, 2026",no,liraspin.com,not contacted,,yes,200,ᐈ Liraspin - Play Slots Online For Free or Real Money,,ᐈ Liraspin
luckapone.com,luckapone,0,Terdersoft B.V.,OGL/2024/1126/0521,Curacao,active,"March 26, 2026",no,luckapone.com,not contacted,,yes,200,,URLError,
oscarspin.com,oscarspin,0,Terdersoft B.V.,OGL/2024/1126/0521,Curacao,active,"March 26, 2026",no,oscarspin.com,not contacted,,yes,200,ᐈ Oscarspin - Play Slots Online For Free or Real Money,,ᐈ Oscarspin
playjonny.com,playjonny,0,Terdersoft B.V.,OGL/2024/1126/0521,Curacao,active,"March 26, 2026",no,playjonny.com,not contacted,,yes,200,ᐈ Playjonny - Play Slots Online For Free or Real Money,,ᐈ Playjonny
rockyspin.com,rockyspin,0,Terdersoft B.V.,OGL/2024/1126/0521,Curacao,active,"March 26, 2026",no,rockyspin.com,not contacted,,yes,200,ᐈ Rockyspin - Play Slots Online For Free or Real Money,,ᐈ Rockyspin
rolldorado.com,rolldorado,0,Terdersoft B.V.,OGL/2024/1126/0521,Curacao,active,"March 26, 2026",no,rolldorado.com,not contacted,,yes,200,ᐈ Rolldorado - Play Slots Online For Free or Real Money,,ᐈ Rolldorado
roulettino.com,roulettino,0,Terdersoft B.V.,OGL/2024/1126/0521,Curacao,active,"March 26, 2026",no,roulettino.com,not contacted,,yes,200,ᐈ Roulettino - Play Slots Online For Free or Real Money,,ᐈ Roulettino
savaspin.com,savaspin,0,Terdersoft B.V.,OGL/2024/1126/0521,Curacao,active,"March 26, 2026",no,savaspin.com,not contacted,,yes,200,ᐈ Savaspin - Play Slots Online For Free or Real Money,,ᐈ Savaspin
sloticorn.com,sloticorn,0,Terdersoft B.V.,OGL/2024/1126/0521,Curacao,active,"March 26, 2026",no,sloticorn.com,not contacted,,yes,200,,URLError,
spingali.com,spingali,0,Terdersoft B.V.,OGL/2024/1126/0521,Curacao,active,"March 26, 2026",no,spingali.com,not contacted,,yes,200,,URLError,
spinigma.com,spinigma,0,Terdersoft B.V.,OGL/2024/1126/0521,Curacao,active,"March 26, 2026",no,spinigma.com,not contacted,,yes,200,,URLError,
spinmacho.com,spinmacho,0,Terdersoft B.V.,OGL/2024/1126/0521,Curacao,active,"March 26, 2026",no,spinmacho.com,not contacted,,yes,200,ᐈ Spinmacho - Play Slots Online For Free or Real Money,,ᐈ Spinmacho
spinogambino.com,spinogambino,0,Terdersoft B.V.,OGL/2024/1126/0521,Curacao,active,"March 26, 2026",no,spinogambino.com,not contacted,,yes,200,ᐈ Spinogambino - Play Slots Online For Free or Real Money,,ᐈ Spinogambino
sweetyspin.com,sweetyspin,0,Terdersoft B.V.,OGL/2024/1126/0521,Curacao,active,"March 26, 2026",no,sweetyspin.com,not contacted,,yes,200,ᐈ Sweetyspin - Play Slots Online For Free or Real Money,,ᐈ Sweetyspin
tinatinbet.com,tinatinbet,0,Terdersoft B.V.,OGL/2024/1126/0521,Curacao,active,"March 26, 2026",no,tinatinbet.com,not contacted,,yes,200,,URLError,
turbowinz.com,turbowinz,0,Terdersoft B.V.,OGL/2024/1126/0521,Curacao,active,"March 26, 2026",no,turbowinz.com,not contacted,,yes,200,ᐈ Turbowinz - Play Slots Online For Free or Real Money,,ᐈ Turbowinz
vincispin.com,vincispin,0,Terdersoft B.V.,OGL/2024/1126/0521,Curacao,active,"March 26, 2026",no,vincispin.com,not contacted,,yes,200,ᐈ Vincispin - Play Slots Online For Free or Real Money,,ᐈ Vincispin
bahisdeyiz.com,bahisdeyiz,0,Middle Kang B.V.,OGL/2024/2267/1181,Curacao,assessment in progress,"December 24, 2025",no,bahisdeyiz.com,not contacted,,yes,200,Betting website,,Betting website
betofgame.com,betofgame,0,Middle Kang B.V.,OGL/2024/2267/1181,Curacao,assessment in progress,"December 24, 2025",no,betofgame.com,not contacted,,yes,200,Betofgame,,Betofgame
cyprusslots3.com,cyprusslots,0,Middle Kang B.V.,OGL/2024/2267/1181,Curacao,assessment in progress,"December 24, 2025",no,cyprusslots3.com,not contacted,,yes,200,Login,,Login
jungle7.com,jungle,0,Middle Kang B.V.,OGL/2024/2267/1181,Curacao,assessment in progress,"December 24, 2025",no,jungle7.com,not contacted,,yes,200,jungle7,,jungle7
luckychico.com,luckychico,0,Middle Kang B.V.,OGL/2024/2267/1181,Curacao,assessment in progress,"December 24, 2025",no,luckychico.com,not contacted,,yes,200,Casino Games - Play & Win,,Casino Games
lukycricket.com,lukycricket,0,Middle Kang B.V.,OGL/2024/2267/1181,Curacao,assessment in progress,"December 24, 2025",no,lukycricket.com,not contacted,,yes,200,Casino | LukyCricket | Best Online Cricket Betting in India,,Casino
metaigaming.io,metaigaming,0,Middle Kang B.V.,OGL/2024/2267/1181,Curacao,assessment in progress,"December 24, 2025",no,metaigaming.io,not contacted,,yes,200,Meta System - Plataforma de cassino e apostas esportivas,,Meta System
ogbets.com,ogbets,0,Middle Kang B.V.,OGL/2024/2267/1181,Curacao,assessment in progress,"December 24, 2025",no,ogbets.com,not contacted,,yes,200,The premium domain name ogbets.com is for sale. Buy it now!,,
suratbet.com,suratbet,0,Middle Kang B.V.,OGL/2024/2267/1181,Curacao,assessment in progress,"December 24, 2025",no,suratbet.com,not contacted,,yes,200,"SüratBet Hızlı Oyun, Hızlı Kazanç - Suratbet.com",,"SüratBet Hızlı Oyun, Hızlı Kazanç"
vegasoro.com,vegasoro,0,Middle Kang B.V.,OGL/2024/2267/1181,Curacao,assessment in progress,"December 24, 2025",no,vegasoro.com,not contacted,,yes,200,Casino Games - Play & Win,,Casino Games
wingobingo.tv,wingobingo,0,Middle Kang B.V.,OGL/2024/2267/1181,Curacao,assessment in progress,"December 24, 2025",no,wingobingo.tv,not contacted,,yes,200,"WingoBingo — Live Wingo & Bingo Games, Win Big! | WingoBingo",,WingoBingo
latribet.ec,latribet,1,Media Entertainment N.V.,OGL/2024/1110/0512,Curacao,active,"August 1, 2026",no,latribet.ec latribet.com,not contacted,,yes,200,"Apuestas Deportivas, Pronósticos y Casino Online en Ecuador",,
rojabet.cl,rojabet,1,Media Entertainment N.V.,OGL/2024/1110/0512,Curacao,active,"August 1, 2026",no,rojabet.cl rojabet.com,not contacted,,yes,200,Rojabet Chile: Apuestas Deportivas y Casino Online,,Rojabet Chile
1bet4win.com,betwin,0,Media Entertainment N.V.,OGL/2024/1110/0512,Curacao,active,"August 1, 2026",no,1bet4win.com,not contacted,,yes,200,,,
apuestashouse.com,apuestashouse,0,Media Entertainment N.V.,OGL/2024/1110/0512,Curacao,active,"August 1, 2026",no,apuestashouse.com,not contacted,,yes,200,"Deportes, Apuestas en Vivo, Casino y Juegos | Apuestashouse",,
apuesto.com,apuesto,0,Media Entertainment N.V.,OGL/2024/1110/0512,Curacao,active,"August 1, 2026",no,apuesto.com,not contacted,,yes,200,,,
betmartini.com,betmartini,0,Media Entertainment N.V.,OGL/2024/1110/0512,Curacao,active,"August 1, 2026",no,betmartini.com,not contacted,,yes,200,Scommesse online e scommesse da casinò | Betmartini,,Scommesse online e scommesse da casinò
btc2bet.com,btcbet,0,Media Entertainment N.V.,OGL/2024/1110/0512,Curacao,active,"August 1, 2026",no,btc2bet.com,not contacted,,yes,200,Online Sports and Casino Betting | BTC2BET,,Online Sports and Casino Betting
deporgram.com,deporgram,0,Media Entertainment N.V.,OGL/2024/1110/0512,Curacao,active,"August 1, 2026",no,deporgram.com,not contacted,,yes,200,Online Sports and Casino Betting |,,Online Sports and Casino Betting
derbibet.com,derbibet,0,Media Entertainment N.V.,OGL/2024/1110/0512,Curacao,active,"August 1, 2026",no,derbibet.com,not contacted,,yes,200,Forvetbet | Türkiye'nin Bahis Sitesi,,Forvetbet
forvetbet.com,forvetbet,0,Media Entertainment N.V.,OGL/2024/1110/0512,Curacao,active,"August 1, 2026",no,forvetbet.com,not contacted,,yes,200,Forvetbet | Türkiye'nin Bahis Sitesi,,Forvetbet
isbet.com,isbet,0,Media Entertainment N.V.,OGL/2024/1110/0512,Curacao,active,"August 1, 2026",no,isbet.com,not contacted,,yes,200,,,
kikobet.com,kikobet,0,Media Entertainment N.V.,OGL/2024/1110/0512,Curacao,active,"August 1, 2026",no,kikobet.com,not contacted,,yes,200,Online Sports and Casino Betting | Kikobet,,Online Sports and Casino Betting
megawin.cl,megawin,0,Media Entertainment N.V.,OGL/2024/1110/0512,Curacao,active,"August 1, 2026",no,megawin.cl,not contacted,,yes,200,MegaWin Casino - Juegos de Casino Online en Chile,,MegaWin Casino
mundoapostas.com,mundoapostas,0,Media Entertainment N.V.,OGL/2024/1110/0512,Curacao,active,"August 1, 2026",no,mundoapostas.com,not contacted,,yes,200,Mundoapostas,,Mundoapostas
optimbet.com,optimbet,0,Media Entertainment N.V.,OGL/2024/1110/0512,Curacao,active,"August 1, 2026",no,optimbet.com,not contacted,,yes,200,Optimbet,,Optimbet
tornadobahis.com,tornadobahis,0,Media Entertainment N.V.,OGL/2024/1110/0512,Curacao,active,"August 1, 2026",no,tornadobahis.com,not contacted,,yes,200,Forvetbet | Türkiye'nin Bahis Sitesi,,Forvetbet
tornadobet.com,tornadobet,0,Media Entertainment N.V.,OGL/2024/1110/0512,Curacao,active,"August 1, 2026",no,tornadobet.com,not contacted,,yes,200,Tornadobet,,Tornadobet
wsbets.com,wsbets,0,Media Entertainment N.V.,OGL/2024/1110/0512,Curacao,active,"August 1, 2026",no,wsbets.com,not contacted,,yes,200,"Spor Bahisleri, Slotlar ve Canlı Casino | Forvetbet",,"Spor Bahisleri, Slotlar ve Canlı Casino"
luxewin.bet,luxewin,1,Famagousta B.V.,OGL/2023/155/0098,Curacao,active,"June 4, 2026",no,luxewin.bet luxewin22.bet,not contacted,,yes,200,Luxewin,,Luxewin
21bets.com,bets,0,Famagousta B.V.,OGL/2023/155/0098,Curacao,active,"June 4, 2026",no,21bets.com,not contacted,,yes,200,21Bets,,21Bets
afkspin.com,afkspin,0,Neroblanko Tech N.V.,OGL/2024/790/0272,Curacao,assessment in progress,"December 24, 2025",no,afkspin.com,not contacted,,yes,200,ᐈ AFKspin - Play Slots Online For Free or Real Money,,ᐈ AFKspin
baxterbet.com,baxterbet,0,Neroblanko Tech N.V.,OGL/2024/790/0272,Curacao,assessment in progress,"December 24, 2025",no,baxterbet.com,not contacted,,yes,200,ᐈ Baxterbet - Play Slots Online For Free or Real Money,,ᐈ Baxterbet
boomsino.com,boomsino,0,Neroblanko Tech N.V.,OGL/2024/790/0272,Curacao,assessment in progress,"December 24, 2025",no,boomsino.com,not contacted,,yes,200,,URLError,
boomzino.com,boomzino,0,Neroblanko Tech N.V.,OGL/2024/790/0272,Curacao,assessment in progress,"December 24, 2025",no,boomzino.com,not contacted,,yes,200,ᐈ Boomzino - Play Slots Online For Free or Real Money,,ᐈ Boomzino
casinobossy.com,casinobossy,0,Neroblanko Tech N.V.,OGL/2024/790/0272,Curacao,assessment in progress,"December 24, 2025",no,casinobossy.com,not contacted,,yes,200,ᐈ Casinobossy - Play Slots Online For Free or Real Money,,ᐈ Casinobossy
fortuzino.com,fortuzino,0,Neroblanko Tech N.V.,OGL/2024/790/0272,Curacao,assessment in progress,"December 24, 2025",no,fortuzino.com,not contacted,,yes,200,ᐈ Fortuzino - Play Slots Online For Free or Real Money,,ᐈ Fortuzino
glitzbets.com,glitzbets,0,Neroblanko Tech N.V.,OGL/2024/790/0272,Curacao,assessment in progress,"December 24, 2025",no,glitzbets.com,not contacted,,yes,200,ᐈ Glitzbets - Play Slots Online For Free or Real Money,,ᐈ Glitzbets
ivybet.io,ivybet,0,Neroblanko Tech N.V.,OGL/2024/790/0272,Curacao,assessment in progress,"December 24, 2025",no,ivybet.io,not contacted,,yes,200,ᐈ Casino Online and Mobile,,ᐈ Casino Online and Mobile
luckycapone.com,luckycapone,0,Neroblanko Tech N.V.,OGL/2024/790/0272,Curacao,assessment in progress,"December 24, 2025",no,luckycapone.com,not contacted,,yes,200,ᐈ Luckycapone - Play Slots Online For Free or Real Money,,ᐈ Luckycapone
luckysheriff.com,luckysheriff,0,Neroblanko Tech N.V.,OGL/2024/790/0272,Curacao,assessment in progress,"December 24, 2025",no,luckysheriff.com,not contacted,,yes,200,ᐈ Luckysheriff - Play Slots Online For Free or Real Money,,ᐈ Luckysheriff
magneticslots.com,magneticslots,0,Neroblanko Tech N.V.,OGL/2024/790/0272,Curacao,assessment in progress,"December 24, 2025",no,magneticslots.com,not contacted,,yes,200,ᐈ Magneticslots - Play Slots Online For Free or Real Money,,ᐈ Magneticslots
manekispin.com,manekispin,0,Neroblanko Tech N.V.,OGL/2024/790/0272,Curacao,assessment in progress,"December 24, 2025",no,manekispin.com,not contacted,,yes,200,ᐈ Manekispin - Play Slots Online For Free or Real Money,,ᐈ Manekispin
needforslots.com,needforslots,0,Neroblanko Tech N.V.,OGL/2024/790/0272,Curacao,assessment in progress,"December 24, 2025",no,needforslots.com,not contacted,,yes,200,ᐈ Needforslots - Play Slots Online For Free or Real Money,,ᐈ Needforslots
ringospin.com,ringospin,0,Neroblanko Tech N.V.,OGL/2024/790/0272,Curacao,assessment in progress,"December 24, 2025",no,ringospin.com,not contacted,,yes,200,ᐈ Ringospin - Play Slots Online For Free or Real Money,,ᐈ Ringospin
rodeoslot.com,rodeoslot,0,Neroblanko Tech N.V.,OGL/2024/790/0272,Curacao,assessment in progress,"December 24, 2025",no,rodeoslot.com,not contacted,,yes,200,ᐈ Rodeoslot - Play Slots Online For Free or Real Money,,ᐈ Rodeoslot
royalstiger.com,royalstiger,0,Neroblanko Tech N.V.,OGL/2024/790/0272,Curacao,assessment in progress,"December 24, 2025",no,royalstiger.com,not contacted,,yes,200,ᐈ Royalstiger - Play Slots Online For Free or Real Money,,ᐈ Royalstiger
slotrize.com,slotrize,0,Neroblanko Tech N.V.,OGL/2024/790/0272,Curacao,assessment in progress,"December 24, 2025",no,slotrize.com,not contacted,,yes,200,ᐈ Slotrize - Play Slots Online For Free or Real Money,,ᐈ Slotrize
slotsdj.com,slotsdj,0,Neroblanko Tech N.V.,OGL/2024/790/0272,Curacao,assessment in progress,"December 24, 2025",no,slotsdj.com,not contacted,,yes,200,ᐈ Slotsdj - Play Slots Online For Free or Real Money,,ᐈ Slotsdj
spinania.com,spinania,0,Neroblanko Tech N.V.,OGL/2024/790/0272,Curacao,assessment in progress,"December 24, 2025",no,spinania.com,not contacted,,yes,200,ᐈ Spinania - Play Slots Online For Free or Real Money,,ᐈ Spinania
spinsahara.com,spinsahara,0,Neroblanko Tech N.V.,OGL/2024/790/0272,Curacao,assessment in progress,"December 24, 2025",no,spinsahara.com,not contacted,,yes,200,ᐈ Spinsahara - Play Slots Online For Free or Real Money,,ᐈ Spinsahara
tesorcasino.com,tesorcasino,0,Neroblanko Tech N.V.,OGL/2024/790/0272,Curacao,assessment in progress,"December 24, 2025",no,tesorcasino.com,not contacted,,yes,200,ᐈ Tesorcasino - Play Slots Online For Free or Real Money,,ᐈ Tesorcasino
tonyspins.com,tonyspins,0,Neroblanko Tech N.V.,OGL/2024/790/0272,Curacao,assessment in progress,"December 24, 2025",no,tonyspins.com,not contacted,,yes,200,ᐈ Tonyspins - Play Slots Online For Free or Real Money,,ᐈ Tonyspins
winbeatz.com,winbeatz,0,Neroblanko Tech N.V.,OGL/2024/790/0272,Curacao,assessment in progress,"December 24, 2025",no,winbeatz.com,not contacted,,yes,200,ᐈ Winbeatz - Play Slots Online For Free or Real Money,,ᐈ Winbeatz
shangrila.com,shangrila,1,InterStorm (Curaçao) N.V,OGL/2024/106/0170,Curacao,revoked,,no,shangrila.com shangrila.live,not contacted,,yes,200,,,
kml55.com,kml,0,InterStorm (Curaçao) N.V,OGL/2024/106/0170,Curacao,revoked,,no,kml55.com,not contacted,,yes,200,Domain Information,,Domain Information
sfg51.com,sfg,0,InterStorm (Curaçao) N.V,OGL/2024/106/0170,Curacao,revoked,,no,sfg51.com,not contacted,,yes,200,"paٷΨһҳ,Ӯһ",,"paٷΨһҳ,Ӯһ"
shangrilalive.com,shangrilalive,0,InterStorm (Curaçao) N.V,OGL/2024/106/0170,Curacao,revoked,,no,shangrilalive.com,not contacted,,yes,200,,,
shangrilavip.com,shangrilavip,0,InterStorm (Curaçao) N.V,OGL/2024/106/0170,Curacao,revoked,,no,shangrilavip.com,not contacted,,yes,200,,,
justcasino.io,justcasino,85,Just Entertainment B.V.,OGL/2024/164/0246,Curacao,assessment in progress,"December 24, 2025",no,justcasino.io justcasino.com justcasino1.io justcasino3.io justcasino2.io justcasino5.com justcasino7.com justcasino0.com,not contacted,,yes,200,,,
ajaxbet.com,ajaxbet,0,Red Lane B.V.,OGL/2024/1065/0847,Curacao,active,"December 4, 2025",no,ajaxbet.com,not contacted,,yes,200,AJAXBET - Ajaxbet Türkiye'nin En Güvenilir Bahis Sitesi,,AJAXBET
betlist.com,betlist,0,Red Lane B.V.,OGL/2024/1065/0847,Curacao,active,"December 4, 2025",no,betlist.com,not contacted,,yes,200,Betlist Giriş | Betlist Güncel Oranlar ve Canlı Casino,,Betlist Giriş
dellabet.com,dellabet,0,Red Lane B.V.,OGL/2024/1065/0847,Curacao,active,"December 4, 2025",no,dellabet.com,not contacted,,yes,200,Dellabet - Dellabet - Türkiye'nin En İyi Bahis Sitesi,,Dellabet
etabet.com,etabet,0,Red Lane B.V.,OGL/2024/1065/0847,Curacao,active,"December 4, 2025",no,etabet.com,not contacted,,yes,200,Etabet - Türkiye'nin En Özel Canlı Casino Ve Bahis Sitesi -,,Etabet
galaxybetting.com,galaxybetting,0,Red Lane B.V.,OGL/2024/1065/0847,Curacao,active,"December 4, 2025",no,galaxybetting.com,not contacted,,yes,200,,URLError,
herabet.com,herabet,0,Red Lane B.V.,OGL/2024/1065/0847,Curacao,active,"December 4, 2025",no,herabet.com,not contacted,,yes,200,Herabet Güncel Giriş | Spor Bahisleri & Casino 2026,,Herabet Güncel Giriş
holeybet.com,holeybet,0,Red Lane B.V.,OGL/2024/1065/0847,Curacao,active,"December 4, 2025",no,holeybet.com,not contacted,,yes,200,,,
hullbet.com,hullbet,0,Red Lane B.V.,OGL/2024/1065/0847,Curacao,active,"December 4, 2025",no,hullbet.com,not contacted,,yes,200,Hullbet - Hullbet.com Türkiye'nin En Güvenilir Bahis Şirketi,,Hullbet
locabet.com,locabet,0,Red Lane B.V.,OGL/2024/1065/0847,Curacao,active,"December 4, 2025",no,locabet.com,not contacted,,yes,200,Locabet Platformu » Locabet Giriş » 2026 Güncel Adres,,
meritpremium.com,meritpremium,0,Red Lane B.V.,OGL/2024/1065/0847,Curacao,active,"December 4, 2025",no,meritpremium.com,not contacted,,yes,200,Merit Premium — En Güncel Giriş Adresi ve Bonus Fırsatları,,Merit Premium
portobet.com,portobet,0,Red Lane B.V.,OGL/2024/1065/0847,Curacao,active,"December 4, 2025",no,portobet.com,not contacted,,yes,200,Portobet - En Güncel Giriş Adresi ve Bonus Fırsatları,,Portobet
slotella.com,slotella,0,Red Lane B.V.,OGL/2024/1065/0847,Curacao,active,"December 4, 2025",no,slotella.com,not contacted,,yes,200,Slotella - En Güncel Giriş Adresi ve Bonus Fırsatları -,,Slotella
slotrun.com,slotrun,0,Red Lane B.V.,OGL/2024/1065/0847,Curacao,active,"December 4, 2025",no,slotrun.com,not contacted,,yes,200,Slotrun - Online Oyun Platformu | Tarayıcı Tabanlı Multiplayer Oyunlar,,Slotrun
slotspor.com,slotspor,0,Red Lane B.V.,OGL/2024/1065/0847,Curacao,active,"December 4, 2025",no,slotspor.com,not contacted,,yes,200,Slotspor Giriş | Güncel Adres - 2026 Rehber,,Slotspor Giriş
suprabahis.com,suprabahis,0,Red Lane B.V.,OGL/2024/1065/0847,Curacao,active,"December 4, 2025",no,suprabahis.com,not contacted,,yes,200,"Supra Bahis Giriş – SupraBahis: Kazancın En Hızlı Hali, Güvenin Tek Adresi!",,Supra Bahis Giriş
vimobet.com,vimobet,1,Glory Multimedia B.V.,OGL/2024/1600/0861,Curacao,assessment in progress,"January 14, 2026",no,vimobet.com vimobet65.com,not contacted,,yes,200,,,
africanobet.com,africanobet,0,Glory Multimedia B.V.,OGL/2024/1600/0861,Curacao,assessment in progress,"January 14, 2026",no,africanobet.com,not contacted,,yes,200,New Generation Betting Site-Live Betting-Sports Betting-Reliable Betting Site-Live Casino-,,New Generation Betting Site
arabbet24.com,arabbet,0,Glory Multimedia B.V.,OGL/2024/1600/0861,Curacao,assessment in progress,"January 14, 2026",no,arabbet24.com,not contacted,,yes,200,Arabbet24 — A World of Games and Rewards,,Arabbet24
enebet.com,enebet,0,Glory Multimedia B.V.,OGL/2024/1600/0861,Curacao,assessment in progress,"January 14, 2026",no,enebet.com,not contacted,,yes,200,Enebet - New Generation Betting Site-Live Betting-Sports Betting-Reliable Betting Site-Liv,,Enebet
icombet.com,icombet,0,Glory Multimedia B.V.,OGL/2024/1600/0861,Curacao,assessment in progress,"January 14, 2026",no,icombet.com,not contacted,,yes,200,Betting website,,Betting website
ivobet.com,ivobet,0,Glory Multimedia B.V.,OGL/2024/1600/0861,Curacao,assessment in progress,"January 14, 2026",no,ivobet.com,not contacted,,yes,200,,,
lavabet.com,lavabet,0,Glory Multimedia B.V.,OGL/2024/1600/0861,Curacao,assessment in progress,"January 14, 2026",no,lavabet.com,not contacted,,yes,200,Lavabet | Best Online Betting & Casino Platform,,Lavabet
menabet.com,menabet,0,Glory Multimedia B.V.,OGL/2024/1600/0861,Curacao,assessment in progress,"January 14, 2026",no,menabet.com,not contacted,,yes,200,,,
newbet216.com,newbet,0,Glory Multimedia B.V.,OGL/2024/1600/0861,Curacao,assessment in progress,"January 14, 2026",no,newbet216.com,not contacted,,yes,200,Betting website,,Betting website
nicewinz.com,nicewinz,0,Glory Multimedia B.V.,OGL/2024/1600/0861,Curacao,assessment in progress,"January 14, 2026",no,nicewinz.com,not contacted,,yes,200,"NiceWin – Online Casino, Live Casino & Sports Betting Platform - Nicewinz",,NiceWin
vivabet24.com,vivabet,0,Glory Multimedia B.V.,OGL/2024/1600/0861,Curacao,assessment in progress,"January 14, 2026",no,vivabet24.com,not contacted,,yes,200,,URLError,
wionbet.com,wionbet,0,Glory Multimedia B.V.,OGL/2024/1600/0861,Curacao,assessment in progress,"January 14, 2026",no,wionbet.com,not contacted,,yes,200,Wionbet - Betting Website - First Licensed Online Casino in Jordan | Anytime Cash Out & Vi,,Wionbet
zeabet777.com,zeabet,0,Glory Multimedia B.V.,OGL/2024/1600/0861,Curacao,assessment in progress,"January 14, 2026",no,zeabet777.com,not contacted,,yes,200,"ZeaBet – Online Casino, Live Casino & Sports Betting Platform - ZeaBet",,ZeaBet
betcrush.com,betcrush,0,Modern World Entertainment B.V.,OGL/2024/1335/0780,Curacao,assessment in progress,"December 24, 2025",yes,betcrush.com,not contacted,,yes,200,Betcrush Casino,,Betcrush Casino
herculescasino.com,herculescasino,0,Modern World Entertainment B.V.,OGL/2024/1335/0780,Curacao,assessment in progress,"December 24, 2025",no,herculescasino.com,not contacted,,yes,200,,,
vegazcasino.com,vegazcasino,0,Modern World Entertainment B.V.,OGL/2024/1335/0780,Curacao,assessment in progress,"December 24, 2025",yes,vegazcasino.com,not contacted,,yes,200,vegazcasino,,vegazcasino
aajogo.com,aajogo,0,Pistis Trade N.V.,OGL/2024/1670/1153,Curacao,active,"November 9, 2025",no,aajogo.com,not contacted,,yes,200,"AAJogo | Online Casino,Jogos de Criptografia Hash,Cassino Justo Rastreável",,AAJogo
betfiery.com,betfiery,0,Pistis Trade N.V.,OGL/2024/1670/1153,Curacao,active,"November 9, 2025",no,betfiery.com,not contacted,,yes,200,"BetFiery | Online Casino,Jogos de Criptografia Hash,Cassino Justo Rastreável",,BetFiery
betmxs.com,betmxs,0,Pistis Trade N.V.,OGL/2024/1670/1153,Curacao,active,"November 9, 2025",no,betmxs.com,not contacted,,yes,200,BETMXS,,BETMXS
blue.game,blue,0,Pistis Trade N.V.,OGL/2024/1670/1153,Curacao,active,"November 9, 2025",no,blue.game,not contacted,,yes,200,,HTTP 526,
brazspin.com,brazspin,0,Pistis Trade N.V.,OGL/2024/1670/1153,Curacao,active,"November 9, 2025",no,brazspin.com,not contacted,,yes,200,,,
brazstar.com,brazstar,0,Pistis Trade N.V.,OGL/2024/1670/1153,Curacao,active,"November 9, 2025",no,brazstar.com,not contacted,,yes,200,,,
evogam.com,evogam,0,Pistis Trade N.V.,OGL/2024/1670/1153,Curacao,active,"November 9, 2025",no,evogam.com,not contacted,,yes,200,,,
gaming-panda.com,gamingpanda,0,Pistis Trade N.V.,OGL/2024/1670/1153,Curacao,active,"November 9, 2025",no,gaming-panda.com,not contacted,,yes,200,"Gaming Panda – Access to Slot, Scratch & Other High-Quality Games",,Gaming Panda
hoy777.com,hoy,0,Pistis Trade N.V.,OGL/2024/1670/1153,Curacao,active,"November 9, 2025",no,hoy777.com,not contacted,,yes,200,Hoy777,,Hoy777
hoywin.com,hoywin,0,Pistis Trade N.V.,OGL/2024/1670/1153,Curacao,active,"November 9, 2025",no,hoywin.com,not contacted,,yes,200,HOYWIN,,HOYWIN
kklion.com,kklion,0,Pistis Trade N.V.,OGL/2024/1670/1153,Curacao,active,"November 9, 2025",no,kklion.com,not contacted,,yes,200,KK LION,,KK LION
loco777.com,loco,0,Pistis Trade N.V.,OGL/2024/1670/1153,Curacao,active,"November 9, 2025",no,loco777.com,not contacted,,yes,200,LOCO777,,LOCO777
mars.bingo,mars,0,Pistis Trade N.V.,OGL/2024/1670/1153,Curacao,active,"November 9, 2025",no,mars.bingo,not contacted,,yes,200,mars.bingo,,mars.bingo
mexboss.com,mexboss,0,Pistis Trade N.V.,OGL/2024/1670/1153,Curacao,active,"November 9, 2025",no,mexboss.com,not contacted,,yes,200,MEXBOSS,,MEXBOSS
mexlucky.com,mexlucky,0,Pistis Trade N.V.,OGL/2024/1670/1153,Curacao,active,"November 9, 2025",no,mexlucky.com,not contacted,,yes,200,"MexLucky | Casino en línea, juegos de cifrado hash, casino justo rastreableo",,MexLucky
mexswin.com,mexswin,0,Pistis Trade N.V.,OGL/2024/1670/1153,Curacao,active,"November 9, 2025",no,mexswin.com,not contacted,,yes,200,Mexswin,,Mexswin
mx7k.com,mxk,0,Pistis Trade N.V.,OGL/2024/1670/1153,Curacao,active,"November 9, 2025",no,mx7k.com,not contacted,,yes,200,MX7K,,MX7K
philucky.com,philucky,0,Pistis Trade N.V.,OGL/2024/1670/1153,Curacao,active,"November 9, 2025",no,philucky.com,not contacted,,yes,200,"Invite friends to join Philucky and participate in free activities, you can receive 200PHP",,
psewin.com,psewin,0,Pistis Trade N.V.,OGL/2024/1670/1153,Curacao,active,"November 9, 2025",no,psewin.com,not contacted,,yes,200,"PSEWIN | Online Casino,Hash Encryption Games,Traceable Fair Casino",,PSEWIN
vbet.kg,vbet,1,Radon B.V.,OGL/2024/802/0282,Curacao,assessment in progress,"December 24, 2025",no,vbet.kg vbet.com,not contacted,,yes,200,Betting website,,Betting website
allinn.com,allinn,0,Radon B.V.,OGL/2024/802/0282,Curacao,assessment in progress,"December 24, 2025",no,allinn.com,not contacted,,yes,200,allinn.com,,allinn.com
fantasticbet.com,fantasticbet,0,Radon B.V.,OGL/2024/802/0282,Curacao,assessment in progress,"December 24, 2025",no,fantasticbet.com,not contacted,,yes,200,Betting website,,Betting website
grombet.com,grombet,0,Radon B.V.,OGL/2024/802/0282,Curacao,assessment in progress,"December 24, 2025",no,grombet.com,not contacted,,yes,200,"Онлайн Казино, Ставки на Спорт, Ставки на Кіберспорт, Лайв Казино, Покер | grombet",,
horusbet.cl,horusbet,0,Radon B.V.,OGL/2024/802/0282,Curacao,assessment in progress,"December 24, 2025",no,horusbet.cl,not contacted,,yes,200,Home - Horusbet,,Home
odarobet.com,odarobet,0,Radon B.V.,OGL/2024/802/0282,Curacao,assessment in progress,"December 24, 2025",no,odarobet.com,not contacted,,yes,200,"ODAROBET — Online Casino, Slots & Sports Betting",,ODAROBET
vivaro.me,vivaro,0,Radon B.V.,OGL/2024/802/0282,Curacao,assessment in progress,"December 24, 2025",no,vivaro.me,not contacted,,yes,200,Feed - Vivaro.me,,Feed
jokacasino.com,jokacasino,1,Swervy International B.V.,OGL/2024/1340/0996,Curacao,active,"June 6, 2026",no,jokacasino.com jokacasino.online,not contacted,,yes,200,,,
betja.com,betja,0,Swervy International B.V.,OGL/2024/1340/0996,Curacao,active,"June 6, 2026",no,betja.com,not contacted,,yes,200,,,
betya.com,betya,0,Swervy International B.V.,OGL/2024/1340/0996,Curacao,active,"June 6, 2026",no,betya.com,not contacted,,yes,200,,,
jackpotjill.com,jackpotjill,0,Swervy International B.V.,OGL/2024/1340/0996,Curacao,active,"June 6, 2026",no,jackpotjill.com,not contacted,,yes,200,"Top Online Casino for Real Money Play 2026 | $7,500 Bonus +100 FS - Jackpot Jill",,
wildcardcity.com,wildcardcity,0,Swervy International B.V.,OGL/2024/1340/0996,Curacao,active,"June 6, 2026",no,wildcardcity.com,not contacted,,yes,200,,,
azerbet.com,azerbet,0,Elfy Interactive B.V.,OGL/2024/1279/0531,Curacao,assessment in progress,"December 24, 2025",no,azerbet.com,not contacted,,yes,200,Azerbet lic,,Azerbet lic
beinbet.com,beinbet,0,Elfy Interactive B.V.,OGL/2024/1279/0531,Curacao,assessment in progress,"December 24, 2025",no,beinbet.com,not contacted,,yes,200,Beinbet lic,,Beinbet lic
betewin.com,betewin,0,Elfy Interactive B.V.,OGL/2024/1279/0531,Curacao,assessment in progress,"December 24, 2025",yes,betewin.com,not contacted,,yes,200,Betewin Güncel Giriş Adresi 2025 | Yeni Betewin Linki ve Resmi Site,,Betewin Güncel Giriş Adresi 2025
betim.com,betim,0,Elfy Interactive B.V.,OGL/2024/1279/0531,Curacao,assessment in progress,"December 24, 2025",no,betim.com,not contacted,,yes,200,Betim,,Betim
betpin.com,betpin,0,Elfy Interactive B.V.,OGL/2024/1279/0531,Curacao,assessment in progress,"December 24, 2025",no,betpin.com,not contacted,,yes,200,Betpin lic,,Betpin lic
casimo.com,casimo,0,Elfy Interactive B.V.,OGL/2024/1279/0531,Curacao,assessment in progress,"December 24, 2025",no,casimo.com,not contacted,,yes,200,Casimo lic,,Casimo lic
casinoda.com,casinoda,0,Elfy Interactive B.V.,OGL/2024/1279/0531,Curacao,assessment in progress,"December 24, 2025",no,casinoda.com,not contacted,,yes,200,Casinoda lic,,Casinoda lic
jackpotz.com,jackpotz,0,Elfy Interactive B.V.,OGL/2024/1279/0531,Curacao,assessment in progress,"December 24, 2025",no,jackpotz.com,not contacted,,yes,200,Jackpotz lic,,Jackpotz lic
jokeras.com,jokeras,0,Elfy Interactive B.V.,OGL/2024/1279/0531,Curacao,assessment in progress,"December 24, 2025",no,jokeras.com,not contacted,,yes,200,Jokeras lic,,Jokeras lic
onlyspin.com,onlyspin,0,Elfy Interactive B.V.,OGL/2024/1279/0531,Curacao,assessment in progress,"December 24, 2025",no,onlyspin.com,not contacted,,yes,200,OnlySpin Giriş — Çevrimiçi Multiplayer Official Oyun Platformu,,OnlySpin Giriş
otobet.com,otobet,0,Elfy Interactive B.V.,OGL/2024/1279/0531,Curacao,assessment in progress,"December 24, 2025",yes,otobet.com,not contacted,,yes,200,Otobet,,Otobet
rigobet.com,rigobet,0,Elfy Interactive B.V.,OGL/2024/1279/0531,Curacao,assessment in progress,"December 24, 2025",no,rigobet.com,not contacted,,yes,200,Rigobet lic,,Rigobet lic
slotin.com,slotin,0,Elfy Interactive B.V.,OGL/2024/1279/0531,Curacao,assessment in progress,"December 24, 2025",yes,slotin.com,not contacted,,yes,200,Slotin,,Slotin
sortebet.com,sortebet,0,Elfy Interactive B.V.,OGL/2024/1279/0531,Curacao,assessment in progress,"December 24, 2025",no,sortebet.com,not contacted,,yes,200,Sortebet lic,,Sortebet lic
winover.com,winover,0,Elfy Interactive B.V.,OGL/2024/1279/0531,Curacao,assessment in progress,"December 24, 2025",no,winover.com,not contacted,,yes,200,Winover lic,,Winover lic
4mybet.com,mybet,0,Casiworx N.V.,OGL/2024/1278/0497,Curacao,active,"May 23, 2026",no,4mybet.com,not contacted,,yes,200,Welcome to nginx!,HTTP 521,Welcome to nginx!
freakybillion.com,freakybillion,0,Casiworx N.V.,OGL/2024/1278/0497,Curacao,active,"May 23, 2026",no,freakybillion.com,not contacted,,yes,200,,,
gambleverse.casino,gambleverse,0,Casiworx N.V.,OGL/2024/1278/0497,Curacao,active,"May 23, 2026",no,gambleverse.casino,not contacted,,yes,200,Ölüdeniz Hostel | Direct Booking,,Ölüdeniz Hostel
intellectbet.com,intellectbet,0,Casiworx N.V.,OGL/2024/1278/0497,Curacao,active,"May 23, 2026",no,intellectbet.com,not contacted,,yes,200,,,
norsewin.com,norsewin,0,Casiworx N.V.,OGL/2024/1278/0497,Curacao,active,"May 23, 2026",no,norsewin.com,not contacted,,yes,200,,,
pokerbetcasino.com,pokerbetcasino,0,Casiworx N.V.,OGL/2024/1278/0497,Curacao,active,"May 23, 2026",no,pokerbetcasino.com,not contacted,,yes,200,,,
rockstarwin.com,rockstarwin,0,Casiworx N.V.,OGL/2024/1278/0497,Curacao,active,"May 23, 2026",no,rockstarwin.com,not contacted,,yes,200,,,
slotobit.io,slotobit,0,Casiworx N.V.,OGL/2024/1278/0497,Curacao,active,"May 23, 2026",no,slotobit.io,not contacted,,yes,200,,,
slotorush.com,slotorush,0,Casiworx N.V.,OGL/2024/1278/0497,Curacao,active,"May 23, 2026",no,slotorush.com,not contacted,,yes,200,,,
slotystake.com,slotystake,0,Casiworx N.V.,OGL/2024/1278/0497,Curacao,active,"May 23, 2026",no,slotystake.com,not contacted,,yes,200,,,
stakebro.com,stakebro,0,Casiworx N.V.,OGL/2024/1278/0497,Curacao,active,"May 23, 2026",no,stakebro.com,not contacted,,yes,200,,,
stakemania.com,stakemania,0,Casiworx N.V.,OGL/2024/1278/0497,Curacao,active,"May 23, 2026",no,stakemania.com,not contacted,,yes,200,,,
vipcasino.online,vipcasino,0,Casiworx N.V.,OGL/2024/1278/0497,Curacao,active,"May 23, 2026",no,vipcasino.online,not contacted,,yes,200,,,
wincraft.casino,wincraft,0,Casiworx N.V.,OGL/2024/1278/0497,Curacao,active,"May 23, 2026",no,wincraft.casino,not contacted,,yes,200,,,
bateubet.bet,bateubet,0,Victoria Games Solutions B.V.,OGL/2024/746/0204,Curacao,active,"April 3, 2026",no,bateubet.bet,not contacted,,yes,200,bateubet.bet,,bateubet.bet
betinha.com,betinha,0,Victoria Games Solutions B.V.,OGL/2024/746/0204,Curacao,active,"April 3, 2026",no,betinha.com,not contacted,,yes,200,The premium domain name betinha.com is for sale. Buy it now!,,
fizabet.com,fizabet,0,Victoria Games Solutions B.V.,OGL/2024/746/0204,Curacao,active,"April 3, 2026",no,fizabet.com,not contacted,,yes,200,fiz a bet | fiz a bet,,fiz a bet
gramado.bet,gramado,0,Victoria Games Solutions B.V.,OGL/2024/746/0204,Curacao,active,"April 3, 2026",no,gramado.bet,not contacted,,yes,200,Jogadores Anônimos,,Jogadores Anônimos
jetbet365.com,jetbet,0,Victoria Games Solutions B.V.,OGL/2024/746/0204,Curacao,active,"April 3, 2026",no,jetbet365.com,not contacted,,yes,200,Loading...,URLError,Loading...
ragnar.bet,ragnar,0,Victoria Games Solutions B.V.,OGL/2024/746/0204,Curacao,active,"April 3, 2026",no,ragnar.bet,not contacted,,yes,200,RAGNAR.BET,,RAGNAR.BET
sortebet777.com,sortebet,0,Victoria Games Solutions B.V.,OGL/2024/746/0204,Curacao,active,"April 3, 2026",no,sortebet777.com,not contacted,,yes,200,sortebet777.com,,sortebet777.com
zilionz.com,zilionz,0,Victoria Games Solutions B.V.,OGL/2024/746/0204,Curacao,active,"April 3, 2026",no,zilionz.com,not contacted,,yes,200,,URLError,
baywin.com,baywin,0,Mill Interactive B.V.,OGL/2024/1282/0539,Curacao,assessment in progress,"December 24, 2025",yes,baywin.com,not contacted,,yes,200,Baywin - Baywin Giriş,,Baywin
betira.com,betira,0,Mill Interactive B.V.,OGL/2024/1282/0539,Curacao,assessment in progress,"December 24, 2025",yes,betira.com,not contacted,,yes,200,Betira lic,,Betira lic
betorspin.com,betorspin,0,Mill Interactive B.V.,OGL/2024/1282/0539,Curacao,assessment in progress,"December 24, 2025",no,betorspin.com,not contacted,,yes,200,Betorspin global,,Betorspin global
betpublic.com,betpublic,0,Mill Interactive B.V.,OGL/2024/1282/0539,Curacao,assessment in progress,"December 24, 2025",yes,betpublic.com,not contacted,,yes,200,SoloBet AMP,,SoloBet AMP
bycasino.com,bycasino,0,Mill Interactive B.V.,OGL/2024/1282/0539,Curacao,assessment in progress,"December 24, 2025",yes,bycasino.com,not contacted,,yes,200,Bycasino – Bycasino Giriş – Bycasino Güncel Giriş,,Bycasino
cola.com,cola,0,Mill Interactive B.V.,OGL/2024/1282/0539,Curacao,assessment in progress,"December 24, 2025",yes,cola.com,not contacted,,yes,200,Cola.com,,Cola.com
jasino.com,jasino,0,Mill Interactive B.V.,OGL/2024/1282/0539,Curacao,assessment in progress,"December 24, 2025",yes,jasino.com,not contacted,,yes,200,Jasino,,Jasino
ligobet.com,ligobet,0,Mill Interactive B.V.,OGL/2024/1282/0539,Curacao,assessment in progress,"December 24, 2025",yes,ligobet.com,not contacted,,yes,200,Ligobet,,Ligobet
luxslot.com,luxslot,0,Mill Interactive B.V.,OGL/2024/1282/0539,Curacao,assessment in progress,"December 24, 2025",yes,luxslot.com,not contacted,,yes,200,Luxslot lic,,Luxslot lic
northwin.com,northwin,0,Mill Interactive B.V.,OGL/2024/1282/0539,Curacao,assessment in progress,"December 24, 2025",yes,northwin.com,not contacted,,yes,200,Northwin lic,,Northwin lic
solobet.com,solobet,0,Mill Interactive B.V.,OGL/2024/1282/0539,Curacao,assessment in progress,"December 24, 2025",yes,solobet.com,not contacted,,yes,200,SoloBet AMP,,SoloBet AMP
zlot.com,zlot,0,Mill Interactive B.V.,OGL/2024/1282/0539,Curacao,assessment in progress,"December 24, 2025",yes,zlot.com,not contacted,,yes,200,Zlot - Zlot Giriş,,Zlot
fyffecasino.com,fyffecasino,0,Fruity Entertainment N.V.,OGL/2024/1487/0729,Curacao,assessment in progress,"December 24, 2025",no,fyffecasino.com,not contacted,,yes,200,,URLError,
kaahaus.com,kaahaus,0,Fruity Entertainment N.V.,OGL/2024/1487/0729,Curacao,assessment in progress,"December 24, 2025",no,kaahaus.com,not contacted,,yes,200,Tervetuloa Kaahaus Kasinolle - Uusi Nettikasino | Kaahaus,,Tervetuloa Kaahaus Kasinolle
kiekka.com,kiekka,0,Fruity Entertainment N.V.,OGL/2024/1487/0729,Curacao,assessment in progress,"December 24, 2025",no,kiekka.com,not contacted,,yes,200,Kiekka pikakasino - Ilmaiskierroksia & Jackpot voittoja | Kiekka,,Kiekka pikakasino
spinnair.com,spinnair,0,Fruity Entertainment N.V.,OGL/2024/1487/0729,Curacao,assessment in progress,"December 24, 2025",no,spinnair.com,not contacted,,yes,200,Spinnair Casino - Luotettava pikakasino & lennokkaat voitot | Spinnair,,Spinnair Casino
spinnaus.com,spinnaus,0,Fruity Entertainment N.V.,OGL/2024/1487/0729,Curacao,assessment in progress,"December 24, 2025",no,spinnaus.com,not contacted,,yes,200,Spinnaus Kasino - Pikakasino suomalaiseen makuun | Spinnaus,,Spinnaus Kasino
titaani.com,titaani,0,Fruity Entertainment N.V.,OGL/2024/1487/0729,Curacao,assessment in progress,"December 24, 2025",no,titaani.com,not contacted,,yes,200,Titaani Casino - Uusi pikakasino välittömillä kotiutuksilla | Titaani,,Titaani Casino
tykitys.com,tykitys,0,Fruity Entertainment N.V.,OGL/2024/1487/0729,Curacao,assessment in progress,"December 24, 2025",no,tykitys.com,not contacted,,yes,200,Tykitys Casino – Turvallinen suomalainen nettikasino | Tykitys,,Tykitys Casino
xwin.so,xwin,1,Bridge Technologies B.V.,OGL/2024/431/0231,Curacao,active,"June 6, 2026",no,xwin.so xwin.bet,not contacted,,yes,200,Xwin Casino - Login and Authentication | Recharge Rewards up to 360%,,Xwin Casino
6ense.vip,ense,0,Bridge Technologies B.V.,OGL/2024/431/0231,Curacao,active,"June 6, 2026",no,6ense.vip,not contacted,,yes,200,,,
8bmf8.com,bmf,0,Bridge Technologies B.V.,OGL/2024/431/0231,Curacao,active,"June 6, 2026",no,8bmf8.com,not contacted,,yes,200,Games Lobby : : BMF,,Games Lobby
hanzbet.com,hanzbet,0,Bridge Technologies B.V.,OGL/2024/431/0231,Curacao,active,"June 6, 2026",no,hanzbet.com,not contacted,,yes,200,HanzBet — Región no disponible,,HanzBet
k25.ai,k,0,Bridge Technologies B.V.,OGL/2024/431/0231,Curacao,active,"June 6, 2026",no,k25.ai,not contacted,,yes,200,K25 | Watch-to-Predict,,K25
luckybear.live,luckybear,0,Bridge Technologies B.V.,OGL/2024/431/0231,Curacao,active,"June 6, 2026",no,luckybear.live,not contacted,,yes,200,LuckyBear Casino - Login and Authentication | Recharge Rewards up to 360%,,LuckyBear Casino
riodeorocasino.com,riodeorocasino,0,Bridge Technologies B.V.,OGL/2024/431/0231,Curacao,active,"June 6, 2026",no,riodeorocasino.com,not contacted,,yes,200,,,
secure100.com,secure,0,Bridge Technologies B.V.,OGL/2024/431/0231,Curacao,active,"June 6, 2026",no,secure100.com,not contacted,,yes,200,Secure100,,Secure100
six-seven.bet,sixseven,0,Bridge Technologies B.V.,OGL/2024/431/0231,Curacao,active,"June 6, 2026",no,six-seven.bet,not contacted,,yes,200,Six Seven Bet,,Six Seven Bet
win777live.com,winlive,0,Bridge Technologies B.V.,OGL/2024/431/0231,Curacao,active,"June 6, 2026",no,win777live.com,not contacted,,yes,200,Win777 Casino | Sportsbook & Live Betting,,Win777 Casino
1xbet.com,xbet,3,Caecus N.V.,OGL/2024/1262/0493,Curacao,assessment in progress,"December 24, 2025",no,1xbet.com 1xbet.lat 1x-bet.com 1-x-bet.com,not contacted,,yes,203,,,
1x001.com,x,0,Caecus N.V.,OGL/2024/1262/0493,Curacao,assessment in progress,"December 24, 2025",no,1x001.com,not contacted,,yes,203,,,
1xcasino-af.com,xcasinoaf,0,Caecus N.V.,OGL/2024/1262/0493,Curacao,assessment in progress,"December 24, 2025",no,1xcasino-af.com,not contacted,,yes,203,,,
1xcasino-ar.com,xcasinoar,0,Caecus N.V.,OGL/2024/1262/0493,Curacao,assessment in progress,"December 24, 2025",no,1xcasino-ar.com,not contacted,,yes,203,,,
1xcasino-asia.com,xcasinoasia,0,Caecus N.V.,OGL/2024/1262/0493,Curacao,assessment in progress,"December 24, 2025",no,1xcasino-asia.com,not contacted,,yes,203,,,
1xcasino-bangladesh.com,xcasinobangladesh,0,Caecus N.V.,OGL/2024/1262/0493,Curacao,assessment in progress,"December 24, 2025",no,1xcasino-bangladesh.com,not contacted,,yes,203,,,
1xcasino-bd.com,xcasinobd,0,Caecus N.V.,OGL/2024/1262/0493,Curacao,assessment in progress,"December 24, 2025",no,1xcasino-bd.com,not contacted,,yes,203,,,
1xcasino-kr.com,xcasinokr,0,Caecus N.V.,OGL/2024/1262/0493,Curacao,assessment in progress,"December 24, 2025",no,1xcasino-kr.com,not contacted,,yes,203,,,
1xcasino-latam.com,xcasinolatam,0,Caecus N.V.,OGL/2024/1262/0493,Curacao,assessment in progress,"December 24, 2025",no,1xcasino-latam.com,not contacted,,yes,203,,,
1xcasino-sng.com,xcasinosng,0,Caecus N.V.,OGL/2024/1262/0493,Curacao,assessment in progress,"December 24, 2025",no,1xcasino-sng.com,not contacted,,yes,203,,,
1xcasino-st.com,xcasinost,0,Caecus N.V.,OGL/2024/1262/0493,Curacao,assessment in progress,"December 24, 2025",no,1xcasino-st.com,not contacted,,yes,203,,,
1xcasino.com,xcasino,0,Caecus N.V.,OGL/2024/1262/0493,Curacao,assessment in progress,"December 24, 2025",no,1xcasino.com,not contacted,,yes,203,,,
blockbet.gg,blockbet,0,Entretenimiento Rojo B.V.,OGL/2024/1100/0505,Curacao,assessment in progress,"December 24, 2025",no,blockbet.gg,not contacted,,yes,200,BlockBet | Crypto Casino & Sportsbook,,BlockBet
instantsports.com,instantsports,0,Entretenimiento Rojo B.V.,OGL/2024/1100/0505,Curacao,assessment in progress,"December 24, 2025",no,instantsports.com,not contacted,,yes,200,Instant Sports,,Instant Sports
reelcypto.com,reelcypto,0,Entretenimiento Rojo B.V.,OGL/2024/1100/0505,Curacao,assessment in progress,"December 24, 2025",no,reelcypto.com,not contacted,,yes,200,Parking Page,URLError,Parking Page
xtp.com,xtp,0,Entretenimiento Rojo B.V.,OGL/2024/1100/0505,Curacao,assessment in progress,"December 24, 2025",no,xtp.com,not contacted,,yes,200,XTP,,XTP
betistar.com,betistar,0,Final Enterprises N.V.,OGL/2024/420/0675,Curacao,active,"August 8, 2026",no,betistar.com,not contacted,,yes,200,BetiStar Online Sports Betting & Live Casino,,
lumibet.com,lumibet,0,Mirage Corporation N.V.,OGL/2024/1304/0813,Curacao,active,"May 9, 2026",yes,lumibet.com,not contacted,,yes,200,LumiBet,,LumiBet
betmoon.com,betmoon,0,Silvertech N.V.,OGL/2024/1541/0763,Curacao,assessment in progress,"December 24, 2025",no,betmoon.com,not contacted,,yes,200,betmoon,,betmoon
darkbet.com,darkbet,0,Silvertech N.V.,OGL/2024/1541/0763,Curacao,assessment in progress,"December 24, 2025",no,darkbet.com,not contacted,,yes,200,"Darkbet Giriş | Güncel Adres, Yüksek Oranlar ve Deneme Bonusu (2026)",,Darkbet Giriş
golegol.com,golegol,0,Silvertech N.V.,OGL/2024/1541/0763,Curacao,assessment in progress,"December 24, 2025",no,golegol.com,not contacted,,yes,200,golegol,,golegol
maximabet.net,maximabet,0,Superjogos N.V.,OGL/2024/1130/0520,Curacao,active,"March 26, 2026",no,maximabet.net,not contacted,,yes,200,Maxima Bet | Cassino e Apostas Esportivas | Saques instantâneos. Cashback Diário,,Maxima Bet
meugreen.com,meugreen,0,Superjogos N.V.,OGL/2024/1130/0520,Curacao,active,"March 26, 2026",no,meugreen.com,not contacted,,yes,200,Apostas Esportivas e Cassino | Bet Autorizada. Saque instantâneo. | Suprema Bet,,Apostas Esportivas e Cassino
supremabet.com,supremabet,0,Superjogos N.V.,OGL/2024/1130/0520,Curacao,active,"March 26, 2026",no,supremabet.com,not contacted,,yes,200,Apostas Esportivas e Cassino | Bet Autorizada. Saque instantâneo. | Suprema Bet,,Apostas Esportivas e Cassino
unicagames.bet,unicagames,0,Superjogos N.V.,OGL/2024/1130/0520,Curacao,active,"March 26, 2026",no,unicagames.bet,not contacted,,yes,200,unicagames.bet,,unicagames.bet
ampm.casino,ampm,0,WoT N.V.,OGL/2024/452/0687,Curacao,assessment in progress,"December 24, 2025",yes,ampm.casino,not contacted,,yes,200,"The best online casino, a large selection of slots, mobile casino",,
beepbeepcasino.com,beepbeepcasino,0,WoT N.V.,OGL/2024/452/0687,Curacao,assessment in progress,"December 24, 2025",no,beepbeepcasino.com,not contacted,,yes,200,No deposit bonus at BeepBeep online casino - $20 for new players,,
bonanzagame.com,bonanzagame,0,WoT N.V.,OGL/2024/452/0687,Curacao,assessment in progress,"December 24, 2025",no,bonanzagame.com,not contacted,,yes,200,Online Casino | Play Online Slots and Get 150% Bonus | BonanzaGame.com,,Online Casino
candy.casino,candy,0,WoT N.V.,OGL/2024/452/0687,Curacao,assessment in progress,"December 24, 2025",no,candy.casino,not contacted,,yes,200,Candy Casino – Best Online Casino with Top Slots & Mobile Play | CandyCasino,,Candy Casino
dendycasino.com,dendycasino,0,WoT N.V.,OGL/2024/452/0687,Curacao,assessment in progress,"December 24, 2025",no,dendycasino.com,not contacted,,yes,200,Candy Casino – Best Online Casino with Top Slots & Mobile Play | CandyCasino,,Candy Casino
gdfplay.com,gdfplay,0,WoT N.V.,OGL/2024/452/0687,Curacao,assessment in progress,"December 24, 2025",no,gdfplay.com,not contacted,,yes,200,Online Gaming with Exciting Games & Rewards: $15 Welcome Bonus | Good Day For Play,,
spingreen.casino,spingreen,0,WoT N.V.,OGL/2024/452/0687,Curacao,assessment in progress,"December 24, 2025",yes,spingreen.casino,not contacted,,yes,200,SpinGreen Casino: Online Casino with Top Slots & Bonuses,,SpinGreen Casino
bahsine.com,bahsine,0,Momo Entertainment B.V.,OGL/2024/940/0485,Curacao,active,"January 3, 2026",no,bahsine.com,not contacted,,yes,200,Bahsine Giriş | Bahsine Online Casino ve Canlı Casino Sitesi,,Bahsine Giriş
betitbet.com,betitbet,0,Momo Entertainment B.V.,OGL/2024/940/0485,Curacao,active,"January 3, 2026",no,betitbet.com,not contacted,,yes,200,The premium domain name betitbet.com is for sale. Buy it now!,,
bovbet.com,bovbet,0,Momo Entertainment B.V.,OGL/2024/940/0485,Curacao,active,"January 3, 2026",no,bovbet.com,not contacted,,yes,200,Bovbet Resmi Giriş | Güncel ve Engelsiz Erişim Giriş Adresi,,Bovbet Resmi Giriş
casimono.com,casimono,0,Momo Entertainment B.V.,OGL/2024/940/0485,Curacao,active,"January 3, 2026",no,casimono.com,not contacted,,yes,200,Casimono,,Casimono
flukyone.com,flukyone,0,Momo Entertainment B.V.,OGL/2024/940/0485,Curacao,active,"January 3, 2026",no,flukyone.com,not contacted,,yes,200,FlukyOne,,FlukyOne
hadibet.com,hadibet,0,Momo Entertainment B.V.,OGL/2024/940/0485,Curacao,active,"January 3, 2026",no,hadibet.com,not contacted,,yes,200,HadiBet - Güvenilir Bahisin Adresi,,HadiBet
handikap.com,handikap,0,Momo Entertainment B.V.,OGL/2024/940/0485,Curacao,active,"January 3, 2026",no,handikap.com,not contacted,,yes,200,"Handikap Giriş | Güncel Adres, Üyelik ve Hızlı Erişim",,Handikap Giriş
kazansana.com,kazansana,0,Momo Entertainment B.V.,OGL/2024/940/0485,Curacao,active,"January 3, 2026",no,kazansana.com,not contacted,,yes,200,Kazansana Giriş (Güncel) | Yeni Adres ve Hızlı Erişim,,Kazansana Giriş (Güncel)
newbahis.com,newbahis,0,Momo Entertainment B.V.,OGL/2024/940/0485,Curacao,active,"January 3, 2026",no,newbahis.com,not contacted,,yes,200,Newbahis Giriş | Güncel Yeni Adres ve Hızlı Erişim,,Newbahis Giriş
pasgol.com,pasgol,0,Momo Entertainment B.V.,OGL/2024/940/0485,Curacao,active,"January 3, 2026",no,pasgol.com,not contacted,,yes,200,Pasgol Güncel Giriş | Yeni Adres ve Güvenli Erişim,,Pasgol Güncel Giriş
yazitura.com,yazitura,0,Momo Entertainment B.V.,OGL/2024/940/0485,Curacao,active,"January 3, 2026",no,yazitura.com,not contacted,,yes,200,Parked Domain name on Hostinger DNS system,URLError,
betsomnia.com,betsomnia,0,FairGame G.P. N.V.,OGL/2024/1673/0915,Curacao,active,"June 4, 2026",no,betsomnia.com,not contacted,,yes,200,Betsomnia,,Betsomnia
betzard.com,betzard,0,FairGame G.P. N.V.,OGL/2024/1673/0915,Curacao,active,"June 4, 2026",no,betzard.com,not contacted,,yes,200,Betzard Casino: Play Games with Sign Up Bonus up to 250% + 350 Free Spins | Betzard,,Betzard Casino
bm.bet,bm,0,FairGame G.P. N.V.,OGL/2024/1673/0915,Curacao,active,"June 4, 2026",no,bm.bet,not contacted,,yes,200,Bm.bet,,Bm.bet
corgislot.com,corgislot,0,FairGame G.P. N.V.,OGL/2024/1673/0915,Curacao,active,"June 4, 2026",no,corgislot.com,not contacted,,yes,200,CorgiSlot,,CorgiSlot
fgfox.com,fgfox,0,FairGame G.P. N.V.,OGL/2024/1673/0915,Curacao,active,"June 4, 2026",no,fgfox.com,not contacted,,yes,200,Best Casino Games In One Place ⭐ Free Play Online,,
jacktop.com,jacktop,0,FairGame G.P. N.V.,OGL/2024/1673/0915,Curacao,active,"June 4, 2026",no,jacktop.com,not contacted,,yes,200,Jacktop,,Jacktop
monixbet.com,monixbet,0,FairGame G.P. N.V.,OGL/2024/1673/0915,Curacao,active,"June 4, 2026",no,monixbet.com,not contacted,,yes,200,Monixbet,,Monixbet
rakoocasino.com,rakoocasino,0,FairGame G.P. N.V.,OGL/2024/1673/0915,Curacao,active,"June 4, 2026",no,rakoocasino.com,not contacted,,yes,200,Rakoo,,Rakoo
vespercasino.com,vespercasino,0,FairGame G.P. N.V.,OGL/2024/1673/0915,Curacao,active,"June 4, 2026",no,vespercasino.com,not contacted,,yes,200,Vesper,,Vesper
wizebets.com,wizebets,0,FairGame G.P. N.V.,OGL/2024/1673/0915,Curacao,active,"June 4, 2026",no,wizebets.com,not contacted,,yes,200,Best Casino Games In One Place ⭐ Free Play Online,,
bayspin.com,bayspin,0,Feel So Good B.V.,OGL/2024/1297/0532,Curacao,assessment in progress,"December 24, 2025",no,bayspin.com,not contacted,,yes,200,Bayspin - Bayspin Giriş,,Bayspin
betine.com,betine,0,Feel So Good B.V.,OGL/2024/1297/0532,Curacao,assessment in progress,"December 24, 2025",no,betine.com,not contacted,,yes,200,Betine - Betine Giriş,,Betine
betkom.com,betkom,0,Feel So Good B.V.,OGL/2024/1297/0532,Curacao,assessment in progress,"December 24, 2025",no,betkom.com,not contacted,,yes,200,Anasayfa | Betkom,,Anasayfa
betmatik.com,betmatik,0,Feel So Good B.V.,OGL/2024/1297/0532,Curacao,assessment in progress,"December 24, 2025",no,betmatik.com,not contacted,,yes,200,The premium domain name betmatik.com is for sale. Buy it now!,,
kralbet.com,kralbet,0,Feel So Good B.V.,OGL/2024/1297/0532,Curacao,assessment in progress,"December 24, 2025",no,kralbet.com,not contacted,,yes,200,"Kralbet — Sports Betting, Live Odds, Online Games",,Kralbet
kupabet.com,kupabet,0,Feel So Good B.V.,OGL/2024/1297/0532,Curacao,assessment in progress,"December 24, 2025",no,kupabet.com,not contacted,,yes,200,,,
mariobet.com,mariobet,0,Feel So Good B.V.,OGL/2024/1297/0532,Curacao,assessment in progress,"December 24, 2025",no,mariobet.com,not contacted,,yes,200,Mariobet Giriş | Mariobet,,Mariobet Giriş
tarafbet.com,tarafbet,0,Feel So Good B.V.,OGL/2024/1297/0532,Curacao,assessment in progress,"December 24, 2025",no,tarafbet.com,not contacted,,yes,200,Tarafbet.com | Tarafbet,,Tarafbet.com
annacasino.ai,annacasino,0,Geeker Technology N.V.,OGL/2024/251/0130,Curacao,active,"August 28, 2026",no,annacasino.ai,not contacted,,yes,200,"Anna Casino – Best Online Casino for Slots, Live Games & Bonuses",,Anna Casino
beturo.com,beturo,0,Geeker Technology N.V.,OGL/2024/251/0130,Curacao,active,"August 28, 2026",no,beturo.com,not contacted,,yes,200,"Beturo – Best Online Casino for Slots, Live Games & Bonuses",,Beturo
vawzengaming.com,vawzengaming,0,Geeker Technology N.V.,OGL/2024/251/0130,Curacao,active,"August 28, 2026",no,vawzengaming.com,not contacted,,yes,200,"Vawzen Gaming – Best Online Casino for Slots, Live Games & Bonuses",,Vawzen Gaming
weezybet.com,weezybet,0,Geeker Technology N.V.,OGL/2024/251/0130,Curacao,active,"August 28, 2026",no,weezybet.com,not contacted,,yes,200,Weezybet | Your world of instant wins,,Weezybet
casinojamboree.com,casinojamboree,0,Osmila N.V.,OGL/2024/1276/0583,Curacao,active,"April 15, 2026",no,casinojamboree.com,not contacted,,yes,200,カジノジャンボリー リアルカジノ感覚、高速出金のオンラインカジノ,,カジノジャンボリー リアルカジノ感覚、高速出金のオンラインカジノ
dafa888.com,dafa,0,Osmila N.V.,OGL/2024/1276/0583,Curacao,active,"April 15, 2026",no,dafa888.com,not contacted,,yes,200,Restricted Territory,,Restricted Territory
dafabc.net,dafabc,0,Osmila N.V.,OGL/2024/1276/0583,Curacao,active,"April 15, 2026",no,dafabc.net,not contacted,,yes,200,Restricted Territory,,Restricted Territory
elysium-dfbt.com,elysiumdfbt,0,Osmila N.V.,OGL/2024/1276/0583,Curacao,active,"April 15, 2026",no,elysium-dfbt.com,not contacted,,yes,200,Restricted Territory,URLError,Restricted Territory
nextbet.com,nextbet,0,Osmila N.V.,OGL/2024/1276/0583,Curacao,active,"April 15, 2026",no,nextbet.com,not contacted,,yes,200,Restricted Territory,,Restricted Territory
sportdafa.net,sportdafa,0,Osmila N.V.,OGL/2024/1276/0583,Curacao,active,"April 15, 2026",no,sportdafa.net,not contacted,,yes,200,Restricted Territory,,Restricted Territory
zipangcasino.com,zipangcasino,0,Osmila N.V.,OGL/2024/1276/0583,Curacao,active,"April 15, 2026",no,zipangcasino.com,not contacted,,yes,200,ジパングカジノ｜24時間日本語サポートのオンラインカジノ,,ジパングカジノ｜24時間日本語サポートのオンラインカジノ
777baby.com,baby,0,Osmila N.V.,OGL/2024/1276/0583,Curacao,active,"April 15, 2026",no,777baby.com,not contacted,,yes,200,オンラインカジノ・ラッキーベイビー 777Baby日本語ネットカジノ,,オンラインカジノ・ラッキーベイビー 777Baby日本語ネットカジノ
ftvclub.com,ftvclub,0,Osmila N.V.,OGL/2024/1276/0583,Curacao,active,"April 15, 2026",no,ftvclub.com,not contacted,,yes,200,,,
betbuta.com,betbuta,0,Ryker B.V.,OGL/2024/1800/1049,Curacao,assessment in progress,"December 24, 2025",no,betbuta.com,not contacted,,yes,200,,,
betpriz.com,betpriz,0,Ryker B.V.,OGL/2024/1800/1049,Curacao,assessment in progress,"December 24, 2025",no,betpriz.com,not contacted,,yes,200,,,
flex-bet.com,flexbet,0,Ryker B.V.,OGL/2024/1800/1049,Curacao,assessment in progress,"December 24, 2025",no,flex-bet.com,not contacted,,yes,200,Aftermarket.eu :: domain flex-bet.com,,Aftermarket.eu
tamambet.com,tamambet,0,Ryker B.V.,OGL/2024/1800/1049,Curacao,assessment in progress,"December 24, 2025",no,tamambet.com,not contacted,,yes,200,,,
xturka.com,xturka,0,Ryker B.V.,OGL/2024/1800/1049,Curacao,assessment in progress,"December 24, 2025",no,xturka.com,not contacted,,yes,200,,,
betpas.com,betpas,0,Better World N.V.,OGL/2024/836/0401,Curacao,assessment in progress,"December 24, 2025",no,betpas.com,not contacted,,yes,200,betpas,,betpas
gizabet.com,gizabet,0,Better World N.V.,OGL/2024/836/0401,Curacao,assessment in progress,"December 24, 2025",no,gizabet.com,not contacted,,yes,200,Gizabet Giriş - Gizabet Bahis Sitesi - Gizabet Giriş - Gizabet Bahis Sitesi 2026,,Gizabet Giriş
goldenbahis.com,goldenbahis,0,Better World N.V.,OGL/2024/836/0401,Curacao,assessment in progress,"December 24, 2025",no,goldenbahis.com,not contacted,,yes,200,Goldenbahis - Goldenbahis | goldenbahis.com Resmi,,Goldenbahis
interbahis.com,interbahis,0,Better World N.V.,OGL/2024/836/0401,Curacao,assessment in progress,"December 24, 2025",no,interbahis.com,not contacted,,yes,200,İnterbahis Resmi Sitesi | 2026 Giriş | Mobil Deneyim,,İnterbahis Resmi Sitesi
restbet.com,restbet,0,Better World N.V.,OGL/2024/836/0401,Curacao,assessment in progress,"December 24, 2025",no,restbet.com,not contacted,,yes,200,restbet,,restbet
tulipbet.com,tulipbet,0,Better World N.V.,OGL/2024/836/0401,Curacao,assessment in progress,"December 24, 2025",no,tulipbet.com,not contacted,,yes,200,tulipbet,,tulipbet
bahibi.com,bahibi,0,Blue Pepper B.V.,OGL/2024/351/0124,Curacao,assessment in progress,"December 24, 2025",no,bahibi.com,not contacted,,yes,200,Sportsbetting - Bet now online at Bahibi,,Sportsbetting
jackpot-town.com,jackpottown,0,Yentel Investments B.V.,OGL/2024/1349/0997,Curacao,active,"August 1, 2026",no,jackpot-town.com,not contacted,,yes,200,Jackpot-Town — Service Unavailable,,Jackpot
vegasreelz.com,vegasreelz,0,Yentel Investments B.V.,OGL/2024/1349/0997,Curacao,active,"August 1, 2026",no,vegasreelz.com,not contacted,,yes,200,Welcome to the casino | Vegasreelz online casino,,Welcome to the casino
wild-jokers.com,wildjokers,0,Yentel Investments B.V.,OGL/2024/1349/0997,Curacao,active,"August 1, 2026",no,wild-jokers.com,not contacted,,yes,200,Wild Jokers — Service Unavailable,,Wild Jokers
icebet.casino,icebet,0,Altacore N.V.,OGL/2023/109/0075,Curacao,assessment in progress,"December 24, 2025",no,icebet.casino,not contacted,,yes,200,404 Not Found,,404 Not Found
wazobet.com,wazobet,0,AzRa678 N.V.,OGL/2024/183/0195,Curacao,active,"May 9, 2026",no,wazobet.com,not contacted,,yes,200,Online Casino India 2026 | Best Casino Sites,,Online Casino India 2026
guruplay.io,guruplay,0,Chancier B.V.,OGL/2024/364/0157,Curacao,assessment in progress,"December 24, 2025",no,guruplay.io,not contacted,,yes,200,The premium domain name guruplay.com is for sale. Buy it now!,,
hellspin.vip,hellspin,0,Latcas B.V.,OGL/2024/1676/0905,Curacao,active,"May 19, 2026",no,hellspin.vip,not contacted,,yes,200,Loading...,,Loading...
hellwinz.net,hellwinz,0,Latcas B.V.,OGL/2024/1676/0905,Curacao,active,"May 19, 2026",no,hellwinz.net,not contacted,,yes,200,Loading...,,Loading...
ivibet.game,ivibet,0,Latcas B.V.,OGL/2024/1676/0905,Curacao,active,"May 19, 2026",no,ivibet.game,not contacted,,yes,200,Ivibet,,Ivibet
iviwin.net,iviwin,0,Latcas B.V.,OGL/2024/1676/0905,Curacao,active,"May 19, 2026",no,iviwin.net,not contacted,,yes,200,Ivibet,,Ivibet
slotsgem.com,slotsgem,0,Latcas B.V.,OGL/2024/1676/0905,Curacao,active,"May 19, 2026",no,slotsgem.com,not contacted,,yes,200,Loading...,,Loading...
tritonslots.com,tritonslots,0,Latcas B.V.,OGL/2024/1676/0905,Curacao,active,"May 19, 2026",no,tritonslots.com,not contacted,,yes,200,Loading...,,Loading...
vavegame.com,vavegame,0,Latcas B.V.,OGL/2024/1676/0905,Curacao,active,"May 19, 2026",no,vavegame.com,not contacted,,yes,200,Loading...,,Loading...
bet7k.cl,betk,2,NovaWave Technology N.V.,OGL/2024/547/0446,Curacao,active,"February 12, 2026",no,bet7k.cl nz.bet7k.com fi.bet7k.com,not contacted,,yes,200,Bet7k - Casa de Apuestas y Casino Online,,Bet7k
e20.bet,e,0,NovaWave Technology N.V.,OGL/2024/547/0446,Curacao,active,"February 12, 2026",no,e20.bet,not contacted,,yes,200,AceleraBet,,AceleraBet
nolimit.bet,nolimit,0,NovaWave Technology N.V.,OGL/2024/547/0446,Curacao,active,"February 12, 2026",no,nolimit.bet,not contacted,,yes,200,UnlimitedBet,,UnlimitedBet
unlimited.bet,unlimited,0,NovaWave Technology N.V.,OGL/2024/547/0446,Curacao,active,"February 12, 2026",no,unlimited.bet,not contacted,,yes,200,UnlimitedBet,,UnlimitedBet
x2b.bet,xb,0,NovaWave Technology N.V.,OGL/2024/547/0446,Curacao,active,"February 12, 2026",no,x2b.bet,not contacted,,yes,200,x2b - Casa de Apuestas Online y Casino,,x2b
zona7.bet,zona,0,NovaWave Technology N.V.,OGL/2024/547/0446,Curacao,active,"February 12, 2026",no,zona7.bet,not contacted,,yes,200,AceleraBet,,AceleraBet
orobet.cl,orobet,6,SUVYD B.V.,OGL/2024/846/0501,Curacao,assessment in progress,"December 24, 2025",no,orobet.cl orobet.do orobet.gt orobet.ec orobet.hn orobet.co orobet.com,not contacted,,yes,200,Orobet,,Orobet
hertzbetz.com,hertzbetz,0,SUVYD B.V.,OGL/2024/846/0501,Curacao,assessment in progress,"December 24, 2025",no,hertzbetz.com,not contacted,,yes,200,HERTZBETZ,,HERTZBETZ
kikicasino.com,kikicasino,0,SUVYD B.V.,OGL/2024/846/0501,Curacao,assessment in progress,"December 24, 2025",no,kikicasino.com,not contacted,,yes,200,KIKI casino,,KIKI casino
kraken.casino,kraken,0,SUVYD B.V.,OGL/2024/846/0501,Curacao,assessment in progress,"December 24, 2025",no,kraken.casino,not contacted,,yes,200,Kraken casino,,Kraken casino
orobetar.com,orobetar,0,SUVYD B.V.,OGL/2024/846/0501,Curacao,assessment in progress,"December 24, 2025",no,orobetar.com,not contacted,,yes,200,Orobet,,Orobet
slotorado.casino,slotorado,0,SUVYD B.V.,OGL/2024/846/0501,Curacao,assessment in progress,"December 24, 2025",no,slotorado.casino,not contacted,,yes,200,SLOTORADO,,SLOTORADO
tombriches.com,tombriches,0,SUVYD B.V.,OGL/2024/846/0501,Curacao,assessment in progress,"December 24, 2025",no,tombriches.com,not contacted,,yes,200,Tombriches,,Tombriches
topbet100.com,topbet,0,SUVYD B.V.,OGL/2024/846/0501,Curacao,assessment in progress,"December 24, 2025",no,topbet100.com,not contacted,,yes,200,TOPBET casino,,TOPBET casino
10sports.io,sports,0,Superstars Entertainment B.V.,OGL/2024/1296/0547,Curacao,active,"March 28, 2026",no,10sports.io,not contacted,,yes,200,,,
lottotoo.com,lottotoo,0,Superstars Entertainment B.V.,OGL/2024/1296/0547,Curacao,active,"March 28, 2026",no,lottotoo.com,not contacted,,yes,200,Lottotoo,,Lottotoo
race365.com,race,0,Superstars Entertainment B.V.,OGL/2024/1296/0547,Curacao,active,"March 28, 2026",no,race365.com,not contacted,,yes,200,Race365,,Race365
raced.io,raced,0,Superstars Entertainment B.V.,OGL/2024/1296/0547,Curacao,active,"March 28, 2026",no,raced.io,not contacted,,yes,200,"Raced.io | Racing, Sportsbook & Casino",,Raced.io
swordbet.io,swordbet,0,Superstars Entertainment B.V.,OGL/2024/1296/0547,Curacao,active,"March 28, 2026",no,swordbet.io,not contacted,,yes,200,SwordBet.io,,SwordBet.io
latamwin.com,latamwin,1,W&C N.V.,OGL/2024/922/0638,Curacao,active,"August 19, 2026",no,latamwin.com latamwin.online,not contacted,,yes,200,"Latamwin | Sabes, Apuestas, Ganas | latamwin.com",,Latamwin
casinoenchile.com,casinoenchile,0,W&C N.V.,OGL/2024/922/0638,Curacao,active,"August 19, 2026",no,casinoenchile.com,not contacted,,yes,200,,,
ganalucas.com,ganalucas,0,W&C N.V.,OGL/2024/922/0638,Curacao,active,"August 19, 2026",no,ganalucas.com,not contacted,,yes,200,Spotless Serenity Stays Inc. – Professional Airbnb Cleaning & Property Management,,Spotless Serenity Stays Inc.
pokerenchile.com,pokerenchile,0,W&C N.V.,OGL/2024/922/0638,Curacao,active,"August 19, 2026",no,pokerenchile.com,not contacted,,yes,200,Sitio no disponible para tu país,,Sitio no disponible para tu país
winchile.com,winchile,0,W&C N.V.,OGL/2024/922/0638,Curacao,active,"August 19, 2026",no,winchile.com,not contacted,,yes,200,,,
bibubet.com,bibubet,0,Webforce Entertainment N.V.,OGL/2024/781/0368,Curacao,assessment in progress,"December 24, 2025",no,bibubet.com,not contacted,,yes,200,Bibubet Resmi Giriş 2026 | Canlı Bahis ve Casino Deneyimi,,Bibubet Resmi Giriş 2026
gorabet.com,gorabet,0,Webforce Entertainment N.V.,OGL/2024/781/0368,Curacao,assessment in progress,"December 24, 2025",no,gorabet.com,not contacted,,yes,200,Gorabet 2026 – Yeni Güncel Giriş Adresi,,Gorabet 2026
lidyabet.com,lidyabet,0,Webforce Entertainment N.V.,OGL/2024/781/0368,Curacao,assessment in progress,"December 24, 2025",no,lidyabet.com,not contacted,,yes,200,Lidyabet Giriş – 2026 Güncel Kampanyaları ve Bilgiler,,Lidyabet Giriş
nerobet.com,nerobet,0,Webforce Entertainment N.V.,OGL/2024/781/0368,Curacao,assessment in progress,"December 24, 2025",no,nerobet.com,not contacted,,yes,200,nerobet,,nerobet
pulibet.com,pulibet,0,Webforce Entertainment N.V.,OGL/2024/781/0368,Curacao,assessment in progress,"December 24, 2025",no,pulibet.com,not contacted,,yes,200,Pulibet Resmi Giriş Adresi 2026 | Güvenilir Canlı Bahis,,Pulibet Resmi Giriş Adresi 2026
allrightcasino.com,allrightcasino,0,Atlantic Management B.V.,OGL/2024/1060/0472,Curacao,active,"August 12, 2026",no,allrightcasino.com,not contacted,,yes,200,Site unavailable,,Site unavailable
luckybirdcasino.com,luckybirdcasino,0,Atlantic Management B.V.,OGL/2024/1060/0472,Curacao,active,"August 12, 2026",no,luckybirdcasino.com,not contacted,,yes,200,Site unavailable,,Site unavailable
slottyway.com,slottyway,0,Atlantic Management B.V.,OGL/2024/1060/0472,Curacao,active,"August 12, 2026",no,slottyway.com,not contacted,,yes,200,Slottyway Casino,,Slottyway Casino
spinamba.com,spinamba,0,Atlantic Management B.V.,OGL/2024/1060/0472,Curacao,active,"August 12, 2026",no,spinamba.com,not contacted,,yes,200,Spinamba Casino,,Spinamba Casino
spinbounty.com,spinbounty,0,Atlantic Management B.V.,OGL/2024/1060/0472,Curacao,active,"August 12, 2026",no,spinbounty.com,not contacted,,yes,200,SpinBounty Casino,,SpinBounty Casino
supercatcasino77.com,supercatcasino,0,Atlantic Management B.V.,OGL/2024/1060/0472,Curacao,active,"August 12, 2026",no,supercatcasino77.com,not contacted,,yes,200,SuperCat Casino,,SuperCat Casino
viks.com,viks,0,Atlantic Management B.V.,OGL/2024/1060/0472,Curacao,active,"August 12, 2026",no,viks.com,not contacted,,yes,200,Viks,,Viks
pingwincasino.com,pingwincasino,0,Entertainment Art B.V.,OGL/2024/995/0478,Curacao,active,"July 1, 2026",no,pingwincasino.com,not contacted,,yes,200,Pingwin Casino — Official Website: Play TOP Slots Online,,Pingwin Casino
sunpuraplay.com,sunpuraplay,0,Entertainment Art B.V.,OGL/2024/995/0478,Curacao,active,"July 1, 2026",no,sunpuraplay.com,not contacted,,yes,200,GBWin,,GBWin
casinoclic.com,casinoclic,0,Galactic Investments B.V.,OGL/2024/1323/0734,Curacao,active,"March 12, 2026",no,casinoclic.com,not contacted,,yes,200,Casino en Ligne France 2026 : Bonus de 300€ - Casino Clic,,Casino en Ligne France 2026
larivieracasino.com,larivieracasino,0,Galactic Investments B.V.,OGL/2024/1323/0734,Curacao,active,"March 12, 2026",no,larivieracasino.com,not contacted,,yes,200,Lariviera Casino,,Lariviera Casino
majesticslotsclub.net,majesticslotsclub,0,Galactic Investments B.V.,OGL/2024/1323/0734,Curacao,active,"March 12, 2026",no,majesticslotsclub.net,not contacted,,yes,200,Meilleur Casino en Ligne Français | 600€ Bonus | Casino en Ligne,,Meilleur Casino en Ligne Français
robinroo.com,robinroo,0,Galactic Investments B.V.,OGL/2024/1323/0734,Curacao,active,"March 12, 2026",no,robinroo.com,not contacted,,yes,200,robinroo.com,URLError,robinroo.com
turbobet.bet,turbobet,0,Great Star N.V.,OGL/2024/689/0696,Curacao,active,"August 22, 2026",no,turbobet.bet,not contacted,,yes,200,Turbobet | Pronosticos Deportivos Y Casino Online,,Turbobet
elexbet.com,elexbet,0,Longterm Interactive N.V.,OGL/2024/1417/0637,Curacao,assessment in progress,"December 24, 2025",no,elexbet.com,not contacted,,yes,200,elexbet,,elexbet
imajbet.com,imajbet,0,Longterm Interactive N.V.,OGL/2024/1417/0637,Curacao,assessment in progress,"December 24, 2025",no,imajbet.com,not contacted,,yes,200,imajbet,,imajbet
savoybetting.com,savoybetting,0,Longterm Interactive N.V.,OGL/2024/1417/0637,Curacao,assessment in progress,"December 24, 2025",no,savoybetting.com,not contacted,,yes,200,"Savoybetting Giriş , Savoy Casino , Savoy Güncel Giriş Adresi",,
letou.com,letou,1,Novatech Solutions N.V.,OGL/2024/1790/1062,Curacao,assessment in progress,"December 24, 2025",yes,letou.com letou.asia,not contacted,,yes,200,,,
lt.com,lt,0,Novatech Solutions N.V.,OGL/2024/1790/1062,Curacao,assessment in progress,"December 24, 2025",yes,lt.com,not contacted,,yes,200,,,
mrcat.com,mrcat,0,Novatech Solutions N.V.,OGL/2024/1790/1062,Curacao,assessment in progress,"December 24, 2025",yes,mrcat.com,not contacted,,yes,200,,,
slotexpress.com,slotexpress,0,Novatech Solutions N.V.,OGL/2024/1790/1062,Curacao,assessment in progress,"December 24, 2025",no,slotexpress.com,not contacted,,yes,200,SlotExpress,,SlotExpress
betnella.com,betnella,0,Rocket Play B.V.,OGL/2024/2413/1228,Curacao,active,"June 9, 2026",no,betnella.com,not contacted,,yes,200,ᐈ Betnella - Play Slots Online For Free or Real Money,,ᐈ Betnella
betsamuro.com,betsamuro,0,Rocket Play B.V.,OGL/2024/2413/1228,Curacao,active,"June 9, 2026",no,betsamuro.com,not contacted,,yes,200,ᐈ Betsamuro - Play Slots Online For Free or Real Money,,ᐈ Betsamuro
bonuskong.com,bonuskong,0,Rocket Play B.V.,OGL/2024/2413/1228,Curacao,active,"June 9, 2026",no,bonuskong.com,not contacted,,yes,200,ᐈ Bonuskong - Play Slots Online For Free or Real Money,,ᐈ Bonuskong
cowboyspin.com,cowboyspin,0,Rocket Play B.V.,OGL/2024/2413/1228,Curacao,active,"June 9, 2026",no,cowboyspin.com,not contacted,,yes,200,ᐈ Cowboyspin - Play Slots Online For Free or Real Money,,ᐈ Cowboyspin
gamblerina.com,gamblerina,0,Rocket Play B.V.,OGL/2024/2413/1228,Curacao,active,"June 9, 2026",no,gamblerina.com,not contacted,,yes,200,ᐈ Gamblerina - Play Slots Online For Free or Real Money,,ᐈ Gamblerina
liraluck.com,liraluck,0,Rocket Play B.V.,OGL/2024/2413/1228,Curacao,active,"June 9, 2026",no,liraluck.com,not contacted,,yes,200,ᐈ Liraluck - Play Slots Online For Free or Real Money,,ᐈ Liraluck
scizino.com,scizino,0,Rocket Play B.V.,OGL/2024/2413/1228,Curacao,active,"June 9, 2026",no,scizino.com,not contacted,,yes,200,ᐈ Scizino - Play Slots Online For Free or Real Money,,ᐈ Scizino
thorfortune.com,thorfortune,0,Rocket Play B.V.,OGL/2024/2413/1228,Curacao,active,"June 9, 2026",no,thorfortune.com,not contacted,,yes,200,ᐈ Thorfortune - Play Slots Online For Free or Real Money,,ᐈ Thorfortune
bahis.com,bahis,0,Socas International B.V.,OGL/2024/1295/0544,Curacao,assessment in progress,"December 24, 2025",yes,bahis.com,not contacted,,yes,200,Bahis.com,,Bahis.com
betturkey.com,betturkey,0,Socas International B.V.,OGL/2024/1295/0544,Curacao,assessment in progress,"December 24, 2025",yes,betturkey.com,not contacted,,yes,200,Betturkey,,Betturkey
dodobet.com,dodobet,0,Socas International B.V.,OGL/2024/1295/0544,Curacao,assessment in progress,"December 24, 2025",yes,dodobet.com,not contacted,,yes,200,Dodobet global,,Dodobet global
fixbet.com,fixbet,0,Socas International B.V.,OGL/2024/1295/0544,Curacao,assessment in progress,"December 24, 2025",yes,fixbet.com,not contacted,,yes,200,Fixbet Bahis ve Casino Sitesi | Fixbet Giriş | Fixbet Resmi Sitesi,,Fixbet Bahis ve Casino Sitesi
matadorbet.com,matadorbet,0,Socas International B.V.,OGL/2024/1295/0544,Curacao,assessment in progress,"December 24, 2025",yes,matadorbet.com,not contacted,,yes,200,Matadorbet ⚡️ Matadorbet Giriş 2026 ⚡️,,Matadorbet ⚡️ Matadorbet Giriş 2026 ⚡️
sahabet.com,sahabet,0,Socas International B.V.,OGL/2024/1295/0544,Curacao,assessment in progress,"December 24, 2025",yes,sahabet.com,not contacted,,yes,200,Sahabet | Sahabet Giriş & Güncel Adres ile Güvenli Bahis,,Sahabet
zbahis.com,zbahis,0,Socas International B.V.,OGL/2024/1295/0544,Curacao,assessment in progress,"December 24, 2025",yes,zbahis.com,not contacted,,yes,200,Zbahis Bahis ve Casino Sitesi | Zbahis Giriş | Zbahis Resmi Sitesi,,Zbahis Bahis ve Casino Sitesi
misterxargent.com,misterxargent,0,TGI Entertainment N.V.,OGL/2024/428/0397,Curacao,active,"March 26, 2026",no,misterxargent.com,not contacted,,yes,200,Home MisterXArgent - Best Casino Online,,Home MisterXArgent
misterxor.com,misterxor,0,TGI Entertainment N.V.,OGL/2024/428/0397,Curacao,active,"March 26, 2026",no,misterxor.com,not contacted,,yes,200,Home MisterXor - Best Casino Online,,Home MisterXor
misterxplatinum.com,misterxplatinum,0,TGI Entertainment N.V.,OGL/2024/428/0397,Curacao,active,"March 26, 2026",no,misterxplatinum.com,not contacted,,yes,200,Home MisterXPlatinum - Best Casino Online,,Home MisterXPlatinum
misterxvip.com,misterxvip,0,TGI Entertainment N.V.,OGL/2024/428/0397,Curacao,active,"March 26, 2026",no,misterxvip.com,not contacted,,yes,200,Home MisterXvip - Best Casino Online,,Home MisterXvip
mrsbet.com,mrsbet,0,TGI Entertainment N.V.,OGL/2024/428/0397,Curacao,active,"March 26, 2026",no,mrsbet.com,not contacted,,yes,200,,,
mrxbet.bet,mrxbet,0,TGI Entertainment N.V.,OGL/2024/428/0397,Curacao,active,"March 26, 2026",no,mrxbet.bet,not contacted,,yes,200,Mrxbet,,Mrxbet
evospin.com,evospin,0,Bets Entertainment N.V.,OGL/2024/1178/0479,Curacao,assessment in progress,"December 24, 2025",no,evospin.com,not contacted,,yes,200,,,
betbaba.com,betbaba,0,Continental Solutions Limited B.V.,OGL/2024/1208/0715,Curacao,active,"March 26, 2026",no,betbaba.com,not contacted,,yes,200,Betbaba | Türkiye'nin en güvenilir şans oyunları sitesi | Anasayfa,,Betbaba
betivo.com,betivo,0,Continental Solutions Limited B.V.,OGL/2024/1208/0715,Curacao,active,"March 26, 2026",no,betivo.com,not contacted,,yes,200,Betivo | Play Smarter | Home,,Betivo
casinomega.com,casinomega,0,Continental Solutions Limited B.V.,OGL/2024/1208/0715,Curacao,active,"March 26, 2026",no,casinomega.com,not contacted,,yes,200,Casino,,Casino
zora.bet,zora,2,Cre8 B.V.,OGL/2024/375/0657,Curacao,assessment in progress,"December 24, 2025",no,zora.bet zo-ra.bet zor-a.bet,not contacted,,yes,200,...,,...
ra.bet,ra,0,Cre8 B.V.,OGL/2024/375/0657,Curacao,assessment in progress,"December 24, 2025",no,ra.bet,not contacted,,yes,200,Spin Pin,,Spin Pin
top.casino,top,0,Cre8 B.V.,OGL/2024/375/0657,Curacao,assessment in progress,"December 24, 2025",no,top.casino,not contacted,,yes,200,Online betting | Best sports betting site,,Online betting
bitzamo-casino.org,bitzamocasino,0,Elsikora N.V.,OGL/2024/345/0210,Curacao,active,"March 26, 2026",no,bitzamo-casino.org,not contacted,,yes,200,"Битзамо официальный сайт ✔️ Войти и играть онлайн на деньги в bitzamo.com, скачать автомат",,
blitz-casino.biz,blitzcasino,0,Elsikora N.V.,OGL/2024/345/0210,Curacao,active,"March 26, 2026",no,blitz-casino.biz,not contacted,,yes,200,"Блитз официальный сайт ✔️ Войти и играть онлайн на деньги в blitz.red, скачать автоматы бе",,
bounty-casino.info,bountycasino,0,Elsikora N.V.,OGL/2024/345/0210,Curacao,active,"March 26, 2026",no,bounty-casino.info,not contacted,,yes,200,"Баунти официальный сайт ✔️ Войти и играть онлайн на деньги в bounty-casino.com, скачать ав",,
brillx-casino.com,brillxcasino,0,Elsikora N.V.,OGL/2024/345/0210,Curacao,active,"March 26, 2026",no,brillx-casino.com,not contacted,,yes,200,"Брилкс официальный сайт ✔️ Войти и играть онлайн на деньги в brillx.gg, скачать автоматы б",,
friends-casino.vg,friendscasino,0,Elsikora N.V.,OGL/2024/345/0210,Curacao,active,"March 26, 2026",no,friends-casino.vg,not contacted,,yes,200,"Френдс официальный сайт ✔️ Войти и играть онлайн на деньги в friends-casino.com, скачать а",,
turbo-casino.plus,turbocasino,0,Elsikora N.V.,OGL/2024/345/0210,Curacao,active,"March 26, 2026",no,turbo-casino.plus,not contacted,,yes,200,"Турбо официальный сайт ✔️ Войти и играть онлайн на деньги в turbo-casino.gg, скачать автом",,
jugabet.com.ec,com,3,Gladia N.V.,OGL/2024/378/0652,Curacao,assessment in progress,"December 24, 2025",no,jugabet.com.ec jugabet.com.bo jugabet.com.uy jugabet.com.py,not contacted,,yes,200,This domain name is registered with Netim,,
evolvebets.com,evolvebets,0,HNA Gaming B.V.,OGL/2024/1191/0663,Curacao,active,"March 12, 2026",no,evolvebets.com,not contacted,,yes,200,EvolveBets Casino: Online Casino & Sports Betting,,EvolveBets Casino
hugobets.io,hugobets,0,HNA Gaming B.V.,OGL/2024/1191/0663,Curacao,active,"March 12, 2026",no,hugobets.io,not contacted,,yes,200,"HugoBets Casino – Online Slots, Live Dealers & Sports",,HugoBets Casino
simsinos.io,simsinos,0,HNA Gaming B.V.,OGL/2024/1191/0663,Curacao,active,"March 12, 2026",no,simsinos.io,not contacted,,yes,200,Simsinos: Online Casino & Sports Betting - Wager Free Bonuses,,Simsinos
vibebet.com,vibebet,0,HNA Gaming B.V.,OGL/2024/1191/0663,Curacao,active,"March 12, 2026",no,vibebet.com,not contacted,,yes,200,,,
viggoslots.io,viggoslots,0,HNA Gaming B.V.,OGL/2024/1191/0663,Curacao,active,"March 12, 2026",no,viggoslots.io,not contacted,,yes,200,Online Casino & Live Casino | Play to Win | ViggoSlots,,Online Casino & Live Casino
lotosena.com,lotosena,0,Legacy Eight Curacao N.V.,OGL/2024/956/0417,Curacao,active,"February 7, 2026",no,lotosena.com,not contacted,,yes,200,Win millions online with our lotteries and casino games,,
trilhardario.com,trilhardario,0,Legacy Eight Curacao N.V.,OGL/2024/956/0417,Curacao,active,"February 7, 2026",no,trilhardario.com,not contacted,,yes,200,Apuestas en Línea - Lotería Online y Juegos de Casino,,Apuestas en Línea
trillonario.co.cr,co,0,Legacy Eight Curacao N.V.,OGL/2024/956/0417,Curacao,active,"February 7, 2026",no,trillonario.co.cr,not contacted,,yes,200,Apuestas en Línea - Lotería Online y Juegos de Casino,,Apuestas en Línea
trillonario.com.mx,com,0,Legacy Eight Curacao N.V.,OGL/2024/956/0417,Curacao,active,"February 7, 2026",no,trillonario.com.mx,not contacted,,yes,200,Apuestas en Línea - Lotería Online y Juegos de Casino,,Apuestas en Línea
wintrillions.com,wintrillions,0,Legacy Eight Curacao N.V.,OGL/2024/956/0417,Curacao,active,"February 7, 2026",no,wintrillions.com,not contacted,,yes,200,Apuestas en Línea - Lotería Online y Juegos de Casino,,Apuestas en Línea
mgc88.cc,mgc,8,Novisoft N.V.,OGL/2024/1394/0725,Curacao,assessment in progress,"December 24, 2025",no,mgc88.cc mgc88.io mgc88.co mgc88.com mgc88.fun mgc88.win mgc88.vip mgc88.bet,not contacted,,yes,200,,,
willbet.ai,willbet,1,Novisoft N.V.,OGL/2024/1394/0725,Curacao,assessment in progress,"December 24, 2025",no,willbet.ai willbet.io,not contacted,,yes,200,"WillBet: Sports, Casino & Crypto Games - Global Online Entertainment",,WillBet
katon.ai,katon,0,Novisoft N.V.,OGL/2024/1394/0725,Curacao,assessment in progress,"December 24, 2025",no,katon.ai,not contacted,,yes,200,"WillBet: Sports, Casino & Crypto Games - Global Online Entertainment",,WillBet
cryptobet535.com,cryptobet,100,OnlineGaming Soft B.V.,OGL/2024/825/1106,Curacao,active,"March 7, 2026",no,cryptobet535.com cryptobet550.com cryptobet531.com cryptobet598.com cryptobet520.com cryptobet542.com cryptobet521.com cryptobet552.com,not contacted,,yes,200,,,
cybercitycasino.com,cybercitycasino,0,Play Smart ENT B.V.,OGL/2024/649/0442,Curacao,active,"April 3, 2026",no,cybercitycasino.com,not contacted,,yes,200,Cyber City - Online Poker & Casino | Build Your Legacy,,Cyber City
karhusino.com,karhusino,0,Play Smart ENT B.V.,OGL/2024/649/0442,Curacao,active,"April 3, 2026",no,karhusino.com,not contacted,,yes,200,karhusino,,karhusino
pelaanyt.com,pelaanyt,0,Play Smart ENT B.V.,OGL/2024/649/0442,Curacao,active,"April 3, 2026",no,pelaanyt.com,not contacted,,yes,200,Pelaanyt,,Pelaanyt
pikapotti.com,pikapotti,0,Play Smart ENT B.V.,OGL/2024/649/0442,Curacao,active,"April 3, 2026",no,pikapotti.com,not contacted,,yes,200,Pikapotti - Potti kotiin ja pikana!,,Pikapotti
spinni.com,spinni,0,Play Smart ENT B.V.,OGL/2024/649/0442,Curacao,active,"April 3, 2026",no,spinni.com,not contacted,,yes,200,SPINNI Casino | Play the Best Online Casino Games & Slots,,SPINNI Casino
vivospin.io,vivospin,0,Play Smart ENT B.V.,OGL/2024/649/0442,Curacao,active,"April 3, 2026",no,vivospin.io,not contacted,,yes,200,,TimeoutError,
atlantivegas.com,atlantivegas,0,SG International N.V.,OGL/2024/379/0174,Curacao,assessment in progress,"December 24, 2025",no,atlantivegas.com,not contacted,,yes,200,Atlantivegas,,Atlantivegas
kilobet.com,kilobet,0,SG International N.V.,OGL/2024/379/0174,Curacao,assessment in progress,"December 24, 2025",no,kilobet.com,not contacted,,yes,200,KiloBet,,KiloBet
vegas.salon,vegas,0,SG International N.V.,OGL/2024/379/0174,Curacao,assessment in progress,"December 24, 2025",no,vegas.salon,not contacted,,yes,200,Vegas,,Vegas
rolletto.cc,rolletto,3,Santeda International B.V.,OGL/2024/1798/1048,Curacao,assessment in progress,"December 24, 2025",no,rolletto.cc rolletto.com rolletto.win rolletto1.com,not contacted,,yes,200,"Sports & eSports Online Betting, Live Casino, Slots & Table Game | Rolletto",,
megajeet.com,megajeet,0,Santeda International B.V.,OGL/2024/1798/1048,Curacao,assessment in progress,"December 24, 2025",no,megajeet.com,not contacted,,yes,200,,,
zizobet.com,zizobet,0,Santeda International B.V.,OGL/2024/1798/1048,Curacao,assessment in progress,"December 24, 2025",no,zizobet.com,not contacted,,yes,200,,,
purecasino.co,purecasino,0,Windward Circle B.V.,OGL/2024/1135/0484,Curacao,active,"August 14, 2026",no,purecasino.co,not contacted,,yes,200,Home,,Home
oddjusta.com,oddjusta,0,A2F B.V.,OGL/2024/298/0109,Curacao,active,"April 14, 2026",no,oddjusta.com,not contacted,,yes,200,OddJusta - Premier Betting Exchange Platform,,OddJusta
punterplay.com,punterplay,0,A2F B.V.,OGL/2024/298/0109,Curacao,active,"April 14, 2026",no,punterplay.com,not contacted,,yes,200,,,
superodds88.com,superodds,0,A2F B.V.,OGL/2024/298/0109,Curacao,active,"April 14, 2026",no,superodds88.com,not contacted,,yes,200,superodds88 - Best-In-Class Sports Trading Platform for Professional Betting,,superodds88
tradeball.com,tradeball,0,A2F B.V.,OGL/2024/298/0109,Curacao,active,"April 14, 2026",no,tradeball.com,not contacted,,yes,200,Tradeball,,Tradeball
ok9.pro,ok,4,Cyber Labs B.V.,OGL/2024/1696/1055,Curacao,active,"March 13, 2026",no,ok9.pro ok9.plus ok9.shop ok9.work ok9.space,not contacted,,yes,200,,,
jun88.id,jun,1,Cyber Labs B.V.,OGL/2024/1696/1055,Curacao,active,"March 13, 2026",no,jun88.id jun88.kr,not contacted,,yes,200,Jun88 Trang chủ chính thức Jun88.com,,Jun88 Trang chủ chính thức Jun88.com
789bet.sc,bet,0,Cyber Labs B.V.,OGL/2024/1696/1055,Curacao,active,"March 13, 2026",no,789bet.sc,not contacted,,yes,200,"789BET - Đăng Ký, Đăng Nhập Trang Chủ 789BET.COM #1 Châu Á",,789BET
c168.biz,c,0,Cyber Labs B.V.,OGL/2024/1696/1055,Curacao,active,"March 13, 2026",no,c168.biz,not contacted,,yes,200,"C168 - Đăng Ký, Đăng Nhập Trang Chủ C168.COM Uy Tín #1 Châu Á",,C168
cm88.com,cm,0,Cyber Labs B.V.,OGL/2024/1696/1055,Curacao,active,"March 13, 2026",no,cm88.com,not contacted,,yes,200,"CM88 - Đăng Ký, Đăng Nhập Trang Chủ CM88, Giới Thiệu Bạn +200K",,CM88
sc88.co,sc,0,Cyber Labs B.V.,OGL/2024/1696/1055,Curacao,active,"March 13, 2026",no,sc88.co,not contacted,,yes,200,"SC88 - Đăng Ký, Đăng Nhập Trang Chủ SC88.COM Uy Tín #1 Châu Á",,SC88
spark.casino,spark,0,Fun Fusion N.V.,OGL/2024/750/0202,Curacao,assessment in progress,"December 24, 2025",no,spark.casino,not contacted,,yes,200,,URLError,
mrtilt.com,mrtilt,0,GP Holding B.V.,OGL/2024/1326/0684,Curacao,active,"April 17, 2026",no,mrtilt.com,not contacted,,yes,200,MrTilt,,MrTilt
pec.bet,pec,0,GP Holding B.V.,OGL/2024/1326/0684,Curacao,active,"April 17, 2026",no,pec.bet,not contacted,,yes,200,PEC.BET | Online Casino & Sports Betting,,PEC.BET
reipas.com,reipas,0,GP Holding B.V.,OGL/2024/1326/0684,Curacao,active,"April 17, 2026",no,reipas.com,not contacted,,yes,200,Reipas Kasino | Nettikasino,,Reipas Kasino
keeponwin.com,keeponwin,0,Keep On Entertainment N.V.,OGL/2024/2279/1202,Curacao,active,"February 22, 2026",no,keeponwin.com,not contacted,,yes,200,Keep On Win - Ana Sayfa,,Keep On Win
kktcroyal.com,kktcroyal,0,Keep On Entertainment N.V.,OGL/2024/2279/1202,Curacao,active,"February 22, 2026",no,kktcroyal.com,not contacted,,yes,200,En güvenilir ve kaliteli Casino KKTC Royal,,
ikasbet.com,ikasbet,0,Novi B.V.,OGL/2024/1288/0542,Curacao,assessment in progress,"December 24, 2025",yes,ikasbet.com,not contacted,,yes,200,,,
kazancasino.com,kazancasino,0,Novi B.V.,OGL/2024/1288/0542,Curacao,assessment in progress,"December 24, 2025",no,kazancasino.com,not contacted,,yes,200,Kazan Casino | Best Online Casino Games and Bonuses,,Kazan Casino
miki.com,miki,0,Novi B.V.,OGL/2024/1288/0542,Curacao,assessment in progress,"December 24, 2025",no,miki.com,not contacted,,yes,200,Miki Casino | Best Online Casino Games and Bonuses,,Miki Casino
olimposcasino.com,olimposcasino,0,Novi B.V.,OGL/2024/1288/0542,Curacao,assessment in progress,"December 24, 2025",no,olimposcasino.com,not contacted,,yes,200,Krallar gibi oyna Olimpos'un şansını yakala!,,
casino-x.com,casinox,0,Pomadorro N.V.,OGL/2024/863/0412,Curacao,assessment in progress,"December 24, 2025",no,casino-x.com,not contacted,,yes,200,Region restrictions,,Region restrictions
ramenbet.com,ramenbet,0,Pomadorro N.V.,OGL/2024/863/0412,Curacao,assessment in progress,"December 24, 2025",no,ramenbet.com,not contacted,,yes,200,Region restrictions,,Region restrictions
letsgocasino.com,letsgocasino,0,Progress Path Co N.V.,OGL/2024/1113/0517,Curacao,active,"July 24, 2026",no,letsgocasino.com,not contacted,,yes,200,Best Online Casino Canada - Let’s Go Casino | Hit the Jackpot,,Best Online Casino Canada
vipletsgocasino.com,vipletsgocasino,0,Progress Path Co N.V.,OGL/2024/1113/0517,Curacao,active,"July 24, 2026",no,vipletsgocasino.com,not contacted,,yes,200,Best Online Casino Canada - Let’s Go Casino | Hit the Jackpot,,Best Online Casino Canada
winthrone.com,winthrone,0,Progress Path Co N.V.,OGL/2024/1113/0517,Curacao,active,"July 24, 2026",no,winthrone.com,not contacted,,yes,200,Online Casino Canada | Winthrone Casino,,Online Casino Canada
betto.com,betto,0,Rail Solutions Group B.V.,OGL/2024/788/0550,Curacao,assessment in progress,"December 24, 2025",no,betto.com,not contacted,,yes,200,BETTO | New place for betting,,BETTO
chokwin.com,chokwin,0,Rail Solutions Group B.V.,OGL/2024/788/0550,Curacao,assessment in progress,"December 24, 2025",no,chokwin.com,not contacted,,yes,200,,,
coinebet.com,coinebet,0,Rail Solutions Group B.V.,OGL/2024/788/0550,Curacao,assessment in progress,"December 24, 2025",no,coinebet.com,not contacted,,yes,200,,,
novero.io,novero,0,Rail Solutions Group B.V.,OGL/2024/788/0550,Curacao,assessment in progress,"December 24, 2025",no,novero.io,not contacted,,yes,200,,,
artemisbet.com,artemisbet,1,SXM Management N.V.,OGL/2024/777/0365,Curacao,assessment in progress,"December 24, 2025",yes,artemisbet.com artemisbet1195.com,not contacted,,yes,200,Artemisbet - Yüksek Oranlı Spor Bahisleri ve Casino - Artemisbet Giriş,,Artemisbet
betper.com,betper,0,SXM Management N.V.,OGL/2024/777/0365,Curacao,assessment in progress,"December 24, 2025",no,betper.com,not contacted,,yes,200,Betper - En İyi Spor Bahisleri Oranları ve Canlı Casino - Betper Giriş,,Betper
klasbahis.com,klasbahis,0,SXM Management N.V.,OGL/2024/777/0365,Curacao,assessment in progress,"December 24, 2025",no,klasbahis.com,not contacted,,yes,200,"Klasbahis Giriş, Klasbahis Yeni ve Güncel Adresi - Klasbahis",,
perabet.com,perabet,0,SXM Management N.V.,OGL/2024/777/0365,Curacao,assessment in progress,"December 24, 2025",no,perabet.com,not contacted,,yes,200,Perabet - Top Bitcoin & Crypto Casino!,,Perabet
truvabet.com,truvabet,0,SXM Management N.V.,OGL/2024/777/0365,Curacao,assessment in progress,"December 24, 2025",no,truvabet.com,not contacted,,yes,200,,,
venusbet.com,venusbet,0,SXM Management N.V.,OGL/2024/777/0365,Curacao,assessment in progress,"December 24, 2025",no,venusbet.com,not contacted,,yes,200,venusbet,,venusbet
kitcasinos.com,kitcasinos,0,Scores55 Tech N.V.,OGL/2024/1307/0748,Curacao,assessment in progress,"December 24, 2025",no,kitcasinos.com,not contacted,,yes,200,,,
globalbahis.com,globalbahis,0,TC Entertainment N.V.,OGL/2024/419/0348,Curacao,assessment in progress,"December 24, 2025",no,globalbahis.com,not contacted,,yes,200,Loading...,,Loading...
lordspoker.com,lordspoker,0,TC Entertainment N.V.,OGL/2024/419/0348,Curacao,assessment in progress,"December 24, 2025",no,lordspoker.com,not contacted,,yes,200,,,
22bit.com,bit,0,Techwave B.V.,OGL/2024/1653/0930,Curacao,active,"April 16, 2026",no,22bit.com,not contacted,,yes,203,,,
22casino.com,casino,0,Techwave B.V.,OGL/2024/1653/0930,Curacao,active,"April 16, 2026",no,22casino.com,not contacted,,yes,203,,,
betlabel.com,betlabel,0,Techwave B.V.,OGL/2024/1653/0930,Curacao,active,"April 16, 2026",no,betlabel.com,not contacted,,yes,203,,,
royalxo.com,royalxo,0,Techwave B.V.,OGL/2024/1653/0930,Curacao,active,"April 16, 2026",no,royalxo.com,not contacted,,yes,200,RoyalXO,,RoyalXO
safecasino.com,safecasino,0,Techwave B.V.,OGL/2024/1653/0930,Curacao,active,"April 16, 2026",no,safecasino.com,not contacted,,yes,200,Safecasino,,Safecasino
gemwin.ing,gemwin,0,Amadeus Technology B.V,OGL/2024/1272/1143,Curacao,active,"May 18, 2026",no,gemwin.ing,not contacted,,yes,200,GEMWIN - Tải App Game Bài Đổi Thưởng Đại Phú Quý 2025,,GEMWIN
nhatvip.bar,nhatvip,0,Amadeus Technology B.V,OGL/2024/1272/1143,Curacao,active,"May 18, 2026",no,nhatvip.bar,not contacted,,yes,200,Nhatvip - Thiên đường cờ bạc hàng đầu Việt Nam | Link tải Nhatvip,,Nhatvip
sunwin.info,sunwin,0,Amadeus Technology B.V,OGL/2024/1272/1143,Curacao,active,"May 18, 2026",no,sunwin.info,not contacted,,yes,200,Sunwin – Official Online Entertainment Platform,,Sunwin
tipclub.sbs,tipclub,0,Amadeus Technology B.V,OGL/2024/1272/1143,Curacao,active,"May 18, 2026",no,tipclub.sbs,not contacted,,yes,200,"Tipclub | Tải Game Tip Club, Game Bài Đổi Thưởng Uy Tín Số 1 Châu Á",,Tipclub
zowin.cab,zowin,0,Amadeus Technology B.V,OGL/2024/1272/1143,Curacao,active,"May 18, 2026",no,zowin.cab,not contacted,,yes,200,ZOWIN - Tải Game Bài Đổi Thưởng Zowin Ios/Android/APK 2026,,ZOWIN
kurdbet.net,kurdbet,0,Arena Sports Entertainment N.V.,OGL/2024/833/1005,Curacao,active,"May 23, 2026",no,kurdbet.net,not contacted,,yes,200,Kurdbet,,Kurdbet
mosulbet.com,mosulbet,0,Arena Sports Entertainment N.V.,OGL/2024/833/1005,Curacao,active,"May 23, 2026",no,mosulbet.com,not contacted,,yes,200,Mosulbet,,Mosulbet
sportarenabet.com,sportarenabet,0,Arena Sports Entertainment N.V.,OGL/2024/833/1005,Curacao,active,"May 23, 2026",no,sportarenabet.com,not contacted,,yes,200,Sport Arena Bet,,Sport Arena Bet
ttbetarena.com,ttbetarena,0,Arena Sports Entertainment N.V.,OGL/2024/833/1005,Curacao,active,"May 23, 2026",no,ttbetarena.com,not contacted,,yes,200,TT Bet Arena,,TT Bet Arena
dale-bets.com,dalebets,0,Bespinex N.V.,OGL/2024/1563/0831,Curacao,assessment in progress,"December 24, 2025",no,dale-bets.com,not contacted,,yes,200,...,,...
fuego.casino,fuego,0,Bespinex N.V.,OGL/2024/1563/0831,Curacao,assessment in progress,"December 24, 2025",no,fuego.casino,not contacted,,yes,200,...,,...
joinbet.com,joinbet,0,Bespinex N.V.,OGL/2024/1563/0831,Curacao,assessment in progress,"December 24, 2025",no,joinbet.com,not contacted,,yes,200,...,,...
bison.win,bison,1,Betelgeuse Entertainment B.V.,OGL/2024/1062/0475,Curacao,active,"March 17, 2026",no,bison.win bison.casino,not contacted,,yes,200,,,
fireball.casino,fireball,0,Betelgeuse Entertainment B.V.,OGL/2024/1062/0475,Curacao,active,"March 17, 2026",no,fireball.casino,not contacted,,yes,200,,,
meteoro.casino,meteoro,0,Betelgeuse Entertainment B.V.,OGL/2024/1062/0475,Curacao,active,"March 17, 2026",no,meteoro.casino,not contacted,,yes,200,,,
playbison.com,playbison,0,Betelgeuse Entertainment B.V.,OGL/2024/1062/0475,Curacao,active,"March 17, 2026",no,playbison.com,not contacted,,yes,200,,,
playbet.io,playbet,0,Bitx Operations N.V.,OGL/2024/1214/0712,Curacao,active,"June 17, 2026",yes,playbet.io,not contacted,,yes,200,Online Crypto Casino & Sportsbook | Playbet,,Online Crypto Casino & Sportsbook
robobet.com,robobet,0,Bitx Operations N.V.,OGL/2024/1214/0712,Curacao,active,"June 17, 2026",yes,robobet.com,not contacted,,yes,200,Robobet,,Robobet
betwiz.com,betwiz,20,Blueinic B.V.,OGL/2024/314/1090,Curacao,active,"June 16, 2026",no,betwiz.com 4betwiz.com 8betwiz.com 2betwiz.com 3betwiz.com 5betwiz.com 7betwiz.com 6betwiz.com,not contacted,,yes,200,,,
bookielink.com,bookielink,2,Blueinic B.V.,OGL/2024/314/1090,Curacao,active,"June 16, 2026",no,bookielink.com bookielink.biz bookielink.pro,not contacted,,yes,200,BookieLink | One Account for Betting in Italy & Albania,,BookieLink
betzy.io,betzy,0,Blueinic B.V.,OGL/2024/314/1090,Curacao,active,"June 16, 2026",no,betzy.io,not contacted,,yes,200,"Betzy - Sports Betting, Casino, and More on One Platform",,Betzy
96odds.com,odds,3,Breakout Group B.V.,OGL/2024/391/0299,Curacao,assessment in progress,"December 24, 2025",no,96odds.com odds96.com odd96s.com odds96.vip,not contacted,,yes,200,Odds96,,Odds96
o96.vip,o,0,Breakout Group B.V.,OGL/2024/391/0299,Curacao,assessment in progress,"December 24, 2025",no,o96.vip,not contacted,,yes,200,Odds96,,Odds96
grandz.com,grandz,0,Brightstar N.V.,OGL/2024/1455/0790,Curacao,assessment in progress,"December 24, 2025",no,grandz.com,not contacted,,yes,200,GrandZ Casino | Online Casino 2026,,GrandZ Casino
grandzrace.com,grandzrace,0,Brightstar N.V.,OGL/2024/1455/0790,Curacao,assessment in progress,"December 24, 2025",no,grandzrace.com,not contacted,,yes,200,GrandZ Casino | Online Casino 2026,,GrandZ Casino
789club.online,club,0,DG Innovations B.V.,OGL/2024/1273/1142,Curacao,active,"May 25, 2026",no,789club.online,not contacted,,yes,200,789Club – Official Online Platform | Operated by DG Innovations B.V.,,789Club
hitclub.hm,hitclub,0,DG Innovations B.V.,OGL/2024/1273/1142,Curacao,active,"May 25, 2026",no,hitclub.hm,not contacted,,yes,200,Hitclub – Official Online Platform | Operated by DG Innovations B.V.,,Hitclub
kclub.fit,kclub,0,DG Innovations B.V.,OGL/2024/1273/1142,Curacao,active,"May 25, 2026",no,kclub.fit,not contacted,,yes,200,KCLUB - Cổng game giải trí hàng đầu châu Á!,,KCLUB
rikvip.mba,rikvip,0,DG Innovations B.V.,OGL/2024/1273/1142,Curacao,active,"May 25, 2026",no,rikvip.mba,not contacted,,yes,200,Rikvip – Official Online Platform | Operated by DG Innovations B.V.,,Rikvip
top88.ing,top,0,DG Innovations B.V.,OGL/2024/1273/1142,Curacao,active,"May 25, 2026",no,top88.ing,not contacted,,yes,200,"TOP88 - Link tải game Top 88, đăng ký, đăng nhập chính thức",,TOP88
kingonbet.com,kingonbet,0,Digibet N.V.,OGL/2024/1312/0525,Curacao,active,"March 3, 2026",no,kingonbet.com,not contacted,,yes,200,,,
racetan.com,racetan,0,Digibet N.V.,OGL/2024/1312/0525,Curacao,active,"March 3, 2026",no,racetan.com,not contacted,,yes,200,,,
indi3.club,indi,1,Evelnex B.V.,OGL/2024/921/0845,Curacao,assessment in progress,"December 24, 2025",no,indi3.club indi2.club,not contacted,,yes,200,Cricket Betting - Login to INDIBET #1 Cricket Betting Site & App,,Cricket Betting
pb007.co,pb,0,Evelnex B.V.,OGL/2024/921/0845,Curacao,assessment in progress,"December 24, 2025",no,pb007.co,not contacted,,yes,200,Coming Soon,,Coming Soon
pb77exch.com,pbexch,0,Evelnex B.V.,OGL/2024/921/0845,Curacao,assessment in progress,"December 24, 2025",no,pb77exch.com,not contacted,,yes,200,,,
pb77india.com,pbindia,0,Evelnex B.V.,OGL/2024/921/0845,Curacao,assessment in progress,"December 24, 2025",no,pb77india.com,not contacted,,yes,200,,,
pboffers.co,pboffers,0,Evelnex B.V.,OGL/2024/921/0845,Curacao,assessment in progress,"December 24, 2025",no,pboffers.co,not contacted,,yes,200,,,
betx360.live,betx,0,GB Tech Services N.V.,OGL/2024/114/0135,Curacao,assessment in progress,"December 24, 2025",no,betx360.live,not contacted,,yes,200,WebClientV3,,WebClientV3
betoffice.com,betoffice,0,Hit Entertainment B.V.,OGL/2024/495/0689,Curacao,revoked,,no,betoffice.com,not contacted,,yes,200,Betoffice - Betoffice Giriş 2026 | Resmi ve Güncel Adres,,Betoffice
galabet.com,galabet,0,Hit Entertainment B.V.,OGL/2024/495/0689,Curacao,revoked,,no,galabet.com,not contacted,,yes,200,Galabet - Galabet Giriş - En Yüksek Oranlar - Canlı Bahis ve Casino,,Galabet
kolaybet.com,kolaybet,0,Hit Entertainment B.V.,OGL/2024/495/0689,Curacao,revoked,,no,kolaybet.com,not contacted,,yes,200,"KOLAYBET - Kolaybet - Kolaybet Giriş, Güncel Giriş Adresi",,KOLAYBET
dragonslots.com,dragonslots,1,Innovex B.V.,OGL/2024/1769/1016,Curacao,assessment in progress,"December 24, 2025",no,dragonslots.com dragonslots1.com,not contacted,,yes,200,Loading...,,Loading...
20bet.tech,bet,0,Innovex B.V.,OGL/2024/1769/1016,Curacao,assessment in progress,"December 24, 2025",no,20bet.tech,not contacted,,yes,200,Loading...,,Loading...
granawin.com,granawin,0,Innovex B.V.,OGL/2024/1769/1016,Curacao,assessment in progress,"December 24, 2025",no,granawin.com,not contacted,,yes,200,Loading...,,Loading...
nationalcasino.dev,nationalcasino,0,Innovex B.V.,OGL/2024/1769/1016,Curacao,assessment in progress,"December 24, 2025",no,nationalcasino.dev,not contacted,,yes,200,Loading...,,Loading...
slotrave.com,slotrave,0,Innovex B.V.,OGL/2024/1769/1016,Curacao,assessment in progress,"December 24, 2025",no,slotrave.com,not contacted,,yes,200,Slotrave,,Slotrave
gralive.win,gralive,0,Kallila N.V.,OGL/2024/398/0495,Curacao,assessment in progress,"January 14, 2026",no,gralive.win,not contacted,,yes,200,Сайт GRA недоступний в твоєму регіоні,,Сайт GRA недоступний в твоєму регіоні
stawki.win,stawki,0,Kallila N.V.,OGL/2024/398/0495,Curacao,assessment in progress,"January 14, 2026",no,stawki.win,not contacted,,yes,200,Сайт Stawki недоступний в твоєму регіоні,,
yep.casino,yep,0,Nixxe B.V.,OGL/2024/1363/0705,Curacao,active,"April 14, 2026",no,yep.casino,not contacted,,yes,200,"Yep Casino Official | €3,000 Bonus + 300 Free Spins",,Yep Casino Official
eddybetcasino.com,eddybetcasino,0,Palau Holdings N.V.,OGL/2024/197/0481,Curacao,active,"January 24, 2026",no,eddybetcasino.com,not contacted,,yes,200,Play lovable Games For Money,,Play lovable Games For Money
melbet-ca.com,melbetca,2,Pelican Entertainment B.V.,OGL/2024/561/0554,Curacao,assessment in progress,"December 24, 2025",no,melbet-ca.com melbet-ca.org melbet-ca.net,not contacted,,yes,203,,,
melbet-canada.com,melbetcanada,2,Pelican Entertainment B.V.,OGL/2024/561/0554,Curacao,assessment in progress,"December 24, 2025",no,melbet-canada.com melbet-canada.org melbet-canada.net,not contacted,,yes,203,,,
melbetghana.com,melbetghana,0,Pelican Entertainment B.V.,OGL/2024/561/0554,Curacao,assessment in progress,"December 24, 2025",no,melbetghana.com,not contacted,,yes,203,,,
bet-40.vip,bet,0,R. Bostock Enterprises B.V.,OGL/2024/1067/0640,Curacao,active,"April 21, 2026",no,bet-40.vip,not contacted,,yes,200,,,
elitebet.io,elitebet,0,R. Bostock Enterprises B.V.,OGL/2024/1067/0640,Curacao,active,"April 21, 2026",no,elitebet.io,not contacted,,yes,200,,,
puntersvip.io,puntersvip,0,R. Bostock Enterprises B.V.,OGL/2024/1067/0640,Curacao,active,"April 21, 2026",no,puntersvip.io,not contacted,,yes,200,,,
rocketbet.com,rocketbet,0,R. Bostock Enterprises B.V.,OGL/2024/1067/0640,Curacao,active,"April 21, 2026",no,rocketbet.com,not contacted,,yes,200,"Rocketbet Crypto Casino | Sportsbook, Live Casino & Instant Withdrawals",,Rocketbet Crypto Casino
ukingbet.com,ukingbet,0,R. Bostock Enterprises B.V.,OGL/2024/1067/0640,Curacao,active,"April 21, 2026",no,ukingbet.com,not contacted,,yes,200,ukingbet,,ukingbet
aufcasino.com,aufcasino,0,SilverDeer B.V.,OGL/2024/661/0277,Curacao,active,"June 4, 2026",yes,aufcasino.com,not contacted,,yes,200,Auf казино официальный сайт | Auf,,Auf казино официальный сайт
casinohype.com,casinohype,0,SilverDeer B.V.,OGL/2024/661/0277,Curacao,active,"June 4, 2026",yes,casinohype.com,not contacted,,yes,200,Hype казино официальный сайт | Hype,,Hype казино официальный сайт
cryptobosscasino.com,cryptobosscasino,0,SilverDeer B.V.,OGL/2024/661/0277,Curacao,active,"June 4, 2026",yes,cryptobosscasino.com,not contacted,,yes,200,CryptoBoss,,CryptoBoss
unlimcasino.com,unlimcasino,0,SilverDeer B.V.,OGL/2024/661/0277,Curacao,active,"June 4, 2026",yes,unlimcasino.com,not contacted,,yes,200,Unlim казино официальный сайт | Unlim,,Unlim казино официальный сайт
20bet.com,bet,0,TechSolutions Group B.V.,OGL/2024/590/0758,Curacao,active,"April 14, 2026",no,20bet.com,not contacted,,yes,200,Loading...,,Loading...
bizzocasino.com,bizzocasino,0,TechSolutions Group B.V.,OGL/2024/590/0758,Curacao,active,"April 14, 2026",no,bizzocasino.com,not contacted,,yes,200,Loading...,,Loading...
bizzocassino.com,bizzocassino,0,TechSolutions Group B.V.,OGL/2024/590/0758,Curacao,active,"April 14, 2026",no,bizzocassino.com,not contacted,,yes,200,Loading...,,Loading...
nationalcasino.com,nationalcasino,0,TechSolutions Group B.V.,OGL/2024/590/0758,Curacao,active,"April 14, 2026",no,nationalcasino.com,not contacted,,yes,200,Loading...,,Loading...
nationallcasino.com,nationallcasino,0,TechSolutions Group B.V.,OGL/2024/590/0758,Curacao,active,"April 14, 2026",no,nationallcasino.com,not contacted,,yes,200,Loading...,,Loading...
slotoro.bet,slotoro,0,Wiraon B.V.,OGL/2024/686/0183,Curacao,active,"April 14, 2026",no,slotoro.bet,not contacted,,yes,200,"Slotoro Official Online Casino | €2,500 Bonus + 250 Free Spins",,Slotoro Official Online Casino
verdecasino.com,verdecasino,0,Wiraon B.V.,OGL/2024/686/0183,Curacao,active,"April 14, 2026",no,verdecasino.com,not contacted,,yes,200,Verde Casino — Play Online Casino Games for Real Money,,Verde Casino
batery.in,batery,2,YouGMedia B.V.,OGL/2024/107/0914,Curacao,active,"March 7, 2026",no,batery.in batery.win batery.bet,not contacted,,yes,200,,,
batery-bet.in,baterybet,0,YouGMedia B.V.,OGL/2024/107/0914,Curacao,active,"March 7, 2026",no,batery-bet.in,not contacted,,yes,200,,,
abcfortunazone.com,abcfortunazone,0,Altan N.V.,OGL/2024/596/0252,Curacao,active,"April 14, 2026",no,abcfortunazone.com,not contacted,,yes,200,Fortunazone Slots,,Fortunazone Slots
atomfortuna.com,atomfortuna,0,Altan N.V.,OGL/2024/596/0252,Curacao,active,"April 14, 2026",no,atomfortuna.com,not contacted,,yes,200,Fortunazone Slots,,Fortunazone Slots
fortunazone.com,fortunazone,0,Altan N.V.,OGL/2024/596/0252,Curacao,active,"April 14, 2026",no,fortunazone.com,not contacted,,yes,200,Fortunazone Slots,,Fortunazone Slots
linebet.com,linebet,0,Aspro N.V.,OGL/2024/565/0553,Curacao,assessment in progress,"December 24, 2025",no,linebet.com,not contacted,,yes,203,,,
xparibet.com,xparibet,0,Aspro N.V.,OGL/2024/565/0553,Curacao,assessment in progress,"December 24, 2025",no,xparibet.com,not contacted,,yes,203,,,
kultcasino.com,kultcasino,0,Bluestream N.V.,OGL/2024/1452/0706,Curacao,assessment in progress,"December 24, 2025",no,kultcasino.com,not contacted,,yes,200,,,
sultan-wins.com,sultanwins,0,Bluestream N.V.,OGL/2024/1452/0706,Curacao,assessment in progress,"December 24, 2025",no,sultan-wins.com,not contacted,,yes,200,...,,...
play.verajohn.net,verajohn,3,Breckenridge Curaçao B.V.,OGL/2024/175/0182,Curacao,assessment in progress,"December 24, 2025",no,play.verajohn.net play.verajohn.world play.verajohn-1.net play.verajohn-1.world,not contacted,,yes,200,Vera&John | The number 1! Fun online casino!,,Vera&John
play.casinosecret.net,casinosecret,1,Breckenridge Curaçao B.V.,OGL/2024/175/0182,Curacao,assessment in progress,"December 24, 2025",no,play.casinosecret.net play.casinosecret-1.net,not contacted,,yes,200,CasinoSecret | The number 1! Fun online casino!,,CasinoSecret
play.intercasino.net,intercasino,1,Breckenridge Curaçao B.V.,OGL/2024/175/0182,Curacao,assessment in progress,"December 24, 2025",no,play.intercasino.net play.intercasino-2.net,not contacted,,yes,200,InterCasino | Welcome to InterCasino,,InterCasino
play.yuugado.net,yuugado,1,Breckenridge Curaçao B.V.,OGL/2024/175/0182,Curacao,assessment in progress,"December 24, 2025",no,play.yuugado.net play.yuugado-1.net,not contacted,,yes,200,Yuugado | Where you get the big wins,,Yuugado
katanaspin.com,katanaspin,0,Caishxn Holding B.V.,OGL/2024/1546/0828,Curacao,assessment in progress,"December 24, 2025",no,katanaspin.com,not contacted,,yes,200,ᐈ Katanaspin - Play Slots Online For Free or Real Money,,ᐈ Katanaspin
richroger.com,richroger,0,Caishxn Holding B.V.,OGL/2024/1546/0828,Curacao,assessment in progress,"December 24, 2025",no,richroger.com,not contacted,,yes,200,,URLError,
spinbuddha.com,spinbuddha,0,Caishxn Holding B.V.,OGL/2024/1546/0828,Curacao,assessment in progress,"December 24, 2025",no,spinbuddha.com,not contacted,,yes,200,ᐈ Casino Online and Mobile,,ᐈ Casino Online and Mobile
betgcc.com,betgcc,0,Cetus Technology N.V.,OGL/2024/408/0128,Curacao,assessment in progress,"December 24, 2025",no,betgcc.com,not contacted,,yes,200,"BetGCC – Online Casino, Live Games, & Big Prizes in the Gulf",,BetGCC
energiekasino.com,energiekasino,0,Forwell Investments B.V.,OGL/2024/1054/0509,Curacao,active,"August 21, 2026",no,energiekasino.com,not contacted,,yes,200,EnergieKasino,,EnergieKasino
bizbet.io,bizbet,1,Gameplay International B.V.,OGL/2024/511/0630,Curacao,assessment in progress,"January 14, 2026",yes,bizbet.io bizbet.africa,not contacted,,yes,200,Bizbet Login – Official Sports Betting & Casino Website | Bet Online,,Bizbet Login
africa-bizbet.com,africabizbet,0,Gameplay International B.V.,OGL/2024/511/0630,Curacao,assessment in progress,"January 14, 2026",yes,africa-bizbet.com,not contacted,,yes,200,BizBet Africa Official Website | Sports Betting & Live Odds,,BizBet Africa Official Website
bizbet-au.com,bizbetau,0,Gameplay International B.V.,OGL/2024/511/0630,Curacao,assessment in progress,"January 14, 2026",yes,bizbet-au.com,not contacted,,yes,200,BizBet,,BizBet
bizbet-biz.com,bizbetbiz,0,Gameplay International B.V.,OGL/2024/511/0630,Curacao,assessment in progress,"January 14, 2026",yes,bizbet-biz.com,not contacted,,yes,200,Online bookmaker in Egypt | Official website BizBet-Biz | bizbet-biz.com,,Online bookmaker in Egypt
b52club.info,bclub,0,Gladiator Holding N.V.,OGL/2024/1756/0979,Curacao,assessment in progress,"December 24, 2025",no,b52club.info,not contacted,,yes,200,B52 – Official Online Platform | Operated by Gladiator Holding N.V.,,B52
iwin.ceo,iwin,0,Gladiator Holding N.V.,OGL/2024/1756/0979,Curacao,assessment in progress,"December 24, 2025",no,iwin.ceo,not contacted,,yes,200,"iWin | iWin Club - Sòng Bạc Thượng Lưu 2025, Tải Game +50K",,iWin
nohu.gd,nohu,0,Gladiator Holding N.V.,OGL/2024/1756/0979,Curacao,assessment in progress,"December 24, 2025",no,nohu.gd,not contacted,,yes,200,NOHUWIN - Thiên Đường Nổ Hũ Đổi Thưởng Uy Tín Nhất Hiện Nay,,NOHUWIN
win79.online,win,0,Gladiator Holding N.V.,OGL/2024/1756/0979,Curacao,assessment in progress,"December 24, 2025",no,win79.online,not contacted,,yes,200,Win79 – Official Online Platform | Operated by Gladiator Holding N.V.,,Win79
playfortuna.com,playfortuna,0,Globonet B.V.,OGL/2024/367/0690,Curacao,active,"April 17, 2026",no,playfortuna.com,not contacted,,yes,200,,,
booi.com,booi,0,Globonet B.V.,OGL/2024/367/0690,Curacao,active,"April 17, 2026",no,booi.com,not contacted,,yes,200,Access to the website is restricted in your country,,
jozz.com,jozz,0,Globonet B.V.,OGL/2024/367/0690,Curacao,active,"April 17, 2026",no,jozz.com,not contacted,,yes,200,,,
iwildcasino.com,iwildcasino,1,Goodwin N.V.,OGL/2024/758/0228,Curacao,active,"January 24, 2026",no,iwildcasino.com iwildcasino11.org,not contacted,,yes,200,,,
lussurio.com,lussurio,0,Goodwin N.V.,OGL/2024/758/0228,Curacao,active,"January 24, 2026",no,lussurio.com,not contacted,,yes,200,,,
snatchcasino.com,snatchcasino,0,Goodwin N.V.,OGL/2024/758/0228,Curacao,active,"January 24, 2026",no,snatchcasino.com,not contacted,,yes,200,,,
bet-ibc.com,betibc,0,IBC Broker B.V.,OGL/2024/1230/1099,Curacao,active,"May 19, 2026",no,bet-ibc.com,not contacted,,yes,200,"The best betting Agent in the business, welcome to BET-IBC",,
betspider.com,betspider,0,IBC Broker B.V.,OGL/2024/1230/1099,Curacao,active,"May 19, 2026",no,betspider.com,not contacted,,yes,200,HOME - BETSPIDER™,,HOME
bettingsoftware.com,bettingsoftware,0,IBC Broker B.V.,OGL/2024/1230/1099,Curacao,active,"May 19, 2026",no,bettingsoftware.com,not contacted,,yes,200,BettingSoftware.com,,BettingSoftware.com
vip-ibc.com,vipibc,0,IBC Broker B.V.,OGL/2024/1230/1099,Curacao,active,"May 19, 2026",no,vip-ibc.com,not contacted,,yes,200,VIP-IBC,,VIP
speeen.com,speeen,0,JER-Team N.V.,OGL/2024/600/0262,Curacao,assessment in progress,"January 14, 2026",no,speeen.com,not contacted,,yes,200,Server Default Page,,Server Default Page
hornetbet.io,hornetbet,2,Jay Services B.V.,OGL/2024/1118/0773,Curacao,active,"December 4, 2025",no,hornetbet.io hornetbet.com hornetbet.net,not contacted,,yes,200,Hornetbet,,Hornetbet
hornet.bet,hornet,0,Jay Services B.V.,OGL/2024/1118/0773,Curacao,active,"December 4, 2025",no,hornet.bet,not contacted,,yes,200,Hornetbet,,Hornetbet
spinxtreme.com,spinxtreme,0,Jay Services B.V.,OGL/2024/1118/0773,Curacao,active,"December 4, 2025",yes,spinxtreme.com,not contacted,,yes,200,SpinXtreme,,SpinXtreme
wwetten.com,wwetten,0,Jay Services B.V.,OGL/2024/1118/0773,Curacao,active,"December 4, 2025",no,wwetten.com,not contacted,,yes,200,Hornetbet,,Hornetbet
caddebet.com,caddebet,0,Moonlight N.V.,OGL/2024/551/0622,Curacao,assessment in progress,"January 17, 2026",no,caddebet.com,not contacted,,yes,200,Caddebet - Caddebet Giriş - Caddebet Bahis Ve Casino,,Caddebet
hayalbahis.com,hayalbahis,0,Moonlight N.V.,OGL/2024/551/0622,Curacao,assessment in progress,"January 17, 2026",no,hayalbahis.com,not contacted,,yes,200,Hayalbahis - Hayalbahis,,Hayalbahis
pokerklas.com,pokerklas,0,Moonlight N.V.,OGL/2024/551/0622,Curacao,assessment in progress,"January 17, 2026",no,pokerklas.com,not contacted,,yes,200,"Pokerklas Giriş, Pokerklas Güncel ve Yeni Adresi - Pokerklas - Pokerklas Giriş",,
luckera.casino,luckera,0,Orange Entertainment B.V.,OGL/2024/1111/0488,Curacao,active,"March 18, 2026",no,luckera.casino,not contacted,,yes,200,,,
belugabahis.com,belugabahis,0,Pinbit N.V.,OGL/2024/601/0623,Curacao,assessment in progress,"January 17, 2026",no,belugabahis.com,not contacted,,yes,200,belugabahis,,belugabahis
jestbahis.com,jestbahis,0,Pinbit N.V.,OGL/2024/601/0623,Curacao,assessment in progress,"January 17, 2026",no,jestbahis.com,not contacted,,yes,200,Jestbahis Yeni ve Güncel Giriş Adresi - Jestbahis - Jestbahis Giriş,,Jestbahis Yeni ve Güncel Giriş Adresi
limanbet.com,limanbet,0,Pinbit N.V.,OGL/2024/601/0623,Curacao,assessment in progress,"January 17, 2026",no,limanbet.com,not contacted,,yes,200,Limanbet - Resmi Giriş Adresi Limanbet.com,,Limanbet
lotto247.io,lotto,1,Play UK Internet N.V.,OGL/2024/1404/0617,Curacao,active,"June 4, 2026",no,lotto247.io lotto247.com,not contacted,,yes,200,,,
grandesloterias.com,grandesloterias,0,Play UK Internet N.V.,OGL/2024/1404/0617,Curacao,active,"June 4, 2026",no,grandesloterias.com,not contacted,,yes,200,,,
playhugelottos.com,playhugelottos,0,Play UK Internet N.V.,OGL/2024/1404/0617,Curacao,active,"June 4, 2026",no,playhugelottos.com,not contacted,,yes,200,,,
betmac.com,betmac,1,Sefiarray B.V.,OGL/2024/842/0350,Curacao,active,"July 25, 2026",no,betmac.com betmac3.com,not contacted,,yes,200,Betmac Casino | Fast Withdrawals - Official site 2025,,Betmac Casino
betti.com,betti,1,Sefiarray B.V.,OGL/2024/842/0350,Curacao,active,"July 25, 2026",no,betti.com betti1.com,not contacted,,yes,200,"Sportsbook & Casino Online | Betting, Live Casino, 3000+ Slots",,Sportsbook & Casino Online
truststake.com,truststake,1,Sefiarray B.V.,OGL/2024/842/0350,Curacao,active,"July 25, 2026",no,truststake.com truststake1.com,not contacted,,yes,200,"TrustStake Casino - Online Slots, Live Casino & Promotions",,TrustStake Casino
boomzy.com,boomzy,0,TH Gambling N.V.,OGL/2024/1468/1024,Curacao,assessment in progress,"December 24, 2025",no,boomzy.com,not contacted,,yes,200,,,
casinovibes.com,casinovibes,0,TH Gambling N.V.,OGL/2024/1468/1024,Curacao,assessment in progress,"December 24, 2025",no,casinovibes.com,not contacted,,yes,200,,,
tuhti.com,tuhti,0,Trivico B.V.,OGL/2024/799/0255,Curacao,active,"July 31, 2026",no,tuhti.com,not contacted,,yes,200,TUHTI Casino - Coming Soon,,TUHTI Casino
scratchmania.com,scratchmania,0,Twino Trading N.V.,OGL/2024/882/0440,Curacao,revoked,,no,scratchmania.com,not contacted,,yes,200,Scratchmania Casino | Enjoy a Generous Welcome Bonus,,Scratchmania Casino
winorama.com,winorama,0,Twino Trading N.V.,OGL/2024/882/0440,Curacao,revoked,,no,winorama.com,not contacted,,yes,200,Winorama Casino Online | Top Games & Great Bonuses,,Winorama Casino Online
winspark.com,winspark,0,Twino Trading N.V.,OGL/2024/882/0440,Curacao,revoked,,no,winspark.com,not contacted,,yes,200,Winspark Casino Online | Generous Welcome Bonus,,Winspark Casino Online
amelhorvida.com,amelhorvida,0,Zerone B.V.,OGL/2024/738/0549,Curacao,assessment in progress,"December 24, 2025",no,amelhorvida.com,not contacted,,yes,200,Melhor Vida,,Melhor Vida
jogobet.com,jogobet,0,Zerone B.V.,OGL/2024/738/0549,Curacao,assessment in progress,"December 24, 2025",no,jogobet.com,not contacted,,yes,200,Domain Is No Longer Listed | Efty,,Domain Is No Longer Listed
dicebet.com,dicebet,4,Advanced Sports Entertainment N.V.,OGL/2024/635/0818,Curacao,active,"June 4, 2026",no,dicebet.com dicebet777.com dicebet888.com 777.dicebet777.com 777.dicebet888.com,not contacted,,yes,200,Dicebet,,Dicebet
dicebet-play.com,dicebetplay,1,Advanced Sports Entertainment N.V.,OGL/2024/635/0818,Curacao,active,"June 4, 2026",no,dicebet-play.com 777.dicebet-play.com,not contacted,,yes,200,Geo Blocked,,Geo Blocked
dicebet-win.com,dicebetwin,1,Advanced Sports Entertainment N.V.,OGL/2024/635/0818,Curacao,active,"June 4, 2026",no,dicebet-win.com 777.dicebet-win.com,not contacted,,yes,200,Geo Blocked,,Geo Blocked
viparabclub.com,viparabclub,1,Alt.Bet. Exchange B.V.,OGL/2024/785/0229,Curacao,active,"April 21, 2026",no,viparabclub.com viparabclub8.com,not contacted,,yes,200,VipArabClub,,VipArabClub
barawin.com,barawin,0,Alt.Bet. Exchange B.V.,OGL/2024/785/0229,Curacao,active,"April 21, 2026",no,barawin.com,not contacted,,yes,200,VipArabClub,,VipArabClub
tuskcasino.com,tuskcasino,0,Alt.Bet. Exchange B.V.,OGL/2024/785/0229,Curacao,active,"April 21, 2026",no,tuskcasino.com,not contacted,,yes,200,🥇 Online Casino Play Online & Win | Tuskcasino ♠,,🥇 Online Casino Play Online & Win
pixcartela.com,pixcartela,0,Azung B.V.,OGL/2024/835/0400,Curacao,assessment in progress,"December 24, 2025",no,pixcartela.com,not contacted,,yes,200,Pix Cartela Online,,Pix Cartela Online
pixreal.bet,pixreal,0,Azung B.V.,OGL/2024/835/0400,Curacao,assessment in progress,"December 24, 2025",no,pixreal.bet,not contacted,,yes,200,PIX REAL ONLINE,,PIX REAL ONLINE
13spins.com,spins,0,Boom Line B.V.,OGL/2024/599/0274,Curacao,active,"March 24, 2026",no,13spins.com,not contacted,,yes,200,"13Spins | Play Online Casino Games, Win Jackpots | Slot Machines, Bonuses & More",,13Spins
gangsta.casino,gangsta,0,Boom Line B.V.,OGL/2024/599/0274,Curacao,active,"March 24, 2026",no,gangsta.casino,not contacted,,yes,200,"Gangsta Online Casino | Gangsta Casino Games: blackjack, roulette, baccarat, and more",,Gangsta Online Casino
egabe.net,egabe,0,Exedra N.V.,OGL/2024/1277/0496,Curacao,active,"May 23, 2026",no,egabe.net,not contacted,,yes,200,Побеждай с EGB: ставки и коэффициенты на EGBRU.COM,,Побеждай с EGB
egb.com,egb,0,Exedra N.V.,OGL/2024/1277/0496,Curacao,active,"May 23, 2026",no,egb.com,not contacted,,yes,200,"Rush the Game, Win with EGB | Esports Betting and Odds Guide",,"Rush the Game, Win with EGB"
egbs.live,egbs,0,Exedra N.V.,OGL/2024/1277/0496,Curacao,active,"May 23, 2026",no,egbs.live,not contacted,,yes,200,Побеждай с EGB: ставки и коэффициенты на EGBRU.COM,,Побеждай с EGB
casinofriday.com,casinofriday,2,Far Up Entertainment N.V.,OGL/2024/361/0119,Curacao,assessment in progress,"December 24, 2025",no,casinofriday.com casinofriday2.com casinofriday5.com,not contacted,,yes,200,CasinoFriday | #thatfeeling,,CasinoFriday
betfriday.com,betfriday,0,Far Up Entertainment N.V.,OGL/2024/361/0119,Curacao,assessment in progress,"December 24, 2025",no,betfriday.com,not contacted,,yes,200,BetFriday | #thatfeeling,,BetFriday
fav.casino,fav,0,Favorit United N.V.,OGL/2024/300/0596,Curacao,active,"May 23, 2026",no,fav.casino,not contacted,,yes,200,Online Casino LopeBet Casino,URLError,Online Casino LopeBet Casino
lope.bet,lope,0,Favorit United N.V.,OGL/2024/300/0596,Curacao,active,"May 23, 2026",no,lope.bet,not contacted,,yes,200,Online Casino LopeBet Casino,,Online Casino LopeBet Casino
jurassino.com,jurassino,0,GTW B.V.,OGL/2024/250/0115,Curacao,assessment in progress,"December 24, 2025",no,jurassino.com,not contacted,,yes,200,,,
b1tstarz42.com,btstarz,0,Gareton B.V.,OGL/2024/165/0185,Curacao,assessment in progress,"December 24, 2025",no,b1tstarz42.com,not contacted,,yes,200,Bitcoin Casino - Multi-award Winning Crypto Casino | BitStarz,,Bitcoin Casino
bitstarz.com,bitstarz,0,Gareton B.V.,OGL/2024/165/0185,Curacao,assessment in progress,"December 24, 2025",no,bitstarz.com,not contacted,,yes,200,Bitcoin Casino - Multi-award Winning Crypto Casino | BitStarz,,Bitcoin Casino
cashy.com,cashy,0,Gareton B.V.,OGL/2024/165/0185,Curacao,assessment in progress,"December 24, 2025",no,cashy.com,not contacted,,yes,200,Cashy | Online Crypto Casino | No Wagering & Fast Payouts,,Cashy
9winz.com,winz,0,Globis N.V.,OGL/2024/1194/0723,Curacao,active,"February 12, 2026",no,9winz.com,not contacted,,yes,200,Online Casino 9winz ✓ Play different games,,
go88.hm,go,0,Green Stream Technology B.V.,OGL/2024/1264/1125,Curacao,active,"April 9, 2026",no,go88.hm,not contacted,,yes,200,Go88 – Official Online Platform | Operated by Green Stream Technology B.V.,,Go88
manclub.mba,manclub,0,Green Stream Technology B.V.,OGL/2024/1264/1125,Curacao,active,"April 9, 2026",no,manclub.mba,not contacted,,yes,200,ManClub Chính Thức - Trang Chủ Game Bài Đổi Thưởng Man Club,,ManClub Chính Thức
yo88.zip,yo,0,Green Stream Technology B.V.,OGL/2024/1264/1125,Curacao,active,"April 9, 2026",no,yo88.zip,not contacted,,yes,200,Yo88 - Link Tải Yo88 Tài Xỉu Chính Thức 2026,,Yo88
f7casino.com,fcasino,0,Investan N.V.,OGL/2024/1630/1008,Curacao,assessment in progress,"December 24, 2025",no,f7casino.com,not contacted,,yes,200,ᐈ F7casino - Play Slots Online For Free or Real Money,,ᐈ F7casino
fridaywave.com,fridaywave,0,Investan N.V.,OGL/2024/1630/1008,Curacao,assessment in progress,"December 24, 2025",no,fridaywave.com,not contacted,,yes,200,,URLError,
gekipachi.com,gekipachi,0,Lucifer N.V.,OGL/2024/1635/0968,Curacao,active,"May 9, 2026",no,gekipachi.com,not contacted,,yes,200,アツパチ|日本.1オンラインパチンコ|pachinko|pachislot,,アツパチ
hw.vip,hw,0,Lucifer N.V.,OGL/2024/1635/0968,Curacao,active,"May 9, 2026",no,hw.vip,not contacted,,yes,200,HWYL.COM 好玩娱乐,,HWYL.COM 好玩娱乐
u.vip,u,0,Lucifer N.V.,OGL/2024/1635/0968,Curacao,active,"May 9, 2026",no,u.vip,not contacted,,yes,200,U.VIP,,U.VIP
bet4.cl,bet,3,Media4 Curaçao N.V.,OGL/2024/1510/0839,Curacao,active,"March 26, 2026",no,bet4.cl bet4.ec bet4.com bet4.bet,not contacted,,yes,200,bet4 - Bono de Bienvenida,,bet4
betmexico.mx,betmexico,0,Media4 Curaçao N.V.,OGL/2024/1510/0839,Curacao,active,"March 26, 2026",no,betmexico.mx,not contacted,,yes,200,Betmexico | Apuestas y casino en línea con bonos de bienvenida,,Betmexico
meucassino.com,meucassino,0,Mic Group Entertainment N.V.,OGL/2024/1580/0801,Curacao,assessment in progress,"January 14, 2026",no,meucassino.com,not contacted,,yes,200,MeuCassino,,MeuCassino
hotbet.bet,hotbet,0,Misterio Vacio B.V.,OGL/2024/1334/1038,Curacao,active,"May 23, 2026",no,hotbet.bet,not contacted,,yes,200,Cargando...,,Cargando...
pngbet.com,pngbet,0,Misterio Vacio B.V.,OGL/2024/1334/1038,Curacao,active,"May 23, 2026",no,pngbet.com,not contacted,,yes,200,Redirecting...,,Redirecting...
leon.net,leon,2,Moonlite N.V.,OGL/2024/356/0288,Curacao,revoked,,no,leon.net leon.bet leon888.bet,not contacted,,yes,200,Online Casino & Sportsbook | Quick & Easy Sports Bets at Leon,,Online Casino & Sportsbook
casinolevant.com,casinolevant,0,Nova Data Solutions B.V.,OGL/2024/1220/0573,Curacao,active,"July 5, 2026",no,casinolevant.com,not contacted,,yes,200,Casinolevant Güncel Giriş Adresi 2026 | Casinolevant Resmi Yeni Giriş Linki | Kesintisiz C,,Casinolevant Güncel Giriş Adresi 2026
sanscasino.com,sanscasino,0,Nova Data Solutions B.V.,OGL/2024/1220/0573,Curacao,active,"July 5, 2026",no,sanscasino.com,not contacted,,yes,200,Şans Casino Giriş Yap - En Çok Kazandıran Slot Sitesi,,Şans Casino Giriş Yap
vidobet.com,vidobet,0,Nova Data Solutions B.V.,OGL/2024/1220/0573,Curacao,active,"July 5, 2026",no,vidobet.com,not contacted,,yes,200,"Vidobet Para Yatırma ve Çekme: Papara, Kripto ve Havale",,Vidobet Para Yatırma ve Çekme
r7.bet,r,0,One Internet B.V.,OGL/2024/1053/0486,Curacao,active,"May 23, 2026",no,r7.bet,not contacted,,yes,200,R7.BET - Apostas Esportivas e Cassino ao Vivo com Saque Instantâneo!,,R7.BET
paripesa.com,paripesa,0,Optim Development B.V.,OGL/2024/225/0601,Curacao,assessment in progress,"January 16, 2026",no,paripesa.com,not contacted,,yes,203,,,
tedbet.com,tedbet,0,Owl In N.V.,OGL/2024/774/0362,Curacao,active,"March 7, 2026",no,tedbet.com,not contacted,,yes,200,Region restrictions,,Region restrictions
betsat.com,betsat,3,Poligon Entertainment N.V.,OGL/2024/815/0653,Curacao,active,"March 7, 2026",no,betsat.com betsat1521.com betsat1522.com betsat1397.com,not contacted,,yes,200,Betsat Giriş — Betsat Güncel Giriş Adresi 2026,,Betsat Giriş
turkbet.io,turkbet,2,Poligon Entertainment N.V.,OGL/2024/815/0653,Curacao,active,"March 7, 2026",no,turkbet.io 694turkbet.com 693turkbet.com,not contacted,,yes,200,Turkbet Bahis Sitesi - Türkiye'nin Bahis Sitesi,,Turkbet Bahis Sitesi
juliuscasino.com,juliuscasino,0,Red Digital N.V.,OGL/2024/1275/0771,Curacao,revoked,,no,juliuscasino.com,not contacted,,yes,200,Access Restricted,,Access Restricted
cassinopix.com,cassinopix,0,Superbet88 International N.V.,OGL/2024/1619/0872,Curacao,active,"March 9, 2026",no,cassinopix.com,not contacted,,yes,200,Cassino BET | Plataforma Online no Brasil | Pix e Segurança - Cassino.Bet.Br,,Cassino BET
aztecspinz.com,aztecspinz,0,SureWin B.V.,OGL/2024/1341/0995,Curacao,active,"May 23, 2026",no,aztecspinz.com,not contacted,,yes,200,Aztec Spins,,Aztec Spins
double8.bet,double,0,Unlimited Solutions B.V.,OGL/2024/607/0254,Curacao,revoked,,no,double8.bet,not contacted,,yes,200,Domain parked by OnlyDomains,URLError,Domain parked by OnlyDomains
ninecasino.com,ninecasino,1,Uno Digital Media B.V.,OGL/2024/1267/0760,Curacao,active,"November 9, 2025",no,ninecasino.com ninecasino1.com,not contacted,,yes,200,Nine Casino Official Site ᐉ Ninecasino Login,,
elitbahis.com,elitbahis,0,Venus International B.V.,OGL/2024/1127/0766,Curacao,active,"April 29, 2026",no,elitbahis.com,not contacted,,yes,200,Elitbahis Giriş Ve Kayıt - Elitbahis Güncel Giriş Adresi,,Elitbahis Giriş Ve Kayıt
metrobahis.com,metrobahis,0,Venus International B.V.,OGL/2024/1127/0766,Curacao,active,"April 29, 2026",no,metrobahis.com,not contacted,,yes,200,Metrobahis - Metrobahis - Giriş - Güncel - 2026,,Metrobahis
v.vegas,v,0,Whitebox B.V.,OGL/2024/822/0338,Curacao,active,"April 14, 2026",no,v.vegas,not contacted,,yes,200,"V Vegas Casino Online | Slots, Live Games & Bonuses",,V Vegas Casino Online
wrbet.me,wrbet,0,Zeno Club B.V.,OGL/2024/401/0680,Curacao,active,"March 5, 2026",no,wrbet.me,not contacted,,yes,200,Wrbet Kenya casino online| up to 100% bonus,,Wrbet Kenya casino online
324bet.com,bet,0,50 Gold B.V.,OGL/2024/1144/0972,Curacao,active,"March 30, 2026",no,324bet.com,not contacted,,yes,200,324bet,,324bet
betzillocasino.com,betzillocasino,0,AMNM B.V.,OGL/2024/1149/0634,Curacao,active,"January 3, 2026",no,betzillocasino.com,not contacted,,yes,200,Online Casino for Real Money | Betzillo,,Online Casino for Real Money
voltacasino.com,voltacasino,0,Agenics N.V.,OGL/2024/1309/0602,Curacao,active,"November 9, 2025",no,voltacasino.com,not contacted,,yes,200,Play online for money | Casino Volta,,Play online for money
vostokcasino.com,vostokcasino,0,Agenics N.V.,OGL/2024/1309/0602,Curacao,active,"November 9, 2025",no,vostokcasino.com,not contacted,,yes,200,Play online for money | Casino Volta,,Play online for money
winwin.bet,winwin,0,Alasia Soft B.V.,OGL/2024/433/0399,Curacao,assessment in progress,"December 24, 2025",no,winwin.bet,not contacted,,yes,203,,,
ww-bet.com,wwbet,0,Alasia Soft B.V.,OGL/2024/433/0399,Curacao,assessment in progress,"December 24, 2025",no,ww-bet.com,not contacted,,yes,203,,,
slots.lv,slots,0,Arbol Media B.V.,OGL/2024/670/0711,Curacao,active,"July 14, 2026",no,slots.lv,not contacted,,yes,200,SlotsLV | Online Slots | Real money slots,,SlotsLV
cafecasino.lv,cafecasino,0,Arbol Media B.V.,OGL/2024/670/0711,Curacao,active,"July 14, 2026",no,cafecasino.lv,not contacted,,yes,200,Online Casino | Real Money Games | Cafe Casino,,Online Casino
arrowexch.com,arrowexch,0,Arrow Wood N.V.,OGL/2024/2289/1184,Curacao,active,"March 28, 2026",no,arrowexch.com,not contacted,,yes,200,Arrow Exchange,,Arrow Exchange
thearrowwood.com,thearrowwood,0,Arrow Wood N.V.,OGL/2024/2289/1184,Curacao,active,"March 28, 2026",no,thearrowwood.com,not contacted,,yes,200,Arrow Wood,,Arrow Wood
jonbet.io,jonbet,1,Ascend Entertainment N.V.,OGL/2024/1467/0728,Curacao,assessment in progress,"December 24, 2025",no,jonbet.io jonbet.com,not contacted,,yes,200,,,
jon.bet,jon,0,Ascend Entertainment N.V.,OGL/2024/1467/0728,Curacao,assessment in progress,"December 24, 2025",no,jon.bet,not contacted,,yes,200,,,
betgr8.com,betgr,0,BG8 Entertainment N.V.,OGL/2024/1657/1069,Curacao,active,"April 14, 2026",no,betgr8.com,not contacted,,yes,200,Betgr8 | Join today | High Sports Betting Odds | Large Betting Markets,,Betgr8
betgreat.com,betgreat,0,BG8 Entertainment N.V.,OGL/2024/1657/1069,Curacao,active,"April 14, 2026",no,betgreat.com,not contacted,,yes,200,Betgr8 | Join today | High Sports Betting Odds | Large Betting Markets,,Betgr8
fantasino.com,fantasino,0,Bamla Limited N.V.,OGL/2024/1258/0552,Curacao,active,"April 16, 2026",no,fantasino.com,not contacted,,yes,200,Hello There!,,Hello There!
rioplay.com,rioplay,0,Bamla Limited N.V.,OGL/2024/1258/0552,Curacao,active,"April 16, 2026",no,rioplay.com,not contacted,,yes,200,Hello There!,,Hello There!
gogoroyal.com,gogoroyal,0,Bet n Play Solution B.V.,OGL/2024/927/1070,Curacao,active,"April 21, 2026",no,gogoroyal.com,not contacted,,yes,200,GOGOROYAL :: Bienvenid@,,GOGOROYAL
betsala.com,betsala,1,Betsala B.V.,OGL/2024/1506/0854,Curacao,assessment in progress,"December 24, 2025",no,betsala.com betsala11.com,not contacted,,yes,200,Apuestas Deportivas y Casino online en Chile | Betsala,,
playsala.com,playsala,0,Betsala B.V.,OGL/2024/1506/0854,Curacao,assessment in progress,"December 24, 2025",no,playsala.com,not contacted,,yes,200,PlaySala Chile - El Casino más divertido de Chile.,,PlaySala Chile
banger.casino,banger,0,Bettor IO N.V.,OGL/2024/1699/1163,Curacao,active,"March 23, 2026",no,banger.casino,not contacted,,yes,200,Casino | Real Money Casino Games | Best Online Slot,,Casino
glory.casino,glory,0,Bettor IO N.V.,OGL/2024/1699/1163,Curacao,active,"March 23, 2026",no,glory.casino,not contacted,,yes,200,Casino | Real Money Casino Games | Best Online Slot,,Casino
betandreas.com,betandreas,0,Bizbon N.V.,OGL/2024/597/0249,Curacao,active,"March 23, 2026",no,betandreas.com,not contacted,,yes,200,,,
mostbet.com,mostbet,0,Bizbon N.V.,OGL/2024/597/0249,Curacao,active,"March 23, 2026",no,mostbet.com,not contacted,,yes,200,Mostbet official website,,Mostbet official website
lil.bet,lil,0,Blackbelt N.V.,OGL/2024/131/0296,Curacao,assessment in progress,"December 24, 2025",no,lil.bet,not contacted,,yes,203,,,
a360.bet,a,0,Borondoso B.V.,OGL/2024/1041/0856,Curacao,assessment in progress,"December 24, 2025",no,a360.bet,not contacted,,yes,203,,,
apuesta360.com,apuesta,0,Borondoso B.V.,OGL/2024/1041/0856,Curacao,assessment in progress,"December 24, 2025",no,apuesta360.com,not contacted,,yes,203,,,
bodog.io,bodog,0,Caravan Media B.V.,OGL/2024/674/0714,Curacao,assessment in progress,"December 27, 2025",no,bodog.io,not contacted,,yes,200,Yoyocasino.com: Online Casino and Slots Games for Real Money,,Yoyocasino.com
ozoon.eu,ozoon,0,Caravan Media B.V.,OGL/2024/674/0714,Curacao,assessment in progress,"December 27, 2025",no,ozoon.eu,not contacted,,yes,200,"Sportsbook, Casino and Poker at Ozoon Canada",,
pincowins.com,pincowins,0,Carlitta N.V.,OGL/2024/1516/0841,Curacao,assessment in progress,"December 24, 2025",no,pincowins.com,not contacted,,yes,200,,,
dongamble.com,dongamble,0,Code Harbor N.V.,OGL/2024/486/0261,Curacao,assessment in progress,"December 24, 2025",no,dongamble.com,not contacted,,yes,201,401 - Unauthorized,,401
betone.com,betone,0,Continent Gaming N.V.,OGL/2024/1332/0669,Curacao,assessment in progress,"December 24, 2025",no,betone.com,not contacted,,yes,200,Online Crypto Casino & Sports Betting 💎 CHEXX,,
chexx.bet,chexx,0,Continent Gaming N.V.,OGL/2024/1332/0669,Curacao,assessment in progress,"December 24, 2025",no,chexx.bet,not contacted,,yes,200,Online Crypto Casino & Sports Betting 💎 CHEXX,,
grandelix.com,grandelix,0,Disrupt Entertainment Limited N.V.,OGL/2024/668/0844,Curacao,active,"January 1, 2026",no,grandelix.com,not contacted,,yes,200,,,
slots99.io,slots,0,Disrupt Entertainment Limited N.V.,OGL/2024/668/0844,Curacao,active,"January 1, 2026",no,slots99.io,not contacted,,yes,200,,,
spinado.com,spinado,0,Double Entertainment N.V.,OGL/2024/1650/0921,Curacao,active,"January 23, 2026",no,spinado.com,not contacted,,yes,200,Spinado Casino,,Spinado Casino
twistercasino.com,twistercasino,0,Double Entertainment N.V.,OGL/2024/1650/0921,Curacao,active,"January 23, 2026",no,twistercasino.com,not contacted,,yes,200,Twister Casino,,Twister Casino
bigwin.com,bigwin,0,EastPoint Operations B.V.,OGL/2024/1093/0504,Curacao,active,"April 28, 2026",no,bigwin.com,not contacted,,yes,200,Bigwin | Aina voi voittaa,,Bigwin
bigwins.com,bigwins,0,EastPoint Operations B.V.,OGL/2024/1093/0504,Curacao,active,"April 28, 2026",no,bigwins.com,not contacted,,yes,200,Big Wins – Parhaat nettikasinot 2025 – voittajien valinnat,,Big Wins
pokerplanets.com,pokerplanets,0,Entertainment Planets B.V.,OGL/2024/1469/0855,Curacao,assessment in progress,"December 24, 2025",no,pokerplanets.com,not contacted,,yes,200,PokerPlanets ᐈ Official Site,,PokerPlanets ᐈ Official Site
coldbet.com,coldbet,0,Game2Net B.V.,OGL/2024/296/1093,Curacao,active,"August 2, 2026",no,coldbet.com,not contacted,,yes,203,,,
sprutcasino.com,sprutcasino,0,Game2Net B.V.,OGL/2024/296/1093,Curacao,active,"August 2, 2026",no,sprutcasino.com,not contacted,,yes,200,Ласкаво просимо,,Ласкаво просимо
fridayspin.com,fridayspin,0,Gaminara N.V.,OGL/2024/2173/1161,Curacao,active,"April 3, 2026",no,fridayspin.com,not contacted,,yes,200,ᐈ fridayspin - Play Slots Online For Free or Real Money,,ᐈ fridayspin
rollambia.com,rollambia,0,Gaminara N.V.,OGL/2024/2173/1161,Curacao,active,"April 3, 2026",no,rollambia.com,not contacted,,yes,200,ᐈ Rollambia - Play Slots Online For Free or Real Money,,ᐈ Rollambia
craze.casino,craze,0,Gatepost N.V.,OGL/2024/640/0176,Curacao,assessment in progress,"December 24, 2025",yes,craze.casino,not contacted,,yes,200,Craze Casino,,Craze Casino
gameszapped.com,gameszapped,0,Get Zapped Gaming N.V.,OGL/2024/1592/0901,Curacao,active,"August 19, 2026",no,gameszapped.com,not contacted,,yes,200,,,
spinza.co.za,co,2,Gleneagles B.V.,OGL/2024/1242/0772,Curacao,active,"April 3, 2026",no,spinza.co.za jackpot.co.za playlive.co.za,not contacted,,yes,200,Get A 200% Welcome Bonus at South Africa's Largest Casino | Spinza,,
golden-winners.com,goldenwinners,0,Gleneagles B.V.,OGL/2024/1242/0772,Curacao,active,"April 3, 2026",no,golden-winners.com,not contacted,,yes,200,,,
betssen.com,betssen,0,Great BDG Randon Entertainment N.V.,OGL/2024/544/0557,Curacao,active,"April 28, 2026",no,betssen.com,not contacted,,yes,200,BETSSEN - Sportsbook | Casino | Live Games | Poker,,BETSSEN
baocasino.com,baocasino,0,Highbet B.V.,OGL/2024/295/0600,Curacao,assessment in progress,"January 21, 2026",no,baocasino.com,not contacted,,yes,200,Online Casino BAO Casino,,Online Casino BAO Casino
grandzbet.com,grandzbet,1,Inovaplay B.V.,OGL/2024/221/0534,Curacao,active,"August 12, 2026",no,grandzbet.com grandzbet7.com,not contacted,,yes,200,Grandz Bet: Sports Betting and Online Casino,,Grandz Bet
spacefortuna.com,spacefortuna,1,Inovaplay B.V.,OGL/2024/221/0534,Curacao,active,"August 12, 2026",no,spacefortuna.com spacefortuna7.com,not contacted,,yes,200,🚀 Space Fortuna™ ▷ Enjoy The Best Games & Bonuses Online!,,
fan-sport.com,fansport,0,Interactive Betting N.V.,OGL/2024/537/0691,Curacao,assessment in progress,"December 24, 2025",no,fan-sport.com,not contacted,,yes,203,,,
top-bet.com,topbet,0,Interactive Betting N.V.,OGL/2024/537/0691,Curacao,assessment in progress,"December 24, 2025",no,top-bet.com,not contacted,,yes,203,,,
betongame.com,betongame,0,Kromstex B.V.,OGL/2024/313/0337,Curacao,assessment in progress,"December 24, 2025",no,betongame.com,not contacted,,yes,203,,,
funpari.com,funpari,0,Kromstex B.V.,OGL/2024/313/0337,Curacao,assessment in progress,"December 24, 2025",no,funpari.com,not contacted,,yes,203,,,
sportsbits.com,sportsbits,0,Liquid Entertainment N.V.,OGL/2024/1507/0838,Curacao,assessment in progress,"December 24, 2025",no,sportsbits.com,not contacted,,yes,200,Duelbits: Online Sports Betting & Crypto Casino - Live odds BTC Casino,,Duelbits
1king.com,king,1,Losartez B.V.,OGL/2024/1441/0693,Curacao,active,"January 31, 2026",no,1king.com 1king.one,not contacted,,yes,200,...,,...
lukscasino.com,lukscasino,0,Losartez B.V.,OGL/2024/1441/0693,Curacao,active,"January 31, 2026",no,lukscasino.com,not contacted,,yes,200,...,,...
luckytony.com,luckytony,0,Magic Stones N.V.,OGL/2024/566/0462,Curacao,active,"March 26, 2026",no,luckytony.com,not contacted,,yes,200,Lucky Tony Casino,,Lucky Tony Casino
magic365.com,magic,0,Magic Stones N.V.,OGL/2024/566/0462,Curacao,active,"March 26, 2026",no,magic365.com,not contacted,,yes,200,Magic365 Casino,,Magic365 Casino
samogon.bet,samogon,0,Mamba Edge B.V.,OGL/2024/976/0894,Curacao,assessment in progress,"December 24, 2025",no,samogon.bet,not contacted,,yes,200,SAMOGON,,SAMOGON
vodka.bet,vodka,0,Mamba Edge B.V.,OGL/2024/976/0894,Curacao,assessment in progress,"December 24, 2025",no,vodka.bet,not contacted,,yes,200,VODKA,,VODKA
csgoempire.gg,csgoempire,18,Moonrail Limited B.V.,OGL/2024/1183/0869,Curacao,active,"March 30, 2026",no,csgoempire.gg csgoempire.io csgoempire.com csgoempire.top csgoempire.win csgoempire.cam csgoempire.boo csgoempire.onl,not contacted,,yes,200,The most trusted Counter-Strike Skin Gambling Site,,The most trusted Counter
csgoempirev2.com,csgoempirev,0,Moonrail Limited B.V.,OGL/2024/1183/0869,Curacao,active,"March 30, 2026",no,csgoempirev2.com,not contacted,,yes,200,The most trusted Counter-Strike Skin Gambling Site,,The most trusted Counter
fastpari-afro.com,fastpariafro,0,Mystic Glitter B.V.,OGL/2024/997/0945,Curacao,assessment in progress,"December 24, 2025",no,fastpari-afro.com,not contacted,,yes,200,FastPari,,FastPari
fastpari.com,fastpari,0,Mystic Glitter B.V.,OGL/2024/997/0945,Curacao,assessment in progress,"December 24, 2025",no,fastpari.com,not contacted,,yes,200,FastPari ᐉ Online Sports Betting ᐉ FastPari Online Bookmaker Log In ᐉ fastpari.com,,
betbuq.com,betbuq,0,NewGenx N.V.,OGL/2024/1234/0896,Curacao,active,"June 6, 2026",no,betbuq.com,not contacted,,yes,200,Betbuq Sportbook,,Betbuq Sportbook
vivafortuna.casino,vivafortuna,0,NewGenx N.V.,OGL/2024/1234/0896,Curacao,active,"June 6, 2026",no,vivafortuna.casino,not contacted,,yes,200,Vivafortuna,,Vivafortuna
rocket.run,rocket,0,Ninetynine N.V.,OGL/2023/166/0071,Curacao,assessment in progress,"December 24, 2025",no,rocket.run,not contacted,,yes,200,Rocket.run | Easy Winning Crypto Gambling | ★Get Lucky★,,Rocket.run
wayyy.com,wayyy,0,Ninetynine N.V.,OGL/2023/166/0071,Curacao,assessment in progress,"December 24, 2025",no,wayyy.com,not contacted,,yes,200,Wayyy: Premier Crypto Casino & Sports Betting,,Wayyy
wild.io,wild,0,Nonce Gaming B.V.,OGL/2024/210/0198,Curacao,active,"April 14, 2026",no,wild.io,not contacted,,yes,200,Wild.io - Bitcoin & Crypto Casino with Instant Withdrawals,,Wild.io
odds4sports.com,oddssports,0,Ole Group International B.V.,OGL/2024/1358/1233,Curacao,active,"July 25, 2026",no,odds4sports.com,not contacted,,yes,200,Odds4Sports | Best Bookmakers & Exchanges in one Platform,,Odds4Sports
jvspin.com,jvspin,0,Orakum N.V.,OGL/2024/586/0786,Curacao,active,"March 28, 2026",no,jvspin.com,not contacted,,yes,203,Access to website is restricted,,Access to website is restricted
boostwin.com,boostwin,0,Playora B.V.,OGL/2024/456/0257,Curacao,assessment in progress,"December 24, 2025",no,boostwin.com,not contacted,,yes,200,BoostWin,,BoostWin
go-habibi.com,gohabibi,0,Playora B.V.,OGL/2024/456/0257,Curacao,assessment in progress,"December 24, 2025",no,go-habibi.com,not contacted,,yes,200,GoHabibi,,GoHabibi
jackpotraider.com,jackpotraider,0,Pointissimo B.V.,OGL/2024/969/1019,Curacao,active,"March 26, 2026",no,jackpotraider.com,not contacted,,yes,200,ᐈ JackpotRaider - Play Slots Online For Free or Real Money,,ᐈ JackpotRaider
ninewin.com,ninewin,0,Pointissimo B.V.,OGL/2024/969/1019,Curacao,active,"March 26, 2026",no,ninewin.com,not contacted,,yes,200,ᐈ Casino Online and Mobile,,ᐈ Casino Online and Mobile
blaze.com,blaze,1,Prolific Trade N.V.,OGL/2024/1415/0636,Curacao,assessment in progress,"December 24, 2025",no,blaze.com blaze1.space,not contacted,,yes,200,Blaze - The Most Exclusive Online Gaming Platform!,,Blaze
blaze.bet.br,bet,0,Prolific Trade N.V.,OGL/2024/1415/0636,Curacao,assessment in progress,"December 24, 2025",no,blaze.bet.br,not contacted,,yes,200,Blaze - The Most Exclusive Online Gaming Platform!,,Blaze
dreamroyale.com,dreamroyale,0,Raeen Exchange N.V.,OGL/2024/1743/0960,Curacao,active,"January 22, 2026",no,dreamroyale.com,not contacted,,yes,200,Dream Royale | Fastest Withdrawals & Trusted Crypto Casino,,Dream Royale
realreelscasino.com,realreelscasino,0,River Entertainment B.V.,OGL/2024/688/0234,Curacao,active,"April 14, 2026",no,realreelscasino.com,not contacted,,yes,200,,,
kilogram.club,kilogram,0,Snowdunes B.V.,OGL/2024/604/0267,Curacao,active,"April 28, 2026",no,kilogram.club,not contacted,,yes,200,"Kilogram Club — онлайн-казино, слоты и бонусы каждый день",,Kilogram Club
interwin.com,interwin,0,Starlink International N.V.,OGL/2024/543/0614,Curacao,active,"April 23, 2026",yes,interwin.com,not contacted,,yes,200,Interwin | Trusted Online Casino Malaysia - Mega888 Slot Partner,,Interwin
marsbahis.com,marsbahis,483,Stella Tech B.V.,OGL/2024/1292/0546,Curacao,assessment in progress,"December 24, 2025",no,marsbahis.com mobile.marsbahis.com 2014marsbahis.com 2100marsbahis.com 2173marsbahis.com 2197marsbahis.com 2030marsbahis.com 2141marsbahis.com,not contacted,,yes,200,Marsbahis Giriş - Marsbahis Güncel Adres ve Üyelik,,Marsbahis Giriş
apuesterapido.com,apuesterapido,0,Twins Games N.V.,OGL/2024/1681/0917,Curacao,active,"March 3, 2026",no,apuesterapido.com,not contacted,,yes,200,"Apuesta Rápido Bet | Juga Cuotas Deportivas, Casino y UFC",,Apuesta Rápido Bet
bonkersbet.com,bonkersbet,0,Velorum Corporation N.V.,OGL/2024/1384/0627,Curacao,active,"June 4, 2026",no,bonkersbet.com,not contacted,,yes,200,BonkersBet.com,,BonkersBet.com
star7.casino,star,0,Velorum Corporation N.V.,OGL/2024/1384/0627,Curacao,active,"June 4, 2026",no,star7.casino,not contacted,,yes,200,Star7 | Sports & In-Play | Casino & Live-Casino,,Star7
bboro.com,bboro,0,Webmedia Development N.V.,OGL/2024/884/0471,Curacao,active,"March 5, 2026",no,bboro.com,not contacted,,yes,200,Sports betting|Premier league betting odds,,Sports betting
betjordan.com,betjordan,0,Y Enterprises B.V.,OGL/2024/1123/0641,Curacao,active,"January 3, 2026",no,betjordan.com,not contacted,,yes,200,BetJordan™ | Your LIMITLESS Online Casino & Sports Betting,,BetJordan™
qizilbilet.com,qizilbilet,0,Yungmetro B.V.,OGL/2024/1038/0879,Curacao,assessment in progress,"December 24, 2025",no,qizilbilet.com,not contacted,,yes,200,qizilbilet.com,URLError,qizilbilet.com
yohoho.bet,yohoho,0,Yungmetro B.V.,OGL/2024/1038/0879,Curacao,assessment in progress,"December 24, 2025",no,yohoho.bet,not contacted,,yes,200,"Online sports YoHoHo betting, casino and slots ᐉ Yohohobet online bookmaker log in ᐉ yohoh",,
jb.com,jb,0,Zozo Technology B.V.,OGL/2024/1519/0809,Curacao,assessment in progress,"December 24, 2025",no,jb.com,not contacted,,yes,200,JB.GAME: Crypto Casino Games & Casino Slot Games - Crypto Gambling,,JB.GAME
zozo.fan,zozo,0,Zozo Technology B.V.,OGL/2024/1519/0809,Curacao,assessment in progress,"December 24, 2025",no,zozo.fan,not contacted,,yes,200,ZOZO FAN,,ZOZO FAN
123loterias.com,loterias,0,123 Global Media B.V.,OGL/2024/911/0710,Curacao,assessment in progress,"December 24, 2025",no,123loterias.com,not contacted,,yes,200,123loterias ∙ Juega tus loterías favoritas por internet,,
8xbet.com,xbet,1,978 Tech N.V.,OGL/2024/1261/0718,Curacao,active,"August 22, 2026",no,8xbet.com 8xbet.biz,not contacted,,yes,200,8Xbet – Trusted Online Betting Brand with Teddy Sheringham & Premier League Partnerships,,8Xbet
efbet.net,efbet,0,AE Group B.V.,OGL/2024/216/0606,Curacao,active,"August 21, 2026",no,efbet.net,not contacted,,yes,200,"Online Sports Betting, Live Casino, Games and More | efbet",,
8.io,8.io,0,Adda Entertainment NV,OGL/2023/142/0073,Curacao,revoked,,no,8.io,not contacted,,yes,200,8.io Exclusive Crypto Casino Club - Members Only,,8.io Exclusive Crypto Casino Club
sbx.com,sbx,0,Aftermath B.V.,OGL/2024/2082/1136,Curacao,active,"July 22, 2026",no,sbx.com,not contacted,,yes,200,SBX — Coming Soon,,SBX
roboroll.io,roboroll,0,Amaterasu N.V.,OGL/2024/1594/0956,Curacao,active,"January 22, 2026",no,roboroll.io,not contacted,,yes,200,"RoboRoll | Crypto Casino, Sports Betting & Prediction Markets",,RoboRoll
scarletcasino.com,scarletcasino,0,Apex Analytica N.V.,OGL/2024/762/0569,Curacao,assessment in progress,"January 17, 2026",no,scarletcasino.com,not contacted,,yes,200,"Best Online Casino with a $10,000 Bonus | Scarlet Casino Casino",,"Best Online Casino with a $10,000 Bonus"
slotclover.com,slotclover,0,Aspera Operations B.V.,OGL/2024/1068/0572,Curacao,assessment in progress,"December 24, 2025",no,slotclover.com,not contacted,,yes,200,,,
malibuclubcasino.io,malibuclubcasino,1,Audeo N.V.,OGL/2024/1534/0834,Curacao,active,"January 22, 2026",no,malibuclubcasino.io malibuclubcasino.com,not contacted,,yes,200,Malibu Club,,Malibu Club
pg-play.com,pgplay,0,Axum B.V.,OGL/2024/196/0574,Curacao,active,"July 22, 2026",no,pg-play.com,not contacted,,yes,200,Country blocked,,Country blocked
beastone.co,beastone,0,Beastone N.V.,OGL/2024/390/0122,Curacao,assessment in progress,"December 24, 2025",no,beastone.co,not contacted,,yes,200,Beastone,,Beastone
ubet.io,ubet,0,BetU Curacao B.V.,OGL/2024/1064/0761,Curacao,active,"April 28, 2026",no,ubet.io,not contacted,,yes,200,UBET.io — Fast Crypto Casino Games & Instant Deposits,,UBET.io
betjam.com,betjam,0,Betquest B.V.,OGL/2024/832/0423,Curacao,assessment in progress,"December 24, 2025",no,betjam.com,not contacted,,yes,203,,,
satoshihero.com,satoshihero,1,Bitplay Global B.V.,OGL/2024/201/0270,Curacao,active,"April 14, 2026",no,satoshihero.com satoshihero.net,not contacted,,yes,200,"Satoshi Hero — Bitcoin & Crypto Casino, 5,000+ Games",,Satoshi Hero
bk8br.com,bkbr,0,Black Hawk Technology B.V.,OGL/2024/132/1011,Curacao,active,"May 19, 2026",no,bk8br.com,not contacted,,yes,200,,,
bethype.com,bethype,0,Boost Gaming N.V.,OGL/2024/906/0375,Curacao,assessment in progress,"December 24, 2025",no,bethype.com,not contacted,,yes,200,BetHype Casino | Top Crypto Slots & Table Games,,BetHype Casino
bumbet.com,bumbet,0,Brindisa Media N.V.,OGL/2024/698/0579,Curacao,assessment in progress,"December 24, 2025",no,bumbet.com,not contacted,,yes,200,Melhor casino e apostas esportivas online do Brasil | Bumbet,,
tigerbet247.com,tigerbet,0,CW Investments N.V.,OGL/2024/285/0330,Curacao,active,"June 9, 2026",no,tigerbet247.com,not contacted,,yes,200,Online Casino – 200% Bonus up to $500 + Fast Payouts | TigerBet247,,Online Casino
parimatchs1.com,parimatchs,2,Castianes B.V.,OGL/2024/1329/0629,Curacao,assessment in progress,"December 27, 2025",no,parimatchs1.com parimatchs12.com parimatchs123.com,not contacted,,yes,200,...,,...
fairpari.com,fairpari,0,Centrald B.V.,OGL/2024/1143/0865,Curacao,assessment in progress,"December 24, 2025",no,fairpari.com,not contacted,,yes,203,,,
centrum-global.com,centrumglobal,0,Centrum Global B.V.,OGL/2024/1046/0451,Curacao,active,"April 9, 2026",no,centrum-global.com,not contacted,,yes,200,CENTRUM GLOBAL,,CENTRUM GLOBAL
betnimbus.com,betnimbus,0,City Limit B.V.,OGL/2024/1286/0529,Curacao,assessment in progress,"December 24, 2025",no,betnimbus.com,not contacted,,yes,200,,,
xolotto.com,xolotto,0,Clubhouse Media N.V.,OGL/2024/821/1033,Curacao,active,"February 5, 2026",no,xolotto.com,not contacted,,yes,200,,,
livebetline.com,livebetline,0,Complex Technologies B.V.,OGL/2024/334/0243,Curacao,assessment in progress,"December 24, 2025",no,livebetline.com,not contacted,,yes,200,LiveBetLine,,LiveBetLine
ignitionpoker.com,ignitionpoker,0,Connaught Media B.V.,OGL/2024/625/0719,Curacao,assessment in progress,"January 7, 2026",no,ignitionpoker.com,not contacted,,yes,200,Ignition Poker - Your place to play online,,Ignition Poker
cosmosbett.com,cosmosbett,0,Cosmos Interactive Entertainment N.V.,OGL/2024/1748/0967,Curacao,active,"January 3, 2026",no,cosmosbett.com,not contacted,,yes,200,Cosmos Casino,,Cosmos Casino
winebet.com,winebet,0,Cupwin B.V.,OGL/2024/834/0422,Curacao,assessment in progress,"December 24, 2025",no,winebet.com,not contacted,,yes,203,,,
keint.co,keint,0,Cutter Five N.V.,OGL/2024/764/0571,Curacao,revoked,,no,keint.co,not contacted,,yes,200,KE International Limited N.V.,,KE International Limited N.V.
dazard.club,dazard,0,Dama N.V.,OGL/2023/174/0082,Curacao,assessment in progress,"December 24, 2025",no,dazard.club,not contacted,,yes,200,,URLError,
sporttyp.com,sporttyp,0,Delphin Blue Ocean B.V.,OGL/2024/657/0248,Curacao,active,"July 31, 2026",no,sporttyp.com,not contacted,,yes,200,Sporttyp,,Sporttyp
portebet.com,portebet,0,Doubled B.V.,OGL/2024/1015/0870,Curacao,assessment in progress,"December 24, 2025",no,portebet.com,not contacted,,yes,203,,,
bet-football.com,betfootball,0,Dynamik Marketing B.V.,OGL/2024/1313/0727,Curacao,active,"March 3, 2026",no,bet-football.com,not contacted,,yes,200,Bet Football - Register now to Official Orbit Exchange Platform - EXCLUSIVE BETTING SERVIC,,Bet Football
tg6.com,tg,0,Edge Five Entertainment B.V.,OGL/2024/938/1131,Curacao,active,"March 27, 2026",no,tg6.com,not contacted,,yes,200,Redirecting...,,Redirecting...
mostbet88.com,mostbet,0,Evolut Interactive N.V.,OGL/2024/421/0223,Curacao,active,"March 26, 2026",no,mostbet88.com,not contacted,,yes,200,Mostbet88,,Mostbet88
wlscasino.com,wlscasino,0,Faraday Online N.V.,OGL/2024/943/0431,Curacao,active,"March 17, 2026",no,wlscasino.com,not contacted,,yes,200,,,
plump.com,plump,0,Forward Solutions B.V.,OGL/2024/1226/0898,Curacao,active,"April 2, 2026",yes,plump.com,not contacted,,yes,200,Plump,,Plump
betpari.com,betpari,0,G2 Tech B.V.,OGL/2024/987/0597,Curacao,assessment in progress,"December 24, 2025",no,betpari.com,not contacted,,yes,203,,,
casinoglory.com,casinoglory,0,GMFY Tech N.V.,OGL/2024/1586/0788,Curacao,active,"June 11, 2026",no,casinoglory.com,not contacted,,yes,200,Casino Glory - Play Free Casino Games Online | No Download Required,,Casino Glory
gambulls.com,gambulls,0,Gambulls N.V.,OGL/2024/453/0439,Curacao,active,"July 25, 2026",no,gambulls.com,not contacted,,yes,200,"Gambulls Crypto Casino | Slots, Live Casino & Sports Betting",,Gambulls Crypto Casino
bz.com,bz,0,Genco Pura B.V.,OGL/2024/1496/0934,Curacao,active,"May 9, 2026",no,bz.com,not contacted,,yes,200,,,
howl.gg,howl,0,Genius Touch B.V.,OGL/2024/1638/1028,Curacao,active,"February 28, 2026",no,howl.gg,not contacted,,yes,200,Howl - Open a Free Daily Case | Gamble Crypto On Slots,,Howl
vippari.bet,vippari,0,Geosix B.V.,OGL/2024/316/0598,Curacao,assessment in progress,"December 24, 2025",no,vippari.bet,not contacted,,yes,203,,,
lotteryworld.com,lotteryworld,0,Go East B.V.,OGL/2024/1044/0452,Curacao,revoked,,no,lotteryworld.com,not contacted,,yes,200,Buy Lottery Online | LotteryWorld,,Buy Lottery Online
godbunny.com,godbunny,0,Godbunny B.V.,OGL/2024/199/0868,Curacao,active,"July 3, 2026",no,godbunny.com,not contacted,,yes,200,GodBunny,,GodBunny
zenobet.com,zenobet,0,Golden Frog N.V.,OGL/2024/913/0609,Curacao,active,"March 23, 2026",yes,zenobet.com,not contacted,,yes,200,Zenobet - Premium Online Casino & Sports Betting,,Zenobet
tipobet.com,tipobet,1,Grace Bay B.V.,OGL/2024/1287/0535,Curacao,assessment in progress,"December 24, 2025",yes,tipobet.com tipobet365.com,not contacted,,yes,200,Tipobet Güncel Giriş Adresi,,Tipobet Güncel Giriş Adresi
callibet.com,callibet,0,Green Point Technology N.V.,OGL/2024/256/0304,Curacao,assessment in progress,"December 24, 2025",no,callibet.com,not contacted,,yes,200,...,,...
ppwin.com,ppwin,0,Greenwich N.V.,OGL/2024/1385/0658,Curacao,assessment in progress,"December 24, 2025",no,ppwin.com,not contacted,,yes,200,PPWIN,,PPWIN
cloudbet.com,cloudbet,0,Halcyon Super Holdings B.V.,OGL/2024/328/0599,Curacao,active,"May 23, 2026",no,cloudbet.com,not contacted,,yes,200,Cloudbet: Play on the Best Online Crypto Casino & Sportsbook,,Cloudbet
instaslots.com,instaslots,0,High Seas N.V.,OGL/2024/1533/0769,Curacao,assessment in progress,"December 24, 2025",no,instaslots.com,not contacted,,yes,200,Instaslots - A New Online Casino With Weekly Cashback,,Instaslots
zumibet.com,zumibet,0,ILP Trading B.V.,OGL/2024/1119/0593,Curacao,active,"December 11, 2025",no,zumibet.com,not contacted,,yes,200,Zumibet,,Zumibet
timelesstech.io,timelesstech,0,Innova Hub B.V.,OGL/2024/368/0697,Curacao,active,"August 13, 2026",no,timelesstech.io,not contacted,,yes,200,"Timeless Tech - Empowering Your iGaming Journey, Beyond Time",,Timeless Tech
lukkly.com,lukkly,0,Island Lukkly B.V.,OGL/2024/1723/0940,Curacao,active,"August 12, 2026",yes,lukkly.com,not contacted,,yes,200,LUKKLY Casino,,LUKKLY Casino
casinonavy.com,casinonavy,0,JMS Investment Group N.V.,OGL/2024/675/0939,Curacao,active,"July 1, 2026",no,casinonavy.com,not contacted,,yes,200,Homepage | CasinoNavy,,Homepage
tar.la,tar,0,Jazz Business Solutions B.V.,OGL/2024/400/0824,Curacao,assessment in progress,"December 24, 2025",no,tar.la,not contacted,,yes,200,,,
jetton.online,jetton,0,JetTon Games B.V.,OGL/2024/2287/1195,Curacao,active,"August 26, 2026",no,jetton.online,not contacted,,yes,200,JetTon Games: Immerse yourself in unique adventures and exciting games,,JetTon Games
poker8.io,poker,0,Joyeux B.V.,OGL/2024/1603/0850,Curacao,assessment in progress,"January 9, 2026",no,poker8.io,not contacted,,yes,200,Poker with passion | Poker8,,Poker with passion
keint.co,keint,0,KE International Limited N.V.,OGL/2024/769/0571,Curacao,active,"May 19, 2026",no,keint.co,not contacted,,yes,200,KE International Limited N.V.,,KE International Limited N.V.
kanggiten.com,kanggiten,0,Kanggiten B.V.,OGL/2024/971/0703,Curacao,active,"March 26, 2026",no,kanggiten.com,not contacted,,yes,200,Kanggiten iGaming Platform with Modular Infrastructure,,
pongbet88.com,pongbet,0,Krevetka B.V.,OGL/2024/937/0857,Curacao,assessment in progress,"December 24, 2025",no,pongbet88.com,not contacted,,yes,203,,,
luckybet.co,luckybet,1,LBC Enterprises B.V.,OGL/2024/1221/0500,Curacao,assessment in progress,"December 24, 2025",no,luckybet.co luckybet.bet,not contacted,,yes,200,LuckyBet,,LuckyBet
igcbet.com,igcbet,1,LGE Entertainment Limited N.V.,OGL/2024/567/0911,Curacao,active,"May 9, 2026",no,igcbet.com igcbet.net,not contacted,,yes,200,,,
caratcasino.com,caratcasino,0,Leopard B.V.,OGL/2024/793/0757,Curacao,active,"February 22, 2026",no,caratcasino.com,not contacted,,yes,200,CaratCasino – Online Casino & Sportsbook,,CaratCasino
livegames.io,livegames,0,Livetech Software Solutions N.V.,OGL/2024/845/0407,Curacao,assessment in progress,"December 24, 2025",no,livegames.io,not contacted,,yes,200,LiveGames – Experience the future of iGaming with our innovative features.,,LiveGames
betflash24.com,betflash,0,Loka IT Solutions N.V.,OGL/2024/770/0226,Curacao,revoked,,no,betflash24.com,not contacted,,yes,200,,,
clickpari.com,clickpari,0,Lotostorm B.V.,OGL/2024/303/300,Curacao,assessment in progress,"January 14, 2026",no,clickpari.com,not contacted,,yes,203,,,
betwinner.llc,betwinner,0,Luckyroo N.V.,OGL/2024/1371/0694,Curacao,assessment in progress,"December 24, 2025",no,betwinner.llc,not contacted,,yes,200,BetWinner,,BetWinner
007casinoroyal.com,casinoroyal,0,MCG Technologies N.V.,OGL/2024/1698/0936,Curacao,active,"August 12, 2026",no,007casinoroyal.com,not contacted,,yes,200,007CasinoRoyal.com,,007CasinoRoyal.com
juegaplus.com,juegaplus,0,Media 21 B.V.,OGL/2024/1339/0864,Curacao,active,"January 22, 2026",no,juegaplus.com,not contacted,,yes,200,Maintenance,,Maintenance
sgslot.com,sgslot,0,Meta Tech Innovations B.V.,OGL/2024/325/0187,Curacao,assessment in progress,"December 24, 2025",no,sgslot.com,not contacted,,yes,200,SG Slot | Asia Top Online Slot Games,,SG Slot
auro777.win,auro,0,Mirth B.V.,OGL/2024/1124/0444,Curacao,active,"November 9, 2025",no,auro777.win,not contacted,,yes,200,,,
monotech.group,monotech,0,Monotech Solutions B.V.,OGL/2024/1672/0923,Curacao,assessment in progress,"December 24, 2025",no,monotech.group,not contacted,,yes,200,"Monotech - New Generation iGaming Platform, Casino and Sportsbook Solutions - iGaming Plat",,Monotech
crypto.games,crypto,0,MuchGaming B.V.,OGL/2024/1336/1047,Curacao,active,"August 13, 2026",no,crypto.games,not contacted,,yes,200,"CryptoGames: Bet and play with Bitcoin, Ethereum, USDT,...",,CryptoGames
shuffle.com,shuffle,0,Natural Nine B.V.,OGL/2024/1337/0628,Curacao,assessment in progress,"December 24, 2025",no,shuffle.com,not contacted,,yes,200,Shuffle | Crypto Casino & Bitcoin Casino with Sportsbook,,Shuffle
dixy.com,dixy,0,New Age N.V.,OGL/2024/1409/0649,Curacao,active,"June 6, 2026",no,dixy.com,not contacted,,yes,200,Best CSGO Gaming Site: Play Best CSGO/CS2 Unboxing Games | dixy.com,,Best CSGO Gaming Site
cocobet.com,cocobet,0,NewEra Information Technology N.V.,OGL/2024/135/0139,Curacao,assessment in progress,"December 24, 2025",no,cocobet.com,not contacted,,yes,200,,,
luckypari.com,luckypari,1,Nexus International Entertainment N.V.,OGL/2024/1324/0750,Curacao,active,"March 24, 2026",yes,luckypari.com luckypari.bet,not contacted,,yes,203,,,
fujifortunecasino.com,fujifortunecasino,0,Niollo B.V.,OGL/2024/529/0346,Curacao,assessment in progress,"December 24, 2025",no,fujifortunecasino.com,not contacted,,yes,200,富士フォーチュンカジノ - 富士の恵みで大勝利,,富士フォーチュンカジノ
catwin.com,catwin,0,Notica B.V.,OGL/2024/274/0420,Curacao,assessment in progress,"December 24, 2025",no,catwin.com,not contacted,,yes,203,,,
novagaming88.com,novagaming,0,NovaGaming N.V.,OGL/2024/1671/0916,Curacao,active,"May 9, 2026",no,novagaming88.com,not contacted,,yes,200,,,
rolsbet.com,rolsbet,0,Numereto B.V.,OGL/2024/315/0489,Curacao,assessment in progress,"December 24, 2025",no,rolsbet.com,not contacted,,yes,203,,,
onion.casino,onion,0,Omega Entertainment N.V.,OGL/2024/558/0973,Curacao,active,"June 4, 2026",no,onion.casino,not contacted,,yes,200,,,
oponento.com,oponento,0,Opo-Net N.V.,OGL/2024/535/0922,Curacao,active,"August 22, 2026",no,oponento.com,not contacted,,yes,200,Online betting on a wide offer of sporting events,,
wgmgames.com,wgmgames,0,Overseas Gaming Management B.V.,OGL/2024/2162/1156,Curacao,active,"April 14, 2026",no,wgmgames.com,not contacted,,yes,200,wgmgames,,wgmgames
bitsler.com,bitsler,0,Oyine N.V.,OGL/2024/930/0387,Curacao,assessment in progress,"December 24, 2025",no,bitsler.com,not contacted,,yes,200,Crypto Casino & Sportsbook | 200% Offers | 7000+ Slots,,Crypto Casino & Sportsbook
oysterbet.com,oysterbet,0,Oyster Media N.V.,OGL/2024/1745/0962,Curacao,active,"July 5, 2026",no,oysterbet.com,not contacted,,yes,200,Oysterbet.com,,Oysterbet.com
shock.com,shock,0,PR Entertainment N.V.,OGL/2024/1320/0958,Curacao,active,"March 13, 2026",no,shock.com,not contacted,,yes,200,"Shock.com – The Best Crypto Casino | Win Big with Slots, Live Casino, & Game Shows",,Shock.com
pegas21.com,pegas,0,Pegasus 19 B.V.,OGL/2023/187/0094,Curacao,active,"March 2, 2026",no,pegas21.com,not contacted,,yes,200,Азино777: популярное онлайн-казино 2026,,Азино777
waspbet.live,waspbet,0,Platinum Technology N.V.,OGL/2024/137/0132,Curacao,assessment in progress,"December 24, 2025",no,waspbet.live,not contacted,,yes,200,Waspbet TH - คาสิโนออนไลน์ที่ดีที่สุดในประเทศไทย 2025,,Waspbet TH
slotszer.com,slotszer,0,Playvision Group B.V.,OGL/2024/968/0753,Curacao,active,"March 25, 2026",no,slotszer.com,not contacted,,yes,200,slotszer,,slotszer
7spin.com,spin,1,Plustar N.V.,OGL/2024/138/0289,Curacao,active,"May 19, 2026",no,7spin.com 7spin.vip,not contacted,,yes,200,7SPIN | Top Online Casino in Philippines | Free Bonus 100,,7SPIN
betwinner.com,betwinner,8,Prevailer B.V.,OGL/2024/341/0759,Curacao,active,"March 28, 2026",no,betwinner.com betwinner.zone betwinner3.com betwinner4.com betwinner2.com betwinner7.com betwinner-54327.pro betwinner-18314.pro,not contacted,,yes,203,,,
mintdice.com,mintdice,0,Prism Sentinel N.V.,OGL/2024/1739/0965,Curacao,active,"July 22, 2026",no,mintdice.com,not contacted,,yes,200,MintDice Bitcoin Casino 2.0,,MintDice Bitcoin Casino 2.0
kirgo.io,kirgo,1,Raining Games N.V.,OGL/2024/2252/1179,Curacao,active,"February 22, 2026",no,kirgo.io kirgo.com,not contacted,,yes,200,KIRGO | Online Casino & Sportsbook,,KIRGO
red777.com,red,0,Red777 N.V.,OGL/2024/948/0661,Curacao,assessment in progress,"December 24, 2025",no,red777.com,not contacted,,yes,200,Red777,,Red777
joefortune.com,joefortune,1,Ridley Media N.V.,OGL/2024/676/0726,Curacao,active,"July 14, 2026",no,joefortune.com joefortune.ooo,not contacted,,yes,200,"Joe Fortune: Online Casino Australia - $5,000 Welcome Bonus",,Joe Fortune
beatbet.com,beatbet,0,Royal Bonanza B.V.,OGL/2024/304/0398,Curacao,assessment in progress,"December 24, 2025",no,beatbet.com,not contacted,,yes,203,,,
estelarbet.cl,estelarbet,3,S3 Tech N.V.,OGL/2024/1347/0683,Curacao,active,"March 3, 2026",no,estelarbet.cl estelarbet.com estelarbet.vip estelarbet.bet,not contacted,,yes,200,"Casino online, apuesta y gana en Estelarbet - Estelarbet",,
op7.io,op,0,SKY Sports N.V.,OGL/2024/434/0469,Curacao,active,"November 19, 2025",no,op7.io,not contacted,,yes,200,,,
slotmill.com,slotmill,0,SM Tech B.V.,OGL/2024/1293/0543,Curacao,active,"February 12, 2026",no,slotmill.com,not contacted,,yes,200,Slotmill,,Slotmill
selector-casino.net,selectorcasino,0,Selector Group N.V.,OGL/2024/755/0908,Curacao,active,"April 14, 2026",no,selector-casino.net,not contacted,,yes,200,"Селектор официальный сайт ✔️ Войти и играть онлайн на деньги в selector.gg, скачать автома",,
paripulse.com,paripulse,0,Seventoria B.V.,OGL/2024/301/0477,Curacao,assessment in progress,"December 24, 2025",no,paripulse.com,not contacted,,yes,203,,,
oddsgate.com,oddsgate,0,Shapefy B.V.,OGL/2024/232/0307,Curacao,active,"March 10, 2026",no,oddsgate.com,not contacted,,yes,200,Oddsgate,,Oddsgate
bullchance.com,bullchance,0,Softclub N.V.,OGL/2024/2327/1196,Curacao,active,"August 14, 2026",no,bullchance.com,not contacted,,yes,200,,,
plazaplay.com,plazaplay,0,Sort Services B.V.,OGL/2024/1305/0545,Curacao,assessment in progress,"December 24, 2025",no,plazaplay.com,not contacted,,yes,200,PlazaPlay is closing,,PlazaPlay is closing
luckngo.com,luckngo,0,Spinola ventures B.V.,OGL/2024/2086/1138,Curacao,active,"June 4, 2026",no,luckngo.com,not contacted,,yes,200,luckngo.com online casino,,luckngo.com online casino
db-bet.com,dbbet,0,Sport Tech N.V.,OGL/2024/574/0913,Curacao,assessment in progress,"December 24, 2025",no,db-bet.com,not contacted,,yes,203,,,
moonspin.com,moonspin,0,Swivel B.V.,OGL/2024/634/0590,Curacao,active,"March 30, 2026",no,moonspin.com,not contacted,,yes,200,Gaming denied,,Gaming denied
top-x-go.com,topxgo,0,Topxgo N.V.,OGL/2024/496/0781,Curacao,active,"November 23, 2025",no,top-x-go.com,not contacted,,yes,200,,,
slots.com,slots,0,Torero Media B.V.,OGL/2024/669/0816,Curacao,active,"March 24, 2026",no,slots.com,not contacted,,yes,200,,,
777spins.online,spins,0,Turn1 B.V.,OGL/2024/236/0117,Curacao,active,"May 9, 2026",no,777spins.online,not contacted,,yes,200,,,
bet4win.net,betwin,0,UnityBet B.V.,OGL/2024/1994/1120,Curacao,assessment in progress,"December 27, 2025",no,bet4win.net,not contacted,,yes,200,BET4WIN,,BET4WIN
vivardocasino.com,vivardocasino,0,Vivardo N.V.,OGL/2024/1383/0619,Curacao,active,"March 3, 2026",no,vivardocasino.com,not contacted,,yes,200,Vivardo Casino,,Vivardo Casino
patersonbet.com,patersonbet,0,Winholding B.V.,OGL/2024/1290/0515,Curacao,active,"May 25, 2026",no,patersonbet.com,not contacted,,yes,200,,,
winity.com,winity,0,Winlink B.V.,OGL/2024/886/0978,Curacao,active,"May 9, 2026",no,winity.com,not contacted,,yes,200,,,
fachaigaming.com,fachaigaming,0,WiselnNet Technologies B.V.,OGL/2024/1184/1010,Curacao,active,"February 22, 2026",no,fachaigaming.com,not contacted,,yes,200,Top Online Casino Game Provider - FA CHAI Gaming,,Top Online Casino Game Provider
casongo.com,casongo,0,XZ Solutions B.V.,OGL/2024/609/0253,Curacao,assessment in progress,"December 24, 2025",no,casongo.com,not contacted,,yes,200,Jouez Maintenant ! Paris sportifs et Casino sur CASONGO par Paridirect,,
sekabet.com,sekabet,0,ZConsulting B.V.,OGL/2024/1248/0716,Curacao,active,"May 23, 2026",no,sekabet.com,not contacted,,yes,200,Sekabet Giriş | En İyi Spor Bahisleri ve Casino Sitesi,,Sekabet Giriş
zenith-crest.com,zenithcrest,0,Zenith Crest B.V.,OGL/2023/134/0063,Curacao,assessment in progress,"December 24, 2025",no,zenith-crest.com,not contacted,,yes,200,,,
