domain,brand_stem,mirrors,operator,licence,jurisdiction,licence_status,expires,already_in_pool,all_domains,status,contacted_on
casinojoy.com,casinojoy,2,Fortuna Games N.V.,OGL/2024/112/0974,Curacao,assessment in progress,"December 24, 2025",no,casinojoy.com casinojoy.cash casinojoy.casino,not contacted,
crixcasino.com,crixcasino,2,Fortuna Games N.V.,OGL/2024/112/0974,Curacao,assessment in progress,"December 24, 2025",no,crixcasino.com crixcasino.win crixcasino72.co,not contacted,
dionyx.co,dionyx,2,Fortuna Games N.V.,OGL/2024/112/0974,Curacao,assessment in progress,"December 24, 2025",no,dionyx.co dionyx.win dionyx99.co,not contacted,
kairosbet.io,kairosbet,2,Fortuna Games N.V.,OGL/2024/112/0974,Curacao,assessment in progress,"December 24, 2025",no,kairosbet.io kairosbet.co kairosbet90.co,not contacted,
nikaspin.com,nikaspin,2,Fortuna Games N.V.,OGL/2024/112/0974,Curacao,assessment in progress,"December 24, 2025",no,nikaspin.com nikaspin.pro nikaspin80.co,not contacted,
olymposwin.io,olymposwin,2,Fortuna Games N.V.,OGL/2024/112/0974,Curacao,assessment in progress,"December 24, 2025",no,olymposwin.io olymposwin.com olymposwin10.co,not contacted,
richville.com,richville,2,Fortuna Games N.V.,OGL/2024/112/0974,Curacao,assessment in progress,"December 24, 2025",no,richville.com richville1.com richville2.com,not contacted,
rollino.co,rollino,2,Fortuna Games N.V.,OGL/2024/112/0974,Curacao,assessment in progress,"December 24, 2025",no,rollino.co rollino.com rollino.world,not contacted,
spartibet.io,spartibet,2,Fortuna Games N.V.,OGL/2024/112/0974,Curacao,assessment in progress,"December 24, 2025",no,spartibet.io spartibet.com spartibet25.co,not contacted,
spinfyre.io,spinfyre,2,Fortuna Games N.V.,OGL/2024/112/0974,Curacao,assessment in progress,"December 24, 2025",no,spinfyre.io spinfyre.com spinfyre93.co,not contacted,
spinko.me,spinko,2,Fortuna Games N.V.,OGL/2024/112/0974,Curacao,assessment in progress,"December 24, 2025",no,spinko.me spinko.co spinko24.co,not contacted,
velwins.com,velwins,2,Fortuna Games N.V.,OGL/2024/112/0974,Curacao,assessment in progress,"December 24, 2025",no,velwins.com velwins.pro velwins92.co,not contacted,
vibespins.com,vibespins,2,Fortuna Games N.V.,OGL/2024/112/0974,Curacao,assessment in progress,"December 24, 2025",no,vibespins.com vibespins.club vibespins100.co,not contacted,
winserra.com,winserra,2,Fortuna Games N.V.,OGL/2024/112/0974,Curacao,assessment in progress,"December 24, 2025",no,winserra.com winserra.pro winserra72.co,not contacted,
betify.com,betify,1,Fortuna Games N.V.,OGL/2024/112/0974,Curacao,assessment in progress,"December 24, 2025",no,betify.com betify.casa,not contacted,
casikora.io,casikora,1,Fortuna Games N.V.,OGL/2024/112/0974,Curacao,assessment in progress,"December 24, 2025",no,casikora.io casikora.com,not contacted,
casinozer.com,casinozer,1,Fortuna Games N.V.,OGL/2024/112/0974,Curacao,assessment in progress,"December 24, 2025",no,casinozer.com casinozer.casa,not contacted,
cosmicslot.com,cosmicslot,1,Fortuna Games N.V.,OGL/2024/112/0974,Curacao,assessment in progress,"December 24, 2025",no,cosmicslot.com cosmicslot.site,not contacted,
flappycasino.com,flappycasino,1,Fortuna Games N.V.,OGL/2024/112/0974,Curacao,assessment in progress,"December 24, 2025",no,flappycasino.com flappycasino.biz,not contacted,
gamblezen.com,gamblezen,1,Fortuna Games N.V.,OGL/2024/112/0974,Curacao,assessment in progress,"December 24, 2025",no,gamblezen.com gamblezen.org,not contacted,
jettbet.co,jettbet,1,Fortuna Games N.V.,OGL/2024/112/0974,Curacao,assessment in progress,"December 24, 2025",no,jettbet.co jettbet.com,not contacted,
rollizor.com,rollizor,1,Fortuna Games N.V.,OGL/2024/112/0974,Curacao,assessment in progress,"December 24, 2025",no,rollizor.com rollizor.net,not contacted,
wintopia.com,wintopia,1,Fortuna Games N.V.,OGL/2024/112/0974,Curacao,assessment in progress,"December 24, 2025",no,wintopia.com wintopia.biz,not contacted,
yonibet.com,yonibet,1,Fortuna Games N.V.,OGL/2024/112/0974,Curacao,assessment in progress,"December 24, 2025",no,yonibet.com yonibet.casa,not contacted,
7o.casino,o,0,Fortuna Games N.V.,OGL/2024/112/0974,Curacao,assessment in progress,"December 24, 2025",no,7o.casino,not contacted,
allspins.com,allspins,0,Fortuna Games N.V.,OGL/2024/112/0974,Curacao,assessment in progress,"December 24, 2025",no,allspins.com,not contacted,
beonbet.com,beonbet,0,Fortuna Games N.V.,OGL/2024/112/0974,Curacao,assessment in progress,"December 24, 2025",no,beonbet.com,not contacted,
betflare.io,betflare,0,Fortuna Games N.V.,OGL/2024/112/0974,Curacao,assessment in progress,"December 24, 2025",no,betflare.io,not contacted,
betium.net,betium,0,Fortuna Games N.V.,OGL/2024/112/0974,Curacao,assessment in progress,"December 24, 2025",no,betium.net,not contacted,
betnaro.com,betnaro,0,Fortuna Games N.V.,OGL/2024/112/0974,Curacao,assessment in progress,"December 24, 2025",no,betnaro.com,not contacted,
blitz-bet.co,blitzbet,0,Fortuna Games N.V.,OGL/2024/112/0974,Curacao,assessment in progress,"December 24, 2025",no,blitz-bet.co,not contacted,
casabet.io,casabet,0,Fortuna Games N.V.,OGL/2024/112/0974,Curacao,assessment in progress,"December 24, 2025",no,casabet.io,not contacted,
cashlounge.bet,cashlounge,0,Fortuna Games N.V.,OGL/2024/112/0974,Curacao,assessment in progress,"December 24, 2025",no,cashlounge.bet,not contacted,
corsaza.com,corsaza,0,Fortuna Games N.V.,OGL/2024/112/0974,Curacao,assessment in progress,"December 24, 2025",no,corsaza.com,not contacted,
drellabet.com,drellabet,0,Fortuna Games N.V.,OGL/2024/112/0974,Curacao,assessment in progress,"December 24, 2025",no,drellabet.com,not contacted,
eclipspins.com,eclipspins,0,Fortuna Games N.V.,OGL/2024/112/0974,Curacao,assessment in progress,"December 24, 2025",no,eclipspins.com,not contacted,
ego.games,ego,0,Fortuna Games N.V.,OGL/2024/112/0974,Curacao,assessment in progress,"December 24, 2025",no,ego.games,not contacted,
egogames.io,egogames,0,Fortuna Games N.V.,OGL/2024/112/0974,Curacao,assessment in progress,"December 24, 2025",no,egogames.io,not contacted,
emperiacasino.com,emperiacasino,0,Fortuna Games N.V.,OGL/2024/112/0974,Curacao,assessment in progress,"December 24, 2025",no,emperiacasino.com,not contacted,
grattiano.com,grattiano,0,Fortuna Games N.V.,OGL/2024/112/0974,Curacao,assessment in progress,"December 24, 2025",no,grattiano.com,not contacted,
hashlucky.co,hashlucky,0,Fortuna Games N.V.,OGL/2024/112/0974,Curacao,assessment in progress,"December 24, 2025",no,hashlucky.co,not contacted,
hexabet.io,hexabet,0,Fortuna Games N.V.,OGL/2024/112/0974,Curacao,assessment in progress,"December 24, 2025",no,hexabet.io,not contacted,
ignibet.com,ignibet,0,Fortuna Games N.V.,OGL/2024/112/0974,Curacao,assessment in progress,"December 24, 2025",no,ignibet.com,not contacted,
lollyspins.com,lollyspins,0,Fortuna Games N.V.,OGL/2024/112/0974,Curacao,assessment in progress,"December 24, 2025",no,lollyspins.com,not contacted,
megarich.com,megarich,0,Fortuna Games N.V.,OGL/2024/112/0974,Curacao,assessment in progress,"December 24, 2025",no,megarich.com,not contacted,
nitrobetcasino.com,nitrobetcasino,0,Fortuna Games N.V.,OGL/2024/112/0974,Curacao,assessment in progress,"December 24, 2025",no,nitrobetcasino.com,not contacted,
pulsarspins.com,pulsarspins,0,Fortuna Games N.V.,OGL/2024/112/0974,Curacao,assessment in progress,"December 24, 2025",no,pulsarspins.com,not contacted,
rioace.com,rioace,0,Fortuna Games N.V.,OGL/2024/112/0974,Curacao,assessment in progress,"December 24, 2025",no,rioace.com,not contacted,
smokace.com,smokace,0,Fortuna Games N.V.,OGL/2024/112/0974,Curacao,assessment in progress,"December 24, 2025",no,smokace.com,not contacted,
spellwin.com,spellwin,0,Fortuna Games N.V.,OGL/2024/112/0974,Curacao,assessment in progress,"December 24, 2025",no,spellwin.com,not contacted,
spindjinn.com,spindjinn,0,Fortuna Games N.V.,OGL/2024/112/0974,Curacao,assessment in progress,"December 24, 2025",no,spindjinn.com,not contacted,
spinmills.io,spinmills,0,Fortuna Games N.V.,OGL/2024/112/0974,Curacao,assessment in progress,"December 24, 2025",no,spinmills.io,not contacted,
spintado.com,spintado,0,Fortuna Games N.V.,OGL/2024/112/0974,Curacao,assessment in progress,"December 24, 2025",no,spintado.com,not contacted,
spintitans.com,spintitans,0,Fortuna Games N.V.,OGL/2024/112/0974,Curacao,assessment in progress,"December 24, 2025",no,spintitans.com,not contacted,
stelario.com,stelario,0,Fortuna Games N.V.,OGL/2024/112/0974,Curacao,assessment in progress,"December 24, 2025",no,stelario.com,not contacted,
trinocasino.com,trinocasino,0,Fortuna Games N.V.,OGL/2024/112/0974,Curacao,assessment in progress,"December 24, 2025",no,trinocasino.com,not contacted,
winbandits.com,winbandits,0,Fortuna Games N.V.,OGL/2024/112/0974,Curacao,assessment in progress,"December 24, 2025",no,winbandits.com,not contacted,
windetta.com,windetta,0,Fortuna Games N.V.,OGL/2024/112/0974,Curacao,assessment in progress,"December 24, 2025",no,windetta.com,not contacted,
winlegends.com,winlegends,0,Fortuna Games N.V.,OGL/2024/112/0974,Curacao,assessment in progress,"December 24, 2025",no,winlegends.com,not contacted,
apolobet.com,apolobet,1,Trickless N.V,OGL/2024/139/0125,Curacao,assessment in progress,"December 24, 2025",no,apolobet.com apolobet.fun,not contacted,
azar365.com,azar,1,Trickless N.V,OGL/2024/139/0125,Curacao,assessment in progress,"December 24, 2025",no,azar365.com azar777.com,not contacted,
betjuve.com,betjuve,1,Trickless N.V,OGL/2024/139/0125,Curacao,assessment in progress,"December 24, 2025",no,betjuve.com betjuve50.com,not contacted,
neredebahis.com,neredebahis,1,Trickless N.V,OGL/2024/139/0125,Curacao,assessment in progress,"December 24, 2025",no,neredebahis.com neredebahis98.com,not contacted,
tricobet.io,tricobet,1,Trickless N.V,OGL/2024/139/0125,Curacao,assessment in progress,"December 24, 2025",no,tricobet.io tricobet.com,not contacted,
1x2bet.co,xbet,0,Trickless N.V,OGL/2024/139/0125,Curacao,assessment in progress,"December 24, 2025",no,1x2bet.co,not contacted,
8bet.co.sz,co,0,Trickless N.V,OGL/2024/139/0125,Curacao,assessment in progress,"December 24, 2025",no,8bet.co.sz,not contacted,
apuestalos.com,apuestalos,0,Trickless N.V,OGL/2024/139/0125,Curacao,assessment in progress,"December 24, 2025",no,apuestalos.com,not contacted,
apuestaswin.com,apuestaswin,0,Trickless N.V,OGL/2024/139/0125,Curacao,assessment in progress,"December 24, 2025",no,apuestaswin.com,not contacted,
astrobet.ec,astrobet,0,Trickless N.V,OGL/2024/139/0125,Curacao,assessment in progress,"December 24, 2025",no,astrobet.ec,not contacted,
azarlatino.com,azarlatino,0,Trickless N.V,OGL/2024/139/0125,Curacao,assessment in progress,"December 24, 2025",no,azarlatino.com,not contacted,
bet593.online,bet,0,Trickless N.V,OGL/2024/139/0125,Curacao,assessment in progress,"December 24, 2025",no,bet593.online,not contacted,
betplatino.co,betplatino,0,Trickless N.V,OGL/2024/139/0125,Curacao,assessment in progress,"December 24, 2025",no,betplatino.co,not contacted,
betpro.hn,betpro,0,Trickless N.V,OGL/2024/139/0125,Curacao,assessment in progress,"December 24, 2025",no,betpro.hn,not contacted,
betwin360.com,betwin,0,Trickless N.V,OGL/2024/139/0125,Curacao,assessment in progress,"December 24, 2025",no,betwin360.com,not contacted,
brmegas.com,brmegas,0,Trickless N.V,OGL/2024/139/0125,Curacao,assessment in progress,"December 24, 2025",no,brmegas.com,not contacted,
bwise365.com,bwise,0,Trickless N.V,OGL/2024/139/0125,Curacao,assessment in progress,"December 24, 2025",no,bwise365.com,not contacted,
casinoencasa.com,casinoencasa,0,Trickless N.V,OGL/2024/139/0125,Curacao,assessment in progress,"December 24, 2025",no,casinoencasa.com,not contacted,
casinolivesgames.net,casinolivesgames,0,Trickless N.V,OGL/2024/139/0125,Curacao,assessment in progress,"December 24, 2025",no,casinolivesgames.net,not contacted,
casipot.com,casipot,0,Trickless N.V,OGL/2024/139/0125,Curacao,assessment in progress,"December 24, 2025",no,casipot.com,not contacted,
cripto365.com,cripto,0,Trickless N.V,OGL/2024/139/0125,Curacao,assessment in progress,"December 24, 2025",no,cripto365.com,not contacted,
databet.ec,databet,0,Trickless N.V,OGL/2024/139/0125,Curacao,assessment in progress,"December 24, 2025",no,databet.ec,not contacted,
elbochincheapuestas.bet,elbochincheapuestas,0,Trickless N.V,OGL/2024/139/0125,Curacao,assessment in progress,"December 24, 2025",no,elbochincheapuestas.bet,not contacted,
extrabet.games,extrabet,0,Trickless N.V,OGL/2024/139/0125,Curacao,assessment in progress,"December 24, 2025",no,extrabet.games,not contacted,
festwin.com,festwin,0,Trickless N.V,OGL/2024/139/0125,Curacao,assessment in progress,"December 24, 2025",no,festwin.com,not contacted,
fixplay.pe,fixplay,0,Trickless N.V,OGL/2024/139/0125,Curacao,assessment in progress,"December 24, 2025",no,fixplay.pe,not contacted,
galeribet.com,galeribet,0,Trickless N.V,OGL/2024/139/0125,Curacao,assessment in progress,"December 24, 2025",no,galeribet.com,not contacted,
gloobet.com,gloobet,0,Trickless N.V,OGL/2024/139/0125,Curacao,assessment in progress,"December 24, 2025",no,gloobet.com,not contacted,
golbet170.com,golbet,0,Trickless N.V,OGL/2024/139/0125,Curacao,assessment in progress,"December 24, 2025",no,golbet170.com,not contacted,
golbetting.com,golbetting,0,Trickless N.V,OGL/2024/139/0125,Curacao,assessment in progress,"December 24, 2025",no,golbetting.com,not contacted,
granposeidon.com,granposeidon,0,Trickless N.V,OGL/2024/139/0125,Curacao,assessment in progress,"December 24, 2025",no,granposeidon.com,not contacted,
honduwin.com,honduwin,0,Trickless N.V,OGL/2024/139/0125,Curacao,assessment in progress,"December 24, 2025",no,honduwin.com,not contacted,
italtroniciinternational.com,italtroniciinternational,0,Trickless N.V,OGL/2024/139/0125,Curacao,assessment in progress,"December 24, 2025",no,italtroniciinternational.com,not contacted,
juegaconelking.com,juegaconelking,0,Trickless N.V,OGL/2024/139/0125,Curacao,assessment in progress,"December 24, 2025",no,juegaconelking.com,not contacted,
juegaenlinea.net,juegaenlinea,0,Trickless N.V,OGL/2024/139/0125,Curacao,assessment in progress,"December 24, 2025",no,juegaenlinea.net,not contacted,
juegaenlineachile.com,juegaenlineachile,0,Trickless N.V,OGL/2024/139/0125,Curacao,assessment in progress,"December 24, 2025",no,juegaenlineachile.com,not contacted,
jugaconvani.net,jugaconvani,0,Trickless N.V,OGL/2024/139/0125,Curacao,assessment in progress,"December 24, 2025",no,jugaconvani.net,not contacted,
kongocash.com,kongocash,0,Trickless N.V,OGL/2024/139/0125,Curacao,assessment in progress,"December 24, 2025",no,kongocash.com,not contacted,
levelquartz.net,levelquartz,0,Trickless N.V,OGL/2024/139/0125,Curacao,assessment in progress,"December 24, 2025",no,levelquartz.net,not contacted,
leverabet.com,leverabet,0,Trickless N.V,OGL/2024/139/0125,Curacao,assessment in progress,"December 24, 2025",no,leverabet.com,not contacted,
listobet.com,listobet,0,Trickless N.V,OGL/2024/139/0125,Curacao,assessment in progress,"December 24, 2025",no,listobet.com,not contacted,
lotbet.vip,lotbet,0,Trickless N.V,OGL/2024/139/0125,Curacao,assessment in progress,"December 24, 2025",no,lotbet.vip,not contacted,
loterianacional.ec,loterianacional,0,Trickless N.V,OGL/2024/139/0125,Curacao,assessment in progress,"December 24, 2025",no,loterianacional.ec,not contacted,
mansabet.casino,mansabet,0,Trickless N.V,OGL/2024/139/0125,Curacao,assessment in progress,"December 24, 2025",no,mansabet.casino,not contacted,
mas1x2.com,masx,0,Trickless N.V,OGL/2024/139/0125,Curacao,assessment in progress,"December 24, 2025",no,mas1x2.com,not contacted,
masterbets365.com,masterbets,0,Trickless N.V,OGL/2024/139/0125,Curacao,assessment in progress,"December 24, 2025",no,masterbets365.com,not contacted,
petra.bet,petra,0,Trickless N.V,OGL/2024/139/0125,Curacao,assessment in progress,"December 24, 2025",no,petra.bet,not contacted,
playred.com,playred,0,Trickless N.V,OGL/2024/139/0125,Curacao,assessment in progress,"December 24, 2025",no,playred.com,not contacted,
quartzplay.com,quartzplay,0,Trickless N.V,OGL/2024/139/0125,Curacao,assessment in progress,"December 24, 2025",no,quartzplay.com,not contacted,
slotrix.net,slotrix,0,Trickless N.V,OGL/2024/139/0125,Curacao,assessment in progress,"December 24, 2025",no,slotrix.net,not contacted,
stockpokeronline.com,stockpokeronline,0,Trickless N.V,OGL/2024/139/0125,Curacao,assessment in progress,"December 24, 2025",no,stockpokeronline.com,not contacted,
templobet.com,templobet,0,Trickless N.V,OGL/2024/139/0125,Curacao,assessment in progress,"December 24, 2025",no,templobet.com,not contacted,
triplecorona.net,triplecorona,0,Trickless N.V,OGL/2024/139/0125,Curacao,assessment in progress,"December 24, 2025",no,triplecorona.net,not contacted,
winss.bet,winss,0,Trickless N.V,OGL/2024/139/0125,Curacao,assessment in progress,"December 24, 2025",no,winss.bet,not contacted,
yinyangbet.com,yinyangbet,0,Trickless N.V,OGL/2024/139/0125,Curacao,assessment in progress,"December 24, 2025",no,yinyangbet.com,not contacted,
roxcasino.com,roxcasino,2,Galaktika N.V.,OGL/2024/169/0146,Curacao,assessment in progress,"December 24, 2025",no,roxcasino.com roxcasino1000.bet roxcasino1010.bet,not contacted,
freshcasino100.bet,freshcasino,1,Galaktika N.V.,OGL/2024/169/0146,Curacao,assessment in progress,"December 24, 2025",no,freshcasino100.bet freshcasino1010.bet,not contacted,
lux-casino.club,luxcasino,1,Galaktika N.V.,OGL/2024/169/0146,Curacao,assessment in progress,"December 24, 2025",no,lux-casino.club luxcasino100.bet,not contacted,
solcasino1000.bet,solcasino,1,Galaktika N.V.,OGL/2024/169/0146,Curacao,assessment in progress,"December 24, 2025",no,solcasino1000.bet solcasino1010.bet,not contacted,
1go.casino,go,0,Galaktika N.V.,OGL/2024/169/0146,Curacao,assessment in progress,"December 24, 2025",no,1go.casino,not contacted,
1gocasino.com,gocasino,0,Galaktika N.V.,OGL/2024/169/0146,Curacao,assessment in progress,"December 24, 2025",no,1gocasino.com,not contacted,
beef.casino,beef,0,Galaktika N.V.,OGL/2024/169/0146,Curacao,assessment in progress,"December 24, 2025",no,beef.casino,not contacted,
beefcasino.com,beefcasino,0,Galaktika N.V.,OGL/2024/169/0146,Curacao,assessment in progress,"December 24, 2025",no,beefcasino.com,not contacted,
casinoflagman.com,casinoflagman,0,Galaktika N.V.,OGL/2024/169/0146,Curacao,assessment in progress,"December 24, 2025",no,casinoflagman.com,not contacted,
casinoiris.com,casinoiris,0,Galaktika N.V.,OGL/2024/169/0146,Curacao,assessment in progress,"December 24, 2025",no,casinoiris.com,not contacted,
casinomartin.com,casinomartin,0,Galaktika N.V.,OGL/2024/169/0146,Curacao,assessment in progress,"December 24, 2025",no,casinomartin.com,not contacted,
drip.casino,drip,0,Galaktika N.V.,OGL/2024/169/0146,Curacao,assessment in progress,"December 24, 2025",no,drip.casino,not contacted,
dripcasino.com,dripcasino,0,Galaktika N.V.,OGL/2024/169/0146,Curacao,assessment in progress,"December 24, 2025",no,dripcasino.com,not contacted,
flagman.casino,flagman,0,Galaktika N.V.,OGL/2024/169/0146,Curacao,assessment in progress,"December 24, 2025",no,flagman.casino,not contacted,
flagmancasino.com,flagmancasino,0,Galaktika N.V.,OGL/2024/169/0146,Curacao,assessment in progress,"December 24, 2025",no,flagmancasino.com,not contacted,
fresh.casino,fresh,0,Galaktika N.V.,OGL/2024/169/0146,Curacao,assessment in progress,"December 24, 2025",no,fresh.casino,not contacted,
freshkz.com,freshkz,0,Galaktika N.V.,OGL/2024/169/0146,Curacao,assessment in progress,"December 24, 2025",no,freshkz.com,not contacted,
freshvip.casino,freshvip,0,Galaktika N.V.,OGL/2024/169/0146,Curacao,assessment in progress,"December 24, 2025",no,freshvip.casino,not contacted,
fugu.casino,fugu,0,Galaktika N.V.,OGL/2024/169/0146,Curacao,assessment in progress,"December 24, 2025",no,fugu.casino,not contacted,
fugucasino.com,fugucasino,0,Galaktika N.V.,OGL/2024/169/0146,Curacao,assessment in progress,"December 24, 2025",no,fugucasino.com,not contacted,
gizbo.casino,gizbo,0,Galaktika N.V.,OGL/2024/169/0146,Curacao,assessment in progress,"December 24, 2025",no,gizbo.casino,not contacted,
gizbocasino.com,gizbocasino,0,Galaktika N.V.,OGL/2024/169/0146,Curacao,assessment in progress,"December 24, 2025",no,gizbocasino.com,not contacted,
iris.casino,iris,0,Galaktika N.V.,OGL/2024/169/0146,Curacao,assessment in progress,"December 24, 2025",no,iris.casino,not contacted,
iriscasino.com,iriscasino,0,Galaktika N.V.,OGL/2024/169/0146,Curacao,assessment in progress,"December 24, 2025",no,iriscasino.com,not contacted,
irwin.casino,irwin,0,Galaktika N.V.,OGL/2024/169/0146,Curacao,assessment in progress,"December 24, 2025",no,irwin.casino,not contacted,
irwincasino.com,irwincasino,0,Galaktika N.V.,OGL/2024/169/0146,Curacao,assessment in progress,"December 24, 2025",no,irwincasino.com,not contacted,
jet.casino,jet,0,Galaktika N.V.,OGL/2024/169/0146,Curacao,assessment in progress,"December 24, 2025",no,jet.casino,not contacted,
jetcasino1010.bet,jetcasino,0,Galaktika N.V.,OGL/2024/169/0146,Curacao,assessment in progress,"December 24, 2025",no,jetcasino1010.bet,not contacted,
jetkasino.com,jetkasino,0,Galaktika N.V.,OGL/2024/169/0146,Curacao,assessment in progress,"December 24, 2025",no,jetkasino.com,not contacted,
jetvip.casino,jetvip,0,Galaktika N.V.,OGL/2024/169/0146,Curacao,assessment in progress,"December 24, 2025",no,jetvip.casino,not contacted,
legzo.casino,legzo,0,Galaktika N.V.,OGL/2024/169/0146,Curacao,assessment in progress,"December 24, 2025",no,legzo.casino,not contacted,
legzocasino.com,legzocasino,0,Galaktika N.V.,OGL/2024/169/0146,Curacao,assessment in progress,"December 24, 2025",no,legzocasino.com,not contacted,
lex.casino,lex,0,Galaktika N.V.,OGL/2024/169/0146,Curacao,assessment in progress,"December 24, 2025",no,lex.casino,not contacted,
martin-casino.com,martincasino,0,Galaktika N.V.,OGL/2024/169/0146,Curacao,assessment in progress,"December 24, 2025",no,martin-casino.com,not contacted,
martin.casino,martin,0,Galaktika N.V.,OGL/2024/169/0146,Curacao,assessment in progress,"December 24, 2025",no,martin.casino,not contacted,
monro.casino,monro,0,Galaktika N.V.,OGL/2024/169/0146,Curacao,assessment in progress,"December 24, 2025",no,monro.casino,not contacted,
patang.casino,patang,0,Galaktika N.V.,OGL/2024/169/0146,Curacao,assessment in progress,"December 24, 2025",no,patang.casino,not contacted,
patangcasino.com,patangcasino,0,Galaktika N.V.,OGL/2024/169/0146,Curacao,assessment in progress,"December 24, 2025",no,patangcasino.com,not contacted,
roxcasinocom.com,roxcasinocom,0,Galaktika N.V.,OGL/2024/169/0146,Curacao,assessment in progress,"December 24, 2025",no,roxcasinocom.com,not contacted,
roxcasinovip.com,roxcasinovip,0,Galaktika N.V.,OGL/2024/169/0146,Curacao,assessment in progress,"December 24, 2025",no,roxcasinovip.com,not contacted,
roxkzcasino.com,roxkzcasino,0,Galaktika N.V.,OGL/2024/169/0146,Curacao,assessment in progress,"December 24, 2025",no,roxkzcasino.com,not contacted,
sol.casino,sol,0,Galaktika N.V.,OGL/2024/169/0146,Curacao,assessment in progress,"December 24, 2025",no,sol.casino,not contacted,
solkazinokz.com,solkazinokz,0,Galaktika N.V.,OGL/2024/169/0146,Curacao,assessment in progress,"December 24, 2025",no,solkazinokz.com,not contacted,
solkz.com,solkz,0,Galaktika N.V.,OGL/2024/169/0146,Curacao,assessment in progress,"December 24, 2025",no,solkz.com,not contacted,
solvip.casino,solvip,0,Galaktika N.V.,OGL/2024/169/0146,Curacao,assessment in progress,"December 24, 2025",no,solvip.casino,not contacted,
starda.casino,starda,0,Galaktika N.V.,OGL/2024/169/0146,Curacao,assessment in progress,"December 24, 2025",no,starda.casino,not contacted,
stardacasinoua.com,stardacasinoua,0,Galaktika N.V.,OGL/2024/169/0146,Curacao,assessment in progress,"December 24, 2025",no,stardacasinoua.com,not contacted,
paraparabeta.cyou,paraparabeta,2,Verse Corp B.V.,OGL/2024/1641/1039,Curacao,active,"June 4, 2026",no,paraparabeta.cyou paraparabeta.shop paraparabeta.space,not contacted,
bridgept.xyz,bridgept,0,Verse Corp B.V.,OGL/2024/1641/1039,Curacao,active,"June 4, 2026",no,bridgept.xyz,not contacted,
brightpr.site,brightpr,0,Verse Corp B.V.,OGL/2024/1641/1039,Curacao,active,"June 4, 2026",no,brightpr.site,not contacted,
brtpbase.world,brtpbase,0,Verse Corp B.V.,OGL/2024/1641/1039,Curacao,active,"June 4, 2026",no,brtpbase.world,not contacted,
brtpnode.xyz,brtpnode,0,Verse Corp B.V.,OGL/2024/1641/1039,Curacao,active,"June 4, 2026",no,brtpnode.xyz,not contacted,
btrp-step.space,btrpstep,0,Verse Corp B.V.,OGL/2024/1641/1039,Curacao,active,"June 4, 2026",no,btrp-step.space,not contacted,
jetprbtpath21.space,jetprbtpath,0,Verse Corp B.V.,OGL/2024/1641/1039,Curacao,active,"June 4, 2026",no,jetprbtpath21.space,not contacted,
khan-bet.com,khanbet,0,Verse Corp B.V.,OGL/2024/1641/1039,Curacao,active,"June 4, 2026",no,khan-bet.com,not contacted,
maxprbtsora21.xyz,maxprbtsora,0,Verse Corp B.V.,OGL/2024/1641/1039,Curacao,active,"June 4, 2026",no,maxprbtsora21.xyz,not contacted,
moduloprb5.online,moduloprb,0,Verse Corp B.V.,OGL/2024/1641/1039,Curacao,active,"June 4, 2026",no,moduloprb5.online,not contacted,
oneparabeta.xyz,oneparabeta,0,Verse Corp B.V.,OGL/2024/1641/1039,Curacao,active,"June 4, 2026",no,oneparabeta.xyz,not contacted,
oneparbt.click,oneparbt,0,Verse Corp B.V.,OGL/2024/1641/1039,Curacao,active,"June 4, 2026",no,oneparbt.click,not contacted,
orbitprb.xyz,orbitprb,0,Verse Corp B.V.,OGL/2024/1641/1039,Curacao,active,"June 4, 2026",no,orbitprb.xyz,not contacted,
para-bet2.club,parabet,0,Verse Corp B.V.,OGL/2024/1641/1039,Curacao,active,"June 4, 2026",no,para-bet2.club,not contacted,
para-bets.com,parabets,0,Verse Corp B.V.,OGL/2024/1641/1039,Curacao,active,"June 4, 2026",no,para-bets.com,not contacted,
paracore.world,paracore,0,Verse Corp B.V.,OGL/2024/1641/1039,Curacao,active,"June 4, 2026",no,paracore.world,not contacted,
paranetwork.online,paranetwork,0,Verse Corp B.V.,OGL/2024/1641/1039,Curacao,active,"June 4, 2026",no,paranetwork.online,not contacted,
parapath.space,parapath,0,Verse Corp B.V.,OGL/2024/1641/1039,Curacao,active,"June 4, 2026",no,parapath.space,not contacted,
prabts.online,prabts,0,Verse Corp B.V.,OGL/2024/1641/1039,Curacao,active,"June 4, 2026",no,prabts.online,not contacted,
prblevelbox42.online,prblevelbox,0,Verse Corp B.V.,OGL/2024/1641/1039,Curacao,active,"June 4, 2026",no,prblevelbox42.online,not contacted,
prbt.my,prbt,0,Verse Corp B.V.,OGL/2024/1641/1039,Curacao,active,"June 4, 2026",no,prbt.my,not contacted,
prbtcorelane.space,prbtcorelane,0,Verse Corp B.V.,OGL/2024/1641/1039,Curacao,active,"June 4, 2026",no,prbtcorelane.space,not contacted,
prbtflow.xyz,prbtflow,0,Verse Corp B.V.,OGL/2024/1641/1039,Curacao,active,"June 4, 2026",no,prbtflow.xyz,not contacted,
prbtlane.site,prbtlane,0,Verse Corp B.V.,OGL/2024/1641/1039,Curacao,active,"June 4, 2026",no,prbtlane.site,not contacted,
prbtpath.live,prbtpath,0,Verse Corp B.V.,OGL/2024/1641/1039,Curacao,active,"June 4, 2026",no,prbtpath.live,not contacted,
prbtset.live,prbtset,0,Verse Corp B.V.,OGL/2024/1641/1039,Curacao,active,"June 4, 2026",no,prbtset.live,not contacted,
prbtwave.live,prbtwave,0,Verse Corp B.V.,OGL/2024/1641/1039,Curacao,active,"June 4, 2026",no,prbtwave.live,not contacted,
prbx-frame.site,prbxframe,0,Verse Corp B.V.,OGL/2024/1641/1039,Curacao,active,"June 4, 2026",no,prbx-frame.site,not contacted,
probtree.site,probtree,0,Verse Corp B.V.,OGL/2024/1641/1039,Curacao,active,"June 4, 2026",no,probtree.site,not contacted,
prtb-box.site,prtbbox,0,Verse Corp B.V.,OGL/2024/1641/1039,Curacao,active,"June 4, 2026",no,prtb-box.site,not contacted,
prtb-core.fun,prtbcore,0,Verse Corp B.V.,OGL/2024/1641/1039,Curacao,active,"June 4, 2026",no,prtb-core.fun,not contacted,
prtb-desk.xyz,prtbdesk,0,Verse Corp B.V.,OGL/2024/1641/1039,Curacao,active,"June 4, 2026",no,prtb-desk.xyz,not contacted,
prtbflow.xyz,prtbflow,0,Verse Corp B.V.,OGL/2024/1641/1039,Curacao,active,"June 4, 2026",no,prtbflow.xyz,not contacted,
ptbr-hub.site,ptbrhub,0,Verse Corp B.V.,OGL/2024/1641/1039,Curacao,active,"June 4, 2026",no,ptbr-hub.site,not contacted,
ptbrlane.world,ptbrlane,0,Verse Corp B.V.,OGL/2024/1641/1039,Curacao,active,"June 4, 2026",no,ptbrlane.world,not contacted,
rbpt-sync.live,rbptsync,0,Verse Corp B.V.,OGL/2024/1641/1039,Curacao,active,"June 4, 2026",no,rbpt-sync.live,not contacted,
rbptgrid.site,rbptgrid,0,Verse Corp B.V.,OGL/2024/1641/1039,Curacao,active,"June 4, 2026",no,rbptgrid.site,not contacted,
rbtline.live,rbtline,0,Verse Corp B.V.,OGL/2024/1641/1039,Curacao,active,"June 4, 2026",no,rbtline.live,not contacted,
rbtpstep.world,rbtpstep,0,Verse Corp B.V.,OGL/2024/1641/1039,Curacao,active,"June 4, 2026",no,rbtpstep.world,not contacted,
rptb-kit.xyz,rptbkit,0,Verse Corp B.V.,OGL/2024/1641/1039,Curacao,active,"June 4, 2026",no,rptb-kit.xyz,not contacted,
rptb-lab.site,rptblab,0,Verse Corp B.V.,OGL/2024/1641/1039,Curacao,active,"June 4, 2026",no,rptb-lab.site,not contacted,
tprbset.xyz,tprbset,0,Verse Corp B.V.,OGL/2024/1641/1039,Curacao,active,"June 4, 2026",no,tprbset.xyz,not contacted,
trbpoint.xyz,trbpoint,0,Verse Corp B.V.,OGL/2024/1641/1039,Curacao,active,"June 4, 2026",no,trbpoint.xyz,not contacted,
trpb-app.fun,trpbapp,0,Verse Corp B.V.,OGL/2024/1641/1039,Curacao,active,"June 4, 2026",no,trpb-app.fun,not contacted,
trpbcell.live,trpbcell,0,Verse Corp B.V.,OGL/2024/1641/1039,Curacao,active,"June 4, 2026",no,trpbcell.live,not contacted,
trpbcore.site,trpbcore,0,Verse Corp B.V.,OGL/2024/1641/1039,Curacao,active,"June 4, 2026",no,trpbcore.site,not contacted,
casinodays.com,casinodays,3,White Star B.V.,OGL/2023/159/0076,Curacao,assessment in progress,"December 24, 2025",no,casinodays.com casinodays2.com casinodays1.com casinodays10.com,not contacted,
casinodays-no.com,casinodaysno,2,White Star B.V.,OGL/2023/159/0076,Curacao,assessment in progress,"December 24, 2025",no,casinodays-no.com casinodays6-no.com casinodays10-no.com,not contacted,
luckyspins.com,luckyspins,1,White Star B.V.,OGL/2023/159/0076,Curacao,assessment in progress,"December 24, 2025",no,luckyspins.com luckyspins1.com,not contacted,
puntitin.com,puntitin,1,White Star B.V.,OGL/2023/159/0076,Curacao,assessment in progress,"December 24, 2025",no,puntitin.com puntit-in.com,not contacted,
rocketrichescasino.com,rocketrichescasino,1,White Star B.V.,OGL/2023/159/0076,Curacao,assessment in progress,"December 24, 2025",no,rocketrichescasino.com rocketriches-casino.in,not contacted,
bigbaazi.com,bigbaazi,0,White Star B.V.,OGL/2023/159/0076,Curacao,assessment in progress,"December 24, 2025",no,bigbaazi.com,not contacted,
bigboost-in.com,bigboostin,0,White Star B.V.,OGL/2023/159/0076,Curacao,assessment in progress,"December 24, 2025",no,bigboost-in.com,not contacted,
bigboost.com,bigboost,0,White Star B.V.,OGL/2023/159/0076,Curacao,assessment in progress,"December 24, 2025",no,bigboost.com,not contacted,
bigjeeto.com,bigjeeto,0,White Star B.V.,OGL/2023/159/0076,Curacao,assessment in progress,"December 24, 2025",no,bigjeeto.com,not contacted,
biglucky-in.com,bigluckyin,0,White Star B.V.,OGL/2023/159/0076,Curacao,assessment in progress,"December 24, 2025",no,biglucky-in.com,not contacted,
biglucky.com,biglucky,0,White Star B.V.,OGL/2023/159/0076,Curacao,assessment in progress,"December 24, 2025",no,biglucky.com,not contacted,
buustikasino.com,buustikasino,0,White Star B.V.,OGL/2023/159/0076,Curacao,assessment in progress,"December 24, 2025",no,buustikasino.com,not contacted,
casinokhajana.com,casinokhajana,0,White Star B.V.,OGL/2023/159/0076,Curacao,assessment in progress,"December 24, 2025",no,casinokhajana.com,not contacted,
chillspins.com,chillspins,0,White Star B.V.,OGL/2023/159/0076,Curacao,assessment in progress,"December 24, 2025",no,chillspins.com,not contacted,
clubcd.com,clubcd,0,White Star B.V.,OGL/2023/159/0076,Curacao,assessment in progress,"December 24, 2025",no,clubcd.com,not contacted,
jeetboost.com,jeetboost,0,White Star B.V.,OGL/2023/159/0076,Curacao,assessment in progress,"December 24, 2025",no,jeetboost.com,not contacted,
luckyspins-in.com,luckyspinsin,0,White Star B.V.,OGL/2023/159/0076,Curacao,assessment in progress,"December 24, 2025",no,luckyspins-in.com,not contacted,
mastispins.com,mastispins,0,White Star B.V.,OGL/2023/159/0076,Curacao,assessment in progress,"December 24, 2025",no,mastispins.com,not contacted,
panosta.com,panosta,0,White Star B.V.,OGL/2023/159/0076,Curacao,assessment in progress,"December 24, 2025",no,panosta.com,not contacted,
panostabet-no.com,panostabetno,0,White Star B.V.,OGL/2023/159/0076,Curacao,assessment in progress,"December 24, 2025",no,panostabet-no.com,not contacted,
panostabet.com,panostabet,0,White Star B.V.,OGL/2023/159/0076,Curacao,assessment in progress,"December 24, 2025",no,panostabet.com,not contacted,
paratiisi.com,paratiisi,0,White Star B.V.,OGL/2023/159/0076,Curacao,assessment in progress,"December 24, 2025",no,paratiisi.com,not contacted,
playorbet.com,playorbet,0,White Star B.V.,OGL/2023/159/0076,Curacao,assessment in progress,"December 24, 2025",no,playorbet.com,not contacted,
puntinbets.com,puntinbets,0,White Star B.V.,OGL/2023/159/0076,Curacao,assessment in progress,"December 24, 2025",no,puntinbets.com,not contacted,
puntit-cricket.com,puntitcricket,0,White Star B.V.,OGL/2023/159/0076,Curacao,assessment in progress,"December 24, 2025",no,puntit-cricket.com,not contacted,
puntit.com,puntit,0,White Star B.V.,OGL/2023/159/0076,Curacao,assessment in progress,"December 24, 2025",no,puntit.com,not contacted,
puntitindia.com,puntitindia,0,White Star B.V.,OGL/2023/159/0076,Curacao,assessment in progress,"December 24, 2025",no,puntitindia.com,not contacted,
puntitnorg.com,puntitnorg,0,White Star B.V.,OGL/2023/159/0076,Curacao,assessment in progress,"December 24, 2025",no,puntitnorg.com,not contacted,
puntitnorway.com,puntitnorway,0,White Star B.V.,OGL/2023/159/0076,Curacao,assessment in progress,"December 24, 2025",no,puntitnorway.com,not contacted,
puntitnw.com,puntitnw,0,White Star B.V.,OGL/2023/159/0076,Curacao,assessment in progress,"December 24, 2025",no,puntitnw.com,not contacted,
puntitsports.com,puntitsports,0,White Star B.V.,OGL/2023/159/0076,Curacao,assessment in progress,"December 24, 2025",no,puntitsports.com,not contacted,
raketti.com,raketti,0,White Star B.V.,OGL/2023/159/0076,Curacao,assessment in progress,"December 24, 2025",no,raketti.com,not contacted,
regalrush-no.com,regalrushno,0,White Star B.V.,OGL/2023/159/0076,Curacao,assessment in progress,"December 24, 2025",no,regalrush-no.com,not contacted,
regalrush.com,regalrush,0,White Star B.V.,OGL/2023/159/0076,Curacao,assessment in progress,"December 24, 2025",no,regalrush.com,not contacted,
rocketriches-india.in,rocketrichesindia,0,White Star B.V.,OGL/2023/159/0076,Curacao,assessment in progress,"December 24, 2025",no,rocketriches-india.in,not contacted,
rocketriches.com,rocketriches,0,White Star B.V.,OGL/2023/159/0076,Curacao,assessment in progress,"December 24, 2025",no,rocketriches.com,not contacted,
rr-in.in,rrin,0,White Star B.V.,OGL/2023/159/0076,Curacao,assessment in progress,"December 24, 2025",no,rr-in.in,not contacted,
ruhtinas.com,ruhtinas,0,White Star B.V.,OGL/2023/159/0076,Curacao,assessment in progress,"December 24, 2025",no,ruhtinas.com,not contacted,
tunturikasino.com,tunturikasino,0,White Star B.V.,OGL/2023/159/0076,Curacao,assessment in progress,"December 24, 2025",no,tunturikasino.com,not contacted,
bdmbet.com,bdmbet,0,Terdersoft B.V.,OGL/2024/1126/0521,Curacao,active,"March 26, 2026",no,bdmbet.com,not contacted,
bettyspin.com,bettyspin,0,Terdersoft B.V.,OGL/2024/1126/0521,Curacao,active,"March 26, 2026",no,bettyspin.com,not contacted,
billionairespin.com,billionairespin,0,Terdersoft B.V.,OGL/2024/1126/0521,Curacao,active,"March 26, 2026",no,billionairespin.com,not contacted,
candyspinz.com,candyspinz,0,Terdersoft B.V.,OGL/2024/1126/0521,Curacao,active,"March 26, 2026",no,candyspinz.com,not contacted,
capospin.com,capospin,0,Terdersoft B.V.,OGL/2024/1126/0521,Curacao,active,"March 26, 2026",no,capospin.com,not contacted,
casinaga.com,casinaga,0,Terdersoft B.V.,OGL/2024/1126/0521,Curacao,active,"March 26, 2026",no,casinaga.com,not contacted,
coolzino.com,coolzino,0,Terdersoft B.V.,OGL/2024/1126/0521,Curacao,active,"March 26, 2026",no,coolzino.com,not contacted,
didispin.com,didispin,0,Terdersoft B.V.,OGL/2024/1126/0521,Curacao,active,"March 26, 2026",no,didispin.com,not contacted,
dreamspinz.com,dreamspinz,0,Terdersoft B.V.,OGL/2024/1126/0521,Curacao,active,"March 26, 2026",no,dreamspinz.com,not contacted,
felixspin.com,felixspin,0,Terdersoft B.V.,OGL/2024/1126/0521,Curacao,active,"March 26, 2026",no,felixspin.com,not contacted,
highflybet.com,highflybet,0,Terdersoft B.V.,OGL/2024/1126/0521,Curacao,active,"March 26, 2026",no,highflybet.com,not contacted,
honeybetz.com,honeybetz,0,Terdersoft B.V.,OGL/2024/1126/0521,Curacao,active,"March 26, 2026",no,honeybetz.com,not contacted,
jackpire.com,jackpire,0,Terdersoft B.V.,OGL/2024/1126/0521,Curacao,active,"March 26, 2026",no,jackpire.com,not contacted,
jackpoleon.com,jackpoleon,0,Terdersoft B.V.,OGL/2024/1126/0521,Curacao,active,"March 26, 2026",no,jackpoleon.com,not contacted,
lazybar.com,lazybar,0,Terdersoft B.V.,OGL/2024/1126/0521,Curacao,active,"March 26, 2026",no,lazybar.com,not contacted,
liraspin.com,liraspin,0,Terdersoft B.V.,OGL/2024/1126/0521,Curacao,active,"March 26, 2026",no,liraspin.com,not contacted,
luckapone.com,luckapone,0,Terdersoft B.V.,OGL/2024/1126/0521,Curacao,active,"March 26, 2026",no,luckapone.com,not contacted,
oscarspin.com,oscarspin,0,Terdersoft B.V.,OGL/2024/1126/0521,Curacao,active,"March 26, 2026",no,oscarspin.com,not contacted,
playjonny.com,playjonny,0,Terdersoft B.V.,OGL/2024/1126/0521,Curacao,active,"March 26, 2026",no,playjonny.com,not contacted,
rockyspin.com,rockyspin,0,Terdersoft B.V.,OGL/2024/1126/0521,Curacao,active,"March 26, 2026",no,rockyspin.com,not contacted,
rolldorado.com,rolldorado,0,Terdersoft B.V.,OGL/2024/1126/0521,Curacao,active,"March 26, 2026",no,rolldorado.com,not contacted,
romancasino.com,romancasino,0,Terdersoft B.V.,OGL/2024/1126/0521,Curacao,active,"March 26, 2026",no,romancasino.com,not contacted,
roulettino.com,roulettino,0,Terdersoft B.V.,OGL/2024/1126/0521,Curacao,active,"March 26, 2026",no,roulettino.com,not contacted,
savaspin.com,savaspin,0,Terdersoft B.V.,OGL/2024/1126/0521,Curacao,active,"March 26, 2026",no,savaspin.com,not contacted,
sloticorn.com,sloticorn,0,Terdersoft B.V.,OGL/2024/1126/0521,Curacao,active,"March 26, 2026",no,sloticorn.com,not contacted,
spingali.com,spingali,0,Terdersoft B.V.,OGL/2024/1126/0521,Curacao,active,"March 26, 2026",no,spingali.com,not contacted,
spinigma.com,spinigma,0,Terdersoft B.V.,OGL/2024/1126/0521,Curacao,active,"March 26, 2026",no,spinigma.com,not contacted,
spinmacho.com,spinmacho,0,Terdersoft B.V.,OGL/2024/1126/0521,Curacao,active,"March 26, 2026",no,spinmacho.com,not contacted,
spinmama.com,spinmama,0,Terdersoft B.V.,OGL/2024/1126/0521,Curacao,active,"March 26, 2026",no,spinmama.com,not contacted,
spinogambino.com,spinogambino,0,Terdersoft B.V.,OGL/2024/1126/0521,Curacao,active,"March 26, 2026",no,spinogambino.com,not contacted,
sweetyspin.com,sweetyspin,0,Terdersoft B.V.,OGL/2024/1126/0521,Curacao,active,"March 26, 2026",no,sweetyspin.com,not contacted,
tinatinbet.com,tinatinbet,0,Terdersoft B.V.,OGL/2024/1126/0521,Curacao,active,"March 26, 2026",no,tinatinbet.com,not contacted,
turbowinz.com,turbowinz,0,Terdersoft B.V.,OGL/2024/1126/0521,Curacao,active,"March 26, 2026",no,turbowinz.com,not contacted,
vincispin.com,vincispin,0,Terdersoft B.V.,OGL/2024/1126/0521,Curacao,active,"March 26, 2026",no,vincispin.com,not contacted,
winaura.com,winaura,0,Terdersoft B.V.,OGL/2024/1126/0521,Curacao,active,"March 26, 2026",no,winaura.com,not contacted,
mk.com,mk,27,Middle Kang B.V.,OGL/2024/2267/1181,Curacao,assessment in progress,"December 24, 2025",no,mk.com mk2038.com mk2609.com mk2039.com mk2041.com mk2606.com mk2592.com mk2589.com,not contacted,
bahisdeyiz.com,bahisdeyiz,0,Middle Kang B.V.,OGL/2024/2267/1181,Curacao,assessment in progress,"December 24, 2025",no,bahisdeyiz.com,not contacted,
betador.com,betador,0,Middle Kang B.V.,OGL/2024/2267/1181,Curacao,assessment in progress,"December 24, 2025",no,betador.com,not contacted,
betbob.com,betbob,0,Middle Kang B.V.,OGL/2024/2267/1181,Curacao,assessment in progress,"December 24, 2025",no,betbob.com,not contacted,
betofgame.com,betofgame,0,Middle Kang B.V.,OGL/2024/2267/1181,Curacao,assessment in progress,"December 24, 2025",no,betofgame.com,not contacted,
betslio.com,betslio,0,Middle Kang B.V.,OGL/2024/2267/1181,Curacao,assessment in progress,"December 24, 2025",no,betslio.com,not contacted,
casibow.com,casibow,0,Middle Kang B.V.,OGL/2024/2267/1181,Curacao,assessment in progress,"December 24, 2025",no,casibow.com,not contacted,
casineon.com,casineon,0,Middle Kang B.V.,OGL/2024/2267/1181,Curacao,assessment in progress,"December 24, 2025",no,casineon.com,not contacted,
casinoloji.com,casinoloji,0,Middle Kang B.V.,OGL/2024/2267/1181,Curacao,assessment in progress,"December 24, 2025",no,casinoloji.com,not contacted,
cyprusslots3.com,cyprusslots,0,Middle Kang B.V.,OGL/2024/2267/1181,Curacao,assessment in progress,"December 24, 2025",no,cyprusslots3.com,not contacted,
deobet.com,deobet,0,Middle Kang B.V.,OGL/2024/2267/1181,Curacao,assessment in progress,"December 24, 2025",no,deobet.com,not contacted,
gamben.com,gamben,0,Middle Kang B.V.,OGL/2024/2267/1181,Curacao,assessment in progress,"December 24, 2025",no,gamben.com,not contacted,
gambleron.com,gambleron,0,Middle Kang B.V.,OGL/2024/2267/1181,Curacao,assessment in progress,"December 24, 2025",no,gambleron.com,not contacted,
hugobet.com,hugobet,0,Middle Kang B.V.,OGL/2024/2267/1181,Curacao,assessment in progress,"December 24, 2025",no,hugobet.com,not contacted,
jungle7.com,jungle,0,Middle Kang B.V.,OGL/2024/2267/1181,Curacao,assessment in progress,"December 24, 2025",no,jungle7.com,not contacted,
lotusbet.casino,lotusbet,0,Middle Kang B.V.,OGL/2024/2267/1181,Curacao,assessment in progress,"December 24, 2025",no,lotusbet.casino,not contacted,
luckychico.com,luckychico,0,Middle Kang B.V.,OGL/2024/2267/1181,Curacao,assessment in progress,"December 24, 2025",no,luckychico.com,not contacted,
lukycricket.com,lukycricket,0,Middle Kang B.V.,OGL/2024/2267/1181,Curacao,assessment in progress,"December 24, 2025",no,lukycricket.com,not contacted,
meritroyalcasino.com,meritroyalcasino,0,Middle Kang B.V.,OGL/2024/2267/1181,Curacao,assessment in progress,"December 24, 2025",no,meritroyalcasino.com,not contacted,
metaigaming.io,metaigaming,0,Middle Kang B.V.,OGL/2024/2267/1181,Curacao,assessment in progress,"December 24, 2025",no,metaigaming.io,not contacted,
ogbet.con.in,con,0,Middle Kang B.V.,OGL/2024/2267/1181,Curacao,assessment in progress,"December 24, 2025",no,ogbet.con.in,not contacted,
ogbet.in,ogbet,0,Middle Kang B.V.,OGL/2024/2267/1181,Curacao,assessment in progress,"December 24, 2025",no,ogbet.in,not contacted,
ogbets.com,ogbets,0,Middle Kang B.V.,OGL/2024/2267/1181,Curacao,assessment in progress,"December 24, 2025",no,ogbets.com,not contacted,
rollrise.io,rollrise,0,Middle Kang B.V.,OGL/2024/2267/1181,Curacao,assessment in progress,"December 24, 2025",no,rollrise.io,not contacted,
ronabet.com,ronabet,0,Middle Kang B.V.,OGL/2024/2267/1181,Curacao,assessment in progress,"December 24, 2025",no,ronabet.com,not contacted,
suratbet.com,suratbet,0,Middle Kang B.V.,OGL/2024/2267/1181,Curacao,assessment in progress,"December 24, 2025",no,suratbet.com,not contacted,
tekslot.com,tekslot,0,Middle Kang B.V.,OGL/2024/2267/1181,Curacao,assessment in progress,"December 24, 2025",no,tekslot.com,not contacted,
vegasoro.com,vegasoro,0,Middle Kang B.V.,OGL/2024/2267/1181,Curacao,assessment in progress,"December 24, 2025",no,vegasoro.com,not contacted,
wingobingo.tv,wingobingo,0,Middle Kang B.V.,OGL/2024/2267/1181,Curacao,assessment in progress,"December 24, 2025",no,wingobingo.tv,not contacted,
bet9.com,bet,1,Media Entertainment N.V.,OGL/2024/1110/0512,Curacao,active,"August 1, 2026",no,bet9.com 1957bet.com,not contacted,
latribet.ec,latribet,1,Media Entertainment N.V.,OGL/2024/1110/0512,Curacao,active,"August 1, 2026",no,latribet.ec latribet.com,not contacted,
rojabet.cl,rojabet,1,Media Entertainment N.V.,OGL/2024/1110/0512,Curacao,active,"August 1, 2026",no,rojabet.cl rojabet.com,not contacted,
rojabetchile.cl,rojabetchile,1,Media Entertainment N.V.,OGL/2024/1110/0512,Curacao,active,"August 1, 2026",no,rojabetchile.cl rojabetchile.com,not contacted,
1bet4win.com,betwin,0,Media Entertainment N.V.,OGL/2024/1110/0512,Curacao,active,"August 1, 2026",no,1bet4win.com,not contacted,
apuestashouse.com,apuestashouse,0,Media Entertainment N.V.,OGL/2024/1110/0512,Curacao,active,"August 1, 2026",no,apuestashouse.com,not contacted,
apuesto.com,apuesto,0,Media Entertainment N.V.,OGL/2024/1110/0512,Curacao,active,"August 1, 2026",no,apuesto.com,not contacted,
betmartini.com,betmartini,0,Media Entertainment N.V.,OGL/2024/1110/0512,Curacao,active,"August 1, 2026",no,betmartini.com,not contacted,
btc2bet.com,btcbet,0,Media Entertainment N.V.,OGL/2024/1110/0512,Curacao,active,"August 1, 2026",no,btc2bet.com,not contacted,
deporgram.com,deporgram,0,Media Entertainment N.V.,OGL/2024/1110/0512,Curacao,active,"August 1, 2026",no,deporgram.com,not contacted,
derbibet.com,derbibet,0,Media Entertainment N.V.,OGL/2024/1110/0512,Curacao,active,"August 1, 2026",no,derbibet.com,not contacted,
doubledoublebet.com,doubledoublebet,0,Media Entertainment N.V.,OGL/2024/1110/0512,Curacao,active,"August 1, 2026",no,doubledoublebet.com,not contacted,
forvetbet.com,forvetbet,0,Media Entertainment N.V.,OGL/2024/1110/0512,Curacao,active,"August 1, 2026",no,forvetbet.com,not contacted,
isbet.com,isbet,0,Media Entertainment N.V.,OGL/2024/1110/0512,Curacao,active,"August 1, 2026",no,isbet.com,not contacted,
kikobet.com,kikobet,0,Media Entertainment N.V.,OGL/2024/1110/0512,Curacao,active,"August 1, 2026",no,kikobet.com,not contacted,
looniebet.com,looniebet,0,Media Entertainment N.V.,OGL/2024/1110/0512,Curacao,active,"August 1, 2026",no,looniebet.com,not contacted,
lottabet.com,lottabet,0,Media Entertainment N.V.,OGL/2024/1110/0512,Curacao,active,"August 1, 2026",no,lottabet.com,not contacted,
megawin.cl,megawin,0,Media Entertainment N.V.,OGL/2024/1110/0512,Curacao,active,"August 1, 2026",no,megawin.cl,not contacted,
mundoapostas.com,mundoapostas,0,Media Entertainment N.V.,OGL/2024/1110/0512,Curacao,active,"August 1, 2026",no,mundoapostas.com,not contacted,
optimbet.com,optimbet,0,Media Entertainment N.V.,OGL/2024/1110/0512,Curacao,active,"August 1, 2026",no,optimbet.com,not contacted,
playonwin.com,playonwin,0,Media Entertainment N.V.,OGL/2024/1110/0512,Curacao,active,"August 1, 2026",no,playonwin.com,not contacted,
reloadbet.com,reloadbet,0,Media Entertainment N.V.,OGL/2024/1110/0512,Curacao,active,"August 1, 2026",no,reloadbet.com,not contacted,
rojabetapuestas.com,rojabetapuestas,0,Media Entertainment N.V.,OGL/2024/1110/0512,Curacao,active,"August 1, 2026",no,rojabetapuestas.com,not contacted,
slottojam.com,slottojam,0,Media Entertainment N.V.,OGL/2024/1110/0512,Curacao,active,"August 1, 2026",no,slottojam.com,not contacted,
tornadobahis.com,tornadobahis,0,Media Entertainment N.V.,OGL/2024/1110/0512,Curacao,active,"August 1, 2026",no,tornadobahis.com,not contacted,
tornadobet.com,tornadobet,0,Media Entertainment N.V.,OGL/2024/1110/0512,Curacao,active,"August 1, 2026",no,tornadobet.com,not contacted,
uzbekbet.com,uzbekbet,0,Media Entertainment N.V.,OGL/2024/1110/0512,Curacao,active,"August 1, 2026",no,uzbekbet.com,not contacted,
wsbets.com,wsbets,0,Media Entertainment N.V.,OGL/2024/1110/0512,Curacao,active,"August 1, 2026",no,wsbets.com,not contacted,
frostybet.com,frostybet,2,Famagousta B.V.,OGL/2023/155/0098,Curacao,active,"June 4, 2026",no,frostybet.com frostybet14.com frostybet18.com,not contacted,
upspinz.com,upspinz,2,Famagousta B.V.,OGL/2023/155/0098,Curacao,active,"June 4, 2026",no,upspinz.com upspinz25.com upspinz99.com,not contacted,
astrozino.com,astrozino,1,Famagousta B.V.,OGL/2023/155/0098,Curacao,active,"June 4, 2026",no,astrozino.com astrozino14.com,not contacted,
betsbunny.io,betsbunny,1,Famagousta B.V.,OGL/2023/155/0098,Curacao,active,"June 4, 2026",no,betsbunny.io betsbunny14.io,not contacted,
britaniaslots.io,britaniaslots,1,Famagousta B.V.,OGL/2023/155/0098,Curacao,active,"June 4, 2026",no,britaniaslots.io britaniaslots24.io,not contacted,
cipherwins.com,cipherwins,1,Famagousta B.V.,OGL/2023/155/0098,Curacao,active,"June 4, 2026",no,cipherwins.com cipherwins14.com,not contacted,
hotloot33.io,hotloot,1,Famagousta B.V.,OGL/2023/155/0098,Curacao,active,"June 4, 2026",no,hotloot33.io hotloot77.io,not contacted,
kingsarmscasino.com,kingsarmscasino,1,Famagousta B.V.,OGL/2023/155/0098,Curacao,active,"June 4, 2026",no,kingsarmscasino.com kingsarmscasino14.com,not contacted,
luckywands.io,luckywands,1,Famagousta B.V.,OGL/2023/155/0098,Curacao,active,"June 4, 2026",no,luckywands.io luckywands24.io,not contacted,
luxewin.bet,luxewin,1,Famagousta B.V.,OGL/2023/155/0098,Curacao,active,"June 4, 2026",no,luxewin.bet luxewin22.bet,not contacted,
moanacasino.com,moanacasino,1,Famagousta B.V.,OGL/2023/155/0098,Curacao,active,"June 4, 2026",no,moanacasino.com moanacasino16.com,not contacted,
ohmyzino.com,ohmyzino,1,Famagousta B.V.,OGL/2023/155/0098,Curacao,active,"June 4, 2026",no,ohmyzino.com ohmyzino25.com,not contacted,
oldbellcasino.com,oldbellcasino,1,Famagousta B.V.,OGL/2023/155/0098,Curacao,active,"June 4, 2026",no,oldbellcasino.com oldbellcasino14.com,not contacted,
orionsbet.io,orionsbet,1,Famagousta B.V.,OGL/2023/155/0098,Curacao,active,"June 4, 2026",no,orionsbet.io orionsbet15.io,not contacted,
royalcoala.com,royalcoala,1,Famagousta B.V.,OGL/2023/155/0098,Curacao,active,"June 4, 2026",no,royalcoala.com royalcoala18.com,not contacted,
sagaspins.com,sagaspins,1,Famagousta B.V.,OGL/2023/155/0098,Curacao,active,"June 4, 2026",no,sagaspins.com sagaspins22.com,not contacted,
spinbookie.io,spinbookie,1,Famagousta B.V.,OGL/2023/155/0098,Curacao,active,"June 4, 2026",no,spinbookie.io spinbookie.com,not contacted,
21bets.com,bets,0,Famagousta B.V.,OGL/2023/155/0098,Curacao,active,"June 4, 2026",no,21bets.com,not contacted,
4kasino.com,kasino,0,Famagousta B.V.,OGL/2023/155/0098,Curacao,active,"June 4, 2026",no,4kasino.com,not contacted,
divasluckcasino.com,divasluckcasino,0,Famagousta B.V.,OGL/2023/155/0098,Curacao,active,"June 4, 2026",no,divasluckcasino.com,not contacted,
frenzino.com,frenzino,0,Famagousta B.V.,OGL/2023/155/0098,Curacao,active,"June 4, 2026",no,frenzino.com,not contacted,
jupicasino.com,jupicasino,0,Famagousta B.V.,OGL/2023/155/0098,Curacao,active,"June 4, 2026",no,jupicasino.com,not contacted,
lucyscasino.com,lucyscasino,0,Famagousta B.V.,OGL/2023/155/0098,Curacao,active,"June 4, 2026",no,lucyscasino.com,not contacted,
maxcasino25.io,maxcasino,0,Famagousta B.V.,OGL/2023/155/0098,Curacao,active,"June 4, 2026",no,maxcasino25.io,not contacted,
roibets88.com,roibets,0,Famagousta B.V.,OGL/2023/155/0098,Curacao,active,"June 4, 2026",no,roibets88.com,not contacted,
supacasi.com,supacasi,0,Famagousta B.V.,OGL/2023/155/0098,Curacao,active,"June 4, 2026",no,supacasi.com,not contacted,
tiktakbet.io,tiktakbet,0,Famagousta B.V.,OGL/2023/155/0098,Curacao,active,"June 4, 2026",no,tiktakbet.io,not contacted,
24slots.com,slots,0,New Era B.V.,OGL/2024/181/0181,Curacao,active,"March 7, 2026",no,24slots.com,not contacted,
betindi.com,betindi,0,New Era B.V.,OGL/2024/181/0181,Curacao,active,"March 7, 2026",no,betindi.com,not contacted,
bookofcasino.net,bookofcasino,0,New Era B.V.,OGL/2024/181/0181,Curacao,active,"March 7, 2026",no,bookofcasino.net,not contacted,
casinofarouk.com,casinofarouk,0,New Era B.V.,OGL/2024/181/0181,Curacao,active,"March 7, 2026",no,casinofarouk.com,not contacted,
dolfwin.com,dolfwin,0,New Era B.V.,OGL/2024/181/0181,Curacao,active,"March 7, 2026",no,dolfwin.com,not contacted,
dream.bet,dream,0,New Era B.V.,OGL/2024/181/0181,Curacao,active,"March 7, 2026",no,dream.bet,not contacted,
festivalplay.com,festivalplay,0,New Era B.V.,OGL/2024/181/0181,Curacao,active,"March 7, 2026",no,festivalplay.com,not contacted,
gomblingo.com,gomblingo,0,New Era B.V.,OGL/2024/181/0181,Curacao,active,"March 7, 2026",no,gomblingo.com,not contacted,
kavon.org,kavon,0,New Era B.V.,OGL/2024/181/0181,Curacao,active,"March 7, 2026",no,kavon.org,not contacted,
luckykoala.com,luckykoala,0,New Era B.V.,OGL/2024/181/0181,Curacao,active,"March 7, 2026",no,luckykoala.com,not contacted,
olympusbet.com,olympusbet,0,New Era B.V.,OGL/2024/181/0181,Curacao,active,"March 7, 2026",no,olympusbet.com,not contacted,
palmslots.com,palmslots,0,New Era B.V.,OGL/2024/181/0181,Curacao,active,"March 7, 2026",no,palmslots.com,not contacted,
pribet.com,pribet,0,New Era B.V.,OGL/2024/181/0181,Curacao,active,"March 7, 2026",no,pribet.com,not contacted,
purebets.com,purebets,0,New Era B.V.,OGL/2024/181/0181,Curacao,active,"March 7, 2026",no,purebets.com,not contacted,
silverplay.com,silverplay,0,New Era B.V.,OGL/2024/181/0181,Curacao,active,"March 7, 2026",no,silverplay.com,not contacted,
slotamba.com,slotamba,0,New Era B.V.,OGL/2024/181/0181,Curacao,active,"March 7, 2026",no,slotamba.com,not contacted,
spinplatinum.com,spinplatinum,0,New Era B.V.,OGL/2024/181/0181,Curacao,active,"March 7, 2026",no,spinplatinum.com,not contacted,
sportcenterbetting.com,sportcenterbetting,0,New Era B.V.,OGL/2024/181/0181,Curacao,active,"March 7, 2026",no,sportcenterbetting.com,not contacted,
sportospin.com,sportospin,0,New Era B.V.,OGL/2024/181/0181,Curacao,active,"March 7, 2026",no,sportospin.com,not contacted,
vegasdukes.com,vegasdukes,0,New Era B.V.,OGL/2024/181/0181,Curacao,active,"March 7, 2026",no,vegasdukes.com,not contacted,
wikiluck.com,wikiluck,0,New Era B.V.,OGL/2024/181/0181,Curacao,active,"March 7, 2026",no,wikiluck.com,not contacted,
winmega.com,winmega,0,New Era B.V.,OGL/2024/181/0181,Curacao,active,"March 7, 2026",no,winmega.com,not contacted,
winscore.com,winscore,0,New Era B.V.,OGL/2024/181/0181,Curacao,active,"March 7, 2026",no,winscore.com,not contacted,
yoyospins.com,yoyospins,0,New Era B.V.,OGL/2024/181/0181,Curacao,active,"March 7, 2026",no,yoyospins.com,not contacted,
zentio.online,zentio,0,New Era B.V.,OGL/2024/181/0181,Curacao,active,"March 7, 2026",no,zentio.online,not contacted,
afkspin.com,afkspin,0,Neroblanko Tech N.V.,OGL/2024/790/0272,Curacao,assessment in progress,"December 24, 2025",no,afkspin.com,not contacted,
baxterbet.com,baxterbet,0,Neroblanko Tech N.V.,OGL/2024/790/0272,Curacao,assessment in progress,"December 24, 2025",no,baxterbet.com,not contacted,
boomsino.com,boomsino,0,Neroblanko Tech N.V.,OGL/2024/790/0272,Curacao,assessment in progress,"December 24, 2025",no,boomsino.com,not contacted,
boomzino.com,boomzino,0,Neroblanko Tech N.V.,OGL/2024/790/0272,Curacao,assessment in progress,"December 24, 2025",no,boomzino.com,not contacted,
casinobossy.com,casinobossy,0,Neroblanko Tech N.V.,OGL/2024/790/0272,Curacao,assessment in progress,"December 24, 2025",no,casinobossy.com,not contacted,
fortuzino.com,fortuzino,0,Neroblanko Tech N.V.,OGL/2024/790/0272,Curacao,assessment in progress,"December 24, 2025",no,fortuzino.com,not contacted,
glitzbets.com,glitzbets,0,Neroblanko Tech N.V.,OGL/2024/790/0272,Curacao,assessment in progress,"December 24, 2025",no,glitzbets.com,not contacted,
ivybet.io,ivybet,0,Neroblanko Tech N.V.,OGL/2024/790/0272,Curacao,assessment in progress,"December 24, 2025",no,ivybet.io,not contacted,
lootzino.com,lootzino,0,Neroblanko Tech N.V.,OGL/2024/790/0272,Curacao,assessment in progress,"December 24, 2025",no,lootzino.com,not contacted,
luckycapone.com,luckycapone,0,Neroblanko Tech N.V.,OGL/2024/790/0272,Curacao,assessment in progress,"December 24, 2025",no,luckycapone.com,not contacted,
luckysheriff.com,luckysheriff,0,Neroblanko Tech N.V.,OGL/2024/790/0272,Curacao,assessment in progress,"December 24, 2025",no,luckysheriff.com,not contacted,
magneticslots.com,magneticslots,0,Neroblanko Tech N.V.,OGL/2024/790/0272,Curacao,assessment in progress,"December 24, 2025",no,magneticslots.com,not contacted,
manekispin.com,manekispin,0,Neroblanko Tech N.V.,OGL/2024/790/0272,Curacao,assessment in progress,"December 24, 2025",no,manekispin.com,not contacted,
needforslots.com,needforslots,0,Neroblanko Tech N.V.,OGL/2024/790/0272,Curacao,assessment in progress,"December 24, 2025",no,needforslots.com,not contacted,
ringospin.com,ringospin,0,Neroblanko Tech N.V.,OGL/2024/790/0272,Curacao,assessment in progress,"December 24, 2025",no,ringospin.com,not contacted,
rodeoslot.com,rodeoslot,0,Neroblanko Tech N.V.,OGL/2024/790/0272,Curacao,assessment in progress,"December 24, 2025",no,rodeoslot.com,not contacted,
royalstiger.com,royalstiger,0,Neroblanko Tech N.V.,OGL/2024/790/0272,Curacao,assessment in progress,"December 24, 2025",no,royalstiger.com,not contacted,
slotrize.com,slotrize,0,Neroblanko Tech N.V.,OGL/2024/790/0272,Curacao,assessment in progress,"December 24, 2025",no,slotrize.com,not contacted,
slotsdj.com,slotsdj,0,Neroblanko Tech N.V.,OGL/2024/790/0272,Curacao,assessment in progress,"December 24, 2025",no,slotsdj.com,not contacted,
spinania.com,spinania,0,Neroblanko Tech N.V.,OGL/2024/790/0272,Curacao,assessment in progress,"December 24, 2025",no,spinania.com,not contacted,
spinsahara.com,spinsahara,0,Neroblanko Tech N.V.,OGL/2024/790/0272,Curacao,assessment in progress,"December 24, 2025",no,spinsahara.com,not contacted,
tesorcasino.com,tesorcasino,0,Neroblanko Tech N.V.,OGL/2024/790/0272,Curacao,assessment in progress,"December 24, 2025",no,tesorcasino.com,not contacted,
tonyspins.com,tonyspins,0,Neroblanko Tech N.V.,OGL/2024/790/0272,Curacao,assessment in progress,"December 24, 2025",no,tonyspins.com,not contacted,
winbeatz.com,winbeatz,0,Neroblanko Tech N.V.,OGL/2024/790/0272,Curacao,assessment in progress,"December 24, 2025",no,winbeatz.com,not contacted,
azurslot.com,azurslot,0,GBL Solutions N.V.,OGL/2024/589/0556,Curacao,active,"April 14, 2026",no,azurslot.com,not contacted,
glitchspin.com,glitchspin,0,GBL Solutions N.V.,OGL/2024/589/0556,Curacao,active,"April 14, 2026",no,glitchspin.com,not contacted,
godofwins.com,godofwins,0,GBL Solutions N.V.,OGL/2024/589/0556,Curacao,active,"April 14, 2026",no,godofwins.com,not contacted,
hugocasino.com,hugocasino,0,GBL Solutions N.V.,OGL/2024/589/0556,Curacao,active,"April 14, 2026",no,hugocasino.com,not contacted,
ludios.io,ludios,0,GBL Solutions N.V.,OGL/2024/589/0556,Curacao,active,"April 14, 2026",no,ludios.io,not contacted,
minocasino.com,minocasino,0,GBL Solutions N.V.,OGL/2024/589/0556,Curacao,active,"April 14, 2026",no,minocasino.com,not contacted,
needforspin.com,needforspin,0,GBL Solutions N.V.,OGL/2024/589/0556,Curacao,active,"April 14, 2026",no,needforspin.com,not contacted,
onlywin.com,onlywin,0,GBL Solutions N.V.,OGL/2024/589/0556,Curacao,active,"April 14, 2026",no,onlywin.com,not contacted,
ritzo.com,ritzo,0,GBL Solutions N.V.,OGL/2024/589/0556,Curacao,active,"April 14, 2026",no,ritzo.com,not contacted,
rockycasino.com,rockycasino,0,GBL Solutions N.V.,OGL/2024/589/0556,Curacao,active,"April 14, 2026",no,rockycasino.com,not contacted,
rollingslots.com,rollingslots,0,GBL Solutions N.V.,OGL/2024/589/0556,Curacao,active,"April 14, 2026",no,rollingslots.com,not contacted,
rollingslotti.com,rollingslotti,0,GBL Solutions N.V.,OGL/2024/589/0556,Curacao,active,"April 14, 2026",no,rollingslotti.com,not contacted,
slota.casino,slota,0,GBL Solutions N.V.,OGL/2024/589/0556,Curacao,active,"April 14, 2026",no,slota.casino,not contacted,
spinempire.com,spinempire,0,GBL Solutions N.V.,OGL/2024/589/0556,Curacao,active,"April 14, 2026",no,spinempire.com,not contacted,
spinline.com,spinline,0,GBL Solutions N.V.,OGL/2024/589/0556,Curacao,active,"April 14, 2026",no,spinline.com,not contacted,
strangercasino.com,strangercasino,0,GBL Solutions N.V.,OGL/2024/589/0556,Curacao,active,"April 14, 2026",no,strangercasino.com,not contacted,
tuffpuff.com,tuffpuff,0,GBL Solutions N.V.,OGL/2024/589/0556,Curacao,active,"April 14, 2026",no,tuffpuff.com,not contacted,
vegazone.com,vegazone,0,GBL Solutions N.V.,OGL/2024/589/0556,Curacao,active,"April 14, 2026",no,vegazone.com,not contacted,
wildchance.com,wildchance,0,GBL Solutions N.V.,OGL/2024/589/0556,Curacao,active,"April 14, 2026",no,wildchance.com,not contacted,
wildtokyo.com,wildtokyo,0,GBL Solutions N.V.,OGL/2024/589/0556,Curacao,active,"April 14, 2026",no,wildtokyo.com,not contacted,
wildtokyocasino.com,wildtokyocasino,0,GBL Solutions N.V.,OGL/2024/589/0556,Curacao,active,"April 14, 2026",no,wildtokyocasino.com,not contacted,
winoly.com,winoly,0,GBL Solutions N.V.,OGL/2024/589/0556,Curacao,active,"April 14, 2026",no,winoly.com,not contacted,
winshark.com,winshark,0,GBL Solutions N.V.,OGL/2024/589/0556,Curacao,active,"April 14, 2026",no,winshark.com,not contacted,
shangrila.com,shangrila,1,InterStorm (Curaçao) N.V,OGL/2024/106/0170,Curacao,revoked,,no,shangrila.com shangrila.live,not contacted,
sll12.com,sll,1,InterStorm (Curaçao) N.V,OGL/2024/106/0170,Curacao,revoked,,no,sll12.com sll365.com,not contacted,
bns55.com,bns,0,InterStorm (Curaçao) N.V,OGL/2024/106/0170,Curacao,revoked,,no,bns55.com,not contacted,
kml55.com,kml,0,InterStorm (Curaçao) N.V,OGL/2024/106/0170,Curacao,revoked,,no,kml55.com,not contacted,
kwc32.com,kwc,0,InterStorm (Curaçao) N.V,OGL/2024/106/0170,Curacao,revoked,,no,kwc32.com,not contacted,
mdi58.com,mdi,0,InterStorm (Curaçao) N.V,OGL/2024/106/0170,Curacao,revoked,,no,mdi58.com,not contacted,
mib31.com,mib,0,InterStorm (Curaçao) N.V,OGL/2024/106/0170,Curacao,revoked,,no,mib31.com,not contacted,
okm52.com,okm,0,InterStorm (Curaçao) N.V,OGL/2024/106/0170,Curacao,revoked,,no,okm52.com,not contacted,
poi56.com,poi,0,InterStorm (Curaçao) N.V,OGL/2024/106/0170,Curacao,revoked,,no,poi56.com,not contacted,
ps701.com,ps,0,InterStorm (Curaçao) N.V,OGL/2024/106/0170,Curacao,revoked,,no,ps701.com,not contacted,
qs251.com,qs,0,InterStorm (Curaçao) N.V,OGL/2024/106/0170,Curacao,revoked,,no,qs251.com,not contacted,
sfg51.com,sfg,0,InterStorm (Curaçao) N.V,OGL/2024/106/0170,Curacao,revoked,,no,sfg51.com,not contacted,
shangrilalive.com,shangrilalive,0,InterStorm (Curaçao) N.V,OGL/2024/106/0170,Curacao,revoked,,no,shangrilalive.com,not contacted,
shangrilavip.com,shangrilavip,0,InterStorm (Curaçao) N.V,OGL/2024/106/0170,Curacao,revoked,,no,shangrilavip.com,not contacted,
sqa23.com,sqa,0,InterStorm (Curaçao) N.V,OGL/2024/106/0170,Curacao,revoked,,no,sqa23.com,not contacted,
tbrs21.com,tbrs,0,InterStorm (Curaçao) N.V,OGL/2024/106/0170,Curacao,revoked,,no,tbrs21.com,not contacted,
tkg75.com,tkg,0,InterStorm (Curaçao) N.V,OGL/2024/106/0170,Curacao,revoked,,no,tkg75.com,not contacted,
tpo57.com,tpo,0,InterStorm (Curaçao) N.V,OGL/2024/106/0170,Curacao,revoked,,no,tpo57.com,not contacted,
tpr55.com,tpr,0,InterStorm (Curaçao) N.V,OGL/2024/106/0170,Curacao,revoked,,no,tpr55.com,not contacted,
vols25.com,vols,0,InterStorm (Curaçao) N.V,OGL/2024/106/0170,Curacao,revoked,,no,vols25.com,not contacted,
vom81.com,vom,0,InterStorm (Curaçao) N.V,OGL/2024/106/0170,Curacao,revoked,,no,vom81.com,not contacted,
wk132.com,wk,0,InterStorm (Curaçao) N.V,OGL/2024/106/0170,Curacao,revoked,,no,wk132.com,not contacted,
wsh24.com,wsh,0,InterStorm (Curaçao) N.V,OGL/2024/106/0170,Curacao,revoked,,no,wsh24.com,not contacted,
justcasino.io,justcasino,85,Just Entertainment B.V.,OGL/2024/164/0246,Curacao,assessment in progress,"December 24, 2025",no,justcasino.io justcasino.com justcasino1.io justcasino3.io justcasino2.io justcasino5.com justcasino7.com justcasino0.com,not contacted,
luckydreams.com,luckydreams,79,Just Entertainment B.V.,OGL/2024/164/0246,Curacao,assessment in progress,"December 24, 2025",no,luckydreams.com luckydreams1.com luckydreams6.com luckydreams7.com luckydreams9.com luckydreams5.com luckydreams8.com luckydreams23.com,not contacted,
luckyones.com,luckyones,76,Just Entertainment B.V.,OGL/2024/164/0246,Curacao,assessment in progress,"December 24, 2025",no,luckyones.com luckyones2.com luckyones8.com luckyones7.com luckyones1.com luckyones61.com luckyones72.com luckyones449.com,not contacted,
lukki.com,lukki,63,Just Entertainment B.V.,OGL/2024/164/0246,Curacao,assessment in progress,"December 24, 2025",no,lukki.com lukki7.com lukki1.com lukki3.com lukki2.com lukki779.com lukki802.com lukki613.com,not contacted,
vegasnow.com,vegasnow,19,Just Entertainment B.V.,OGL/2024/164/0246,Curacao,assessment in progress,"December 24, 2025",no,vegasnow.com vegasnow.net vegasnow2.com vegasnow7.com vegasnow1.com vegasnow454.com vegasnow781.com vegasnow779.com,not contacted,
letslucky.com,letslucky,15,Just Entertainment B.V.,OGL/2024/164/0246,Curacao,assessment in progress,"December 24, 2025",no,letslucky.com letslucky7.com letslucky1.com letslucky4.com letslucky5.com letslucky23.com letslucky10.com letslucky17.com,not contacted,
luckydreamsch.com,luckydreamsch,1,Just Entertainment B.V.,OGL/2024/164/0246,Curacao,assessment in progress,"December 24, 2025",no,luckydreamsch.com luckydreamsch777.com,not contacted,
playfashiontv.com,playfashiontv,1,Just Entertainment B.V.,OGL/2024/164/0246,Curacao,assessment in progress,"December 24, 2025",no,playfashiontv.com playfashiontv12.com,not contacted,
emeraldslot.com,emeraldslot,0,Just Entertainment B.V.,OGL/2024/164/0246,Curacao,assessment in progress,"December 24, 2025",no,emeraldslot.com,not contacted,
justcasinoau.com,justcasinoau,0,Just Entertainment B.V.,OGL/2024/164/0246,Curacao,assessment in progress,"December 24, 2025",no,justcasinoau.com,not contacted,
justcasinoaus.com,justcasinoaus,0,Just Entertainment B.V.,OGL/2024/164/0246,Curacao,assessment in progress,"December 24, 2025",no,justcasinoaus.com,not contacted,
letsluckyau.com,letsluckyau,0,Just Entertainment B.V.,OGL/2024/164/0246,Curacao,assessment in progress,"December 24, 2025",no,letsluckyau.com,not contacted,
letsluckych.com,letsluckych,0,Just Entertainment B.V.,OGL/2024/164/0246,Curacao,assessment in progress,"December 24, 2025",no,letsluckych.com,not contacted,
luckydreamsar.com,luckydreamsar,0,Just Entertainment B.V.,OGL/2024/164/0246,Curacao,assessment in progress,"December 24, 2025",no,luckydreamsar.com,not contacted,
luckydreamsau.com,luckydreamsau,0,Just Entertainment B.V.,OGL/2024/164/0246,Curacao,assessment in progress,"December 24, 2025",no,luckydreamsau.com,not contacted,
luckydreamskw.com,luckydreamskw,0,Just Entertainment B.V.,OGL/2024/164/0246,Curacao,assessment in progress,"December 24, 2025",no,luckydreamskw.com,not contacted,
luckyonesar.com,luckyonesar,0,Just Entertainment B.V.,OGL/2024/164/0246,Curacao,assessment in progress,"December 24, 2025",no,luckyonesar.com,not contacted,
luckyonesch.com,luckyonesch,0,Just Entertainment B.V.,OGL/2024/164/0246,Curacao,assessment in progress,"December 24, 2025",no,luckyonesch.com,not contacted,
lukkich.com,lukkich,0,Just Entertainment B.V.,OGL/2024/164/0246,Curacao,assessment in progress,"December 24, 2025",no,lukkich.com,not contacted,
mrz.com,mrz,0,Just Entertainment B.V.,OGL/2024/164/0246,Curacao,assessment in progress,"December 24, 2025",no,mrz.com,not contacted,
vegasnowapp.com,vegasnowapp,0,Just Entertainment B.V.,OGL/2024/164/0246,Curacao,assessment in progress,"December 24, 2025",no,vegasnowapp.com,not contacted,
vegasnowar.com,vegasnowar,0,Just Entertainment B.V.,OGL/2024/164/0246,Curacao,assessment in progress,"December 24, 2025",no,vegasnowar.com,not contacted,
vegasnowch.com,vegasnowch,0,Just Entertainment B.V.,OGL/2024/164/0246,Curacao,assessment in progress,"December 24, 2025",no,vegasnowch.com,not contacted,
ajaxbet.com,ajaxbet,0,Red Lane B.V.,OGL/2024/1065/0847,Curacao,active,"December 4, 2025",no,ajaxbet.com,not contacted,
arexbet.com,arexbet,0,Red Lane B.V.,OGL/2024/1065/0847,Curacao,active,"December 4, 2025",no,arexbet.com,not contacted,
b1bahis.com,bbahis,0,Red Lane B.V.,OGL/2024/1065/0847,Curacao,active,"December 4, 2025",no,b1bahis.com,not contacted,
betlist.com,betlist,0,Red Lane B.V.,OGL/2024/1065/0847,Curacao,active,"December 4, 2025",no,betlist.com,not contacted,
betofbet.com,betofbet,0,Red Lane B.V.,OGL/2024/1065/0847,Curacao,active,"December 4, 2025",no,betofbet.com,not contacted,
dellabet.com,dellabet,0,Red Lane B.V.,OGL/2024/1065/0847,Curacao,active,"December 4, 2025",no,dellabet.com,not contacted,
etabet.com,etabet,0,Red Lane B.V.,OGL/2024/1065/0847,Curacao,active,"December 4, 2025",no,etabet.com,not contacted,
galaxybetting.com,galaxybetting,0,Red Lane B.V.,OGL/2024/1065/0847,Curacao,active,"December 4, 2025",no,galaxybetting.com,not contacted,
herabet.com,herabet,0,Red Lane B.V.,OGL/2024/1065/0847,Curacao,active,"December 4, 2025",no,herabet.com,not contacted,
hermesbet.com,hermesbet,0,Red Lane B.V.,OGL/2024/1065/0847,Curacao,active,"December 4, 2025",no,hermesbet.com,not contacted,
holeybet.com,holeybet,0,Red Lane B.V.,OGL/2024/1065/0847,Curacao,active,"December 4, 2025",no,holeybet.com,not contacted,
hullbet.com,hullbet,0,Red Lane B.V.,OGL/2024/1065/0847,Curacao,active,"December 4, 2025",no,hullbet.com,not contacted,
locabet.com,locabet,0,Red Lane B.V.,OGL/2024/1065/0847,Curacao,active,"December 4, 2025",no,locabet.com,not contacted,
meritpremium.com,meritpremium,0,Red Lane B.V.,OGL/2024/1065/0847,Curacao,active,"December 4, 2025",no,meritpremium.com,not contacted,
neobet.com,neobet,0,Red Lane B.V.,OGL/2024/1065/0847,Curacao,active,"December 4, 2025",no,neobet.com,not contacted,
portobet.com,portobet,0,Red Lane B.V.,OGL/2024/1065/0847,Curacao,active,"December 4, 2025",no,portobet.com,not contacted,
ramsbahis.com,ramsbahis,0,Red Lane B.V.,OGL/2024/1065/0847,Curacao,active,"December 4, 2025",no,ramsbahis.com,not contacted,
slotella.com,slotella,0,Red Lane B.V.,OGL/2024/1065/0847,Curacao,active,"December 4, 2025",no,slotella.com,not contacted,
slotrun.com,slotrun,0,Red Lane B.V.,OGL/2024/1065/0847,Curacao,active,"December 4, 2025",no,slotrun.com,not contacted,
slotspor.com,slotspor,0,Red Lane B.V.,OGL/2024/1065/0847,Curacao,active,"December 4, 2025",no,slotspor.com,not contacted,
suprabahis.com,suprabahis,0,Red Lane B.V.,OGL/2024/1065/0847,Curacao,active,"December 4, 2025",no,suprabahis.com,not contacted,
turbobahis.com,turbobahis,0,Red Lane B.V.,OGL/2024/1065/0847,Curacao,active,"December 4, 2025",no,turbobahis.com,not contacted,
viabahis.com,viabahis,0,Red Lane B.V.,OGL/2024/1065/0847,Curacao,active,"December 4, 2025",no,viabahis.com,not contacted,
vimobet.com,vimobet,1,Glory Multimedia B.V.,OGL/2024/1600/0861,Curacao,assessment in progress,"January 14, 2026",no,vimobet.com vimobet65.com,not contacted,
africanobet.com,africanobet,0,Glory Multimedia B.V.,OGL/2024/1600/0861,Curacao,assessment in progress,"January 14, 2026",no,africanobet.com,not contacted,
alarabiyabet.com,alarabiyabet,0,Glory Multimedia B.V.,OGL/2024/1600/0861,Curacao,assessment in progress,"January 14, 2026",no,alarabiyabet.com,not contacted,
alfwin.com,alfwin,0,Glory Multimedia B.V.,OGL/2024/1600/0861,Curacao,assessment in progress,"January 14, 2026",no,alfwin.com,not contacted,
amarabet.com,amarabet,0,Glory Multimedia B.V.,OGL/2024/1600/0861,Curacao,assessment in progress,"January 14, 2026",no,amarabet.com,not contacted,
arabbet24.com,arabbet,0,Glory Multimedia B.V.,OGL/2024/1600/0861,Curacao,assessment in progress,"January 14, 2026",no,arabbet24.com,not contacted,
dinarwin.com,dinarwin,0,Glory Multimedia B.V.,OGL/2024/1600/0861,Curacao,assessment in progress,"January 14, 2026",no,dinarwin.com,not contacted,
enebet.com,enebet,0,Glory Multimedia B.V.,OGL/2024/1600/0861,Curacao,assessment in progress,"January 14, 2026",no,enebet.com,not contacted,
icombet.com,icombet,0,Glory Multimedia B.V.,OGL/2024/1600/0861,Curacao,assessment in progress,"January 14, 2026",no,icombet.com,not contacted,
ingobet.com,ingobet,0,Glory Multimedia B.V.,OGL/2024/1600/0861,Curacao,assessment in progress,"January 14, 2026",no,ingobet.com,not contacted,
ivobet.com,ivobet,0,Glory Multimedia B.V.,OGL/2024/1600/0861,Curacao,assessment in progress,"January 14, 2026",no,ivobet.com,not contacted,
lavabet.com,lavabet,0,Glory Multimedia B.V.,OGL/2024/1600/0861,Curacao,assessment in progress,"January 14, 2026",no,lavabet.com,not contacted,
menabet.com,menabet,0,Glory Multimedia B.V.,OGL/2024/1600/0861,Curacao,assessment in progress,"January 14, 2026",no,menabet.com,not contacted,
newbet216.com,newbet,0,Glory Multimedia B.V.,OGL/2024/1600/0861,Curacao,assessment in progress,"January 14, 2026",no,newbet216.com,not contacted,
nicewinz.com,nicewinz,0,Glory Multimedia B.V.,OGL/2024/1600/0861,Curacao,assessment in progress,"January 14, 2026",no,nicewinz.com,not contacted,
owinbet.com,owinbet,0,Glory Multimedia B.V.,OGL/2024/1600/0861,Curacao,assessment in progress,"January 14, 2026",no,owinbet.com,not contacted,
paramatik500.com,paramatik,0,Glory Multimedia B.V.,OGL/2024/1600/0861,Curacao,assessment in progress,"January 14, 2026",no,paramatik500.com,not contacted,
vivabet24.com,vivabet,0,Glory Multimedia B.V.,OGL/2024/1600/0861,Curacao,assessment in progress,"January 14, 2026",no,vivabet24.com,not contacted,
wionbet.com,wionbet,0,Glory Multimedia B.V.,OGL/2024/1600/0861,Curacao,assessment in progress,"January 14, 2026",no,wionbet.com,not contacted,
yallabom.com,yallabom,0,Glory Multimedia B.V.,OGL/2024/1600/0861,Curacao,assessment in progress,"January 14, 2026",no,yallabom.com,not contacted,
yallamillion.com,yallamillion,0,Glory Multimedia B.V.,OGL/2024/1600/0861,Curacao,assessment in progress,"January 14, 2026",no,yallamillion.com,not contacted,
zeabet777.com,zeabet,0,Glory Multimedia B.V.,OGL/2024/1600/0861,Curacao,assessment in progress,"January 14, 2026",no,zeabet777.com,not contacted,
anadol24.com,anadol,0,Modern World Entertainment B.V.,OGL/2024/1335/0780,Curacao,assessment in progress,"December 24, 2025",no,anadol24.com,not contacted,
artcasino.io,artcasino,0,Modern World Entertainment B.V.,OGL/2024/1335/0780,Curacao,assessment in progress,"December 24, 2025",yes,artcasino.io,not contacted,
betcrush.com,betcrush,0,Modern World Entertainment B.V.,OGL/2024/1335/0780,Curacao,assessment in progress,"December 24, 2025",yes,betcrush.com,not contacted,
boombangcasino.com,boombangcasino,0,Modern World Entertainment B.V.,OGL/2024/1335/0780,Curacao,assessment in progress,"December 24, 2025",no,boombangcasino.com,not contacted,
casinoorca.com,casinoorca,0,Modern World Entertainment B.V.,OGL/2024/1335/0780,Curacao,assessment in progress,"December 24, 2025",yes,casinoorca.com,not contacted,
cristalpoker.com,cristalpoker,0,Modern World Entertainment B.V.,OGL/2024/1335/0780,Curacao,assessment in progress,"December 24, 2025",no,cristalpoker.com,not contacted,
depositwin.com,depositwin,0,Modern World Entertainment B.V.,OGL/2024/1335/0780,Curacao,assessment in progress,"December 24, 2025",no,depositwin.com,not contacted,
hazcasino.com,hazcasino,0,Modern World Entertainment B.V.,OGL/2024/1335/0780,Curacao,assessment in progress,"December 24, 2025",no,hazcasino.com,not contacted,
herculescasino.com,herculescasino,0,Modern World Entertainment B.V.,OGL/2024/1335/0780,Curacao,assessment in progress,"December 24, 2025",no,herculescasino.com,not contacted,
horuscasino.com,horuscasino,0,Modern World Entertainment B.V.,OGL/2024/1335/0780,Curacao,assessment in progress,"December 24, 2025",no,horuscasino.com,not contacted,
kaiserino.com,kaiserino,0,Modern World Entertainment B.V.,OGL/2024/1335/0780,Curacao,assessment in progress,"December 24, 2025",no,kaiserino.com,not contacted,
kryptosino.com,kryptosino,0,Modern World Entertainment B.V.,OGL/2024/1335/0780,Curacao,assessment in progress,"December 24, 2025",no,kryptosino.com,not contacted,
merlincasino.com,merlincasino,0,Modern World Entertainment B.V.,OGL/2024/1335/0780,Curacao,assessment in progress,"December 24, 2025",no,merlincasino.com,not contacted,
modernworldent.com,modernworldent,0,Modern World Entertainment B.V.,OGL/2024/1335/0780,Curacao,assessment in progress,"December 24, 2025",no,modernworldent.com,not contacted,
royalstarscasino.com,royalstarscasino,0,Modern World Entertainment B.V.,OGL/2024/1335/0780,Curacao,assessment in progress,"December 24, 2025",no,royalstarscasino.com,not contacted,
slotilda-world.com,slotildaworld,0,Modern World Entertainment B.V.,OGL/2024/1335/0780,Curacao,assessment in progress,"December 24, 2025",no,slotilda-world.com,not contacted,
stupidcasino.com,stupidcasino,0,Modern World Entertainment B.V.,OGL/2024/1335/0780,Curacao,assessment in progress,"December 24, 2025",no,stupidcasino.com,not contacted,
thorcasino.com,thorcasino,0,Modern World Entertainment B.V.,OGL/2024/1335/0780,Curacao,assessment in progress,"December 24, 2025",no,thorcasino.com,not contacted,
tulipscasino.com,tulipscasino,0,Modern World Entertainment B.V.,OGL/2024/1335/0780,Curacao,assessment in progress,"December 24, 2025",no,tulipscasino.com,not contacted,
vegazcasino.com,vegazcasino,0,Modern World Entertainment B.V.,OGL/2024/1335/0780,Curacao,assessment in progress,"December 24, 2025",yes,vegazcasino.com,not contacted,
wett-bet.com,wettbet,0,Modern World Entertainment B.V.,OGL/2024/1335/0780,Curacao,assessment in progress,"December 24, 2025",yes,wett-bet.com,not contacted,
wolfycasino.com,wolfycasino,0,Modern World Entertainment B.V.,OGL/2024/1335/0780,Curacao,assessment in progress,"December 24, 2025",no,wolfycasino.com,not contacted,
mex.win,mex,1,Pistis Trade N.V.,OGL/2024/1670/1153,Curacao,active,"November 9, 2025",no,mex.win mex.vip,not contacted,
777jago.com,jago,0,Pistis Trade N.V.,OGL/2024/1670/1153,Curacao,active,"November 9, 2025",no,777jago.com,not contacted,
aajogo.com,aajogo,0,Pistis Trade N.V.,OGL/2024/1670/1153,Curacao,active,"November 9, 2025",no,aajogo.com,not contacted,
betfiery.com,betfiery,0,Pistis Trade N.V.,OGL/2024/1670/1153,Curacao,active,"November 9, 2025",no,betfiery.com,not contacted,
betmxs.com,betmxs,0,Pistis Trade N.V.,OGL/2024/1670/1153,Curacao,active,"November 9, 2025",no,betmxs.com,not contacted,
blue.game,blue,0,Pistis Trade N.V.,OGL/2024/1670/1153,Curacao,active,"November 9, 2025",no,blue.game,not contacted,
brazspin.com,brazspin,0,Pistis Trade N.V.,OGL/2024/1670/1153,Curacao,active,"November 9, 2025",no,brazspin.com,not contacted,
brazstar.com,brazstar,0,Pistis Trade N.V.,OGL/2024/1670/1153,Curacao,active,"November 9, 2025",no,brazstar.com,not contacted,
evogam.com,evogam,0,Pistis Trade N.V.,OGL/2024/1670/1153,Curacao,active,"November 9, 2025",no,evogam.com,not contacted,
gaming-panda.com,gamingpanda,0,Pistis Trade N.V.,OGL/2024/1670/1153,Curacao,active,"November 9, 2025",no,gaming-panda.com,not contacted,
hoy777.com,hoy,0,Pistis Trade N.V.,OGL/2024/1670/1153,Curacao,active,"November 9, 2025",no,hoy777.com,not contacted,
hoywin.com,hoywin,0,Pistis Trade N.V.,OGL/2024/1670/1153,Curacao,active,"November 9, 2025",no,hoywin.com,not contacted,
kklion.com,kklion,0,Pistis Trade N.V.,OGL/2024/1670/1153,Curacao,active,"November 9, 2025",no,kklion.com,not contacted,
loco777.com,loco,0,Pistis Trade N.V.,OGL/2024/1670/1153,Curacao,active,"November 9, 2025",no,loco777.com,not contacted,
mars.bingo,mars,0,Pistis Trade N.V.,OGL/2024/1670/1153,Curacao,active,"November 9, 2025",no,mars.bingo,not contacted,
mexboss.com,mexboss,0,Pistis Trade N.V.,OGL/2024/1670/1153,Curacao,active,"November 9, 2025",no,mexboss.com,not contacted,
mexlucky.com,mexlucky,0,Pistis Trade N.V.,OGL/2024/1670/1153,Curacao,active,"November 9, 2025",no,mexlucky.com,not contacted,
mexswin.com,mexswin,0,Pistis Trade N.V.,OGL/2024/1670/1153,Curacao,active,"November 9, 2025",no,mexswin.com,not contacted,
mx7k.com,mxk,0,Pistis Trade N.V.,OGL/2024/1670/1153,Curacao,active,"November 9, 2025",no,mx7k.com,not contacted,
philucky.com,philucky,0,Pistis Trade N.V.,OGL/2024/1670/1153,Curacao,active,"November 9, 2025",no,philucky.com,not contacted,
psewin.com,psewin,0,Pistis Trade N.V.,OGL/2024/1670/1153,Curacao,active,"November 9, 2025",no,psewin.com,not contacted,
ttjogo.com,ttjogo,0,Pistis Trade N.V.,OGL/2024/1670/1153,Curacao,active,"November 9, 2025",no,ttjogo.com,not contacted,
betchip.com,betchip,0,Throne Entertainment B.V.,OGL/2024/1585/0822,Curacao,active,"June 16, 2026",no,betchip.com,not contacted,
betelli.com,betelli,0,Throne Entertainment B.V.,OGL/2024/1585/0822,Curacao,active,"June 16, 2026",no,betelli.com,not contacted,
betroad.com,betroad,0,Throne Entertainment B.V.,OGL/2024/1585/0822,Curacao,active,"June 16, 2026",no,betroad.com,not contacted,
bluffbet.com,bluffbet,0,Throne Entertainment B.V.,OGL/2024/1585/0822,Curacao,active,"June 16, 2026",no,bluffbet.com,not contacted,
casher.com,casher,0,Throne Entertainment B.V.,OGL/2024/1585/0822,Curacao,active,"June 16, 2026",no,casher.com,not contacted,
casinomaxi.com,casinomaxi,0,Throne Entertainment B.V.,OGL/2024/1585/0822,Curacao,active,"June 16, 2026",no,casinomaxi.com,not contacted,
davegas.com,davegas,0,Throne Entertainment B.V.,OGL/2024/1585/0822,Curacao,active,"June 16, 2026",no,davegas.com,not contacted,
discountcasino.com,discountcasino,0,Throne Entertainment B.V.,OGL/2024/1585/0822,Curacao,active,"June 16, 2026",no,discountcasino.com,not contacted,
genzobet.com,genzobet,0,Throne Entertainment B.V.,OGL/2024/1585/0822,Curacao,active,"June 16, 2026",no,genzobet.com,not contacted,
hovarda.com,hovarda,0,Throne Entertainment B.V.,OGL/2024/1585/0822,Curacao,active,"June 16, 2026",no,hovarda.com,not contacted,
intobet.com,intobet,0,Throne Entertainment B.V.,OGL/2024/1585/0822,Curacao,active,"June 16, 2026",no,intobet.com,not contacted,
jackburst.com,jackburst,0,Throne Entertainment B.V.,OGL/2024/1585/0822,Curacao,active,"June 16, 2026",no,jackburst.com,not contacted,
jetbahis.com,jetbahis,0,Throne Entertainment B.V.,OGL/2024/1585/0822,Curacao,active,"June 16, 2026",no,jetbahis.com,not contacted,
jetbet.com,jetbet,0,Throne Entertainment B.V.,OGL/2024/1585/0822,Curacao,active,"June 16, 2026",no,jetbet.com,not contacted,
jokera.com,jokera,0,Throne Entertainment B.V.,OGL/2024/1585/0822,Curacao,active,"June 16, 2026",no,jokera.com,not contacted,
milyar.com,milyar,0,Throne Entertainment B.V.,OGL/2024/1585/0822,Curacao,active,"June 16, 2026",no,milyar.com,not contacted,
rexbet.com,rexbet,0,Throne Entertainment B.V.,OGL/2024/1585/0822,Curacao,active,"June 16, 2026",no,rexbet.com,not contacted,
slotbon.com,slotbon,0,Throne Entertainment B.V.,OGL/2024/1585/0822,Curacao,active,"June 16, 2026",no,slotbon.com,not contacted,
vidavegas.com,vidavegas,0,Throne Entertainment B.V.,OGL/2024/1585/0822,Curacao,active,"June 16, 2026",no,vidavegas.com,not contacted,
winnit.com,winnit,0,Throne Entertainment B.V.,OGL/2024/1585/0822,Curacao,active,"June 16, 2026",no,winnit.com,not contacted,
vbet.kg,vbet,1,Radon B.V.,OGL/2024/802/0282,Curacao,assessment in progress,"December 24, 2025",no,vbet.kg vbet.com,not contacted,
1988bet.com,bet,0,Radon B.V.,OGL/2024/802/0282,Curacao,assessment in progress,"December 24, 2025",no,1988bet.com,not contacted,
3redbats.com,redbats,0,Radon B.V.,OGL/2024/802/0282,Curacao,assessment in progress,"December 24, 2025",no,3redbats.com,not contacted,
allinn.com,allinn,0,Radon B.V.,OGL/2024/802/0282,Curacao,assessment in progress,"December 24, 2025",no,allinn.com,not contacted,
betdesuerte.com,betdesuerte,0,Radon B.V.,OGL/2024/802/0282,Curacao,assessment in progress,"December 24, 2025",no,betdesuerte.com,not contacted,
betpukka.com,betpukka,0,Radon B.V.,OGL/2024/802/0282,Curacao,assessment in progress,"December 24, 2025",no,betpukka.com,not contacted,
elegans-casino.com,eleganscasino,0,Radon B.V.,OGL/2024/802/0282,Curacao,assessment in progress,"December 24, 2025",no,elegans-casino.com,not contacted,
fantasticbet.com,fantasticbet,0,Radon B.V.,OGL/2024/802/0282,Curacao,assessment in progress,"December 24, 2025",no,fantasticbet.com,not contacted,
fashiontvplay.com,fashiontvplay,0,Radon B.V.,OGL/2024/802/0282,Curacao,assessment in progress,"December 24, 2025",no,fashiontvplay.com,not contacted,
fortunabet.com,fortunabet,0,Radon B.V.,OGL/2024/802/0282,Curacao,assessment in progress,"December 24, 2025",no,fortunabet.com,not contacted,
goacasinolive.com,goacasinolive,0,Radon B.V.,OGL/2024/802/0282,Curacao,assessment in progress,"December 24, 2025",no,goacasinolive.com,not contacted,
greenpunter.com,greenpunter,0,Radon B.V.,OGL/2024/802/0282,Curacao,assessment in progress,"December 24, 2025",no,greenpunter.com,not contacted,
grombet.com,grombet,0,Radon B.V.,OGL/2024/802/0282,Curacao,assessment in progress,"December 24, 2025",no,grombet.com,not contacted,
horusbet.cl,horusbet,0,Radon B.V.,OGL/2024/802/0282,Curacao,assessment in progress,"December 24, 2025",no,horusbet.cl,not contacted,
lgbt.casino,lgbt,0,Radon B.V.,OGL/2024/802/0282,Curacao,assessment in progress,"December 24, 2025",no,lgbt.casino,not contacted,
odarobet.com,odarobet,0,Radon B.V.,OGL/2024/802/0282,Curacao,assessment in progress,"December 24, 2025",no,odarobet.com,not contacted,
osocasino.com,osocasino,0,Radon B.V.,OGL/2024/802/0282,Curacao,assessment in progress,"December 24, 2025",no,osocasino.com,not contacted,
realdealpoker.com,realdealpoker,0,Radon B.V.,OGL/2024/802/0282,Curacao,assessment in progress,"December 24, 2025",no,realdealpoker.com,not contacted,
vivaro.me,vivaro,0,Radon B.V.,OGL/2024/802/0282,Curacao,assessment in progress,"December 24, 2025",no,vivaro.me,not contacted,
johnniekashkings.me,johnniekashkings,1,Swervy International B.V.,OGL/2024/1340/0996,Curacao,active,"June 6, 2026",no,johnniekashkings.me johnniekashkings.com,not contacted,
jokacasino.com,jokacasino,1,Swervy International B.V.,OGL/2024/1340/0996,Curacao,active,"June 6, 2026",no,jokacasino.com jokacasino.online,not contacted,
kingjohnnie.me,kingjohnnie,1,Swervy International B.V.,OGL/2024/1340/0996,Curacao,active,"June 6, 2026",no,kingjohnnie.me kingjohnnie.com,not contacted,
stellarspins.com,stellarspins,1,Swervy International B.V.,OGL/2024/1340/0996,Curacao,active,"June 6, 2026",no,stellarspins.com stellarspins.fun,not contacted,
betja.com,betja,0,Swervy International B.V.,OGL/2024/1340/0996,Curacao,active,"June 6, 2026",no,betja.com,not contacted,
betya.com,betya,0,Swervy International B.V.,OGL/2024/1340/0996,Curacao,active,"June 6, 2026",no,betya.com,not contacted,
casino-mate.com,casinomate,0,Swervy International B.V.,OGL/2024/1340/0996,Curacao,active,"June 6, 2026",no,casino-mate.com,not contacted,
casinojoka.com,casinojoka,0,Swervy International B.V.,OGL/2024/1340/0996,Curacao,active,"June 6, 2026",no,casinojoka.com,not contacted,
casinojokaclub.co,casinojokaclub,0,Swervy International B.V.,OGL/2024/1340/0996,Curacao,active,"June 6, 2026",no,casinojokaclub.co,not contacted,
houseofjack.com,houseofjack,0,Swervy International B.V.,OGL/2024/1340/0996,Curacao,active,"June 6, 2026",no,houseofjack.com,not contacted,
jackpotjill.com,jackpotjill,0,Swervy International B.V.,OGL/2024/1340/0996,Curacao,active,"June 6, 2026",no,jackpotjill.com,not contacted,
jackpotjillvip.com,jackpotjillvip,0,Swervy International B.V.,OGL/2024/1340/0996,Curacao,active,"June 6, 2026",no,jackpotjillvip.com,not contacted,
jokaclubvip.com,jokaclubvip,0,Swervy International B.V.,OGL/2024/1340/0996,Curacao,active,"June 6, 2026",no,jokaclubvip.com,not contacted,
jokaviproom.com,jokaviproom,0,Swervy International B.V.,OGL/2024/1340/0996,Curacao,active,"June 6, 2026",no,jokaviproom.com,not contacted,
leroijohnny.com,leroijohnny,0,Swervy International B.V.,OGL/2024/1340/0996,Curacao,active,"June 6, 2026",no,leroijohnny.com,not contacted,
pokiepop.com,pokiepop,0,Swervy International B.V.,OGL/2024/1340/0996,Curacao,active,"June 6, 2026",no,pokiepop.com,not contacted,
stellerspins.com,stellerspins,0,Swervy International B.V.,OGL/2024/1340/0996,Curacao,active,"June 6, 2026",no,stellerspins.com,not contacted,
wildcardcity.com,wildcardcity,0,Swervy International B.V.,OGL/2024/1340/0996,Curacao,active,"June 6, 2026",no,wildcardcity.com,not contacted,
wolfwinner.com,wolfwinner,0,Swervy International B.V.,OGL/2024/1340/0996,Curacao,active,"June 6, 2026",no,wolfwinner.com,not contacted,
azerbet.com,azerbet,0,Elfy Interactive B.V.,OGL/2024/1279/0531,Curacao,assessment in progress,"December 24, 2025",no,azerbet.com,not contacted,
beinbet.com,beinbet,0,Elfy Interactive B.V.,OGL/2024/1279/0531,Curacao,assessment in progress,"December 24, 2025",no,beinbet.com,not contacted,
betewin.com,betewin,0,Elfy Interactive B.V.,OGL/2024/1279/0531,Curacao,assessment in progress,"December 24, 2025",yes,betewin.com,not contacted,
betim.com,betim,0,Elfy Interactive B.V.,OGL/2024/1279/0531,Curacao,assessment in progress,"December 24, 2025",no,betim.com,not contacted,
betpin.com,betpin,0,Elfy Interactive B.V.,OGL/2024/1279/0531,Curacao,assessment in progress,"December 24, 2025",no,betpin.com,not contacted,
casimo.com,casimo,0,Elfy Interactive B.V.,OGL/2024/1279/0531,Curacao,assessment in progress,"December 24, 2025",no,casimo.com,not contacted,
casinoda.com,casinoda,0,Elfy Interactive B.V.,OGL/2024/1279/0531,Curacao,assessment in progress,"December 24, 2025",no,casinoda.com,not contacted,
jackpotz.com,jackpotz,0,Elfy Interactive B.V.,OGL/2024/1279/0531,Curacao,assessment in progress,"December 24, 2025",no,jackpotz.com,not contacted,
jokeras.com,jokeras,0,Elfy Interactive B.V.,OGL/2024/1279/0531,Curacao,assessment in progress,"December 24, 2025",no,jokeras.com,not contacted,
onlyspin.com,onlyspin,0,Elfy Interactive B.V.,OGL/2024/1279/0531,Curacao,assessment in progress,"December 24, 2025",no,onlyspin.com,not contacted,
otobet.com,otobet,0,Elfy Interactive B.V.,OGL/2024/1279/0531,Curacao,assessment in progress,"December 24, 2025",yes,otobet.com,not contacted,
rigobet.com,rigobet,0,Elfy Interactive B.V.,OGL/2024/1279/0531,Curacao,assessment in progress,"December 24, 2025",no,rigobet.com,not contacted,
slotime.com,slotime,0,Elfy Interactive B.V.,OGL/2024/1279/0531,Curacao,assessment in progress,"December 24, 2025",no,slotime.com,not contacted,
slotin.com,slotin,0,Elfy Interactive B.V.,OGL/2024/1279/0531,Curacao,assessment in progress,"December 24, 2025",yes,slotin.com,not contacted,
sortebet.com,sortebet,0,Elfy Interactive B.V.,OGL/2024/1279/0531,Curacao,assessment in progress,"December 24, 2025",no,sortebet.com,not contacted,
winover.com,winover,0,Elfy Interactive B.V.,OGL/2024/1279/0531,Curacao,assessment in progress,"December 24, 2025",no,winover.com,not contacted,
winspin.com,winspin,0,Elfy Interactive B.V.,OGL/2024/1279/0531,Curacao,assessment in progress,"December 24, 2025",no,winspin.com,not contacted,
billy.io,billy,0,Njord Ventures B.V.,OGL/2024/481/0169,Curacao,assessment in progress,"December 24, 2025",no,billy.io,not contacted,
buumi.com,buumi,0,Njord Ventures B.V.,OGL/2024/481/0169,Curacao,assessment in progress,"December 24, 2025",no,buumi.com,not contacted,
firespin.com,firespin,0,Njord Ventures B.V.,OGL/2024/481/0169,Curacao,assessment in progress,"December 24, 2025",no,firespin.com,not contacted,
hillo.com,hillo,0,Njord Ventures B.V.,OGL/2024/481/0169,Curacao,assessment in progress,"December 24, 2025",no,hillo.com,not contacted,
hurmio.com,hurmio,0,Njord Ventures B.V.,OGL/2024/481/0169,Curacao,assessment in progress,"December 24, 2025",no,hurmio.com,not contacted,
jellona.com,jellona,0,Njord Ventures B.V.,OGL/2024/481/0169,Curacao,assessment in progress,"December 24, 2025",no,jellona.com,not contacted,
joker.io,joker,0,Njord Ventures B.V.,OGL/2024/481/0169,Curacao,assessment in progress,"December 24, 2025",no,joker.io,not contacted,
koicasino.com,koicasino,0,Njord Ventures B.V.,OGL/2024/481/0169,Curacao,assessment in progress,"December 24, 2025",no,koicasino.com,not contacted,
kruuna.com,kruuna,0,Njord Ventures B.V.,OGL/2024/481/0169,Curacao,assessment in progress,"December 24, 2025",no,kruuna.com,not contacted,
lysti.com,lysti,0,Njord Ventures B.V.,OGL/2024/481/0169,Curacao,assessment in progress,"December 24, 2025",no,lysti.com,not contacted,
nopein.com,nopein,0,Njord Ventures B.V.,OGL/2024/481/0169,Curacao,assessment in progress,"December 24, 2025",no,nopein.com,not contacted,
pommi.com,pommi,0,Njord Ventures B.V.,OGL/2024/481/0169,Curacao,assessment in progress,"December 24, 2025",no,pommi.com,not contacted,
possu.com,possu,0,Njord Ventures B.V.,OGL/2024/481/0169,Curacao,assessment in progress,"December 24, 2025",no,possu.com,not contacted,
rullat.com,rullat,0,Njord Ventures B.V.,OGL/2024/481/0169,Curacao,assessment in progress,"December 24, 2025",no,rullat.com,not contacted,
shokki.com,shokki,0,Njord Ventures B.V.,OGL/2024/481/0169,Curacao,assessment in progress,"December 24, 2025",no,shokki.com,not contacted,
slotti.com,slotti,0,Njord Ventures B.V.,OGL/2024/481/0169,Curacao,assessment in progress,"December 24, 2025",no,slotti.com,not contacted,
tikkari.com,tikkari,0,Njord Ventures B.V.,OGL/2024/481/0169,Curacao,assessment in progress,"December 24, 2025",no,tikkari.com,not contacted,
n1bet.com,nbet,22,Stable Tech N.V.,OGL/2024/161/0191,Curacao,assessment in progress,"December 24, 2025",no,n1bet.com n1bet3.com n1bet2.com n1bet4.com n1bet9.com n1bet7.com n1bet8.com n1bet6.com,not contacted,
joocasino.com,joocasino,13,Stable Tech N.V.,OGL/2024/161/0191,Curacao,assessment in progress,"December 24, 2025",no,joocasino.com joocasino27.com joocasino33.com joocasino34.com joocasino24.com joocasino37.com joocasino25.com joocasino41.com,not contacted,
rollxo.com,rollxo,8,Stable Tech N.V.,OGL/2024/161/0191,Curacao,assessment in progress,"December 24, 2025",no,rollxo.com rollxo8.com rollxo5.com rollxo3.com rollxo7.com rollxo1.com rollxo4.com rollxo2.com,not contacted,
joocasinos.com,joocasinos,6,Stable Tech N.V.,OGL/2024/161/0191,Curacao,assessment in progress,"December 24, 2025",no,joocasinos.com joocasinos1.com joocasinos4.com joocasinos5.com joocasinos3.com joocasinos2.com joocasinos15.com,not contacted,
slotmafia.com,slotmafia,5,Stable Tech N.V.,OGL/2024/161/0191,Curacao,assessment in progress,"December 24, 2025",no,slotmafia.com slotmafia3.com slotmafia5.com slotmafia2.com slotmafia4.com slotmafia1.com,not contacted,
hollywin.com,hollywin,4,Stable Tech N.V.,OGL/2024/161/0191,Curacao,assessment in progress,"December 24, 2025",no,hollywin.com hollywin3.com hollywin4.com hollywin2.com hollywin1.com,not contacted,
slotlords.com,slotlords,4,Stable Tech N.V.,OGL/2024/161/0191,Curacao,assessment in progress,"December 24, 2025",no,slotlords.com slotlords2.com slotlords3.com slotlords1.com slotlords5.com,not contacted,
goldexcasino.com,goldexcasino,3,Stable Tech N.V.,OGL/2024/161/0191,Curacao,assessment in progress,"December 24, 2025",no,goldexcasino.com goldexcasino1.com goldexcasino2.com goldexcasino3.com,not contacted,
jet4bet.com,jetbet,3,Stable Tech N.V.,OGL/2024/161/0191,Curacao,assessment in progress,"December 24, 2025",no,jet4bet.com jet4bet3.com jet4bet2.com jet4bet1.com,not contacted,
luckyhunter.com,luckyhunter,3,Stable Tech N.V.,OGL/2024/161/0191,Curacao,assessment in progress,"December 24, 2025",no,luckyhunter.com luckyhunter2.com luckyhunter3.com luckyhunter1.com,not contacted,
mateslots.com,mateslots,3,Stable Tech N.V.,OGL/2024/161/0191,Curacao,assessment in progress,"December 24, 2025",no,mateslots.com mateslots1.com mateslots2.com mateslots3.com,not contacted,
retrobet.com,retrobet,3,Stable Tech N.V.,OGL/2024/161/0191,Curacao,assessment in progress,"December 24, 2025",no,retrobet.com retrobet3.com retrobet4.com retrobet2.com,not contacted,
slotlounge.com,slotlounge,2,Stable Tech N.V.,OGL/2024/161/0191,Curacao,assessment in progress,"December 24, 2025",no,slotlounge.com slotlounge2.com slotlounge1.com,not contacted,
spiritcasino.com,spiritcasino,2,Stable Tech N.V.,OGL/2024/161/0191,Curacao,assessment in progress,"December 24, 2025",no,spiritcasino.com spiritcasino1.com spiritcasino2.com,not contacted,
n1betm.com,nbetm,1,Stable Tech N.V.,OGL/2024/161/0191,Curacao,assessment in progress,"December 24, 2025",no,n1betm.com n1bet-m.com,not contacted,
pin-mateslots.com,pinmateslots,0,Stable Tech N.V.,OGL/2024/161/0191,Curacao,assessment in progress,"December 24, 2025",no,pin-mateslots.com,not contacted,
vegashunter.com,vegashunter,0,Stable Tech N.V.,OGL/2024/161/0191,Curacao,assessment in progress,"December 24, 2025",no,vegashunter.com,not contacted,
4mybet.com,mybet,0,Casiworx N.V.,OGL/2024/1278/0497,Curacao,active,"May 23, 2026",no,4mybet.com,not contacted,
freakybillion.com,freakybillion,0,Casiworx N.V.,OGL/2024/1278/0497,Curacao,active,"May 23, 2026",no,freakybillion.com,not contacted,
gambleverse.casino,gambleverse,0,Casiworx N.V.,OGL/2024/1278/0497,Curacao,active,"May 23, 2026",no,gambleverse.casino,not contacted,
intellectbet.com,intellectbet,0,Casiworx N.V.,OGL/2024/1278/0497,Curacao,active,"May 23, 2026",no,intellectbet.com,not contacted,
norsewin.com,norsewin,0,Casiworx N.V.,OGL/2024/1278/0497,Curacao,active,"May 23, 2026",no,norsewin.com,not contacted,
pokerbetcasino.com,pokerbetcasino,0,Casiworx N.V.,OGL/2024/1278/0497,Curacao,active,"May 23, 2026",no,pokerbetcasino.com,not contacted,
rockstarwin.com,rockstarwin,0,Casiworx N.V.,OGL/2024/1278/0497,Curacao,active,"May 23, 2026",no,rockstarwin.com,not contacted,
slotio.io,slotio,0,Casiworx N.V.,OGL/2024/1278/0497,Curacao,active,"May 23, 2026",no,slotio.io,not contacted,
slotobit.io,slotobit,0,Casiworx N.V.,OGL/2024/1278/0497,Curacao,active,"May 23, 2026",no,slotobit.io,not contacted,
slotorush.com,slotorush,0,Casiworx N.V.,OGL/2024/1278/0497,Curacao,active,"May 23, 2026",no,slotorush.com,not contacted,
slotystake.com,slotystake,0,Casiworx N.V.,OGL/2024/1278/0497,Curacao,active,"May 23, 2026",no,slotystake.com,not contacted,
spininn.bet,spininn,0,Casiworx N.V.,OGL/2024/1278/0497,Curacao,active,"May 23, 2026",no,spininn.bet,not contacted,
stakebro.com,stakebro,0,Casiworx N.V.,OGL/2024/1278/0497,Curacao,active,"May 23, 2026",no,stakebro.com,not contacted,
stakemania.com,stakemania,0,Casiworx N.V.,OGL/2024/1278/0497,Curacao,active,"May 23, 2026",no,stakemania.com,not contacted,
vipcasino.online,vipcasino,0,Casiworx N.V.,OGL/2024/1278/0497,Curacao,active,"May 23, 2026",no,vipcasino.online,not contacted,
wincraft.casino,wincraft,0,Casiworx N.V.,OGL/2024/1278/0497,Curacao,active,"May 23, 2026",no,wincraft.casino,not contacted,
wildsultan.com,wildsultan,1,Next to You B.V.,OGL/2024/189/0118,Curacao,assessment in progress,"December 24, 2025",no,wildsultan.com wildsultan.vip,not contacted,
reelsofluck.com,reelsofluck,0,Next to You B.V.,OGL/2024/189/0118,Curacao,assessment in progress,"December 24, 2025",no,reelsofluck.com,not contacted,
scattercoins.com,scattercoins,0,Next to You B.V.,OGL/2024/189/0118,Curacao,assessment in progress,"December 24, 2025",no,scattercoins.com,not contacted,
wild-dragon.com,wilddragon,0,Next to You B.V.,OGL/2024/189/0118,Curacao,assessment in progress,"December 24, 2025",no,wild-dragon.com,not contacted,
centro.casino,centro,0,Next to You B.V.,OGL/2024/189/0118,Curacao,assessment in progress,"December 24, 2025",no,centro.casino,not contacted,
jet-nix.com,jetnix,0,Next to You B.V.,OGL/2024/189/0118,Curacao,assessment in progress,"December 24, 2025",no,jet-nix.com,not contacted,
lariotcasino.com,lariotcasino,0,Next to You B.V.,OGL/2024/189/0118,Curacao,assessment in progress,"December 24, 2025",no,lariotcasino.com,not contacted,
lavescasino.com,lavescasino,0,Next to You B.V.,OGL/2024/189/0118,Curacao,assessment in progress,"December 24, 2025",no,lavescasino.com,not contacted,
luckyscatter.com,luckyscatter,0,Next to You B.V.,OGL/2024/189/0118,Curacao,assessment in progress,"December 24, 2025",no,luckyscatter.com,not contacted,
madnix.com,madnix,0,Next to You B.V.,OGL/2024/189/0118,Curacao,assessment in progress,"December 24, 2025",no,madnix.com,not contacted,
mojocasino.org,mojocasino,0,Next to You B.V.,OGL/2024/189/0118,Curacao,assessment in progress,"December 24, 2025",no,mojocasino.org,not contacted,
sultanvip.com,sultanvip,0,Next to You B.V.,OGL/2024/189/0118,Curacao,assessment in progress,"December 24, 2025",no,sultanvip.com,not contacted,
vipclubmadnix.com,vipclubmadnix,0,Next to You B.V.,OGL/2024/189/0118,Curacao,assessment in progress,"December 24, 2025",no,vipclubmadnix.com,not contacted,
vipwinoui.com,vipwinoui,0,Next to You B.V.,OGL/2024/189/0118,Curacao,assessment in progress,"December 24, 2025",no,vipwinoui.com,not contacted,
winoui.com,winoui,0,Next to You B.V.,OGL/2024/189/0118,Curacao,assessment in progress,"December 24, 2025",no,winoui.com,not contacted,
yokikana.com,yokikana,0,Next to You B.V.,OGL/2024/189/0118,Curacao,assessment in progress,"December 24, 2025",no,yokikana.com,not contacted,
bateubet.bet,bateubet,0,Victoria Games Solutions B.V.,OGL/2024/746/0204,Curacao,active,"April 3, 2026",no,bateubet.bet,not contacted,
betinha.com,betinha,0,Victoria Games Solutions B.V.,OGL/2024/746/0204,Curacao,active,"April 3, 2026",no,betinha.com,not contacted,
fizabet.com,fizabet,0,Victoria Games Solutions B.V.,OGL/2024/746/0204,Curacao,active,"April 3, 2026",no,fizabet.com,not contacted,
gramado.bet,gramado,0,Victoria Games Solutions B.V.,OGL/2024/746/0204,Curacao,active,"April 3, 2026",no,gramado.bet,not contacted,
jetbet365.com,jetbet,0,Victoria Games Solutions B.V.,OGL/2024/746/0204,Curacao,active,"April 3, 2026",no,jetbet365.com,not contacted,
kwbet.bet,kwbet,0,Victoria Games Solutions B.V.,OGL/2024/746/0204,Curacao,active,"April 3, 2026",no,kwbet.bet,not contacted,
lovebetz.com,lovebetz,0,Victoria Games Solutions B.V.,OGL/2024/746/0204,Curacao,active,"April 3, 2026",no,lovebetz.com,not contacted,
metbet.io,metbet,0,Victoria Games Solutions B.V.,OGL/2024/746/0204,Curacao,active,"April 3, 2026",no,metbet.io,not contacted,
pinbet.io,pinbet,0,Victoria Games Solutions B.V.,OGL/2024/746/0204,Curacao,active,"April 3, 2026",no,pinbet.io,not contacted,
playgreen.bet,playgreen,0,Victoria Games Solutions B.V.,OGL/2024/746/0204,Curacao,active,"April 3, 2026",no,playgreen.bet,not contacted,
puskasbet.com.br,com,0,Victoria Games Solutions B.V.,OGL/2024/746/0204,Curacao,active,"April 3, 2026",no,puskasbet.com.br,not contacted,
ragnar.bet,ragnar,0,Victoria Games Solutions B.V.,OGL/2024/746/0204,Curacao,active,"April 3, 2026",no,ragnar.bet,not contacted,
sortebet777.com,sortebet,0,Victoria Games Solutions B.V.,OGL/2024/746/0204,Curacao,active,"April 3, 2026",no,sortebet777.com,not contacted,
starbetfc.com,starbetfc,0,Victoria Games Solutions B.V.,OGL/2024/746/0204,Curacao,active,"April 3, 2026",no,starbetfc.com,not contacted,
stargoldbet.app,stargoldbet,0,Victoria Games Solutions B.V.,OGL/2024/746/0204,Curacao,active,"April 3, 2026",no,stargoldbet.app,not contacted,
zilionz.com,zilionz,0,Victoria Games Solutions B.V.,OGL/2024/746/0204,Curacao,active,"April 3, 2026",no,zilionz.com,not contacted,
starzbet.kg,starzbet,1,Mill Interactive B.V.,OGL/2024/1282/0539,Curacao,assessment in progress,"December 24, 2025",no,starzbet.kg starzbet.com,not contacted,
bankobet.com,bankobet,0,Mill Interactive B.V.,OGL/2024/1282/0539,Curacao,assessment in progress,"December 24, 2025",no,bankobet.com,not contacted,
baywin.com,baywin,0,Mill Interactive B.V.,OGL/2024/1282/0539,Curacao,assessment in progress,"December 24, 2025",yes,baywin.com,not contacted,
betira.com,betira,0,Mill Interactive B.V.,OGL/2024/1282/0539,Curacao,assessment in progress,"December 24, 2025",yes,betira.com,not contacted,
betorspin.com,betorspin,0,Mill Interactive B.V.,OGL/2024/1282/0539,Curacao,assessment in progress,"December 24, 2025",no,betorspin.com,not contacted,
betpublic.com,betpublic,0,Mill Interactive B.V.,OGL/2024/1282/0539,Curacao,assessment in progress,"December 24, 2025",yes,betpublic.com,not contacted,
bycasino.com,bycasino,0,Mill Interactive B.V.,OGL/2024/1282/0539,Curacao,assessment in progress,"December 24, 2025",yes,bycasino.com,not contacted,
cola.com,cola,0,Mill Interactive B.V.,OGL/2024/1282/0539,Curacao,assessment in progress,"December 24, 2025",yes,cola.com,not contacted,
jasino.com,jasino,0,Mill Interactive B.V.,OGL/2024/1282/0539,Curacao,assessment in progress,"December 24, 2025",yes,jasino.com,not contacted,
ligobet.com,ligobet,0,Mill Interactive B.V.,OGL/2024/1282/0539,Curacao,assessment in progress,"December 24, 2025",yes,ligobet.com,not contacted,
luxslot.com,luxslot,0,Mill Interactive B.V.,OGL/2024/1282/0539,Curacao,assessment in progress,"December 24, 2025",yes,luxslot.com,not contacted,
northwin.com,northwin,0,Mill Interactive B.V.,OGL/2024/1282/0539,Curacao,assessment in progress,"December 24, 2025",yes,northwin.com,not contacted,
solobet.com,solobet,0,Mill Interactive B.V.,OGL/2024/1282/0539,Curacao,assessment in progress,"December 24, 2025",yes,solobet.com,not contacted,
starora.com,starora,0,Mill Interactive B.V.,OGL/2024/1282/0539,Curacao,assessment in progress,"December 24, 2025",no,starora.com,not contacted,
zlot.com,zlot,0,Mill Interactive B.V.,OGL/2024/1282/0539,Curacao,assessment in progress,"December 24, 2025",yes,zlot.com,not contacted,
spiidi.com,spiidi,5,Fruity Entertainment N.V.,OGL/2024/1487/0729,Curacao,assessment in progress,"December 24, 2025",no,spiidi.com spiidi51927.com spiidi37182.com spiidi27816.com spiidi82673.com spiidi47615.com,not contacted,
douppi.com,douppi,0,Fruity Entertainment N.V.,OGL/2024/1487/0729,Curacao,assessment in progress,"December 24, 2025",no,douppi.com,not contacted,
fyffecasino.com,fyffecasino,0,Fruity Entertainment N.V.,OGL/2024/1487/0729,Curacao,assessment in progress,"December 24, 2025",no,fyffecasino.com,not contacted,
fyffekasino.com,fyffekasino,0,Fruity Entertainment N.V.,OGL/2024/1487/0729,Curacao,assessment in progress,"December 24, 2025",no,fyffekasino.com,not contacted,
kaahaus.com,kaahaus,0,Fruity Entertainment N.V.,OGL/2024/1487/0729,Curacao,assessment in progress,"December 24, 2025",no,kaahaus.com,not contacted,
kiekka.com,kiekka,0,Fruity Entertainment N.V.,OGL/2024/1487/0729,Curacao,assessment in progress,"December 24, 2025",no,kiekka.com,not contacted,
spiidi-no.com,spiidino,0,Fruity Entertainment N.V.,OGL/2024/1487/0729,Curacao,assessment in progress,"December 24, 2025",no,spiidi-no.com,not contacted,
spiidicasino-no.com,spiidicasinono,0,Fruity Entertainment N.V.,OGL/2024/1487/0729,Curacao,assessment in progress,"December 24, 2025",no,spiidicasino-no.com,not contacted,
spiidicasino.com,spiidicasino,0,Fruity Entertainment N.V.,OGL/2024/1487/0729,Curacao,assessment in progress,"December 24, 2025",no,spiidicasino.com,not contacted,
spiidikasino-no.com,spiidikasinono,0,Fruity Entertainment N.V.,OGL/2024/1487/0729,Curacao,assessment in progress,"December 24, 2025",no,spiidikasino-no.com,not contacted,
spinnair.com,spinnair,0,Fruity Entertainment N.V.,OGL/2024/1487/0729,Curacao,assessment in progress,"December 24, 2025",no,spinnair.com,not contacted,
spinnaus.com,spinnaus,0,Fruity Entertainment N.V.,OGL/2024/1487/0729,Curacao,assessment in progress,"December 24, 2025",no,spinnaus.com,not contacted,
titaani.com,titaani,0,Fruity Entertainment N.V.,OGL/2024/1487/0729,Curacao,assessment in progress,"December 24, 2025",no,titaani.com,not contacted,
tykitys.com,tykitys,0,Fruity Entertainment N.V.,OGL/2024/1487/0729,Curacao,assessment in progress,"December 24, 2025",no,tykitys.com,not contacted,
xwin.so,xwin,1,Bridge Technologies B.V.,OGL/2024/431/0231,Curacao,active,"June 6, 2026",no,xwin.so xwin.bet,not contacted,
6ense.vip,ense,0,Bridge Technologies B.V.,OGL/2024/431/0231,Curacao,active,"June 6, 2026",no,6ense.vip,not contacted,
8bmf8.com,bmf,0,Bridge Technologies B.V.,OGL/2024/431/0231,Curacao,active,"June 6, 2026",no,8bmf8.com,not contacted,
hanzbet.com,hanzbet,0,Bridge Technologies B.V.,OGL/2024/431/0231,Curacao,active,"June 6, 2026",no,hanzbet.com,not contacted,
housebets.com,housebets,0,Bridge Technologies B.V.,OGL/2024/431/0231,Curacao,active,"June 6, 2026",no,housebets.com,not contacted,
jadoreplay.com,jadoreplay,0,Bridge Technologies B.V.,OGL/2024/431/0231,Curacao,active,"June 6, 2026",no,jadoreplay.com,not contacted,
k25.ai,k,0,Bridge Technologies B.V.,OGL/2024/431/0231,Curacao,active,"June 6, 2026",no,k25.ai,not contacted,
luckybear.live,luckybear,0,Bridge Technologies B.V.,OGL/2024/431/0231,Curacao,active,"June 6, 2026",no,luckybear.live,not contacted,
riodeorocasino.com,riodeorocasino,0,Bridge Technologies B.V.,OGL/2024/431/0231,Curacao,active,"June 6, 2026",no,riodeorocasino.com,not contacted,
secure100.com,secure,0,Bridge Technologies B.V.,OGL/2024/431/0231,Curacao,active,"June 6, 2026",no,secure100.com,not contacted,
six-seven.bet,sixseven,0,Bridge Technologies B.V.,OGL/2024/431/0231,Curacao,active,"June 6, 2026",no,six-seven.bet,not contacted,
spinroue.com,spinroue,0,Bridge Technologies B.V.,OGL/2024/431/0231,Curacao,active,"June 6, 2026",no,spinroue.com,not contacted,
win777live.com,winlive,0,Bridge Technologies B.V.,OGL/2024/431/0231,Curacao,active,"June 6, 2026",no,win777live.com,not contacted,
1xbet.com,xbet,3,Caecus N.V.,OGL/2024/1262/0493,Curacao,assessment in progress,"December 24, 2025",no,1xbet.com 1xbet.lat 1x-bet.com 1-x-bet.com,not contacted,
1xbet-max.com,xbetmax,1,Caecus N.V.,OGL/2024/1262/0493,Curacao,assessment in progress,"December 24, 2025",no,1xbet-max.com 1xbet-max.mobi,not contacted,
1x001.com,x,0,Caecus N.V.,OGL/2024/1262/0493,Curacao,assessment in progress,"December 24, 2025",no,1x001.com,not contacted,
1xcasino-af.com,xcasinoaf,0,Caecus N.V.,OGL/2024/1262/0493,Curacao,assessment in progress,"December 24, 2025",no,1xcasino-af.com,not contacted,
1xcasino-ar.com,xcasinoar,0,Caecus N.V.,OGL/2024/1262/0493,Curacao,assessment in progress,"December 24, 2025",no,1xcasino-ar.com,not contacted,
1xcasino-asia.com,xcasinoasia,0,Caecus N.V.,OGL/2024/1262/0493,Curacao,assessment in progress,"December 24, 2025",no,1xcasino-asia.com,not contacted,
1xcasino-bangladesh.com,xcasinobangladesh,0,Caecus N.V.,OGL/2024/1262/0493,Curacao,assessment in progress,"December 24, 2025",no,1xcasino-bangladesh.com,not contacted,
1xcasino-bd.com,xcasinobd,0,Caecus N.V.,OGL/2024/1262/0493,Curacao,assessment in progress,"December 24, 2025",no,1xcasino-bd.com,not contacted,
1xcasino-kr.com,xcasinokr,0,Caecus N.V.,OGL/2024/1262/0493,Curacao,assessment in progress,"December 24, 2025",no,1xcasino-kr.com,not contacted,
1xcasino-latam.com,xcasinolatam,0,Caecus N.V.,OGL/2024/1262/0493,Curacao,assessment in progress,"December 24, 2025",no,1xcasino-latam.com,not contacted,
1xcasino-sng.com,xcasinosng,0,Caecus N.V.,OGL/2024/1262/0493,Curacao,assessment in progress,"December 24, 2025",no,1xcasino-sng.com,not contacted,
1xcasino-st.com,xcasinost,0,Caecus N.V.,OGL/2024/1262/0493,Curacao,assessment in progress,"December 24, 2025",no,1xcasino-st.com,not contacted,
1xcasino.com,xcasino,0,Caecus N.V.,OGL/2024/1262/0493,Curacao,assessment in progress,"December 24, 2025",no,1xcasino.com,not contacted,
betrunner.com,betrunner,0,Entretenimiento Rojo B.V.,OGL/2024/1100/0505,Curacao,assessment in progress,"December 24, 2025",no,betrunner.com,not contacted,
bitroller.com,bitroller,0,Entretenimiento Rojo B.V.,OGL/2024/1100/0505,Curacao,assessment in progress,"December 24, 2025",no,bitroller.com,not contacted,
blockbet.gg,blockbet,0,Entretenimiento Rojo B.V.,OGL/2024/1100/0505,Curacao,assessment in progress,"December 24, 2025",no,blockbet.gg,not contacted,
casincity.io,casincity,0,Entretenimiento Rojo B.V.,OGL/2024/1100/0505,Curacao,assessment in progress,"December 24, 2025",no,casincity.io,not contacted,
coinpokercasino.vip,coinpokercasino,0,Entretenimiento Rojo B.V.,OGL/2024/1100/0505,Curacao,assessment in progress,"December 24, 2025",no,coinpokercasino.vip,not contacted,
discasino.com,discasino,0,Entretenimiento Rojo B.V.,OGL/2024/1100/0505,Curacao,assessment in progress,"December 24, 2025",no,discasino.com,not contacted,
instantsports.com,instantsports,0,Entretenimiento Rojo B.V.,OGL/2024/1100/0505,Curacao,assessment in progress,"December 24, 2025",no,instantsports.com,not contacted,
luckyblock.com,luckyblock,0,Entretenimiento Rojo B.V.,OGL/2024/1100/0505,Curacao,assessment in progress,"December 24, 2025",no,luckyblock.com,not contacted,
memebet.com,memebet,0,Entretenimiento Rojo B.V.,OGL/2024/1100/0505,Curacao,assessment in progress,"December 24, 2025",no,memebet.com,not contacted,
reelcypto.com,reelcypto,0,Entretenimiento Rojo B.V.,OGL/2024/1100/0505,Curacao,assessment in progress,"December 24, 2025",no,reelcypto.com,not contacted,
slotify100.com,slotify,0,Entretenimiento Rojo B.V.,OGL/2024/1100/0505,Curacao,assessment in progress,"December 24, 2025",no,slotify100.com,not contacted,
telbet.com,telbet,0,Entretenimiento Rojo B.V.,OGL/2024/1100/0505,Curacao,assessment in progress,"December 24, 2025",no,telbet.com,not contacted,
xtp.com,xtp,0,Entretenimiento Rojo B.V.,OGL/2024/1100/0505,Curacao,assessment in progress,"December 24, 2025",no,xtp.com,not contacted,
finalplay88.com,finalplay,1,Final Enterprises N.V.,OGL/2024/420/0675,Curacao,active,"August 8, 2026",no,finalplay88.com finalplay23.com,not contacted,
betfinal.com,betfinal,0,Final Enterprises N.V.,OGL/2024/420/0675,Curacao,active,"August 8, 2026",no,betfinal.com,not contacted,
betistar.com,betistar,0,Final Enterprises N.V.,OGL/2024/420/0675,Curacao,active,"August 8, 2026",no,betistar.com,not contacted,
cosmoswin.com,cosmoswin,0,Final Enterprises N.V.,OGL/2024/420/0675,Curacao,active,"August 8, 2026",no,cosmoswin.com,not contacted,
finalarab.com,finalarab,0,Final Enterprises N.V.,OGL/2024/420/0675,Curacao,active,"August 8, 2026",no,finalarab.com,not contacted,
finalarena365.com,finalarena,0,Final Enterprises N.V.,OGL/2024/420/0675,Curacao,active,"August 8, 2026",no,finalarena365.com,not contacted,
finalbetpro.com,finalbetpro,0,Final Enterprises N.V.,OGL/2024/420/0675,Curacao,active,"August 8, 2026",no,finalbetpro.com,not contacted,
finalbetzone.com,finalbetzone,0,Final Enterprises N.V.,OGL/2024/420/0675,Curacao,active,"August 8, 2026",no,finalbetzone.com,not contacted,
finalgame77.com,finalgame,0,Final Enterprises N.V.,OGL/2024/420/0675,Curacao,active,"August 8, 2026",no,finalgame77.com,not contacted,
finalgoal88.com,finalgoal,0,Final Enterprises N.V.,OGL/2024/420/0675,Curacao,active,"August 8, 2026",no,finalgoal88.com,not contacted,
finalodds365.com,finalodds,0,Final Enterprises N.V.,OGL/2024/420/0675,Curacao,active,"August 8, 2026",no,finalodds365.com,not contacted,
finalscore88.com,finalscore,0,Final Enterprises N.V.,OGL/2024/420/0675,Curacao,active,"August 8, 2026",no,finalscore88.com,not contacted,
finalwin22.com,finalwin,0,Final Enterprises N.V.,OGL/2024/420/0675,Curacao,active,"August 8, 2026",no,finalwin22.com,not contacted,
premio365.com,premio,1,Mirage Corporation N.V.,OGL/2024/1304/0813,Curacao,active,"May 9, 2026",no,premio365.com 7premio365.com,not contacted,
wcasino-online.com,wcasinoonline,1,Mirage Corporation N.V.,OGL/2024/1304/0813,Curacao,active,"May 9, 2026",no,wcasino-online.com wcasino-online.net,not contacted,
casillion.com,casillion,0,Mirage Corporation N.V.,OGL/2024/1304/0813,Curacao,active,"May 9, 2026",no,casillion.com,not contacted,
cryptospin.io,cryptospin,0,Mirage Corporation N.V.,OGL/2024/1304/0813,Curacao,active,"May 9, 2026",no,cryptospin.io,not contacted,
gudarcasino.com,gudarcasino,0,Mirage Corporation N.V.,OGL/2024/1304/0813,Curacao,active,"May 9, 2026",no,gudarcasino.com,not contacted,
luckyplaystar.com,luckyplaystar,0,Mirage Corporation N.V.,OGL/2024/1304/0813,Curacao,active,"May 9, 2026",no,luckyplaystar.com,not contacted,
lumibet.com,lumibet,0,Mirage Corporation N.V.,OGL/2024/1304/0813,Curacao,active,"May 9, 2026",yes,lumibet.com,not contacted,
ovitoonscasino.com,ovitoonscasino,0,Mirage Corporation N.V.,OGL/2024/1304/0813,Curacao,active,"May 9, 2026",no,ovitoonscasino.com,not contacted,
pantaloo.com,pantaloo,0,Mirage Corporation N.V.,OGL/2024/1304/0813,Curacao,active,"May 9, 2026",no,pantaloo.com,not contacted,
redspin29.com,redspin,0,Mirage Corporation N.V.,OGL/2024/1304/0813,Curacao,active,"May 9, 2026",no,redspin29.com,not contacted,
ubomoney.com,ubomoney,0,Mirage Corporation N.V.,OGL/2024/1304/0813,Curacao,active,"May 9, 2026",no,ubomoney.com,not contacted,
universalslots.net,universalslots,0,Mirage Corporation N.V.,OGL/2024/1304/0813,Curacao,active,"May 9, 2026",no,universalslots.net,not contacted,
willscasino.com,willscasino,0,Mirage Corporation N.V.,OGL/2024/1304/0813,Curacao,active,"May 9, 2026",no,willscasino.com,not contacted,
avvabet.com,avvabet,1,Silvertech N.V.,OGL/2024/1541/0763,Curacao,assessment in progress,"December 24, 2025",no,avvabet.com avvabet788.com,not contacted,
bahisbudur.com,bahisbudur,1,Silvertech N.V.,OGL/2024/1541/0763,Curacao,assessment in progress,"December 24, 2025",no,bahisbudur.com bahisbudur645.com,not contacted,
bethand.com,bethand,1,Silvertech N.V.,OGL/2024/1541/0763,Curacao,assessment in progress,"December 24, 2025",no,bethand.com bethand274.com,not contacted,
betvino.com,betvino,1,Silvertech N.V.,OGL/2024/1541/0763,Curacao,assessment in progress,"December 24, 2025",no,betvino.com betvino502.com,not contacted,
fashionbet.com,fashionbet,1,Silvertech N.V.,OGL/2024/1541/0763,Curacao,assessment in progress,"December 24, 2025",no,fashionbet.com fashionbet738.com,not contacted,
favoribahis.com,favoribahis,1,Silvertech N.V.,OGL/2024/1541/0763,Curacao,assessment in progress,"December 24, 2025",no,favoribahis.com favoribahis861.com,not contacted,
betmoon.com,betmoon,0,Silvertech N.V.,OGL/2024/1541/0763,Curacao,assessment in progress,"December 24, 2025",no,betmoon.com,not contacted,
bilivo.com,bilivo,0,Silvertech N.V.,OGL/2024/1541/0763,Curacao,assessment in progress,"December 24, 2025",no,bilivo.com,not contacted,
casibian.com,casibian,0,Silvertech N.V.,OGL/2024/1541/0763,Curacao,assessment in progress,"December 24, 2025",no,casibian.com,not contacted,
darkbet.com,darkbet,0,Silvertech N.V.,OGL/2024/1541/0763,Curacao,assessment in progress,"December 24, 2025",no,darkbet.com,not contacted,
golegol.com,golegol,0,Silvertech N.V.,OGL/2024/1541/0763,Curacao,assessment in progress,"December 24, 2025",no,golegol.com,not contacted,
ranobet.com,ranobet,0,Silvertech N.V.,OGL/2024/1541/0763,Curacao,assessment in progress,"December 24, 2025",no,ranobet.com,not contacted,
takasbahis.com,takasbahis,0,Silvertech N.V.,OGL/2024/1541/0763,Curacao,assessment in progress,"December 24, 2025",no,takasbahis.com,not contacted,
bettt.com,bettt,0,Superjogos N.V.,OGL/2024/1130/0520,Curacao,active,"March 26, 2026",no,bettt.com,not contacted,
boombets.com,boombets,0,Superjogos N.V.,OGL/2024/1130/0520,Curacao,active,"March 26, 2026",no,boombets.com,not contacted,
claro.bet,claro,0,Superjogos N.V.,OGL/2024/1130/0520,Curacao,active,"March 26, 2026",no,claro.bet,not contacted,
empolgabet.com,empolgabet,0,Superjogos N.V.,OGL/2024/1130/0520,Curacao,active,"March 26, 2026",no,empolgabet.com,not contacted,
ganhe.bet,ganhe,0,Superjogos N.V.,OGL/2024/1130/0520,Curacao,active,"March 26, 2026",no,ganhe.bet,not contacted,
maximabet.net,maximabet,0,Superjogos N.V.,OGL/2024/1130/0520,Curacao,active,"March 26, 2026",no,maximabet.net,not contacted,
meugreen.com,meugreen,0,Superjogos N.V.,OGL/2024/1130/0520,Curacao,active,"March 26, 2026",no,meugreen.com,not contacted,
palpitesesportivos.com,palpitesesportivos,0,Superjogos N.V.,OGL/2024/1130/0520,Curacao,active,"March 26, 2026",no,palpitesesportivos.com,not contacted,
reidocasinno.com,reidocasinno,0,Superjogos N.V.,OGL/2024/1130/0520,Curacao,active,"March 26, 2026",no,reidocasinno.com,not contacted,
seubet.com,seubet,0,Superjogos N.V.,OGL/2024/1130/0520,Curacao,active,"March 26, 2026",no,seubet.com,not contacted,
supremabet.com,supremabet,0,Superjogos N.V.,OGL/2024/1130/0520,Curacao,active,"March 26, 2026",no,supremabet.com,not contacted,
unicagames.bet,unicagames,0,Superjogos N.V.,OGL/2024/1130/0520,Curacao,active,"March 26, 2026",no,unicagames.bet,not contacted,
xpgames.bet,xpgames,0,Superjogos N.V.,OGL/2024/1130/0520,Curacao,active,"March 26, 2026",no,xpgames.bet,not contacted,
ampm.casino,ampm,0,WoT N.V.,OGL/2024/452/0687,Curacao,assessment in progress,"December 24, 2025",yes,ampm.casino,not contacted,
beepbeepcasino.com,beepbeepcasino,0,WoT N.V.,OGL/2024/452/0687,Curacao,assessment in progress,"December 24, 2025",no,beepbeepcasino.com,not contacted,
bonanzagame.com,bonanzagame,0,WoT N.V.,OGL/2024/452/0687,Curacao,assessment in progress,"December 24, 2025",no,bonanzagame.com,not contacted,
candy.casino,candy,0,WoT N.V.,OGL/2024/452/0687,Curacao,assessment in progress,"December 24, 2025",no,candy.casino,not contacted,
dendycasino.com,dendycasino,0,WoT N.V.,OGL/2024/452/0687,Curacao,assessment in progress,"December 24, 2025",no,dendycasino.com,not contacted,
f1casino.club,fcasino,0,WoT N.V.,OGL/2024/452/0687,Curacao,assessment in progress,"December 24, 2025",no,f1casino.club,not contacted,
fastone.casino,fastone,0,WoT N.V.,OGL/2024/452/0687,Curacao,assessment in progress,"December 24, 2025",no,fastone.casino,not contacted,
gdfplay.com,gdfplay,0,WoT N.V.,OGL/2024/452/0687,Curacao,assessment in progress,"December 24, 2025",no,gdfplay.com,not contacted,
hotlinecasino.com,hotlinecasino,0,WoT N.V.,OGL/2024/452/0687,Curacao,assessment in progress,"December 24, 2025",no,hotlinecasino.com,not contacted,
marvelcasino.games,marvelcasino,0,WoT N.V.,OGL/2024/452/0687,Curacao,assessment in progress,"December 24, 2025",no,marvelcasino.games,not contacted,
milkyway.casino,milkyway,0,WoT N.V.,OGL/2024/452/0687,Curacao,assessment in progress,"December 24, 2025",no,milkyway.casino,not contacted,
pelicancasino.games,pelicancasino,0,WoT N.V.,OGL/2024/452/0687,Curacao,assessment in progress,"December 24, 2025",no,pelicancasino.games,not contacted,
spingreen.casino,spingreen,0,WoT N.V.,OGL/2024/452/0687,Curacao,assessment in progress,"December 24, 2025",yes,spingreen.casino,not contacted,
bahsine.com,bahsine,0,Momo Entertainment B.V.,OGL/2024/940/0485,Curacao,active,"January 3, 2026",no,bahsine.com,not contacted,
betitbet.com,betitbet,0,Momo Entertainment B.V.,OGL/2024/940/0485,Curacao,active,"January 3, 2026",no,betitbet.com,not contacted,
betskor.com,betskor,0,Momo Entertainment B.V.,OGL/2024/940/0485,Curacao,active,"January 3, 2026",no,betskor.com,not contacted,
bovbet.com,bovbet,0,Momo Entertainment B.V.,OGL/2024/940/0485,Curacao,active,"January 3, 2026",no,bovbet.com,not contacted,
casimono.com,casimono,0,Momo Entertainment B.V.,OGL/2024/940/0485,Curacao,active,"January 3, 2026",no,casimono.com,not contacted,
flukyone.com,flukyone,0,Momo Entertainment B.V.,OGL/2024/940/0485,Curacao,active,"January 3, 2026",no,flukyone.com,not contacted,
hadibet.com,hadibet,0,Momo Entertainment B.V.,OGL/2024/940/0485,Curacao,active,"January 3, 2026",no,hadibet.com,not contacted,
handikap.com,handikap,0,Momo Entertainment B.V.,OGL/2024/940/0485,Curacao,active,"January 3, 2026",no,handikap.com,not contacted,
kazansana.com,kazansana,0,Momo Entertainment B.V.,OGL/2024/940/0485,Curacao,active,"January 3, 2026",no,kazansana.com,not contacted,
newbahis.com,newbahis,0,Momo Entertainment B.V.,OGL/2024/940/0485,Curacao,active,"January 3, 2026",no,newbahis.com,not contacted,
pasgol.com,pasgol,0,Momo Entertainment B.V.,OGL/2024/940/0485,Curacao,active,"January 3, 2026",no,pasgol.com,not contacted,
yazitura.com,yazitura,0,Momo Entertainment B.V.,OGL/2024/940/0485,Curacao,active,"January 3, 2026",no,yazitura.com,not contacted,
888casino4.com,casino,4,Sunflower Seed B.V.,OGL/2024/198/0418,Curacao,assessment in progress,"December 24, 2025",no,888casino4.com 888casino3.com 888casino2.com 888casino1.com 888casino5.com,not contacted,
royalscasino.com,royalscasino,3,Sunflower Seed B.V.,OGL/2024/198/0418,Curacao,assessment in progress,"December 24, 2025",no,royalscasino.com royalscasino1.com royalscasino3.com royalscasino2.com,not contacted,
ar888games.com,argames,2,Sunflower Seed B.V.,OGL/2024/198/0418,Curacao,assessment in progress,"December 24, 2025",no,ar888games.com ar888games2.com ar888games1.com,not contacted,
888arabic-games.com,arabicgames,0,Sunflower Seed B.V.,OGL/2024/198/0418,Curacao,assessment in progress,"December 24, 2025",no,888arabic-games.com,not contacted,
888arabiclive.com,arabiclive,0,Sunflower Seed B.V.,OGL/2024/198/0418,Curacao,assessment in progress,"December 24, 2025",no,888arabiclive.com,not contacted,
888casino-gcc.com,casinogcc,0,Sunflower Seed B.V.,OGL/2024/198/0418,Curacao,assessment in progress,"December 24, 2025",no,888casino-gcc.com,not contacted,
888casinome.com,casinome,0,Sunflower Seed B.V.,OGL/2024/198/0418,Curacao,assessment in progress,"December 24, 2025",no,888casinome.com,not contacted,
888gamesnow.com,gamesnow,0,Sunflower Seed B.V.,OGL/2024/198/0418,Curacao,assessment in progress,"December 24, 2025",no,888gamesnow.com,not contacted,
arabic888casino.com,arabiccasino,0,Sunflower Seed B.V.,OGL/2024/198/0418,Curacao,assessment in progress,"December 24, 2025",no,arabic888casino.com,not contacted,
royalsbets.com,royalsbets,0,Sunflower Seed B.V.,OGL/2024/198/0418,Curacao,assessment in progress,"December 24, 2025",no,royalsbets.com,not contacted,
royalscasinome.com,royalscasinome,0,Sunflower Seed B.V.,OGL/2024/198/0418,Curacao,assessment in progress,"December 24, 2025",no,royalscasinome.com,not contacted,
royalsgames.com,royalsgames,0,Sunflower Seed B.V.,OGL/2024/198/0418,Curacao,assessment in progress,"December 24, 2025",no,royalsgames.com,not contacted,
brazino.co,brazino,1,Alpha Games B.V.,OGL/2024/186/0194,Curacao,active,"April 14, 2026",no,brazino.co brazino777.com,not contacted,
brasino.co,brasino,0,Alpha Games B.V.,OGL/2024/186/0194,Curacao,active,"April 14, 2026",no,brasino.co,not contacted,
braz-ino777-c2gcp.com,brazinocgcp,0,Alpha Games B.V.,OGL/2024/186/0194,Curacao,active,"April 14, 2026",no,braz-ino777-c2gcp.com,not contacted,
braz-ino777-cwetl.com,brazinocwetl,0,Alpha Games B.V.,OGL/2024/186/0194,Curacao,active,"April 14, 2026",no,braz-ino777-cwetl.com,not contacted,
braz-ino777-p3wbc.net,brazinopwbc,0,Alpha Games B.V.,OGL/2024/186/0194,Curacao,active,"April 14, 2026",no,braz-ino777-p3wbc.net,not contacted,
braz-ino777-q1p24.net,brazinoqp,0,Alpha Games B.V.,OGL/2024/186/0194,Curacao,active,"April 14, 2026",no,braz-ino777-q1p24.net,not contacted,
braz-ino777-z8p4h.net,brazinozph,0,Alpha Games B.V.,OGL/2024/186/0194,Curacao,active,"April 14, 2026",no,braz-ino777-z8p4h.net,not contacted,
brazino777-owl8i.com,brazinoowli,0,Alpha Games B.V.,OGL/2024/186/0194,Curacao,active,"April 14, 2026",no,brazino777-owl8i.com,not contacted,
brazinocasino.co,brazinocasino,0,Alpha Games B.V.,OGL/2024/186/0194,Curacao,active,"April 14, 2026",no,brazinocasino.co,not contacted,
brazzino.co,brazzino,0,Alpha Games B.V.,OGL/2024/186/0194,Curacao,active,"April 14, 2026",no,brazzino.co,not contacted,
casinobrazino.co,casinobrazino,0,Alpha Games B.V.,OGL/2024/186/0194,Curacao,active,"April 14, 2026",no,casinobrazino.co,not contacted,
betsomnia.com,betsomnia,0,FairGame G.P. N.V.,OGL/2024/1673/0915,Curacao,active,"June 4, 2026",no,betsomnia.com,not contacted,
betzard.com,betzard,0,FairGame G.P. N.V.,OGL/2024/1673/0915,Curacao,active,"June 4, 2026",no,betzard.com,not contacted,
bm.bet,bm,0,FairGame G.P. N.V.,OGL/2024/1673/0915,Curacao,active,"June 4, 2026",no,bm.bet,not contacted,
corgislot.com,corgislot,0,FairGame G.P. N.V.,OGL/2024/1673/0915,Curacao,active,"June 4, 2026",no,corgislot.com,not contacted,
fgfox.com,fgfox,0,FairGame G.P. N.V.,OGL/2024/1673/0915,Curacao,active,"June 4, 2026",no,fgfox.com,not contacted,
jacktop.com,jacktop,0,FairGame G.P. N.V.,OGL/2024/1673/0915,Curacao,active,"June 4, 2026",no,jacktop.com,not contacted,
monixbet.com,monixbet,0,FairGame G.P. N.V.,OGL/2024/1673/0915,Curacao,active,"June 4, 2026",no,monixbet.com,not contacted,
rakoocasino.com,rakoocasino,0,FairGame G.P. N.V.,OGL/2024/1673/0915,Curacao,active,"June 4, 2026",no,rakoocasino.com,not contacted,
vespercasino.com,vespercasino,0,FairGame G.P. N.V.,OGL/2024/1673/0915,Curacao,active,"June 4, 2026",no,vespercasino.com,not contacted,
voltslot.com,voltslot,0,FairGame G.P. N.V.,OGL/2024/1673/0915,Curacao,active,"June 4, 2026",no,voltslot.com,not contacted,
wizebets.com,wizebets,0,FairGame G.P. N.V.,OGL/2024/1673/0915,Curacao,active,"June 4, 2026",no,wizebets.com,not contacted,
bayspin.com,bayspin,0,Feel So Good B.V.,OGL/2024/1297/0532,Curacao,assessment in progress,"December 24, 2025",no,bayspin.com,not contacted,
betine.com,betine,0,Feel So Good B.V.,OGL/2024/1297/0532,Curacao,assessment in progress,"December 24, 2025",no,betine.com,not contacted,
betist.com,betist,0,Feel So Good B.V.,OGL/2024/1297/0532,Curacao,assessment in progress,"December 24, 2025",no,betist.com,not contacted,
betkom.com,betkom,0,Feel So Good B.V.,OGL/2024/1297/0532,Curacao,assessment in progress,"December 24, 2025",no,betkom.com,not contacted,
betmatik.com,betmatik,0,Feel So Good B.V.,OGL/2024/1297/0532,Curacao,assessment in progress,"December 24, 2025",no,betmatik.com,not contacted,
kralbet.com,kralbet,0,Feel So Good B.V.,OGL/2024/1297/0532,Curacao,assessment in progress,"December 24, 2025",no,kralbet.com,not contacted,
kupabet.com,kupabet,0,Feel So Good B.V.,OGL/2024/1297/0532,Curacao,assessment in progress,"December 24, 2025",no,kupabet.com,not contacted,
mariobet.com,mariobet,0,Feel So Good B.V.,OGL/2024/1297/0532,Curacao,assessment in progress,"December 24, 2025",no,mariobet.com,not contacted,
supertotobet.com,supertotobet,0,Feel So Good B.V.,OGL/2024/1297/0532,Curacao,assessment in progress,"December 24, 2025",no,supertotobet.com,not contacted,
tarafbet.com,tarafbet,0,Feel So Good B.V.,OGL/2024/1297/0532,Curacao,assessment in progress,"December 24, 2025",no,tarafbet.com,not contacted,
xslot.com,xslot,0,Feel So Good B.V.,OGL/2024/1297/0532,Curacao,assessment in progress,"December 24, 2025",no,xslot.com,not contacted,
8spin.com,spin,0,Geeker Technology N.V.,OGL/2024/251/0130,Curacao,active,"August 28, 2026",no,8spin.com,not contacted,
annacasino.ai,annacasino,0,Geeker Technology N.V.,OGL/2024/251/0130,Curacao,active,"August 28, 2026",no,annacasino.ai,not contacted,
beturo.com,beturo,0,Geeker Technology N.V.,OGL/2024/251/0130,Curacao,active,"August 28, 2026",no,beturo.com,not contacted,
kookubet.com,kookubet,0,Geeker Technology N.V.,OGL/2024/251/0130,Curacao,active,"August 28, 2026",no,kookubet.com,not contacted,
luckystripes.com,luckystripes,0,Geeker Technology N.V.,OGL/2024/251/0130,Curacao,active,"August 28, 2026",no,luckystripes.com,not contacted,
maxbet88.io,maxbet,0,Geeker Technology N.V.,OGL/2024/251/0130,Curacao,active,"August 28, 2026",no,maxbet88.io,not contacted,
smokinslots.com,smokinslots,0,Geeker Technology N.V.,OGL/2024/251/0130,Curacao,active,"August 28, 2026",no,smokinslots.com,not contacted,
vawzengaming.com,vawzengaming,0,Geeker Technology N.V.,OGL/2024/251/0130,Curacao,active,"August 28, 2026",no,vawzengaming.com,not contacted,
vincevegas.com,vincevegas,0,Geeker Technology N.V.,OGL/2024/251/0130,Curacao,active,"August 28, 2026",no,vincevegas.com,not contacted,
weezybet.com,weezybet,0,Geeker Technology N.V.,OGL/2024/251/0130,Curacao,active,"August 28, 2026",no,weezybet.com,not contacted,
wikibet.com,wikibet,0,Geeker Technology N.V.,OGL/2024/251/0130,Curacao,active,"August 28, 2026",no,wikibet.com,not contacted,
dafabet.com,dafabet,1,Osmila N.V.,OGL/2024/1276/0583,Curacao,active,"April 15, 2026",no,dafabet.com dafabet.net,not contacted,
casinojamboree.com,casinojamboree,0,Osmila N.V.,OGL/2024/1276/0583,Curacao,active,"April 15, 2026",no,casinojamboree.com,not contacted,
dafa888.com,dafa,0,Osmila N.V.,OGL/2024/1276/0583,Curacao,active,"April 15, 2026",no,dafa888.com,not contacted,
dafabc.net,dafabc,0,Osmila N.V.,OGL/2024/1276/0583,Curacao,active,"April 15, 2026",no,dafabc.net,not contacted,
dafadealer.com,dafadealer,0,Osmila N.V.,OGL/2024/1276/0583,Curacao,active,"April 15, 2026",no,dafadealer.com,not contacted,
elysium-dfbt.com,elysiumdfbt,0,Osmila N.V.,OGL/2024/1276/0583,Curacao,active,"April 15, 2026",no,elysium-dfbt.com,not contacted,
nextbet.com,nextbet,0,Osmila N.V.,OGL/2024/1276/0583,Curacao,active,"April 15, 2026",no,nextbet.com,not contacted,
sportdafa.net,sportdafa,0,Osmila N.V.,OGL/2024/1276/0583,Curacao,active,"April 15, 2026",no,sportdafa.net,not contacted,
zipangcasino.com,zipangcasino,0,Osmila N.V.,OGL/2024/1276/0583,Curacao,active,"April 15, 2026",no,zipangcasino.com,not contacted,
777baby.com,baby,0,Osmila N.V.,OGL/2024/1276/0583,Curacao,active,"April 15, 2026",no,777baby.com,not contacted,
ftvclub.com,ftvclub,0,Osmila N.V.,OGL/2024/1276/0583,Curacao,active,"April 15, 2026",no,ftvclub.com,not contacted,
freshbet.me,freshbet,10,Ryker B.V.,OGL/2024/1800/1049,Curacao,assessment in progress,"December 24, 2025",no,freshbet.me freshbet.com fresh-bet.com freshbet2.me freshbet6.me freshbet5.me freshbet1.me freshbet4.com,not contacted,
jackbit.io,jackbit,7,Ryker B.V.,OGL/2024/1800/1049,Curacao,assessment in progress,"December 24, 2025",no,jackbit.io jackbit.com jackbit.live 3jackbit.com 2jackbit.com 5jackbit.com 4jackbit.com 1jackbit.com,not contacted,
20bets.com,bets,0,Ryker B.V.,OGL/2024/1800/1049,Curacao,assessment in progress,"December 24, 2025",no,20bets.com,not contacted,
betbuta.com,betbuta,0,Ryker B.V.,OGL/2024/1800/1049,Curacao,assessment in progress,"December 24, 2025",no,betbuta.com,not contacted,
betpriz.com,betpriz,0,Ryker B.V.,OGL/2024/1800/1049,Curacao,assessment in progress,"December 24, 2025",no,betpriz.com,not contacted,
casinok.com,casinok,0,Ryker B.V.,OGL/2024/1800/1049,Curacao,assessment in progress,"December 24, 2025",no,casinok.com,not contacted,
flex-bet.com,flexbet,0,Ryker B.V.,OGL/2024/1800/1049,Curacao,assessment in progress,"December 24, 2025",no,flex-bet.com,not contacted,
platingoal.com,platingoal,0,Ryker B.V.,OGL/2024/1800/1049,Curacao,assessment in progress,"December 24, 2025",no,platingoal.com,not contacted,
tamambet.com,tamambet,0,Ryker B.V.,OGL/2024/1800/1049,Curacao,assessment in progress,"December 24, 2025",no,tamambet.com,not contacted,
wolbet.com,wolbet,0,Ryker B.V.,OGL/2024/1800/1049,Curacao,assessment in progress,"December 24, 2025",no,wolbet.com,not contacted,
xturka.com,xturka,0,Ryker B.V.,OGL/2024/1800/1049,Curacao,assessment in progress,"December 24, 2025",no,xturka.com,not contacted,
betista.com,betista,0,Willx N.V.,OGL/2024/1647/0892,Curacao,assessment in progress,"December 24, 2025",no,betista.com,not contacted,
betovo.com,betovo,0,Willx N.V.,OGL/2024/1647/0892,Curacao,assessment in progress,"December 24, 2025",no,betovo.com,not contacted,
cashwin.com,cashwin,0,Willx N.V.,OGL/2024/1647/0892,Curacao,assessment in progress,"December 24, 2025",no,cashwin.com,not contacted,
goldspin.com,goldspin,0,Willx N.V.,OGL/2024/1647/0892,Curacao,assessment in progress,"December 24, 2025",no,goldspin.com,not contacted,
greatspin.com,greatspin,0,Willx N.V.,OGL/2024/1647/0892,Curacao,assessment in progress,"December 24, 2025",no,greatspin.com,not contacted,
jokery.com,jokery,0,Willx N.V.,OGL/2024/1647/0892,Curacao,assessment in progress,"December 24, 2025",no,jokery.com,not contacted,
scored.com,scored,0,Willx N.V.,OGL/2024/1647/0892,Curacao,assessment in progress,"December 24, 2025",no,scored.com,not contacted,
spinaro.com,spinaro,0,Willx N.V.,OGL/2024/1647/0892,Curacao,assessment in progress,"December 24, 2025",no,spinaro.com,not contacted,
sushicasino.com,sushicasino,0,Willx N.V.,OGL/2024/1647/0892,Curacao,assessment in progress,"December 24, 2025",no,sushicasino.com,not contacted,
winsane.com,winsane,0,Willx N.V.,OGL/2024/1647/0892,Curacao,assessment in progress,"December 24, 2025",no,winsane.com,not contacted,
zipcasino.com,zipcasino,0,Willx N.V.,OGL/2024/1647/0892,Curacao,assessment in progress,"December 24, 2025",no,zipcasino.com,not contacted,
betpas.com,betpas,0,Better World N.V.,OGL/2024/836/0401,Curacao,assessment in progress,"December 24, 2025",no,betpas.com,not contacted,
gizabet.com,gizabet,0,Better World N.V.,OGL/2024/836/0401,Curacao,assessment in progress,"December 24, 2025",no,gizabet.com,not contacted,
goldenbahis.com,goldenbahis,0,Better World N.V.,OGL/2024/836/0401,Curacao,assessment in progress,"December 24, 2025",no,goldenbahis.com,not contacted,
hipbet.com,hipbet,0,Better World N.V.,OGL/2024/836/0401,Curacao,assessment in progress,"December 24, 2025",no,hipbet.com,not contacted,
interbahis.com,interbahis,0,Better World N.V.,OGL/2024/836/0401,Curacao,assessment in progress,"December 24, 2025",no,interbahis.com,not contacted,
restbet.com,restbet,0,Better World N.V.,OGL/2024/836/0401,Curacao,assessment in progress,"December 24, 2025",no,restbet.com,not contacted,
teslabahis.com,teslabahis,0,Better World N.V.,OGL/2024/836/0401,Curacao,assessment in progress,"December 24, 2025",no,teslabahis.com,not contacted,
tulipbet.com,tulipbet,0,Better World N.V.,OGL/2024/836/0401,Curacao,assessment in progress,"December 24, 2025",no,tulipbet.com,not contacted,
verabet.com,verabet,0,Better World N.V.,OGL/2024/836/0401,Curacao,assessment in progress,"December 24, 2025",no,verabet.com,not contacted,
verabet.com.tr,com,0,Better World N.V.,OGL/2024/836/0401,Curacao,assessment in progress,"December 24, 2025",no,verabet.com.tr,not contacted,
bgo247.com,bgo,1,Blue Pepper B.V.,OGL/2024/351/0124,Curacao,assessment in progress,"December 24, 2025",no,bgo247.com 247bgo.com,not contacted,
1x2bgo.com,xbgo,0,Blue Pepper B.V.,OGL/2024/351/0124,Curacao,assessment in progress,"December 24, 2025",no,1x2bgo.com,not contacted,
bahibi.com,bahibi,0,Blue Pepper B.V.,OGL/2024/351/0124,Curacao,assessment in progress,"December 24, 2025",no,bahibi.com,not contacted,
bahigo.com,bahigo,0,Blue Pepper B.V.,OGL/2024/351/0124,Curacao,assessment in progress,"December 24, 2025",no,bahigo.com,not contacted,
bahigoplus.com,bahigoplus,0,Blue Pepper B.V.,OGL/2024/351/0124,Curacao,assessment in progress,"December 24, 2025",no,bahigoplus.com,not contacted,
uwin.com,uwin,0,Blue Pepper B.V.,OGL/2024/351/0124,Curacao,assessment in progress,"December 24, 2025",no,uwin.com,not contacted,
wettigo.com,wettigo,0,Blue Pepper B.V.,OGL/2024/351/0124,Curacao,assessment in progress,"December 24, 2025",no,wettigo.com,not contacted,
wettigopay.com,wettigopay,0,Blue Pepper B.V.,OGL/2024/351/0124,Curacao,assessment in progress,"December 24, 2025",no,wettigopay.com,not contacted,
wgo247.com,wgo,0,Blue Pepper B.V.,OGL/2024/351/0124,Curacao,assessment in progress,"December 24, 2025",no,wgo247.com,not contacted,
youwin.com,youwin,0,Blue Pepper B.V.,OGL/2024/351/0124,Curacao,assessment in progress,"December 24, 2025",no,youwin.com,not contacted,
aces-wild.com,aceswild,0,Yentel Investments B.V.,OGL/2024/1349/0997,Curacao,active,"August 1, 2026",no,aces-wild.com,not contacted,
casiyou.com,casiyou,0,Yentel Investments B.V.,OGL/2024/1349/0997,Curacao,active,"August 1, 2026",no,casiyou.com,not contacted,
jackpot-town.com,jackpottown,0,Yentel Investments B.V.,OGL/2024/1349/0997,Curacao,active,"August 1, 2026",no,jackpot-town.com,not contacted,
jokerreelz.com,jokerreelz,0,Yentel Investments B.V.,OGL/2024/1349/0997,Curacao,active,"August 1, 2026",no,jokerreelz.com,not contacted,
privecity.com,privecity,0,Yentel Investments B.V.,OGL/2024/1349/0997,Curacao,active,"August 1, 2026",no,privecity.com,not contacted,
reelroger.com,reelroger,0,Yentel Investments B.V.,OGL/2024/1349/0997,Curacao,active,"August 1, 2026",no,reelroger.com,not contacted,
spin-ace.com,spinace,0,Yentel Investments B.V.,OGL/2024/1349/0997,Curacao,active,"August 1, 2026",no,spin-ace.com,not contacted,
tripplejoker.com,tripplejoker,0,Yentel Investments B.V.,OGL/2024/1349/0997,Curacao,active,"August 1, 2026",no,tripplejoker.com,not contacted,
vegasreelz.com,vegasreelz,0,Yentel Investments B.V.,OGL/2024/1349/0997,Curacao,active,"August 1, 2026",no,vegasreelz.com,not contacted,
wild-jokers.com,wildjokers,0,Yentel Investments B.V.,OGL/2024/1349/0997,Curacao,active,"August 1, 2026",no,wild-jokers.com,not contacted,
betflappy.com,betflappy,0,Altacore N.V.,OGL/2023/109/0075,Curacao,assessment in progress,"December 24, 2025",no,betflappy.com,not contacted,
betium.co,betium,0,Altacore N.V.,OGL/2023/109/0075,Curacao,assessment in progress,"December 24, 2025",no,betium.co,not contacted,
casinozer.tv,casinozer,0,Altacore N.V.,OGL/2023/109/0075,Curacao,assessment in progress,"December 24, 2025",no,casinozer.tv,not contacted,
cosmicslot2.cc,cosmicslot,0,Altacore N.V.,OGL/2023/109/0075,Curacao,assessment in progress,"December 24, 2025",no,cosmicslot2.cc,not contacted,
icebet.casino,icebet,0,Altacore N.V.,OGL/2023/109/0075,Curacao,assessment in progress,"December 24, 2025",no,icebet.casino,not contacted,
llino1.co,llino,0,Altacore N.V.,OGL/2023/109/0075,Curacao,assessment in progress,"December 24, 2025",no,llino1.co,not contacted,
luckyhour.com,luckyhour,0,Altacore N.V.,OGL/2023/109/0075,Curacao,assessment in progress,"December 24, 2025",no,luckyhour.com,not contacted,
rollino.casino,rollino,0,Altacore N.V.,OGL/2023/109/0075,Curacao,assessment in progress,"December 24, 2025",no,rollino.casino,not contacted,
yonibet.tv,yonibet,0,Altacore N.V.,OGL/2023/109/0075,Curacao,assessment in progress,"December 24, 2025",no,yonibet.tv,not contacted,
1j91x-admxxx-7x041.com,jxadmxxxx,0,AzRa678 N.V.,OGL/2024/183/0195,Curacao,active,"May 9, 2026",no,1j91x-admxxx-7x041.com,not contacted,
6ansq-admxxx-sj8ey.net,ansqadmxxxsjey,0,AzRa678 N.V.,OGL/2024/183/0195,Curacao,active,"May 9, 2026",no,6ansq-admxxx-sj8ey.net,not contacted,
7nf5z-admxxx-6hq65.com,nfzadmxxxhq,0,AzRa678 N.V.,OGL/2024/183/0195,Curacao,active,"May 9, 2026",no,7nf5z-admxxx-6hq65.com,not contacted,
admiral-xxx.com,admiralxxx,0,AzRa678 N.V.,OGL/2024/183/0195,Curacao,active,"May 9, 2026",no,admiral-xxx.com,not contacted,
coduca88.com,coduca,0,AzRa678 N.V.,OGL/2024/183/0195,Curacao,active,"May 9, 2026",no,coduca88.com,not contacted,
kemj6-admxxx-9ht0c.net,kemjadmxxxhtc,0,AzRa678 N.V.,OGL/2024/183/0195,Curacao,active,"May 9, 2026",no,kemj6-admxxx-9ht0c.net,not contacted,
slot78.net,slot,0,AzRa678 N.V.,OGL/2024/183/0195,Curacao,active,"May 9, 2026",no,slot78.net,not contacted,
wazobet.com,wazobet,0,AzRa678 N.V.,OGL/2024/183/0195,Curacao,active,"May 9, 2026",no,wazobet.com,not contacted,
yw2q0-admxxx-wzjr1.net,ywqadmxxxwzjr,0,AzRa678 N.V.,OGL/2024/183/0195,Curacao,active,"May 9, 2026",no,yw2q0-admxxx-wzjr1.net,not contacted,
10cric.com,cric,1,Chancier B.V.,OGL/2024/364/0157,Curacao,assessment in progress,"December 24, 2025",no,10cric.com 10cric1010.com,not contacted,
10bo18181.com,bo,0,Chancier B.V.,OGL/2024/364/0157,Curacao,assessment in progress,"December 24, 2025",no,10bo18181.com,not contacted,
10cr10.com,cr,0,Chancier B.V.,OGL/2024/364/0157,Curacao,assessment in progress,"December 24, 2025",no,10cr10.com,not contacted,
10cricbet.com,cricbet,0,Chancier B.V.,OGL/2024/364/0157,Curacao,assessment in progress,"December 24, 2025",no,10cricbet.com,not contacted,
10crickbet.com,crickbet,0,Chancier B.V.,OGL/2024/364/0157,Curacao,assessment in progress,"December 24, 2025",no,10crickbet.com,not contacted,
10crics.com,crics,0,Chancier B.V.,OGL/2024/364/0157,Curacao,assessment in progress,"December 24, 2025",no,10crics.com,not contacted,
10cricsite.com,cricsite,0,Chancier B.V.,OGL/2024/364/0157,Curacao,assessment in progress,"December 24, 2025",no,10cricsite.com,not contacted,
guruplay.io,guruplay,0,Chancier B.V.,OGL/2024/364/0157,Curacao,assessment in progress,"December 24, 2025",no,guruplay.io,not contacted,
kakekkorinrin.com,kakekkorinrin,0,Chancier B.V.,OGL/2024/364/0157,Curacao,assessment in progress,"December 24, 2025",no,kakekkorinrin.com,not contacted,
hellspin.vip,hellspin,0,Latcas B.V.,OGL/2024/1676/0905,Curacao,active,"May 19, 2026",no,hellspin.vip,not contacted,
hellwinz.net,hellwinz,0,Latcas B.V.,OGL/2024/1676/0905,Curacao,active,"May 19, 2026",no,hellwinz.net,not contacted,
ivibet.game,ivibet,0,Latcas B.V.,OGL/2024/1676/0905,Curacao,active,"May 19, 2026",no,ivibet.game,not contacted,
iviwin.net,iviwin,0,Latcas B.V.,OGL/2024/1676/0905,Curacao,active,"May 19, 2026",no,iviwin.net,not contacted,
latcas.com,latcas,0,Latcas B.V.,OGL/2024/1676/0905,Curacao,active,"May 19, 2026",no,latcas.com,not contacted,
playbaze.com,playbaze,0,Latcas B.V.,OGL/2024/1676/0905,Curacao,active,"May 19, 2026",no,playbaze.com,not contacted,
slotsgem.com,slotsgem,0,Latcas B.V.,OGL/2024/1676/0905,Curacao,active,"May 19, 2026",no,slotsgem.com,not contacted,
tritonslots.com,tritonslots,0,Latcas B.V.,OGL/2024/1676/0905,Curacao,active,"May 19, 2026",no,tritonslots.com,not contacted,
vavegame.com,vavegame,0,Latcas B.V.,OGL/2024/1676/0905,Curacao,active,"May 19, 2026",no,vavegame.com,not contacted,
fortunazoar.com,fortunazoar,1,Leontodo N.V.,OGL/2024/383/0654,Curacao,assessment in progress,"December 24, 2025",no,fortunazoar.com fortunazo-ar.com,not contacted,
fortunazo-col.com,fortunazocol,0,Leontodo N.V.,OGL/2024/383/0654,Curacao,assessment in progress,"December 24, 2025",no,fortunazo-col.com,not contacted,
fortunazo.cl,fortunazo,0,Leontodo N.V.,OGL/2024/383/0654,Curacao,assessment in progress,"December 24, 2025",no,fortunazo.cl,not contacted,
latam.parimatch.com,parimatch,0,Leontodo N.V.,OGL/2024/383/0654,Curacao,assessment in progress,"December 24, 2025",no,latam.parimatch.com,not contacted,
pari-match.com.ar,com,0,Leontodo N.V.,OGL/2024/383/0654,Curacao,assessment in progress,"December 24, 2025",no,pari-match.com.ar,not contacted,
parimatch-ar.com,parimatchar,0,Leontodo N.V.,OGL/2024/383/0654,Curacao,assessment in progress,"December 24, 2025",no,parimatch-ar.com,not contacted,
parimatch-latam.com,parimatchlatam,0,Leontodo N.V.,OGL/2024/383/0654,Curacao,assessment in progress,"December 24, 2025",no,parimatch-latam.com,not contacted,
parimatch-plus.bet,parimatchplus,0,Leontodo N.V.,OGL/2024/383/0654,Curacao,assessment in progress,"December 24, 2025",no,parimatch-plus.bet,not contacted,
parimatch.net.co,net,0,Leontodo N.V.,OGL/2024/383/0654,Curacao,assessment in progress,"December 24, 2025",no,parimatch.net.co,not contacted,
bccoin.bet,bccoin,0,Luckywayz Limited B.V.,OGL/2024/1497/0884,Curacao,active,"April 14, 2026",no,bccoin.bet,not contacted,
chacha.bet,chacha,0,Luckywayz Limited B.V.,OGL/2024/1497/0884,Curacao,active,"April 14, 2026",no,chacha.bet,not contacted,
joebit.com,joebit,0,Luckywayz Limited B.V.,OGL/2024/1497/0884,Curacao,active,"April 14, 2026",no,joebit.com,not contacted,
koko.bet,koko,0,Luckywayz Limited B.V.,OGL/2024/1497/0884,Curacao,active,"April 14, 2026",no,koko.bet,not contacted,
newlucky.com,newlucky,0,Luckywayz Limited B.V.,OGL/2024/1497/0884,Curacao,active,"April 14, 2026",no,newlucky.com,not contacted,
play.boom-bet.io,boombet,0,Luckywayz Limited B.V.,OGL/2024/1497/0884,Curacao,active,"April 14, 2026",no,play.boom-bet.io,not contacted,
spinybet.com,spinybet,0,Luckywayz Limited B.V.,OGL/2024/1497/0884,Curacao,active,"April 14, 2026",no,spinybet.com,not contacted,
starzino.com,starzino,0,Luckywayz Limited B.V.,OGL/2024/1497/0884,Curacao,active,"April 14, 2026",no,starzino.com,not contacted,
uco.bet,uco,0,Luckywayz Limited B.V.,OGL/2024/1497/0884,Curacao,active,"April 14, 2026",no,uco.bet,not contacted,
bet7k.cl,betk,2,NovaWave Technology N.V.,OGL/2024/547/0446,Curacao,active,"February 12, 2026",no,bet7k.cl nz.bet7k.com fi.bet7k.com,not contacted,
cl.betroia.com,betroia,0,NovaWave Technology N.V.,OGL/2024/547/0446,Curacao,active,"February 12, 2026",no,cl.betroia.com,not contacted,
e20.bet,e,0,NovaWave Technology N.V.,OGL/2024/547/0446,Curacao,active,"February 12, 2026",no,e20.bet,not contacted,
fi.7k.bet,k,0,NovaWave Technology N.V.,OGL/2024/547/0446,Curacao,active,"February 12, 2026",no,fi.7k.bet,not contacted,
nolimit.bet,nolimit,0,NovaWave Technology N.V.,OGL/2024/547/0446,Curacao,active,"February 12, 2026",no,nolimit.bet,not contacted,
state77.com,state,0,NovaWave Technology N.V.,OGL/2024/547/0446,Curacao,active,"February 12, 2026",no,state77.com,not contacted,
unlimited.bet,unlimited,0,NovaWave Technology N.V.,OGL/2024/547/0446,Curacao,active,"February 12, 2026",no,unlimited.bet,not contacted,
x2b.bet,xb,0,NovaWave Technology N.V.,OGL/2024/547/0446,Curacao,active,"February 12, 2026",no,x2b.bet,not contacted,
zona7.bet,zona,0,NovaWave Technology N.V.,OGL/2024/547/0446,Curacao,active,"February 12, 2026",no,zona7.bet,not contacted,
orobet.cl,orobet,6,SUVYD B.V.,OGL/2024/846/0501,Curacao,assessment in progress,"December 24, 2025",no,orobet.cl orobet.do orobet.gt orobet.ec orobet.hn orobet.co orobet.com,not contacted,
hertzbetz.com,hertzbetz,0,SUVYD B.V.,OGL/2024/846/0501,Curacao,assessment in progress,"December 24, 2025",no,hertzbetz.com,not contacted,
kikicasino.com,kikicasino,0,SUVYD B.V.,OGL/2024/846/0501,Curacao,assessment in progress,"December 24, 2025",no,kikicasino.com,not contacted,
kraken.casino,kraken,0,SUVYD B.V.,OGL/2024/846/0501,Curacao,assessment in progress,"December 24, 2025",no,kraken.casino,not contacted,
orobetar.com,orobetar,0,SUVYD B.V.,OGL/2024/846/0501,Curacao,assessment in progress,"December 24, 2025",no,orobetar.com,not contacted,
partibet.com,partibet,0,SUVYD B.V.,OGL/2024/846/0501,Curacao,assessment in progress,"December 24, 2025",no,partibet.com,not contacted,
slotorado.casino,slotorado,0,SUVYD B.V.,OGL/2024/846/0501,Curacao,assessment in progress,"December 24, 2025",no,slotorado.casino,not contacted,
tombriches.com,tombriches,0,SUVYD B.V.,OGL/2024/846/0501,Curacao,assessment in progress,"December 24, 2025",no,tombriches.com,not contacted,
topbet100.com,topbet,0,SUVYD B.V.,OGL/2024/846/0501,Curacao,assessment in progress,"December 24, 2025",no,topbet100.com,not contacted,
10sports.io,sports,0,Superstars Entertainment B.V.,OGL/2024/1296/0547,Curacao,active,"March 28, 2026",no,10sports.io,not contacted,
acasino.io,acasino,0,Superstars Entertainment B.V.,OGL/2024/1296/0547,Curacao,active,"March 28, 2026",no,acasino.io,not contacted,
dooble.com,dooble,0,Superstars Entertainment B.V.,OGL/2024/1296/0547,Curacao,active,"March 28, 2026",no,dooble.com,not contacted,
lottotoo.com,lottotoo,0,Superstars Entertainment B.V.,OGL/2024/1296/0547,Curacao,active,"March 28, 2026",no,lottotoo.com,not contacted,
playat8.com,playat,0,Superstars Entertainment B.V.,OGL/2024/1296/0547,Curacao,active,"March 28, 2026",no,playat8.com,not contacted,
playnero.com,playnero,0,Superstars Entertainment B.V.,OGL/2024/1296/0547,Curacao,active,"March 28, 2026",no,playnero.com,not contacted,
race365.com,race,0,Superstars Entertainment B.V.,OGL/2024/1296/0547,Curacao,active,"March 28, 2026",no,race365.com,not contacted,
raced.io,raced,0,Superstars Entertainment B.V.,OGL/2024/1296/0547,Curacao,active,"March 28, 2026",no,raced.io,not contacted,
swordbet.io,swordbet,0,Superstars Entertainment B.V.,OGL/2024/1296/0547,Curacao,active,"March 28, 2026",no,swordbet.io,not contacted,
latamwin.com,latamwin,1,W&C N.V.,OGL/2024/922/0638,Curacao,active,"August 19, 2026",no,latamwin.com latamwin.online,not contacted,
casinoenbolilvia.com,casinoenbolilvia,0,W&C N.V.,OGL/2024/922/0638,Curacao,active,"August 19, 2026",no,casinoenbolilvia.com,not contacted,
casinoenbrasil.com,casinoenbrasil,0,W&C N.V.,OGL/2024/922/0638,Curacao,active,"August 19, 2026",no,casinoenbrasil.com,not contacted,
casinoenchile.com,casinoenchile,0,W&C N.V.,OGL/2024/922/0638,Curacao,active,"August 19, 2026",no,casinoenchile.com,not contacted,
casinoenperu.com,casinoenperu,0,W&C N.V.,OGL/2024/922/0638,Curacao,active,"August 19, 2026",no,casinoenperu.com,not contacted,
casinoenvenezuela.com,casinoenvenezuela,0,W&C N.V.,OGL/2024/922/0638,Curacao,active,"August 19, 2026",no,casinoenvenezuela.com,not contacted,
ganalucas.com,ganalucas,0,W&C N.V.,OGL/2024/922/0638,Curacao,active,"August 19, 2026",no,ganalucas.com,not contacted,
pokerenchile.com,pokerenchile,0,W&C N.V.,OGL/2024/922/0638,Curacao,active,"August 19, 2026",no,pokerenchile.com,not contacted,
winchile.com,winchile,0,W&C N.V.,OGL/2024/922/0638,Curacao,active,"August 19, 2026",no,winchile.com,not contacted,
bibubet.com,bibubet,0,Webforce Entertainment N.V.,OGL/2024/781/0368,Curacao,assessment in progress,"December 24, 2025",no,bibubet.com,not contacted,
gorabet.com,gorabet,0,Webforce Entertainment N.V.,OGL/2024/781/0368,Curacao,assessment in progress,"December 24, 2025",no,gorabet.com,not contacted,
jasminbet.com,jasminbet,0,Webforce Entertainment N.V.,OGL/2024/781/0368,Curacao,assessment in progress,"December 24, 2025",no,jasminbet.com,not contacted,
lidyabet.com,lidyabet,0,Webforce Entertainment N.V.,OGL/2024/781/0368,Curacao,assessment in progress,"December 24, 2025",no,lidyabet.com,not contacted,
makrobet.com,makrobet,0,Webforce Entertainment N.V.,OGL/2024/781/0368,Curacao,assessment in progress,"December 24, 2025",no,makrobet.com,not contacted,
nerobet.com,nerobet,0,Webforce Entertainment N.V.,OGL/2024/781/0368,Curacao,assessment in progress,"December 24, 2025",no,nerobet.com,not contacted,
piabet.com,piabet,0,Webforce Entertainment N.V.,OGL/2024/781/0368,Curacao,assessment in progress,"December 24, 2025",no,piabet.com,not contacted,
pulibet.com,pulibet,0,Webforce Entertainment N.V.,OGL/2024/781/0368,Curacao,assessment in progress,"December 24, 2025",no,pulibet.com,not contacted,
tokyobet.com,tokyobet,0,Webforce Entertainment N.V.,OGL/2024/781/0368,Curacao,assessment in progress,"December 24, 2025",no,tokyobet.com,not contacted,
allrightcasino.com,allrightcasino,0,Atlantic Management B.V.,OGL/2024/1060/0472,Curacao,active,"August 12, 2026",no,allrightcasino.com,not contacted,
luckybirdcasino.com,luckybirdcasino,0,Atlantic Management B.V.,OGL/2024/1060/0472,Curacao,active,"August 12, 2026",no,luckybirdcasino.com,not contacted,
slottica.com,slottica,0,Atlantic Management B.V.,OGL/2024/1060/0472,Curacao,active,"August 12, 2026",no,slottica.com,not contacted,
slottyway.com,slottyway,0,Atlantic Management B.V.,OGL/2024/1060/0472,Curacao,active,"August 12, 2026",no,slottyway.com,not contacted,
spinamba.com,spinamba,0,Atlantic Management B.V.,OGL/2024/1060/0472,Curacao,active,"August 12, 2026",no,spinamba.com,not contacted,
spinbounty.com,spinbounty,0,Atlantic Management B.V.,OGL/2024/1060/0472,Curacao,active,"August 12, 2026",no,spinbounty.com,not contacted,
supercatcasino77.com,supercatcasino,0,Atlantic Management B.V.,OGL/2024/1060/0472,Curacao,active,"August 12, 2026",no,supercatcasino77.com,not contacted,
viks.com,viks,0,Atlantic Management B.V.,OGL/2024/1060/0472,Curacao,active,"August 12, 2026",no,viks.com,not contacted,
casinoin.pe,casinoin,2,BMBIT N.V.,OGL/2024/650/0284,Curacao,assessment in progress,"December 24, 2025",no,casinoin.pe casinoin.io casinoin.one,not contacted,
betmaster.bet,betmaster,1,BMBIT N.V.,OGL/2024/650/0284,Curacao,assessment in progress,"December 24, 2025",no,betmaster.bet betmaster.one,not contacted,
axwin.io,axwin,0,BMBIT N.V.,OGL/2024/650/0284,Curacao,assessment in progress,"December 24, 2025",no,axwin.io,not contacted,
betfree.com,betfree,0,BMBIT N.V.,OGL/2024/650/0284,Curacao,assessment in progress,"December 24, 2025",no,betfree.com,not contacted,
bongo.gg,bongo,0,BMBIT N.V.,OGL/2024/650/0284,Curacao,assessment in progress,"December 24, 2025",no,bongo.gg,not contacted,
bongogg.io,bongogg,0,BMBIT N.V.,OGL/2024/650/0284,Curacao,assessment in progress,"December 24, 2025",no,bongogg.io,not contacted,
genslot.com,genslot,0,BMBIT N.V.,OGL/2024/650/0284,Curacao,assessment in progress,"December 24, 2025",no,genslot.com,not contacted,
mix4bet.com,mixbet,0,BMBIT N.V.,OGL/2024/650/0284,Curacao,assessment in progress,"December 24, 2025",no,mix4bet.com,not contacted,
100ksport.com,ksport,0,Entertainment Art B.V.,OGL/2024/995/0478,Curacao,active,"July 1, 2026",no,100ksport.com,not contacted,
bonanza.club,bonanza,0,Entertainment Art B.V.,OGL/2024/995/0478,Curacao,active,"July 1, 2026",no,bonanza.club,not contacted,
chaskibet.com,chaskibet,0,Entertainment Art B.V.,OGL/2024/995/0478,Curacao,active,"July 1, 2026",no,chaskibet.com,not contacted,
exitobet.com,exitobet,0,Entertainment Art B.V.,OGL/2024/995/0478,Curacao,active,"July 1, 2026",no,exitobet.com,not contacted,
fortunajuegos.com,fortunajuegos,0,Entertainment Art B.V.,OGL/2024/995/0478,Curacao,active,"July 1, 2026",no,fortunajuegos.com,not contacted,
pingwincasino.com,pingwincasino,0,Entertainment Art B.V.,OGL/2024/995/0478,Curacao,active,"July 1, 2026",no,pingwincasino.com,not contacted,
sunpuraplay.com,sunpuraplay,0,Entertainment Art B.V.,OGL/2024/995/0478,Curacao,active,"July 1, 2026",no,sunpuraplay.com,not contacted,
vivacasino.mx,vivacasino,0,Entertainment Art B.V.,OGL/2024/995/0478,Curacao,active,"July 1, 2026",no,vivacasino.mx,not contacted,
5scasino.com,scasino,0,Galactic Investments B.V.,OGL/2024/1323/0734,Curacao,active,"March 12, 2026",no,5scasino.com,not contacted,
casinoclic.com,casinoclic,0,Galactic Investments B.V.,OGL/2024/1323/0734,Curacao,active,"March 12, 2026",no,casinoclic.com,not contacted,
casinolariviera.net,casinolariviera,0,Galactic Investments B.V.,OGL/2024/1323/0734,Curacao,active,"March 12, 2026",no,casinolariviera.net,not contacted,
dazzlefortune.com,dazzlefortune,0,Galactic Investments B.V.,OGL/2024/1323/0734,Curacao,active,"March 12, 2026",no,dazzlefortune.com,not contacted,
larivieracasino.com,larivieracasino,0,Galactic Investments B.V.,OGL/2024/1323/0734,Curacao,active,"March 12, 2026",no,larivieracasino.com,not contacted,
majesticslotsclub.net,majesticslotsclub,0,Galactic Investments B.V.,OGL/2024/1323/0734,Curacao,active,"March 12, 2026",no,majesticslotsclub.net,not contacted,
reelsofjoy.com,reelsofjoy,0,Galactic Investments B.V.,OGL/2024/1323/0734,Curacao,active,"March 12, 2026",no,reelsofjoy.com,not contacted,
robinroo.com,robinroo,0,Galactic Investments B.V.,OGL/2024/1323/0734,Curacao,active,"March 12, 2026",no,robinroo.com,not contacted,
gastonred.com,gastonred,1,Great Star N.V.,OGL/2024/689/0696,Curacao,active,"August 22, 2026",no,gastonred.com gastonred.org,not contacted,
fettibet.com,fettibet,0,Great Star N.V.,OGL/2024/689/0696,Curacao,active,"August 22, 2026",no,fettibet.com,not contacted,
nacionbet.com,nacionbet,0,Great Star N.V.,OGL/2024/689/0696,Curacao,active,"August 22, 2026",no,nacionbet.com,not contacted,
narbi221.com,narbi,0,Great Star N.V.,OGL/2024/689/0696,Curacao,active,"August 22, 2026",no,narbi221.com,not contacted,
sharks-bet.com,sharksbet,0,Great Star N.V.,OGL/2024/689/0696,Curacao,active,"August 22, 2026",no,sharks-bet.com,not contacted,
sman365.com,sman,0,Great Star N.V.,OGL/2024/689/0696,Curacao,active,"August 22, 2026",no,sman365.com,not contacted,
turbobet.bet,turbobet,0,Great Star N.V.,OGL/2024/689/0696,Curacao,active,"August 22, 2026",no,turbobet.bet,not contacted,
zanzibet.com,zanzibet,0,Great Star N.V.,OGL/2024/689/0696,Curacao,active,"August 22, 2026",no,zanzibet.com,not contacted,
safirbet.com,safirbet,0,Longterm Interactive N.V.,OGL/2024/1417/0637,Curacao,assessment in progress,"December 24, 2025",no,safirbet.com,not contacted,
vevobahis.com,vevobahis,0,Longterm Interactive N.V.,OGL/2024/1417/0637,Curacao,assessment in progress,"December 24, 2025",no,vevobahis.com,not contacted,
betonbet.com,betonbet,0,Longterm Interactive N.V.,OGL/2024/1417/0637,Curacao,assessment in progress,"December 24, 2025",no,betonbet.com,not contacted,
elexbet.com,elexbet,0,Longterm Interactive N.V.,OGL/2024/1417/0637,Curacao,assessment in progress,"December 24, 2025",no,elexbet.com,not contacted,
imajbet.com,imajbet,0,Longterm Interactive N.V.,OGL/2024/1417/0637,Curacao,assessment in progress,"December 24, 2025",no,imajbet.com,not contacted,
mrbahis.com,mrbahis,0,Longterm Interactive N.V.,OGL/2024/1417/0637,Curacao,assessment in progress,"December 24, 2025",no,mrbahis.com,not contacted,
ngsbahis.com,ngsbahis,0,Longterm Interactive N.V.,OGL/2024/1417/0637,Curacao,assessment in progress,"December 24, 2025",no,ngsbahis.com,not contacted,
savoybetting.com,savoybetting,0,Longterm Interactive N.V.,OGL/2024/1417/0637,Curacao,assessment in progress,"December 24, 2025",no,savoybetting.com,not contacted,
55bet.com,bet,1,Novatech Solutions N.V.,OGL/2024/1790/1062,Curacao,assessment in progress,"December 24, 2025",no,55bet.com 30bet.com,not contacted,
letou.com,letou,1,Novatech Solutions N.V.,OGL/2024/1790/1062,Curacao,assessment in progress,"December 24, 2025",yes,letou.com letou.asia,not contacted,
edgegaming.io,edgegaming,0,Novatech Solutions N.V.,OGL/2024/1790/1062,Curacao,assessment in progress,"December 24, 2025",no,edgegaming.io,not contacted,
lt.com,lt,0,Novatech Solutions N.V.,OGL/2024/1790/1062,Curacao,assessment in progress,"December 24, 2025",yes,lt.com,not contacted,
mangacasino.com,mangacasino,0,Novatech Solutions N.V.,OGL/2024/1790/1062,Curacao,assessment in progress,"December 24, 2025",no,mangacasino.com,not contacted,
mrcat.com,mrcat,0,Novatech Solutions N.V.,OGL/2024/1790/1062,Curacao,assessment in progress,"December 24, 2025",yes,mrcat.com,not contacted,
qbet.com,qbet,0,Novatech Solutions N.V.,OGL/2024/1790/1062,Curacao,assessment in progress,"December 24, 2025",no,qbet.com,not contacted,
slotexpress.com,slotexpress,0,Novatech Solutions N.V.,OGL/2024/1790/1062,Curacao,assessment in progress,"December 24, 2025",no,slotexpress.com,not contacted,
betnella.com,betnella,0,Rocket Play B.V.,OGL/2024/2413/1228,Curacao,active,"June 9, 2026",no,betnella.com,not contacted,
betsamuro.com,betsamuro,0,Rocket Play B.V.,OGL/2024/2413/1228,Curacao,active,"June 9, 2026",no,betsamuro.com,not contacted,
bonuskong.com,bonuskong,0,Rocket Play B.V.,OGL/2024/2413/1228,Curacao,active,"June 9, 2026",no,bonuskong.com,not contacted,
cowboyspin.com,cowboyspin,0,Rocket Play B.V.,OGL/2024/2413/1228,Curacao,active,"June 9, 2026",no,cowboyspin.com,not contacted,
gamblerina.com,gamblerina,0,Rocket Play B.V.,OGL/2024/2413/1228,Curacao,active,"June 9, 2026",no,gamblerina.com,not contacted,
liraluck.com,liraluck,0,Rocket Play B.V.,OGL/2024/2413/1228,Curacao,active,"June 9, 2026",no,liraluck.com,not contacted,
scizino.com,scizino,0,Rocket Play B.V.,OGL/2024/2413/1228,Curacao,active,"June 9, 2026",no,scizino.com,not contacted,
thorfortune.com,thorfortune,0,Rocket Play B.V.,OGL/2024/2413/1228,Curacao,active,"June 9, 2026",no,thorfortune.com,not contacted,
onwin.com,onwin,1,Socas International B.V.,OGL/2024/1295/0544,Curacao,assessment in progress,"December 24, 2025",no,onwin.com onwin365.com,not contacted,
bahis.com,bahis,0,Socas International B.V.,OGL/2024/1295/0544,Curacao,assessment in progress,"December 24, 2025",yes,bahis.com,not contacted,
betturkey.com,betturkey,0,Socas International B.V.,OGL/2024/1295/0544,Curacao,assessment in progress,"December 24, 2025",yes,betturkey.com,not contacted,
dodobet.com,dodobet,0,Socas International B.V.,OGL/2024/1295/0544,Curacao,assessment in progress,"December 24, 2025",yes,dodobet.com,not contacted,
fixbet.com,fixbet,0,Socas International B.V.,OGL/2024/1295/0544,Curacao,assessment in progress,"December 24, 2025",yes,fixbet.com,not contacted,
matadorbet.com,matadorbet,0,Socas International B.V.,OGL/2024/1295/0544,Curacao,assessment in progress,"December 24, 2025",yes,matadorbet.com,not contacted,
sahabet.com,sahabet,0,Socas International B.V.,OGL/2024/1295/0544,Curacao,assessment in progress,"December 24, 2025",yes,sahabet.com,not contacted,
zbahis.com,zbahis,0,Socas International B.V.,OGL/2024/1295/0544,Curacao,assessment in progress,"December 24, 2025",yes,zbahis.com,not contacted,
exclusivebet.com,exclusivebet,0,TGI Entertainment N.V.,OGL/2024/428/0397,Curacao,active,"March 26, 2026",no,exclusivebet.com,not contacted,
maxibetcasino.com,maxibetcasino,0,TGI Entertainment N.V.,OGL/2024/428/0397,Curacao,active,"March 26, 2026",no,maxibetcasino.com,not contacted,
misterxargent.com,misterxargent,0,TGI Entertainment N.V.,OGL/2024/428/0397,Curacao,active,"March 26, 2026",no,misterxargent.com,not contacted,
misterxor.com,misterxor,0,TGI Entertainment N.V.,OGL/2024/428/0397,Curacao,active,"March 26, 2026",no,misterxor.com,not contacted,
misterxplatinum.com,misterxplatinum,0,TGI Entertainment N.V.,OGL/2024/428/0397,Curacao,active,"March 26, 2026",no,misterxplatinum.com,not contacted,
misterxvip.com,misterxvip,0,TGI Entertainment N.V.,OGL/2024/428/0397,Curacao,active,"March 26, 2026",no,misterxvip.com,not contacted,
mrsbet.com,mrsbet,0,TGI Entertainment N.V.,OGL/2024/428/0397,Curacao,active,"March 26, 2026",no,mrsbet.com,not contacted,
mrxbet.bet,mrxbet,0,TGI Entertainment N.V.,OGL/2024/428/0397,Curacao,active,"March 26, 2026",no,mrxbet.bet,not contacted,
1red.com,red,0,Bets Entertainment N.V.,OGL/2024/1178/0479,Curacao,assessment in progress,"December 24, 2025",no,1red.com,not contacted,
bets.io,bets,0,Bets Entertainment N.V.,OGL/2024/1178/0479,Curacao,assessment in progress,"December 24, 2025",no,bets.io,not contacted,
betsio.com,betsio,0,Bets Entertainment N.V.,OGL/2024/1178/0479,Curacao,assessment in progress,"December 24, 2025",no,betsio.com,not contacted,
evospin.com,evospin,0,Bets Entertainment N.V.,OGL/2024/1178/0479,Curacao,assessment in progress,"December 24, 2025",no,evospin.com,not contacted,
lokicasino.com,lokicasino,0,Bets Entertainment N.V.,OGL/2024/1178/0479,Curacao,assessment in progress,"December 24, 2025",no,lokicasino.com,not contacted,
onluck.com,onluck,0,Bets Entertainment N.V.,OGL/2024/1178/0479,Curacao,assessment in progress,"December 24, 2025",no,onluck.com,not contacted,
spinch.com,spinch,0,Bets Entertainment N.V.,OGL/2024/1178/0479,Curacao,assessment in progress,"December 24, 2025",no,spinch.com,not contacted,
akcebet.com,akcebet,0,Continental Solutions Limited B.V.,OGL/2024/1208/0715,Curacao,active,"March 26, 2026",no,akcebet.com,not contacted,
betbaba.com,betbaba,0,Continental Solutions Limited B.V.,OGL/2024/1208/0715,Curacao,active,"March 26, 2026",no,betbaba.com,not contacted,
betivo.com,betivo,0,Continental Solutions Limited B.V.,OGL/2024/1208/0715,Curacao,active,"March 26, 2026",no,betivo.com,not contacted,
casinomega.com,casinomega,0,Continental Solutions Limited B.V.,OGL/2024/1208/0715,Curacao,active,"March 26, 2026",no,casinomega.com,not contacted,
efescasino.com,efescasino,0,Continental Solutions Limited B.V.,OGL/2024/1208/0715,Curacao,active,"March 26, 2026",no,efescasino.com,not contacted,
no.lilibet.com,lilibet,0,Continental Solutions Limited B.V.,OGL/2024/1208/0715,Curacao,active,"March 26, 2026",no,no.lilibet.com,not contacted,
sultanbet.com,sultanbet,0,Continental Solutions Limited B.V.,OGL/2024/1208/0715,Curacao,active,"March 26, 2026",no,sultanbet.com,not contacted,
spinkings.com,spinkings,5,Cre8 B.V.,OGL/2024/375/0657,Curacao,assessment in progress,"December 24, 2025",no,spinkings.com spinkings.bet spin-kings.com spin-kings.bet spinkings.casino spin-kings.casino,not contacted,
zora.bet,zora,2,Cre8 B.V.,OGL/2024/375/0657,Curacao,assessment in progress,"December 24, 2025",no,zora.bet zo-ra.bet zor-a.bet,not contacted,
pinspin.com,pinspin,0,Cre8 B.V.,OGL/2024/375/0657,Curacao,assessment in progress,"December 24, 2025",no,pinspin.com,not contacted,
ra.bet,ra,0,Cre8 B.V.,OGL/2024/375/0657,Curacao,assessment in progress,"December 24, 2025",no,ra.bet,not contacted,
spinduke.com,spinduke,0,Cre8 B.V.,OGL/2024/375/0657,Curacao,assessment in progress,"December 24, 2025",no,spinduke.com,not contacted,
spinpin.com,spinpin,0,Cre8 B.V.,OGL/2024/375/0657,Curacao,assessment in progress,"December 24, 2025",no,spinpin.com,not contacted,
top.casino,top,0,Cre8 B.V.,OGL/2024/375/0657,Curacao,assessment in progress,"December 24, 2025",no,top.casino,not contacted,
bitzamo-casino.org,bitzamocasino,0,Elsikora N.V.,OGL/2024/345/0210,Curacao,active,"March 26, 2026",no,bitzamo-casino.org,not contacted,
blitz-casino.biz,blitzcasino,0,Elsikora N.V.,OGL/2024/345/0210,Curacao,active,"March 26, 2026",no,blitz-casino.biz,not contacted,
bounty-casino.info,bountycasino,0,Elsikora N.V.,OGL/2024/345/0210,Curacao,active,"March 26, 2026",no,bounty-casino.info,not contacted,
brillx-casino.com,brillxcasino,0,Elsikora N.V.,OGL/2024/345/0210,Curacao,active,"March 26, 2026",no,brillx-casino.com,not contacted,
friends-casino.vg,friendscasino,0,Elsikora N.V.,OGL/2024/345/0210,Curacao,active,"March 26, 2026",no,friends-casino.vg,not contacted,
selector-casino.me,selectorcasino,0,Elsikora N.V.,OGL/2024/345/0210,Curacao,active,"March 26, 2026",no,selector-casino.me,not contacted,
turbo-casino.plus,turbocasino,0,Elsikora N.V.,OGL/2024/345/0210,Curacao,active,"March 26, 2026",no,turbo-casino.plus,not contacted,
jugabet.ec,jugabet,13,Gladia N.V.,OGL/2024/378/0652,Curacao,assessment in progress,"December 24, 2025",no,jugabet.ec jugabet.uy jugabet.cl jugabet.bo jugabet.com juga-bet.co jugab-et.com j-ugabet.com,not contacted,
jugabet.com.ec,com,3,Gladia N.V.,OGL/2024/378/0652,Curacao,assessment in progress,"December 24, 2025",no,jugabet.com.ec jugabet.com.bo jugabet.com.uy jugabet.com.py,not contacted,
1jugarbet.com,jugarbet,0,Gladia N.V.,OGL/2024/378/0652,Curacao,assessment in progress,"December 24, 2025",no,1jugarbet.com,not contacted,
1ugabet.com,ugabet,0,Gladia N.V.,OGL/2024/378/0652,Curacao,assessment in progress,"December 24, 2025",no,1ugabet.com,not contacted,
co-jugabet.com,cojugabet,0,Gladia N.V.,OGL/2024/378/0652,Curacao,assessment in progress,"December 24, 2025",no,co-jugabet.com,not contacted,
col-jugabet.com,coljugabet,0,Gladia N.V.,OGL/2024/378/0652,Curacao,assessment in progress,"December 24, 2025",no,col-jugabet.com,not contacted,
jugabet-ve.com,jugabetve,0,Gladia N.V.,OGL/2024/378/0652,Curacao,assessment in progress,"December 24, 2025",no,jugabet-ve.com,not contacted,
evolvebets.com,evolvebets,0,HNA Gaming B.V.,OGL/2024/1191/0663,Curacao,active,"March 12, 2026",no,evolvebets.com,not contacted,
hugobets.io,hugobets,0,HNA Gaming B.V.,OGL/2024/1191/0663,Curacao,active,"March 12, 2026",no,hugobets.io,not contacted,
luckyz.com,luckyz,0,HNA Gaming B.V.,OGL/2024/1191/0663,Curacao,active,"March 12, 2026",no,luckyz.com,not contacted,
shinywilds.com,shinywilds,0,HNA Gaming B.V.,OGL/2024/1191/0663,Curacao,active,"March 12, 2026",no,shinywilds.com,not contacted,
simsinos.io,simsinos,0,HNA Gaming B.V.,OGL/2024/1191/0663,Curacao,active,"March 12, 2026",no,simsinos.io,not contacted,
vibebet.com,vibebet,0,HNA Gaming B.V.,OGL/2024/1191/0663,Curacao,active,"March 12, 2026",no,vibebet.com,not contacted,
viggoslots.io,viggoslots,0,HNA Gaming B.V.,OGL/2024/1191/0663,Curacao,active,"March 12, 2026",no,viggoslots.io,not contacted,
trillonario.cr,trillonario,4,Legacy Eight Curacao N.V.,OGL/2024/956/0417,Curacao,active,"February 7, 2026",no,trillonario.cr trillonario.co trillonario.com trillonario.net ar.trillonario.net,not contacted,
lottokings.com,lottokings,3,Legacy Eight Curacao N.V.,OGL/2024/956/0417,Curacao,active,"February 7, 2026",no,lottokings.com lottokings.net es.lottokings.com co.lottokings.net,not contacted,
lotosena.com,lotosena,0,Legacy Eight Curacao N.V.,OGL/2024/956/0417,Curacao,active,"February 7, 2026",no,lotosena.com,not contacted,
trilhardario.com,trilhardario,0,Legacy Eight Curacao N.V.,OGL/2024/956/0417,Curacao,active,"February 7, 2026",no,trilhardario.com,not contacted,
trillonario.co.cr,co,0,Legacy Eight Curacao N.V.,OGL/2024/956/0417,Curacao,active,"February 7, 2026",no,trillonario.co.cr,not contacted,
trillonario.com.mx,com,0,Legacy Eight Curacao N.V.,OGL/2024/956/0417,Curacao,active,"February 7, 2026",no,trillonario.com.mx,not contacted,
wintrillions.com,wintrillions,0,Legacy Eight Curacao N.V.,OGL/2024/956/0417,Curacao,active,"February 7, 2026",no,wintrillions.com,not contacted,
apostaki.com,apostaki,0,Nextgate N.V.,OGL/2024/909/0378,Curacao,assessment in progress,"December 24, 2025",no,apostaki.com,not contacted,
betsflix.com,betsflix,0,Nextgate N.V.,OGL/2024/909/0378,Curacao,assessment in progress,"December 24, 2025",no,betsflix.com,not contacted,
brasbet.com,brasbet,0,Nextgate N.V.,OGL/2024/909/0378,Curacao,assessment in progress,"December 24, 2025",no,brasbet.com,not contacted,
dubrasil.bet,dubrasil,0,Nextgate N.V.,OGL/2024/909/0378,Curacao,assessment in progress,"December 24, 2025",no,dubrasil.bet,not contacted,
fbb.bet,fbb,0,Nextgate N.V.,OGL/2024/909/0378,Curacao,assessment in progress,"December 24, 2025",no,fbb.bet,not contacted,
playbonds.com,playbonds,0,Nextgate N.V.,OGL/2024/909/0378,Curacao,assessment in progress,"December 24, 2025",no,playbonds.com,not contacted,
ze.bet,ze,0,Nextgate N.V.,OGL/2024/909/0378,Curacao,assessment in progress,"December 24, 2025",no,ze.bet,not contacted,
mgc88.cc,mgc,8,Novisoft N.V.,OGL/2024/1394/0725,Curacao,assessment in progress,"December 24, 2025",no,mgc88.cc mgc88.io mgc88.co mgc88.com mgc88.fun mgc88.win mgc88.vip mgc88.bet,not contacted,
magic88.cc,magic,6,Novisoft N.V.,OGL/2024/1394/0725,Curacao,assessment in progress,"December 24, 2025",no,magic88.cc magic88.io magic88.ph magic88.fun magic88.win magic88.game magic88.casino,not contacted,
willbet.ai,willbet,1,Novisoft N.V.,OGL/2024/1394/0725,Curacao,assessment in progress,"December 24, 2025",no,willbet.ai willbet.io,not contacted,
katon.ai,katon,0,Novisoft N.V.,OGL/2024/1394/0725,Curacao,assessment in progress,"December 24, 2025",no,katon.ai,not contacted,
x9.casino,x,0,Novisoft N.V.,OGL/2024/1394/0725,Curacao,assessment in progress,"December 24, 2025",no,x9.casino,not contacted,
x9bet.com,xbet,0,Novisoft N.V.,OGL/2024/1394/0725,Curacao,assessment in progress,"December 24, 2025",no,x9bet.com,not contacted,
x9play.com,xplay,0,Novisoft N.V.,OGL/2024/1394/0725,Curacao,assessment in progress,"December 24, 2025",no,x9play.com,not contacted,
madridbet961.com,madridbet,119,OnlineGaming Soft B.V.,OGL/2024/825/1106,Curacao,active,"March 7, 2026",no,madridbet961.com madridbet988.com madridbet999.com madridbet956.com madridbet992.com madridbet979.com madridbet943.com madridbet957.com,not contacted,
wingo1085.com,wingo,111,OnlineGaming Soft B.V.,OGL/2024/825/1106,Curacao,active,"March 7, 2026",no,wingo1085.com wingo1010.com wingo1083.com wingo1108.com wingo1066.com wingo1097.com wingo1005.com wingo1093.com,not contacted,
winmatik.com,winmatik,101,OnlineGaming Soft B.V.,OGL/2024/825/1106,Curacao,active,"March 7, 2026",no,winmatik.com winmatik543.com winmatik504.com winmatik592.com winmatik586.com winmatik556.com winmatik536.com winmatik524.com,not contacted,
btcbet597.com,btcbet,100,OnlineGaming Soft B.V.,OGL/2024/825/1106,Curacao,active,"March 7, 2026",no,btcbet597.com btcbet531.com btcbet574.com btcbet558.com btcbet526.com btcbet565.com btcbet585.com btcbet505.com,not contacted,
cryptobet535.com,cryptobet,100,OnlineGaming Soft B.V.,OGL/2024/825/1106,Curacao,active,"March 7, 2026",no,cryptobet535.com cryptobet550.com cryptobet531.com cryptobet598.com cryptobet520.com cryptobet542.com cryptobet521.com cryptobet552.com,not contacted,
madrid.bet,madrid,0,OnlineGaming Soft B.V.,OGL/2024/825/1106,Curacao,active,"March 7, 2026",no,madrid.bet,not contacted,
onlinegamingsoft.com,onlinegamingsoft,0,OnlineGaming Soft B.V.,OGL/2024/825/1106,Curacao,active,"March 7, 2026",no,onlinegamingsoft.com,not contacted,
cybercitycasino.com,cybercitycasino,0,Play Smart ENT B.V.,OGL/2024/649/0442,Curacao,active,"April 3, 2026",no,cybercitycasino.com,not contacted,
karhusino.com,karhusino,0,Play Smart ENT B.V.,OGL/2024/649/0442,Curacao,active,"April 3, 2026",no,karhusino.com,not contacted,
pelaanyt.com,pelaanyt,0,Play Smart ENT B.V.,OGL/2024/649/0442,Curacao,active,"April 3, 2026",no,pelaanyt.com,not contacted,
pikapotti.com,pikapotti,0,Play Smart ENT B.V.,OGL/2024/649/0442,Curacao,active,"April 3, 2026",no,pikapotti.com,not contacted,
spinni.com,spinni,0,Play Smart ENT B.V.,OGL/2024/649/0442,Curacao,active,"April 3, 2026",no,spinni.com,not contacted,
taikaspini.com,taikaspini,0,Play Smart ENT B.V.,OGL/2024/649/0442,Curacao,active,"April 3, 2026",no,taikaspini.com,not contacted,
vivospin.io,vivospin,0,Play Smart ENT B.V.,OGL/2024/649/0442,Curacao,active,"April 3, 2026",no,vivospin.io,not contacted,
atlantivegas.com,atlantivegas,0,SG International N.V.,OGL/2024/379/0174,Curacao,assessment in progress,"December 24, 2025",no,atlantivegas.com,not contacted,
casinomaxim.com,casinomaxim,0,SG International N.V.,OGL/2024/379/0174,Curacao,assessment in progress,"December 24, 2025",no,casinomaxim.com,not contacted,
casinovino.com,casinovino,0,SG International N.V.,OGL/2024/379/0174,Curacao,assessment in progress,"December 24, 2025",no,casinovino.com,not contacted,
kilobet.com,kilobet,0,SG International N.V.,OGL/2024/379/0174,Curacao,assessment in progress,"December 24, 2025",no,kilobet.com,not contacted,
premiobet.com,premiobet,0,SG International N.V.,OGL/2024/379/0174,Curacao,assessment in progress,"December 24, 2025",no,premiobet.com,not contacted,
super-bet777.com,superbet,0,SG International N.V.,OGL/2024/379/0174,Curacao,assessment in progress,"December 24, 2025",no,super-bet777.com,not contacted,
vegas.salon,vegas,0,SG International N.V.,OGL/2024/379/0174,Curacao,assessment in progress,"December 24, 2025",no,vegas.salon,not contacted,
rolletto.cc,rolletto,3,Santeda International B.V.,OGL/2024/1798/1048,Curacao,assessment in progress,"December 24, 2025",no,rolletto.cc rolletto.com rolletto.win rolletto1.com,not contacted,
cosmobet.com,cosmobet,1,Santeda International B.V.,OGL/2024/1798/1048,Curacao,assessment in progress,"December 24, 2025",no,cosmobet.com cosmobet.one,not contacted,
goldenbet.com,goldenbet,1,Santeda International B.V.,OGL/2024/1798/1048,Curacao,assessment in progress,"December 24, 2025",no,goldenbet.com goldenbet2.com,not contacted,
velobet.com,velobet,1,Santeda International B.V.,OGL/2024/1798/1048,Curacao,assessment in progress,"December 24, 2025",no,velobet.com velobet.win,not contacted,
bakubet.com,bakubet,0,Santeda International B.V.,OGL/2024/1798/1048,Curacao,assessment in progress,"December 24, 2025",no,bakubet.com,not contacted,
megajeet.com,megajeet,0,Santeda International B.V.,OGL/2024/1798/1048,Curacao,assessment in progress,"December 24, 2025",no,megajeet.com,not contacted,
zizobet.com,zizobet,0,Santeda International B.V.,OGL/2024/1798/1048,Curacao,assessment in progress,"December 24, 2025",no,zizobet.com,not contacted,
258slots.com,slots,0,Windward Circle B.V.,OGL/2024/1135/0484,Curacao,active,"August 14, 2026",no,258slots.com,not contacted,
betostar.com,betostar,0,Windward Circle B.V.,OGL/2024/1135/0484,Curacao,active,"August 14, 2026",no,betostar.com,not contacted,
betrophies.com,betrophies,0,Windward Circle B.V.,OGL/2024/1135/0484,Curacao,active,"August 14, 2026",no,betrophies.com,not contacted,
gomblingovip.com,gomblingovip,0,Windward Circle B.V.,OGL/2024/1135/0484,Curacao,active,"August 14, 2026",no,gomblingovip.com,not contacted,
purecasino.co,purecasino,0,Windward Circle B.V.,OGL/2024/1135/0484,Curacao,active,"August 14, 2026",no,purecasino.co,not contacted,
wikichance.com,wikichance,0,Windward Circle B.V.,OGL/2024/1135/0484,Curacao,active,"August 14, 2026",no,wikichance.com,not contacted,
yoyospinsvip.com,yoyospinsvip,0,Windward Circle B.V.,OGL/2024/1135/0484,Curacao,active,"August 14, 2026",no,yoyospinsvip.com,not contacted,
captainpunt.com,captainpunt,0,A2F B.V.,OGL/2024/298/0109,Curacao,active,"April 14, 2026",no,captainpunt.com,not contacted,
drinbet.com,drinbet,0,A2F B.V.,OGL/2024/298/0109,Curacao,active,"April 14, 2026",no,drinbet.com,not contacted,
oddjusta.com,oddjusta,0,A2F B.V.,OGL/2024/298/0109,Curacao,active,"April 14, 2026",no,oddjusta.com,not contacted,
punterplay.com,punterplay,0,A2F B.V.,OGL/2024/298/0109,Curacao,active,"April 14, 2026",no,punterplay.com,not contacted,
superodds88.com,superodds,0,A2F B.V.,OGL/2024/298/0109,Curacao,active,"April 14, 2026",no,superodds88.com,not contacted,
tradeball.com,tradeball,0,A2F B.V.,OGL/2024/298/0109,Curacao,active,"April 14, 2026",no,tradeball.com,not contacted,
ok9.pro,ok,4,Cyber Labs B.V.,OGL/2024/1696/1055,Curacao,active,"March 13, 2026",no,ok9.pro ok9.plus ok9.shop ok9.work ok9.space,not contacted,
jun88.id,jun,1,Cyber Labs B.V.,OGL/2024/1696/1055,Curacao,active,"March 13, 2026",no,jun88.id jun88.kr,not contacted,
789bet.sc,bet,0,Cyber Labs B.V.,OGL/2024/1696/1055,Curacao,active,"March 13, 2026",no,789bet.sc,not contacted,
c168.biz,c,0,Cyber Labs B.V.,OGL/2024/1696/1055,Curacao,active,"March 13, 2026",no,c168.biz,not contacted,
cm88.com,cm,0,Cyber Labs B.V.,OGL/2024/1696/1055,Curacao,active,"March 13, 2026",no,cm88.com,not contacted,
sc88.co,sc,0,Cyber Labs B.V.,OGL/2024/1696/1055,Curacao,active,"March 13, 2026",no,sc88.co,not contacted,
catcasino.com,catcasino,0,Fun Fusion N.V.,OGL/2024/750/0202,Curacao,assessment in progress,"December 24, 2025",no,catcasino.com,not contacted,
daddy.casino,daddy,0,Fun Fusion N.V.,OGL/2024/750/0202,Curacao,assessment in progress,"December 24, 2025",no,daddy.casino,not contacted,
gama.casino,gama,0,Fun Fusion N.V.,OGL/2024/750/0202,Curacao,assessment in progress,"December 24, 2025",no,gama.casino,not contacted,
kent.casino,kent,0,Fun Fusion N.V.,OGL/2024/750/0202,Curacao,assessment in progress,"December 24, 2025",no,kent.casino,not contacted,
mers.casino,mers,0,Fun Fusion N.V.,OGL/2024/750/0202,Curacao,assessment in progress,"December 24, 2025",no,mers.casino,not contacted,
spark.casino,spark,0,Fun Fusion N.V.,OGL/2024/750/0202,Curacao,assessment in progress,"December 24, 2025",no,spark.casino,not contacted,
flaxino.com,flaxino,0,GP Holding B.V.,OGL/2024/1326/0684,Curacao,active,"April 17, 2026",no,flaxino.com,not contacted,
mrcassino.com,mrcassino,0,GP Holding B.V.,OGL/2024/1326/0684,Curacao,active,"April 17, 2026",no,mrcassino.com,not contacted,
mrtilt.com,mrtilt,0,GP Holding B.V.,OGL/2024/1326/0684,Curacao,active,"April 17, 2026",no,mrtilt.com,not contacted,
pec.bet,pec,0,GP Holding B.V.,OGL/2024/1326/0684,Curacao,active,"April 17, 2026",no,pec.bet,not contacted,
reipas.com,reipas,0,GP Holding B.V.,OGL/2024/1326/0684,Curacao,active,"April 17, 2026",no,reipas.com,not contacted,
zimby.com,zimby,0,GP Holding B.V.,OGL/2024/1326/0684,Curacao,active,"April 17, 2026",no,zimby.com,not contacted,
keeponwin.com,keeponwin,0,Keep On Entertainment N.V.,OGL/2024/2279/1202,Curacao,active,"February 22, 2026",no,keeponwin.com,not contacted,
kktcroyal.com,kktcroyal,0,Keep On Entertainment N.V.,OGL/2024/2279/1202,Curacao,active,"February 22, 2026",no,kktcroyal.com,not contacted,
ledrabet.com,ledrabet,0,Keep On Entertainment N.V.,OGL/2024/2279/1202,Curacao,active,"February 22, 2026",no,ledrabet.com,not contacted,
oynatalim.com,oynatalim,0,Keep On Entertainment N.V.,OGL/2024/2279/1202,Curacao,active,"February 22, 2026",no,oynatalim.com,not contacted,
spinvbet.com,spinvbet,0,Keep On Entertainment N.V.,OGL/2024/2279/1202,Curacao,active,"February 22, 2026",no,spinvbet.com,not contacted,
svbroyal.com,svbroyal,0,Keep On Entertainment N.V.,OGL/2024/2279/1202,Curacao,active,"February 22, 2026",no,svbroyal.com,not contacted,
ikasbet.com,ikasbet,0,Novi B.V.,OGL/2024/1288/0542,Curacao,assessment in progress,"December 24, 2025",yes,ikasbet.com,not contacted,
kazancasino.com,kazancasino,0,Novi B.V.,OGL/2024/1288/0542,Curacao,assessment in progress,"December 24, 2025",no,kazancasino.com,not contacted,
miki.com,miki,0,Novi B.V.,OGL/2024/1288/0542,Curacao,assessment in progress,"December 24, 2025",no,miki.com,not contacted,
olimposcasino.com,olimposcasino,0,Novi B.V.,OGL/2024/1288/0542,Curacao,assessment in progress,"December 24, 2025",no,olimposcasino.com,not contacted,
slotcevir.com,slotcevir,0,Novi B.V.,OGL/2024/1288/0542,Curacao,assessment in progress,"December 24, 2025",no,slotcevir.com,not contacted,
wonodd.com,wonodd,0,Novi B.V.,OGL/2024/1288/0542,Curacao,assessment in progress,"December 24, 2025",no,wonodd.com,not contacted,
casino-x.com,casinox,0,Pomadorro N.V.,OGL/2024/863/0412,Curacao,assessment in progress,"December 24, 2025",no,casino-x.com,not contacted,
casinomix.com,casinomix,0,Pomadorro N.V.,OGL/2024/863/0412,Curacao,assessment in progress,"December 24, 2025",no,casinomix.com,not contacted,
joycasino.com,joycasino,0,Pomadorro N.V.,OGL/2024/863/0412,Curacao,assessment in progress,"December 24, 2025",no,joycasino.com,not contacted,
lotolot.com,lotolot,0,Pomadorro N.V.,OGL/2024/863/0412,Curacao,assessment in progress,"December 24, 2025",no,lotolot.com,not contacted,
ramenbet.com,ramenbet,0,Pomadorro N.V.,OGL/2024/863/0412,Curacao,assessment in progress,"December 24, 2025",no,ramenbet.com,not contacted,
v918.com,v,0,Pomadorro N.V.,OGL/2024/863/0412,Curacao,assessment in progress,"December 24, 2025",no,v918.com,not contacted,
allstarcasino.com,allstarcasino,0,Progress Path Co N.V.,OGL/2024/1113/0517,Curacao,active,"July 24, 2026",no,allstarcasino.com,not contacted,
dukat.bet,dukat,0,Progress Path Co N.V.,OGL/2024/1113/0517,Curacao,active,"July 24, 2026",no,dukat.bet,not contacted,
holyspin.com,holyspin,0,Progress Path Co N.V.,OGL/2024/1113/0517,Curacao,active,"July 24, 2026",no,holyspin.com,not contacted,
letsgocasino.com,letsgocasino,0,Progress Path Co N.V.,OGL/2024/1113/0517,Curacao,active,"July 24, 2026",no,letsgocasino.com,not contacted,
vipletsgocasino.com,vipletsgocasino,0,Progress Path Co N.V.,OGL/2024/1113/0517,Curacao,active,"July 24, 2026",no,vipletsgocasino.com,not contacted,
winthrone.com,winthrone,0,Progress Path Co N.V.,OGL/2024/1113/0517,Curacao,active,"July 24, 2026",no,winthrone.com,not contacted,
betto.com,betto,0,Rail Solutions Group B.V.,OGL/2024/788/0550,Curacao,assessment in progress,"December 24, 2025",no,betto.com,not contacted,
chokwin.com,chokwin,0,Rail Solutions Group B.V.,OGL/2024/788/0550,Curacao,assessment in progress,"December 24, 2025",no,chokwin.com,not contacted,
coinebet.com,coinebet,0,Rail Solutions Group B.V.,OGL/2024/788/0550,Curacao,assessment in progress,"December 24, 2025",no,coinebet.com,not contacted,
flashsportscasino.com,flashsportscasino,0,Rail Solutions Group B.V.,OGL/2024/788/0550,Curacao,assessment in progress,"December 24, 2025",no,flashsportscasino.com,not contacted,
novero.io,novero,0,Rail Solutions Group B.V.,OGL/2024/788/0550,Curacao,assessment in progress,"December 24, 2025",no,novero.io,not contacted,
rollblock.io,rollblock,0,Rail Solutions Group B.V.,OGL/2024/788/0550,Curacao,assessment in progress,"December 24, 2025",no,rollblock.io,not contacted,
artemisbet.com,artemisbet,1,SXM Management N.V.,OGL/2024/777/0365,Curacao,assessment in progress,"December 24, 2025",yes,artemisbet.com artemisbet1195.com,not contacted,
betper.com,betper,0,SXM Management N.V.,OGL/2024/777/0365,Curacao,assessment in progress,"December 24, 2025",no,betper.com,not contacted,
klasbahis.com,klasbahis,0,SXM Management N.V.,OGL/2024/777/0365,Curacao,assessment in progress,"December 24, 2025",no,klasbahis.com,not contacted,
perabet.com,perabet,0,SXM Management N.V.,OGL/2024/777/0365,Curacao,assessment in progress,"December 24, 2025",no,perabet.com,not contacted,
truvabet.com,truvabet,0,SXM Management N.V.,OGL/2024/777/0365,Curacao,assessment in progress,"December 24, 2025",no,truvabet.com,not contacted,
venusbet.com,venusbet,0,SXM Management N.V.,OGL/2024/777/0365,Curacao,assessment in progress,"December 24, 2025",no,venusbet.com,not contacted,
rocketplay.com,rocketplay,18,Scores55 Tech N.V.,OGL/2024/1307/0748,Curacao,assessment in progress,"December 24, 2025",no,rocketplay.com rocketplay18.com rocketplay78.com rocketplay32.com rocketplay43.com rocketplay10.com rocketplay82.com rocketplay35.com,not contacted,
7bitcasino.com,bitcasino,0,Scores55 Tech N.V.,OGL/2024/1307/0748,Curacao,assessment in progress,"December 24, 2025",no,7bitcasino.com,not contacted,
katsubet.com,katsubet,0,Scores55 Tech N.V.,OGL/2024/1307/0748,Curacao,assessment in progress,"December 24, 2025",no,katsubet.com,not contacted,
kitcasinos.com,kitcasinos,0,Scores55 Tech N.V.,OGL/2024/1307/0748,Curacao,assessment in progress,"December 24, 2025",no,kitcasinos.com,not contacted,
mbitcasino.io,mbitcasino,0,Scores55 Tech N.V.,OGL/2024/1307/0748,Curacao,assessment in progress,"December 24, 2025",no,mbitcasino.io,not contacted,
miraxcasino.com,miraxcasino,0,Scores55 Tech N.V.,OGL/2024/1307/0748,Curacao,assessment in progress,"December 24, 2025",no,miraxcasino.com,not contacted,
10bet.com,bet,0,Sunstar Impact N.V.,OGL/2024/418/0821,Curacao,active,"May 19, 2026",no,10bet.com,not contacted,
10betcrown.com,betcrown,0,Sunstar Impact N.V.,OGL/2024/418/0821,Curacao,active,"May 19, 2026",no,10betcrown.com,not contacted,
10betgold.com,betgold,0,Sunstar Impact N.V.,OGL/2024/418/0821,Curacao,active,"May 19, 2026",no,10betgold.com,not contacted,
10betgrand.com,betgrand,0,Sunstar Impact N.V.,OGL/2024/418/0821,Curacao,active,"May 19, 2026",no,10betgrand.com,not contacted,
10betpremium.com,betpremium,0,Sunstar Impact N.V.,OGL/2024/418/0821,Curacao,active,"May 19, 2026",no,10betpremium.com,not contacted,
10betroyal.com,betroyal,0,Sunstar Impact N.V.,OGL/2024/418/0821,Curacao,active,"May 19, 2026",no,10betroyal.com,not contacted,
betorder.com,betorder,0,TC Entertainment N.V.,OGL/2024/419/0348,Curacao,assessment in progress,"December 24, 2025",no,betorder.com,not contacted,
bets4you.com,betsyou,0,TC Entertainment N.V.,OGL/2024/419/0348,Curacao,assessment in progress,"December 24, 2025",no,bets4you.com,not contacted,
globalbahis.com,globalbahis,0,TC Entertainment N.V.,OGL/2024/419/0348,Curacao,assessment in progress,"December 24, 2025",no,globalbahis.com,not contacted,
hititbet.com,hititbet,0,TC Entertainment N.V.,OGL/2024/419/0348,Curacao,assessment in progress,"December 24, 2025",no,hititbet.com,not contacted,
lordspoker.com,lordspoker,0,TC Entertainment N.V.,OGL/2024/419/0348,Curacao,assessment in progress,"December 24, 2025",no,lordspoker.com,not contacted,
troybet.com,troybet,0,TC Entertainment N.V.,OGL/2024/419/0348,Curacao,assessment in progress,"December 24, 2025",no,troybet.com,not contacted,
22bet.com,bet,0,Techwave B.V.,OGL/2024/1653/0930,Curacao,active,"April 16, 2026",no,22bet.com,not contacted,
22bit.com,bit,0,Techwave B.V.,OGL/2024/1653/0930,Curacao,active,"April 16, 2026",no,22bit.com,not contacted,
22casino.com,casino,0,Techwave B.V.,OGL/2024/1653/0930,Curacao,active,"April 16, 2026",no,22casino.com,not contacted,
betlabel.com,betlabel,0,Techwave B.V.,OGL/2024/1653/0930,Curacao,active,"April 16, 2026",no,betlabel.com,not contacted,
royalxo.com,royalxo,0,Techwave B.V.,OGL/2024/1653/0930,Curacao,active,"April 16, 2026",no,royalxo.com,not contacted,
safecasino.com,safecasino,0,Techwave B.V.,OGL/2024/1653/0930,Curacao,active,"April 16, 2026",no,safecasino.com,not contacted,
casbones.com,casbones,0,Udwin B.V.,OGL/2024/817/0708,Curacao,active,"April 14, 2026",no,casbones.com,not contacted,
on-x.casino,onx,0,Udwin B.V.,OGL/2024/817/0708,Curacao,active,"April 14, 2026",no,on-x.casino,not contacted,
slots-league.com,slotsleague,0,Udwin B.V.,OGL/2024/817/0708,Curacao,active,"April 14, 2026",no,slots-league.com,not contacted,
slottybetcasino.com,slottybetcasino,0,Udwin B.V.,OGL/2024/817/0708,Curacao,active,"April 14, 2026",no,slottybetcasino.com,not contacted,
twindor.com,twindor,0,Udwin B.V.,OGL/2024/817/0708,Curacao,active,"April 14, 2026",no,twindor.com,not contacted,
voxcasino.com,voxcasino,0,Udwin B.V.,OGL/2024/817/0708,Curacao,active,"April 14, 2026",no,voxcasino.com,not contacted,
gemwin.ing,gemwin,0,Amadeus Technology B.V,OGL/2024/1272/1143,Curacao,active,"May 18, 2026",no,gemwin.ing,not contacted,
nhatvip.bar,nhatvip,0,Amadeus Technology B.V,OGL/2024/1272/1143,Curacao,active,"May 18, 2026",no,nhatvip.bar,not contacted,
sunwin.info,sunwin,0,Amadeus Technology B.V,OGL/2024/1272/1143,Curacao,active,"May 18, 2026",no,sunwin.info,not contacted,
tipclub.sbs,tipclub,0,Amadeus Technology B.V,OGL/2024/1272/1143,Curacao,active,"May 18, 2026",no,tipclub.sbs,not contacted,
zowin.cab,zowin,0,Amadeus Technology B.V,OGL/2024/1272/1143,Curacao,active,"May 18, 2026",no,zowin.cab,not contacted,
cyprussportingclubs.com,cyprussportingclubs,0,Arena Sports Entertainment N.V.,OGL/2024/833/1005,Curacao,active,"May 23, 2026",no,cyprussportingclubs.com,not contacted,
kurdbet.net,kurdbet,0,Arena Sports Entertainment N.V.,OGL/2024/833/1005,Curacao,active,"May 23, 2026",no,kurdbet.net,not contacted,
mosulbet.com,mosulbet,0,Arena Sports Entertainment N.V.,OGL/2024/833/1005,Curacao,active,"May 23, 2026",no,mosulbet.com,not contacted,
sportarenabet.com,sportarenabet,0,Arena Sports Entertainment N.V.,OGL/2024/833/1005,Curacao,active,"May 23, 2026",no,sportarenabet.com,not contacted,
ttbetarena.com,ttbetarena,0,Arena Sports Entertainment N.V.,OGL/2024/833/1005,Curacao,active,"May 23, 2026",no,ttbetarena.com,not contacted,
instantcasino.com,instantcasino,0,Axenora Strategic Services N.V.,OGL/2024/1788/1030,Curacao,assessment in progress,"December 24, 2025",no,instantcasino.com,not contacted,
klikkikasino.com,klikkikasino,0,Axenora Strategic Services N.V.,OGL/2024/1788/1030,Curacao,assessment in progress,"December 24, 2025",no,klikkikasino.com,not contacted,
onnelakasino.com,onnelakasino,0,Axenora Strategic Services N.V.,OGL/2024/1788/1030,Curacao,assessment in progress,"December 24, 2025",no,onnelakasino.com,not contacted,
slottimonsteri.com,slottimonsteri,0,Axenora Strategic Services N.V.,OGL/2024/1788/1030,Curacao,assessment in progress,"December 24, 2025",no,slottimonsteri.com,not contacted,
uunokasino.com,uunokasino,0,Axenora Strategic Services N.V.,OGL/2024/1788/1030,Curacao,assessment in progress,"December 24, 2025",no,uunokasino.com,not contacted,
cuatrobet.com,cuatrobet,0,Bespinex N.V.,OGL/2024/1563/0831,Curacao,assessment in progress,"December 24, 2025",no,cuatrobet.com,not contacted,
dale-bets.com,dalebets,0,Bespinex N.V.,OGL/2024/1563/0831,Curacao,assessment in progress,"December 24, 2025",no,dale-bets.com,not contacted,
fuego.casino,fuego,0,Bespinex N.V.,OGL/2024/1563/0831,Curacao,assessment in progress,"December 24, 2025",no,fuego.casino,not contacted,
joinbet.com,joinbet,0,Bespinex N.V.,OGL/2024/1563/0831,Curacao,assessment in progress,"December 24, 2025",no,joinbet.com,not contacted,
slotobets.com,slotobets,0,Bespinex N.V.,OGL/2024/1563/0831,Curacao,assessment in progress,"December 24, 2025",no,slotobets.com,not contacted,
bison.win,bison,1,Betelgeuse Entertainment B.V.,OGL/2024/1062/0475,Curacao,active,"March 17, 2026",no,bison.win bison.casino,not contacted,
fireball.casino,fireball,0,Betelgeuse Entertainment B.V.,OGL/2024/1062/0475,Curacao,active,"March 17, 2026",no,fireball.casino,not contacted,
meteoro.casino,meteoro,0,Betelgeuse Entertainment B.V.,OGL/2024/1062/0475,Curacao,active,"March 17, 2026",no,meteoro.casino,not contacted,
playbison.com,playbison,0,Betelgeuse Entertainment B.V.,OGL/2024/1062/0475,Curacao,active,"March 17, 2026",no,playbison.com,not contacted,
playbull.vip,playbull,0,Betelgeuse Entertainment B.V.,OGL/2024/1062/0475,Curacao,active,"March 17, 2026",no,playbull.vip,not contacted,
betbrazil.com,betbrazil,0,Bitx Operations N.V.,OGL/2024/1214/0712,Curacao,active,"June 17, 2026",no,betbrazil.com,not contacted,
bitx.bet,bitx,0,Bitx Operations N.V.,OGL/2024/1214/0712,Curacao,active,"June 17, 2026",no,bitx.bet,not contacted,
playbet.io,playbet,0,Bitx Operations N.V.,OGL/2024/1214/0712,Curacao,active,"June 17, 2026",yes,playbet.io,not contacted,
robobet.com,robobet,0,Bitx Operations N.V.,OGL/2024/1214/0712,Curacao,active,"June 17, 2026",yes,robobet.com,not contacted,
skorbet.com,skorbet,0,Bitx Operations N.V.,OGL/2024/1214/0712,Curacao,active,"June 17, 2026",no,skorbet.com,not contacted,
betwiz.com,betwiz,20,Blueinic B.V.,OGL/2024/314/1090,Curacao,active,"June 16, 2026",no,betwiz.com 4betwiz.com 8betwiz.com 2betwiz.com 3betwiz.com 5betwiz.com 7betwiz.com 6betwiz.com,not contacted,
bookielink.com,bookielink,2,Blueinic B.V.,OGL/2024/314/1090,Curacao,active,"June 16, 2026",no,bookielink.com bookielink.biz bookielink.pro,not contacted,
betibo.com,betibo,0,Blueinic B.V.,OGL/2024/314/1090,Curacao,active,"June 16, 2026",no,betibo.com,not contacted,
betzy.io,betzy,0,Blueinic B.V.,OGL/2024/314/1090,Curacao,active,"June 16, 2026",no,betzy.io,not contacted,
iplayiq.com,iplayiq,0,Blueinic B.V.,OGL/2024/314/1090,Curacao,active,"June 16, 2026",no,iplayiq.com,not contacted,
96odds.com,odds,3,Breakout Group B.V.,OGL/2024/391/0299,Curacao,assessment in progress,"December 24, 2025",no,96odds.com odds96.com odd96s.com odds96.vip,not contacted,
o96.vip,o,0,Breakout Group B.V.,OGL/2024/391/0299,Curacao,assessment in progress,"December 24, 2025",no,o96.vip,not contacted,
odd96.com,odd,0,Breakout Group B.V.,OGL/2024/391/0299,Curacao,assessment in progress,"December 24, 2025",no,odd96.com,not contacted,
odds96bd.com,oddsbd,0,Breakout Group B.V.,OGL/2024/391/0299,Curacao,assessment in progress,"December 24, 2025",no,odds96bd.com,not contacted,
ods96.com,ods,0,Breakout Group B.V.,OGL/2024/391/0299,Curacao,assessment in progress,"December 24, 2025",no,ods96.com,not contacted,
123soccerbrokers.com,soccerbrokers,0,Bright Win Limited B.V.,OGL/2024/1070/0502,Curacao,active,"March 25, 2026",no,123soccerbrokers.com,not contacted,
fair999.com,fair,0,Bright Win Limited B.V.,OGL/2024/1070/0502,Curacao,active,"March 25, 2026",no,fair999.com,not contacted,
fomo7.com,fomo,0,Bright Win Limited B.V.,OGL/2024/1070/0502,Curacao,active,"March 25, 2026",no,fomo7.com,not contacted,
panalobet.club,panalobet,0,Bright Win Limited B.V.,OGL/2024/1070/0502,Curacao,active,"March 25, 2026",no,panalobet.club,not contacted,
yolo247.com,yolo,0,Bright Win Limited B.V.,OGL/2024/1070/0502,Curacao,active,"March 25, 2026",no,yolo247.com,not contacted,
galactrica.com,galactrica,0,Brightstar N.V.,OGL/2024/1455/0790,Curacao,assessment in progress,"December 24, 2025",no,galactrica.com,not contacted,
grandz.com,grandz,0,Brightstar N.V.,OGL/2024/1455/0790,Curacao,assessment in progress,"December 24, 2025",no,grandz.com,not contacted,
grandzprix.com,grandzprix,0,Brightstar N.V.,OGL/2024/1455/0790,Curacao,assessment in progress,"December 24, 2025",no,grandzprix.com,not contacted,
grandzrace.com,grandzrace,0,Brightstar N.V.,OGL/2024/1455/0790,Curacao,assessment in progress,"December 24, 2025",no,grandzrace.com,not contacted,
grandzracer.com,grandzracer,0,Brightstar N.V.,OGL/2024/1455/0790,Curacao,assessment in progress,"December 24, 2025",no,grandzracer.com,not contacted,
789club.online,club,0,DG Innovations B.V.,OGL/2024/1273/1142,Curacao,active,"May 25, 2026",no,789club.online,not contacted,
hitclub.hm,hitclub,0,DG Innovations B.V.,OGL/2024/1273/1142,Curacao,active,"May 25, 2026",no,hitclub.hm,not contacted,
kclub.fit,kclub,0,DG Innovations B.V.,OGL/2024/1273/1142,Curacao,active,"May 25, 2026",no,kclub.fit,not contacted,
rikvip.mba,rikvip,0,DG Innovations B.V.,OGL/2024/1273/1142,Curacao,active,"May 25, 2026",no,rikvip.mba,not contacted,
top88.ing,top,0,DG Innovations B.V.,OGL/2024/1273/1142,Curacao,active,"May 25, 2026",no,top88.ing,not contacted,
betbetty.com,betbetty,0,Digibet N.V.,OGL/2024/1312/0525,Curacao,active,"March 3, 2026",no,betbetty.com,not contacted,
goalbet.com,goalbet,0,Digibet N.V.,OGL/2024/1312/0525,Curacao,active,"March 3, 2026",no,goalbet.com,not contacted,
kingonbet.com,kingonbet,0,Digibet N.V.,OGL/2024/1312/0525,Curacao,active,"March 3, 2026",no,kingonbet.com,not contacted,
maxbetonwin.com,maxbetonwin,0,Digibet N.V.,OGL/2024/1312/0525,Curacao,active,"March 3, 2026",no,maxbetonwin.com,not contacted,
racetan.com,racetan,0,Digibet N.V.,OGL/2024/1312/0525,Curacao,active,"March 3, 2026",no,racetan.com,not contacted,
indi3.club,indi,1,Evelnex B.V.,OGL/2024/921/0845,Curacao,assessment in progress,"December 24, 2025",no,indi3.club indi2.club,not contacted,
pb007.co,pb,0,Evelnex B.V.,OGL/2024/921/0845,Curacao,assessment in progress,"December 24, 2025",no,pb007.co,not contacted,
pb77exch.com,pbexch,0,Evelnex B.V.,OGL/2024/921/0845,Curacao,assessment in progress,"December 24, 2025",no,pb77exch.com,not contacted,
pb77india.com,pbindia,0,Evelnex B.V.,OGL/2024/921/0845,Curacao,assessment in progress,"December 24, 2025",no,pb77india.com,not contacted,
pboffers.co,pboffers,0,Evelnex B.V.,OGL/2024/921/0845,Curacao,assessment in progress,"December 24, 2025",no,pboffers.co,not contacted,
betx360.live,betx,0,GB Tech Services N.V.,OGL/2024/114/0135,Curacao,assessment in progress,"December 24, 2025",no,betx360.live,not contacted,
dice365.live,dice,0,GB Tech Services N.V.,OGL/2024/114/0135,Curacao,assessment in progress,"December 24, 2025",no,dice365.live,not contacted,
goplay365.com,goplay,0,GB Tech Services N.V.,OGL/2024/114/0135,Curacao,assessment in progress,"December 24, 2025",no,goplay365.com,not contacted,
ienabet.com,ienabet,0,GB Tech Services N.V.,OGL/2024/114/0135,Curacao,assessment in progress,"December 24, 2025",no,ienabet.com,not contacted,
turn.bet,turn,0,GB Tech Services N.V.,OGL/2024/114/0135,Curacao,assessment in progress,"December 24, 2025",no,turn.bet,not contacted,
aplay.casino,aplay,0,Hazarion N.V.,OGL/2024/369/0568,Curacao,assessment in progress,"January 9, 2026",no,aplay.casino,not contacted,
cslotv.com,cslotv,0,Hazarion N.V.,OGL/2024/369/0568,Curacao,assessment in progress,"January 9, 2026",no,cslotv.com,not contacted,
drift.casino,drift,0,Hazarion N.V.,OGL/2024/369/0568,Curacao,assessment in progress,"January 9, 2026",no,drift.casino,not contacted,
frankclubcasino.com,frankclubcasino,0,Hazarion N.V.,OGL/2024/369/0568,Curacao,assessment in progress,"January 9, 2026",no,frankclubcasino.com,not contacted,
mrbit.bet,mrbit,0,Hazarion N.V.,OGL/2024/369/0568,Curacao,assessment in progress,"January 9, 2026",no,mrbit.bet,not contacted,
betoffice.com,betoffice,0,Hit Entertainment B.V.,OGL/2024/495/0689,Curacao,revoked,,no,betoffice.com,not contacted,
betpark.com,betpark,0,Hit Entertainment B.V.,OGL/2024/495/0689,Curacao,revoked,,no,betpark.com,not contacted,
galabet.com,galabet,0,Hit Entertainment B.V.,OGL/2024/495/0689,Curacao,revoked,,no,galabet.com,not contacted,
hitbet.com,hitbet,0,Hit Entertainment B.V.,OGL/2024/495/0689,Curacao,revoked,,no,hitbet.com,not contacted,
kolaybet.com,kolaybet,0,Hit Entertainment B.V.,OGL/2024/495/0689,Curacao,revoked,,no,kolaybet.com,not contacted,
dragonslots.com,dragonslots,1,Innovex B.V.,OGL/2024/1769/1016,Curacao,assessment in progress,"December 24, 2025",no,dragonslots.com dragonslots1.com,not contacted,
20bet.tech,bet,0,Innovex B.V.,OGL/2024/1769/1016,Curacao,assessment in progress,"December 24, 2025",no,20bet.tech,not contacted,
granawin.com,granawin,0,Innovex B.V.,OGL/2024/1769/1016,Curacao,assessment in progress,"December 24, 2025",no,granawin.com,not contacted,
nationalcasino.dev,nationalcasino,0,Innovex B.V.,OGL/2024/1769/1016,Curacao,assessment in progress,"December 24, 2025",no,nationalcasino.dev,not contacted,
slotrave.com,slotrave,0,Innovex B.V.,OGL/2024/1769/1016,Curacao,assessment in progress,"December 24, 2025",no,slotrave.com,not contacted,
gralive.win,gralive,0,Kallila N.V.,OGL/2024/398/0495,Curacao,assessment in progress,"January 14, 2026",no,gralive.win,not contacted,
johnbit.win,johnbit,0,Kallila N.V.,OGL/2024/398/0495,Curacao,assessment in progress,"January 14, 2026",no,johnbit.win,not contacted,
parik-24.win,parik,0,Kallila N.V.,OGL/2024/398/0495,Curacao,assessment in progress,"January 14, 2026",no,parik-24.win,not contacted,
stawki.win,stawki,0,Kallila N.V.,OGL/2024/398/0495,Curacao,assessment in progress,"January 14, 2026",no,stawki.win,not contacted,
topmatchwin.win,topmatchwin,0,Kallila N.V.,OGL/2024/398/0495,Curacao,assessment in progress,"January 14, 2026",no,topmatchwin.win,not contacted,
desi-bet.com,desibet,0,Mystech Entertainment B.V.,OGL/2024/1443/0692,Curacao,active,"March 7, 2026",no,desi-bet.com,not contacted,
desi-casino.com,desicasino,0,Mystech Entertainment B.V.,OGL/2024/1443/0692,Curacao,active,"March 7, 2026",no,desi-casino.com,not contacted,
desi-play.com,desiplay,0,Mystech Entertainment B.V.,OGL/2024/1443/0692,Curacao,active,"March 7, 2026",no,desi-play.com,not contacted,
desi-slot.com,desislot,0,Mystech Entertainment B.V.,OGL/2024/1443/0692,Curacao,active,"March 7, 2026",no,desi-slot.com,not contacted,
tamashabet.in,tamashabet,0,Mystech Entertainment B.V.,OGL/2024/1443/0692,Curacao,active,"March 7, 2026",no,tamashabet.in,not contacted,
64betcasino.com,betcasino,0,Nixxe B.V.,OGL/2024/1363/0705,Curacao,active,"April 14, 2026",no,64betcasino.com,not contacted,
fieryplay.com,fieryplay,0,Nixxe B.V.,OGL/2024/1363/0705,Curacao,active,"April 14, 2026",no,fieryplay.com,not contacted,
nv.casino,nv,0,Nixxe B.V.,OGL/2024/1363/0705,Curacao,active,"April 14, 2026",no,nv.casino,not contacted,
spinrolla.com,spinrolla,0,Nixxe B.V.,OGL/2024/1363/0705,Curacao,active,"April 14, 2026",no,spinrolla.com,not contacted,
yep.casino,yep,0,Nixxe B.V.,OGL/2024/1363/0705,Curacao,active,"April 14, 2026",no,yep.casino,not contacted,
bingofest.com,bingofest,0,Palau Holdings N.V.,OGL/2024/197/0481,Curacao,active,"January 24, 2026",no,bingofest.com,not contacted,
cyberbingo.com,cyberbingo,0,Palau Holdings N.V.,OGL/2024/197/0481,Curacao,active,"January 24, 2026",no,cyberbingo.com,not contacted,
eddybetcasino.com,eddybetcasino,0,Palau Holdings N.V.,OGL/2024/197/0481,Curacao,active,"January 24, 2026",no,eddybetcasino.com,not contacted,
nummus888.com,nummus,0,Palau Holdings N.V.,OGL/2024/197/0481,Curacao,active,"January 24, 2026",no,nummus888.com,not contacted,
vegascrestcasino.ag,vegascrestcasino,0,Palau Holdings N.V.,OGL/2024/197/0481,Curacao,active,"January 24, 2026",no,vegascrestcasino.ag,not contacted,
melbet-ca.com,melbetca,2,Pelican Entertainment B.V.,OGL/2024/561/0554,Curacao,assessment in progress,"December 24, 2025",no,melbet-ca.com melbet-ca.org melbet-ca.net,not contacted,
melbet-canada.com,melbetcanada,2,Pelican Entertainment B.V.,OGL/2024/561/0554,Curacao,assessment in progress,"December 24, 2025",no,melbet-canada.com melbet-canada.org melbet-canada.net,not contacted,
melbet.com,melbet,2,Pelican Entertainment B.V.,OGL/2024/561/0554,Curacao,assessment in progress,"December 24, 2025",no,melbet.com melbet.org melbet.mobi,not contacted,
astekbet.com,astekbet,0,Pelican Entertainment B.V.,OGL/2024/561/0554,Curacao,assessment in progress,"December 24, 2025",no,astekbet.com,not contacted,
melbetghana.com,melbetghana,0,Pelican Entertainment B.V.,OGL/2024/561/0554,Curacao,assessment in progress,"December 24, 2025",no,melbetghana.com,not contacted,
bet-40.vip,bet,0,R. Bostock Enterprises B.V.,OGL/2024/1067/0640,Curacao,active,"April 21, 2026",no,bet-40.vip,not contacted,
elitebet.io,elitebet,0,R. Bostock Enterprises B.V.,OGL/2024/1067/0640,Curacao,active,"April 21, 2026",no,elitebet.io,not contacted,
puntersvip.io,puntersvip,0,R. Bostock Enterprises B.V.,OGL/2024/1067/0640,Curacao,active,"April 21, 2026",no,puntersvip.io,not contacted,
rocketbet.com,rocketbet,0,R. Bostock Enterprises B.V.,OGL/2024/1067/0640,Curacao,active,"April 21, 2026",no,rocketbet.com,not contacted,
ukingbet.com,ukingbet,0,R. Bostock Enterprises B.V.,OGL/2024/1067/0640,Curacao,active,"April 21, 2026",no,ukingbet.com,not contacted,
aufcasino.com,aufcasino,0,SilverDeer B.V.,OGL/2024/661/0277,Curacao,active,"June 4, 2026",yes,aufcasino.com,not contacted,
casinohype.com,casinohype,0,SilverDeer B.V.,OGL/2024/661/0277,Curacao,active,"June 4, 2026",yes,casinohype.com,not contacted,
cryptobosscasino.com,cryptobosscasino,0,SilverDeer B.V.,OGL/2024/661/0277,Curacao,active,"June 4, 2026",yes,cryptobosscasino.com,not contacted,
honeymoney.com,honeymoney,0,SilverDeer B.V.,OGL/2024/661/0277,Curacao,active,"June 4, 2026",no,honeymoney.com,not contacted,
unlimcasino.com,unlimcasino,0,SilverDeer B.V.,OGL/2024/661/0277,Curacao,active,"June 4, 2026",yes,unlimcasino.com,not contacted,
20bet.com,bet,0,TechSolutions Group B.V.,OGL/2024/590/0758,Curacao,active,"April 14, 2026",no,20bet.com,not contacted,
bizzocasino.com,bizzocasino,0,TechSolutions Group B.V.,OGL/2024/590/0758,Curacao,active,"April 14, 2026",no,bizzocasino.com,not contacted,
bizzocassino.com,bizzocassino,0,TechSolutions Group B.V.,OGL/2024/590/0758,Curacao,active,"April 14, 2026",no,bizzocassino.com,not contacted,
nationalcasino.com,nationalcasino,0,TechSolutions Group B.V.,OGL/2024/590/0758,Curacao,active,"April 14, 2026",no,nationalcasino.com,not contacted,
nationallcasino.com,nationallcasino,0,TechSolutions Group B.V.,OGL/2024/590/0758,Curacao,active,"April 14, 2026",no,nationallcasino.com,not contacted,
azino777.com,azino,4,Victorywillbeours N.V.,OGL/2024/173/0199,Curacao,active,"April 14, 2026",no,azino777.com azino888.win azino777.win azino777.red azino777.top,not contacted,
drl0h-az-ino777.icu,drlhazino,0,Victorywillbeours N.V.,OGL/2024/173/0199,Curacao,active,"April 14, 2026",no,drl0h-az-ino777.icu,not contacted,
ie6gl-az-ino777.icu,ieglazino,0,Victorywillbeours N.V.,OGL/2024/173/0199,Curacao,active,"April 14, 2026",no,ie6gl-az-ino777.icu,not contacted,
jfwfy-az-ino777.icu,jfwfyazino,0,Victorywillbeours N.V.,OGL/2024/173/0199,Curacao,active,"April 14, 2026",no,jfwfy-az-ino777.icu,not contacted,
to6k7-az-ino777.icu,tokazino,0,Victorywillbeours N.V.,OGL/2024/173/0199,Curacao,active,"April 14, 2026",no,to6k7-az-ino777.icu,not contacted,
awintura.com,awintura,0,Wiraon B.V.,OGL/2024/686/0183,Curacao,active,"April 14, 2026",no,awintura.com,not contacted,
casishock.com,casishock,0,Wiraon B.V.,OGL/2024/686/0183,Curacao,active,"April 14, 2026",no,casishock.com,not contacted,
maggico.casino,maggico,0,Wiraon B.V.,OGL/2024/686/0183,Curacao,active,"April 14, 2026",no,maggico.casino,not contacted,
slotoro.bet,slotoro,0,Wiraon B.V.,OGL/2024/686/0183,Curacao,active,"April 14, 2026",no,slotoro.bet,not contacted,
verdecasino.com,verdecasino,0,Wiraon B.V.,OGL/2024/686/0183,Curacao,active,"April 14, 2026",no,verdecasino.com,not contacted,
batery.in,batery,2,YouGMedia B.V.,OGL/2024/107/0914,Curacao,active,"March 7, 2026",no,batery.in batery.win batery.bet,not contacted,
batery-bets.in,baterybets,1,YouGMedia B.V.,OGL/2024/107/0914,Curacao,active,"March 7, 2026",no,batery-bets.in batery-bets.com,not contacted,
vipking.com,vipking,1,YouGMedia B.V.,OGL/2024/107/0914,Curacao,active,"March 7, 2026",no,vipking.com vip-king.com,not contacted,
batery-bet.in,baterybet,0,YouGMedia B.V.,OGL/2024/107/0914,Curacao,active,"March 7, 2026",no,batery-bet.in,not contacted,
fonbet.com,fonbet,0,YouGMedia B.V.,OGL/2024/107/0914,Curacao,active,"March 7, 2026",no,fonbet.com,not contacted,
777.io,777.io,0,130Group N.V.,OGL/2024/129/0131,Curacao,assessment in progress,"December 24, 2025",no,777.io,not contacted,
casina.com,casina,0,130Group N.V.,OGL/2024/129/0131,Curacao,assessment in progress,"December 24, 2025",no,casina.com,not contacted,
myluck.com,myluck,0,130Group N.V.,OGL/2024/129/0131,Curacao,assessment in progress,"December 24, 2025",no,myluck.com,not contacted,
winderland.com,winderland,0,130Group N.V.,OGL/2024/129/0131,Curacao,assessment in progress,"December 24, 2025",no,winderland.com,not contacted,
abcfortunazone.com,abcfortunazone,0,Altan N.V.,OGL/2024/596/0252,Curacao,active,"April 14, 2026",no,abcfortunazone.com,not contacted,
atomfortuna.com,atomfortuna,0,Altan N.V.,OGL/2024/596/0252,Curacao,active,"April 14, 2026",no,atomfortuna.com,not contacted,
fortunazone.com,fortunazone,0,Altan N.V.,OGL/2024/596/0252,Curacao,active,"April 14, 2026",no,fortunazone.com,not contacted,
ssvipclub.com,ssvipclub,0,Altan N.V.,OGL/2024/596/0252,Curacao,active,"April 14, 2026",no,ssvipclub.com,not contacted,
asprobet.com,asprobet,0,Aspro N.V.,OGL/2024/565/0553,Curacao,assessment in progress,"December 24, 2025",no,asprobet.com,not contacted,
betingsite.com,betingsite,0,Aspro N.V.,OGL/2024/565/0553,Curacao,assessment in progress,"December 24, 2025",no,betingsite.com,not contacted,
linebet.com,linebet,0,Aspro N.V.,OGL/2024/565/0553,Curacao,assessment in progress,"December 24, 2025",no,linebet.com,not contacted,
xparibet.com,xparibet,0,Aspro N.V.,OGL/2024/565/0553,Curacao,assessment in progress,"December 24, 2025",no,xparibet.com,not contacted,
lottoland3000.com,lottoland,0,Bet Pegasus B.V.,OGL/2024/1231/0565,Curacao,active,"April 14, 2026",no,lottoland3000.com,not contacted,
luckino.com,luckino,0,Bet Pegasus B.V.,OGL/2024/1231/0565,Curacao,active,"April 14, 2026",no,luckino.com,not contacted,
ozcasino.com,ozcasino,0,Bet Pegasus B.V.,OGL/2024/1231/0565,Curacao,active,"April 14, 2026",no,ozcasino.com,not contacted,
redblack.com,redblack,0,Bet Pegasus B.V.,OGL/2024/1231/0565,Curacao,active,"April 14, 2026",no,redblack.com,not contacted,
ginja-casino.com,ginjacasino,0,Bluestream N.V.,OGL/2024/1452/0706,Curacao,assessment in progress,"December 24, 2025",no,ginja-casino.com,not contacted,
kultcasino.com,kultcasino,0,Bluestream N.V.,OGL/2024/1452/0706,Curacao,assessment in progress,"December 24, 2025",no,kultcasino.com,not contacted,
nomad-wins.com,nomadwins,0,Bluestream N.V.,OGL/2024/1452/0706,Curacao,assessment in progress,"December 24, 2025",no,nomad-wins.com,not contacted,
sultan-wins.com,sultanwins,0,Bluestream N.V.,OGL/2024/1452/0706,Curacao,assessment in progress,"December 24, 2025",no,sultan-wins.com,not contacted,
play.verajohn.net,verajohn,3,Breckenridge Curaçao B.V.,OGL/2024/175/0182,Curacao,assessment in progress,"December 24, 2025",no,play.verajohn.net play.verajohn.world play.verajohn-1.net play.verajohn-1.world,not contacted,
play.casinosecret.net,casinosecret,1,Breckenridge Curaçao B.V.,OGL/2024/175/0182,Curacao,assessment in progress,"December 24, 2025",no,play.casinosecret.net play.casinosecret-1.net,not contacted,
play.intercasino.net,intercasino,1,Breckenridge Curaçao B.V.,OGL/2024/175/0182,Curacao,assessment in progress,"December 24, 2025",no,play.intercasino.net play.intercasino-2.net,not contacted,
play.yuugado.net,yuugado,1,Breckenridge Curaçao B.V.,OGL/2024/175/0182,Curacao,assessment in progress,"December 24, 2025",no,play.yuugado.net play.yuugado-1.net,not contacted,
katanaspin.com,katanaspin,0,Caishxn Holding B.V.,OGL/2024/1546/0828,Curacao,assessment in progress,"December 24, 2025",no,katanaspin.com,not contacted,
r2pbet.com,rpbet,0,Caishxn Holding B.V.,OGL/2024/1546/0828,Curacao,assessment in progress,"December 24, 2025",no,r2pbet.com,not contacted,
richroger.com,richroger,0,Caishxn Holding B.V.,OGL/2024/1546/0828,Curacao,assessment in progress,"December 24, 2025",no,richroger.com,not contacted,
spinbuddha.com,spinbuddha,0,Caishxn Holding B.V.,OGL/2024/1546/0828,Curacao,assessment in progress,"December 24, 2025",no,spinbuddha.com,not contacted,
izzicasino.com,izzicasino,0,Carrer N.V.,OGL/2024/570/0396,Curacao,active,"June 2, 2026",no,izzicasino.com,not contacted,
izzicasinovip.com,izzicasinovip,0,Carrer N.V.,OGL/2024/570/0396,Curacao,active,"June 2, 2026",no,izzicasinovip.com,not contacted,
izzikz.com,izzikz,0,Carrer N.V.,OGL/2024/570/0396,Curacao,active,"June 2, 2026",no,izzikz.com,not contacted,
volna.casino,volna,0,Carrer N.V.,OGL/2024/570/0396,Curacao,active,"June 2, 2026",no,volna.casino,not contacted,
betgcc.com,betgcc,0,Cetus Technology N.V.,OGL/2024/408/0128,Curacao,assessment in progress,"December 24, 2025",no,betgcc.com,not contacted,
clubgcc.com,clubgcc,0,Cetus Technology N.V.,OGL/2024/408/0128,Curacao,assessment in progress,"December 24, 2025",no,clubgcc.com,not contacted,
gcplaying.com,gcplaying,0,Cetus Technology N.V.,OGL/2024/408/0128,Curacao,assessment in progress,"December 24, 2025",no,gcplaying.com,not contacted,
nileluck.com,nileluck,0,Cetus Technology N.V.,OGL/2024/408/0128,Curacao,assessment in progress,"December 24, 2025",no,nileluck.com,not contacted,
arkada.casino,arkada,0,Creative Active Technology N.V.,OGL/2024/751/0208,Curacao,active,"March 7, 2026",no,arkada.casino,not contacted,
go4win.casino,gowin,0,Creative Active Technology N.V.,OGL/2024/751/0208,Curacao,active,"March 7, 2026",no,go4win.casino,not contacted,
kometa.casino,kometa,0,Creative Active Technology N.V.,OGL/2024/751/0208,Curacao,active,"March 7, 2026",no,kometa.casino,not contacted,
r7.casino,r,0,Creative Active Technology N.V.,OGL/2024/751/0208,Curacao,active,"March 7, 2026",no,r7.casino,not contacted,
jokicasino.com,jokicasino,0,DMG Solutions B.V.,OGL/2024/1560/0833,Curacao,active,"April 28, 2026",no,jokicasino.com,not contacted,
kumobet.com,kumobet,0,DMG Solutions B.V.,OGL/2024/1560/0833,Curacao,active,"April 28, 2026",no,kumobet.com,not contacted,
lysacasino.com,lysacasino,0,DMG Solutions B.V.,OGL/2024/1560/0833,Curacao,active,"April 28, 2026",no,lysacasino.com,not contacted,
moikkakasino.com,moikkakasino,0,DMG Solutions B.V.,OGL/2024/1560/0833,Curacao,active,"April 28, 2026",no,moikkakasino.com,not contacted,
f12.bet,f,0,F12 Gaming N.V.,OGL/2024/245/0104,Curacao,revoked,,no,f12.bet,not contacted,
f12bet.cl,fbet,0,F12 Gaming N.V.,OGL/2024/245/0104,Curacao,revoked,,no,f12bet.cl,not contacted,
f12mania.com,fmania,0,F12 Gaming N.V.,OGL/2024/245/0104,Curacao,revoked,,no,f12mania.com,not contacted,
luva.bet,luva,0,F12 Gaming N.V.,OGL/2024/245/0104,Curacao,revoked,,no,luva.bet,not contacted,
energiekasino.com,energiekasino,0,Forwell Investments B.V.,OGL/2024/1054/0509,Curacao,active,"August 21, 2026",no,energiekasino.com,not contacted,
hotslots.io,hotslots,0,Forwell Investments B.V.,OGL/2024/1054/0509,Curacao,active,"August 21, 2026",no,hotslots.io,not contacted,
januszcasino.com,januszcasino,0,Forwell Investments B.V.,OGL/2024/1054/0509,Curacao,active,"August 21, 2026",no,januszcasino.com,not contacted,
kingspin.io,kingspin,0,Forwell Investments B.V.,OGL/2024/1054/0509,Curacao,active,"August 21, 2026",no,kingspin.io,not contacted,
bizbet.io,bizbet,1,Gameplay International B.V.,OGL/2024/511/0630,Curacao,assessment in progress,"January 14, 2026",yes,bizbet.io bizbet.africa,not contacted,
africa-bizbet.com,africabizbet,0,Gameplay International B.V.,OGL/2024/511/0630,Curacao,assessment in progress,"January 14, 2026",yes,africa-bizbet.com,not contacted,
bizbet-au.com,bizbetau,0,Gameplay International B.V.,OGL/2024/511/0630,Curacao,assessment in progress,"January 14, 2026",yes,bizbet-au.com,not contacted,
bizbet-biz.com,bizbetbiz,0,Gameplay International B.V.,OGL/2024/511/0630,Curacao,assessment in progress,"January 14, 2026",yes,bizbet-biz.com,not contacted,
b52club.info,bclub,0,Gladiator Holding N.V.,OGL/2024/1756/0979,Curacao,assessment in progress,"December 24, 2025",no,b52club.info,not contacted,
iwin.ceo,iwin,0,Gladiator Holding N.V.,OGL/2024/1756/0979,Curacao,assessment in progress,"December 24, 2025",no,iwin.ceo,not contacted,
nohu.gd,nohu,0,Gladiator Holding N.V.,OGL/2024/1756/0979,Curacao,assessment in progress,"December 24, 2025",no,nohu.gd,not contacted,
win79.online,win,0,Gladiator Holding N.V.,OGL/2024/1756/0979,Curacao,assessment in progress,"December 24, 2025",no,win79.online,not contacted,
playfortuna.com,playfortuna,0,Globonet B.V.,OGL/2024/367/0690,Curacao,active,"April 17, 2026",no,playfortuna.com,not contacted,
booi.com,booi,0,Globonet B.V.,OGL/2024/367/0690,Curacao,active,"April 17, 2026",no,booi.com,not contacted,
jozz.com,jozz,0,Globonet B.V.,OGL/2024/367/0690,Curacao,active,"April 17, 2026",no,jozz.com,not contacted,
spincrypto.com,spincrypto,0,Globonet B.V.,OGL/2024/367/0690,Curacao,active,"April 17, 2026",no,spincrypto.com,not contacted,
immerion.com,immerion,1,Goodwin N.V.,OGL/2024/758/0228,Curacao,active,"January 24, 2026",no,immerion.com immerion3.com,not contacted,
iwildcasino.com,iwildcasino,1,Goodwin N.V.,OGL/2024/758/0228,Curacao,active,"January 24, 2026",no,iwildcasino.com iwildcasino11.org,not contacted,
lussurio.com,lussurio,0,Goodwin N.V.,OGL/2024/758/0228,Curacao,active,"January 24, 2026",no,lussurio.com,not contacted,
snatchcasino.com,snatchcasino,0,Goodwin N.V.,OGL/2024/758/0228,Curacao,active,"January 24, 2026",no,snatchcasino.com,not contacted,
bet-ibc.com,betibc,0,IBC Broker B.V.,OGL/2024/1230/1099,Curacao,active,"May 19, 2026",no,bet-ibc.com,not contacted,
betspider.com,betspider,0,IBC Broker B.V.,OGL/2024/1230/1099,Curacao,active,"May 19, 2026",no,betspider.com,not contacted,
bettingsoftware.com,bettingsoftware,0,IBC Broker B.V.,OGL/2024/1230/1099,Curacao,active,"May 19, 2026",no,bettingsoftware.com,not contacted,
vip-ibc.com,vipibc,0,IBC Broker B.V.,OGL/2024/1230/1099,Curacao,active,"May 19, 2026",no,vip-ibc.com,not contacted,
royspins.com,royspins,0,JER-Team N.V.,OGL/2024/600/0262,Curacao,assessment in progress,"January 14, 2026",no,royspins.com,not contacted,
speeen.com,speeen,0,JER-Team N.V.,OGL/2024/600/0262,Curacao,assessment in progress,"January 14, 2026",no,speeen.com,not contacted,
wazbee.casino,wazbee,0,JER-Team N.V.,OGL/2024/600/0262,Curacao,assessment in progress,"January 14, 2026",no,wazbee.casino,not contacted,
welle.casino,welle,0,JER-Team N.V.,OGL/2024/600/0262,Curacao,assessment in progress,"January 14, 2026",no,welle.casino,not contacted,
hornetbet.io,hornetbet,2,Jay Services B.V.,OGL/2024/1118/0773,Curacao,active,"December 4, 2025",no,hornetbet.io hornetbet.com hornetbet.net,not contacted,
hornet.bet,hornet,0,Jay Services B.V.,OGL/2024/1118/0773,Curacao,active,"December 4, 2025",no,hornet.bet,not contacted,
spinxtreme.com,spinxtreme,0,Jay Services B.V.,OGL/2024/1118/0773,Curacao,active,"December 4, 2025",yes,spinxtreme.com,not contacted,
wwetten.com,wwetten,0,Jay Services B.V.,OGL/2024/1118/0773,Curacao,active,"December 4, 2025",no,wwetten.com,not contacted,
spinsamba.com,spinsamba,0,Luckland Group B.V.,OGL/2024/494/0671,Curacao,active,"June 4, 2026",no,spinsamba.com,not contacted,
casinomidas.com,casinomidas,0,Luckland Group B.V.,OGL/2024/494/0671,Curacao,active,"June 4, 2026",no,casinomidas.com,not contacted,
jackmillion.com,jackmillion,0,Luckland Group B.V.,OGL/2024/494/0671,Curacao,active,"June 4, 2026",no,jackmillion.com,not contacted,
spingrande.com,spingrande,0,Luckland Group B.V.,OGL/2024/494/0671,Curacao,active,"June 4, 2026",no,spingrande.com,not contacted,
betvivo.com,betvivo,0,MTech Ventures B.V.,OGL/2024/336/0676,Curacao,active,"June 17, 2026",no,betvivo.com,not contacted,
casinovoyage.co,casinovoyage,0,MTech Ventures B.V.,OGL/2024/336/0676,Curacao,active,"June 17, 2026",no,casinovoyage.co,not contacted,
hotspotbet.com,hotspotbet,0,MTech Ventures B.V.,OGL/2024/336/0676,Curacao,active,"June 17, 2026",no,hotspotbet.com,not contacted,
zorislot.com,zorislot,0,MTech Ventures B.V.,OGL/2024/336/0676,Curacao,active,"June 17, 2026",no,zorislot.com,not contacted,
bangbangcasino.com,bangbangcasino,0,Mandarin Gaming N.V.,OGL/2024/907/0376,Curacao,active,"May 23, 2026",no,bangbangcasino.com,not contacted,
casino770.com,casino,0,Mandarin Gaming N.V.,OGL/2024/907/0376,Curacao,active,"May 23, 2026",no,casino770.com,not contacted,
casinobet.com,casinobet,0,Mandarin Gaming N.V.,OGL/2024/907/0376,Curacao,active,"May 23, 2026",no,casinobet.com,not contacted,
casinopacha.com,casinopacha,0,Mandarin Gaming N.V.,OGL/2024/907/0376,Curacao,active,"May 23, 2026",no,casinopacha.com,not contacted,
caddebet.com,caddebet,0,Moonlight N.V.,OGL/2024/551/0622,Curacao,assessment in progress,"January 17, 2026",no,caddebet.com,not contacted,
hayalbahis.com,hayalbahis,0,Moonlight N.V.,OGL/2024/551/0622,Curacao,assessment in progress,"January 17, 2026",no,hayalbahis.com,not contacted,
monobahis.com,monobahis,0,Moonlight N.V.,OGL/2024/551/0622,Curacao,assessment in progress,"January 17, 2026",no,monobahis.com,not contacted,
pokerklas.com,pokerklas,0,Moonlight N.V.,OGL/2024/551/0622,Curacao,assessment in progress,"January 17, 2026",no,pokerklas.com,not contacted,
lemon.casino,lemon,0,Orange Entertainment B.V.,OGL/2024/1111/0488,Curacao,active,"March 18, 2026",no,lemon.casino,not contacted,
luckera.casino,luckera,0,Orange Entertainment B.V.,OGL/2024/1111/0488,Curacao,active,"March 18, 2026",no,luckera.casino,not contacted,
orangecasino.io,orangecasino,0,Orange Entertainment B.V.,OGL/2024/1111/0488,Curacao,active,"March 18, 2026",no,orangecasino.io,not contacted,
watchmewin.casino,watchmewin,0,Orange Entertainment B.V.,OGL/2024/1111/0488,Curacao,active,"March 18, 2026",no,watchmewin.casino,not contacted,
500casino.io,casino,1,Perfect Storm B.V.,OGL/2024/1354/0882,Curacao,assessment in progress,"December 24, 2025",no,500casino.io 500casino.com,not contacted,
csgo500.io,csgo,1,Perfect Storm B.V.,OGL/2024/1354/0882,Curacao,assessment in progress,"December 24, 2025",no,csgo500.io csgo500.com,not contacted,
500.casino,500.casino,0,Perfect Storm B.V.,OGL/2024/1354/0882,Curacao,assessment in progress,"December 24, 2025",no,500.casino,not contacted,
500play.com,play,0,Perfect Storm B.V.,OGL/2024/1354/0882,Curacao,assessment in progress,"December 24, 2025",no,500play.com,not contacted,
belugabahis.com,belugabahis,0,Pinbit N.V.,OGL/2024/601/0623,Curacao,assessment in progress,"January 17, 2026",no,belugabahis.com,not contacted,
jestbahis.com,jestbahis,0,Pinbit N.V.,OGL/2024/601/0623,Curacao,assessment in progress,"January 17, 2026",no,jestbahis.com,not contacted,
limanbet.com,limanbet,0,Pinbit N.V.,OGL/2024/601/0623,Curacao,assessment in progress,"January 17, 2026",no,limanbet.com,not contacted,
prestijbet.com,prestijbet,0,Pinbit N.V.,OGL/2024/601/0623,Curacao,assessment in progress,"January 17, 2026",no,prestijbet.com,not contacted,
lotto247.io,lotto,1,Play UK Internet N.V.,OGL/2024/1404/0617,Curacao,active,"June 4, 2026",no,lotto247.io lotto247.com,not contacted,
grandesloterias.com,grandesloterias,0,Play UK Internet N.V.,OGL/2024/1404/0617,Curacao,active,"June 4, 2026",no,grandesloterias.com,not contacted,
playhugelottos.com,playhugelottos,0,Play UK Internet N.V.,OGL/2024/1404/0617,Curacao,active,"June 4, 2026",no,playhugelottos.com,not contacted,
playusalotteries.com,playusalotteries,0,Play UK Internet N.V.,OGL/2024/1404/0617,Curacao,active,"June 4, 2026",no,playusalotteries.com,not contacted,
betmac.com,betmac,1,Sefiarray B.V.,OGL/2024/842/0350,Curacao,active,"July 25, 2026",no,betmac.com betmac3.com,not contacted,
betti.com,betti,1,Sefiarray B.V.,OGL/2024/842/0350,Curacao,active,"July 25, 2026",no,betti.com betti1.com,not contacted,
truststake.com,truststake,1,Sefiarray B.V.,OGL/2024/842/0350,Curacao,active,"July 25, 2026",no,truststake.com truststake1.com,not contacted,
casinoways.com,casinoways,0,Sefiarray B.V.,OGL/2024/842/0350,Curacao,active,"July 25, 2026",no,casinoways.com,not contacted,
arcanebet.com,arcanebet,0,TH Gambling N.V.,OGL/2024/1468/1024,Curacao,assessment in progress,"December 24, 2025",no,arcanebet.com,not contacted,
boomzy.com,boomzy,0,TH Gambling N.V.,OGL/2024/1468/1024,Curacao,assessment in progress,"December 24, 2025",no,boomzy.com,not contacted,
casinovibes.com,casinovibes,0,TH Gambling N.V.,OGL/2024/1468/1024,Curacao,assessment in progress,"December 24, 2025",no,casinovibes.com,not contacted,
nuggetslots.com,nuggetslots,0,TH Gambling N.V.,OGL/2024/1468/1024,Curacao,assessment in progress,"December 24, 2025",no,nuggetslots.com,not contacted,
blitzpot.com,blitzpot,0,Trivico B.V.,OGL/2024/799/0255,Curacao,active,"July 31, 2026",no,blitzpot.com,not contacted,
luckyfruits.com,luckyfruits,0,Trivico B.V.,OGL/2024/799/0255,Curacao,active,"July 31, 2026",no,luckyfruits.com,not contacted,
superonni.com,superonni,0,Trivico B.V.,OGL/2024/799/0255,Curacao,active,"July 31, 2026",no,superonni.com,not contacted,
tuhti.com,tuhti,0,Trivico B.V.,OGL/2024/799/0255,Curacao,active,"July 31, 2026",no,tuhti.com,not contacted,
7k.casino,k,0,TwiceDice N.V.,OGL/2024/818/0448,Curacao,active,"May 9, 2026",no,7k.casino,not contacted,
hitnspin.com,hitnspin,0,TwiceDice N.V.,OGL/2024/818/0448,Curacao,active,"May 9, 2026",no,hitnspin.com,not contacted,
slotcasinoroyale.com,slotcasinoroyale,0,TwiceDice N.V.,OGL/2024/818/0448,Curacao,active,"May 9, 2026",no,slotcasinoroyale.com,not contacted,
spinto.casino,spinto,0,TwiceDice N.V.,OGL/2024/818/0448,Curacao,active,"May 9, 2026",no,spinto.casino,not contacted,
gratorama.com,gratorama,0,Twino Trading N.V.,OGL/2024/882/0440,Curacao,revoked,,no,gratorama.com,not contacted,
scratchmania.com,scratchmania,0,Twino Trading N.V.,OGL/2024/882/0440,Curacao,revoked,,no,scratchmania.com,not contacted,
winorama.com,winorama,0,Twino Trading N.V.,OGL/2024/882/0440,Curacao,revoked,,no,winorama.com,not contacted,
winspark.com,winspark,0,Twino Trading N.V.,OGL/2024/882/0440,Curacao,revoked,,no,winspark.com,not contacted,
amelhorvida.com,amelhorvida,0,Zerone B.V.,OGL/2024/738/0549,Curacao,assessment in progress,"December 24, 2025",no,amelhorvida.com,not contacted,
clubr10.com,clubr,0,Zerone B.V.,OGL/2024/738/0549,Curacao,assessment in progress,"December 24, 2025",no,clubr10.com,not contacted,
jogobet.com,jogobet,0,Zerone B.V.,OGL/2024/738/0549,Curacao,assessment in progress,"December 24, 2025",no,jogobet.com,not contacted,
sportlocker.bet,sportlocker,0,Zerone B.V.,OGL/2024/738/0549,Curacao,assessment in progress,"December 24, 2025",no,sportlocker.bet,not contacted,
betnroll.net,betnroll,0,418Services B.V.,OGL/2024/170/0193,Curacao,active,"June 11, 2026",no,betnroll.net,not contacted,
juegalo.com,juegalo,0,418Services B.V.,OGL/2024/170/0193,Curacao,active,"June 11, 2026",no,juegalo.com,not contacted,
juegalopro.com,juegalopro,0,418Services B.V.,OGL/2024/170/0193,Curacao,active,"June 11, 2026",no,juegalopro.com,not contacted,
dicebet.com,dicebet,4,Advanced Sports Entertainment N.V.,OGL/2024/635/0818,Curacao,active,"June 4, 2026",no,dicebet.com dicebet777.com dicebet888.com 777.dicebet777.com 777.dicebet888.com,not contacted,
dicebet-play.com,dicebetplay,1,Advanced Sports Entertainment N.V.,OGL/2024/635/0818,Curacao,active,"June 4, 2026",no,dicebet-play.com 777.dicebet-play.com,not contacted,
dicebet-win.com,dicebetwin,1,Advanced Sports Entertainment N.V.,OGL/2024/635/0818,Curacao,active,"June 4, 2026",no,dicebet-win.com 777.dicebet-win.com,not contacted,
viparabclub.com,viparabclub,1,Alt.Bet. Exchange B.V.,OGL/2024/785/0229,Curacao,active,"April 21, 2026",no,viparabclub.com viparabclub8.com,not contacted,
barawin.com,barawin,0,Alt.Bet. Exchange B.V.,OGL/2024/785/0229,Curacao,active,"April 21, 2026",no,barawin.com,not contacted,
tuskcasino.com,tuskcasino,0,Alt.Bet. Exchange B.V.,OGL/2024/785/0229,Curacao,active,"April 21, 2026",no,tuskcasino.com,not contacted,
pixcartela.com,pixcartela,0,Azung B.V.,OGL/2024/835/0400,Curacao,assessment in progress,"December 24, 2025",no,pixcartela.com,not contacted,
pixmania.bet,pixmania,0,Azung B.V.,OGL/2024/835/0400,Curacao,assessment in progress,"December 24, 2025",no,pixmania.bet,not contacted,
pixreal.bet,pixreal,0,Azung B.V.,OGL/2024/835/0400,Curacao,assessment in progress,"December 24, 2025",no,pixreal.bet,not contacted,
magicalspin.com,magicalspin,0,Betrust Entertainment B.V.,OGL/2024/888/0438,Curacao,active,"May 9, 2026",no,magicalspin.com,not contacted,
nevadawin.com,nevadawin,0,Betrust Entertainment B.V.,OGL/2024/888/0438,Curacao,active,"May 9, 2026",no,nevadawin.com,not contacted,
princeali.casino,princeali,0,Betrust Entertainment B.V.,OGL/2024/888/0438,Curacao,active,"May 9, 2026",no,princeali.casino,not contacted,
13spins.com,spins,0,Boom Line B.V.,OGL/2024/599/0274,Curacao,active,"March 24, 2026",no,13spins.com,not contacted,
gangsta.casino,gangsta,0,Boom Line B.V.,OGL/2024/599/0274,Curacao,active,"March 24, 2026",no,gangsta.casino,not contacted,
kingpari.com,kingpari,0,Boom Line B.V.,OGL/2024/599/0274,Curacao,active,"March 24, 2026",no,kingpari.com,not contacted,
dreamz.casino,dreamz,0,Bullish Entertainment B.V.,OGL/2024/362/0674,Curacao,assessment in progress,"December 24, 2025",no,dreamz.casino,not contacted,
milaspins.com,milaspins,0,Bullish Entertainment B.V.,OGL/2024/362/0674,Curacao,assessment in progress,"December 24, 2025",no,milaspins.com,not contacted,
salakasino.com,salakasino,0,Bullish Entertainment B.V.,OGL/2024/362/0674,Curacao,assessment in progress,"December 24, 2025",no,salakasino.com,not contacted,
epicbet.co,epicbet,1,Comeback N.V.,OGL/2024/899/0371,Curacao,active,"April 15, 2026",no,epicbet.co epicbet.com,not contacted,
respin.co,respin,1,Comeback N.V.,OGL/2024/899/0371,Curacao,active,"April 15, 2026",no,respin.co respin.com,not contacted,
shokker.com,shokker,0,Comeback N.V.,OGL/2024/899/0371,Curacao,active,"April 15, 2026",no,shokker.com,not contacted,
boomcasino.com,boomcasino,0,Deep Dive Tech B.V.,OGL/2024/503/0352,Curacao,assessment in progress,"December 24, 2025",no,boomcasino.com,not contacted,
casinoheroes.com,casinoheroes,0,Deep Dive Tech B.V.,OGL/2024/503/0352,Curacao,assessment in progress,"December 24, 2025",no,casinoheroes.com,not contacted,
starsplaysuomi.com,starsplaysuomi,0,Deep Dive Tech B.V.,OGL/2024/503/0352,Curacao,assessment in progress,"December 24, 2025",no,starsplaysuomi.com,not contacted,
dm.casino,dm,0,Dragon Money N.V.,OGL/2024/638/1159,Curacao,active,"July 16, 2026",no,dm.casino,not contacted,
drgn.casino,drgn,0,Dragon Money N.V.,OGL/2024/638/1159,Curacao,active,"July 16, 2026",no,drgn.casino,not contacted,
drgnz9.casino,drgnz,0,Dragon Money N.V.,OGL/2024/638/1159,Curacao,active,"July 16, 2026",no,drgnz9.casino,not contacted,
egabe.net,egabe,0,Exedra N.V.,OGL/2024/1277/0496,Curacao,active,"May 23, 2026",no,egabe.net,not contacted,
egb.com,egb,0,Exedra N.V.,OGL/2024/1277/0496,Curacao,active,"May 23, 2026",no,egb.com,not contacted,
egbs.live,egbs,0,Exedra N.V.,OGL/2024/1277/0496,Curacao,active,"May 23, 2026",no,egbs.live,not contacted,
casinofriday.com,casinofriday,2,Far Up Entertainment N.V.,OGL/2024/361/0119,Curacao,assessment in progress,"December 24, 2025",no,casinofriday.com casinofriday2.com casinofriday5.com,not contacted,
betfriday.com,betfriday,0,Far Up Entertainment N.V.,OGL/2024/361/0119,Curacao,assessment in progress,"December 24, 2025",no,betfriday.com,not contacted,
shotz.com,shotz,0,Far Up Entertainment N.V.,OGL/2024/361/0119,Curacao,assessment in progress,"December 24, 2025",no,shotz.com,not contacted,
favbet.com,favbet,1,Favorit United N.V.,OGL/2024/300/0596,Curacao,active,"May 23, 2026",no,favbet.com favbet.casino,not contacted,
fav.casino,fav,0,Favorit United N.V.,OGL/2024/300/0596,Curacao,active,"May 23, 2026",no,fav.casino,not contacted,
lope.bet,lope,0,Favorit United N.V.,OGL/2024/300/0596,Curacao,active,"May 23, 2026",no,lope.bet,not contacted,
mystake.com,mystake,9,GTW B.V.,OGL/2024/250/0115,Curacao,assessment in progress,"December 24, 2025",no,mystake.com mystake.app mystake.win mystake.bet mystake3.com mystake2.com mystake1.com mystake1.win,not contacted,
donbet.com,donbet,2,GTW B.V.,OGL/2024/250/0115,Curacao,assessment in progress,"December 24, 2025",no,donbet.com donbet.win donbet.net,not contacted,
jurassino.com,jurassino,0,GTW B.V.,OGL/2024/250/0115,Curacao,assessment in progress,"December 24, 2025",no,jurassino.com,not contacted,
b1tstarz42.com,btstarz,0,Gareton B.V.,OGL/2024/165/0185,Curacao,assessment in progress,"December 24, 2025",no,b1tstarz42.com,not contacted,
bitstarz.com,bitstarz,0,Gareton B.V.,OGL/2024/165/0185,Curacao,assessment in progress,"December 24, 2025",no,bitstarz.com,not contacted,
cashy.com,cashy,0,Gareton B.V.,OGL/2024/165/0185,Curacao,assessment in progress,"December 24, 2025",no,cashy.com,not contacted,
9winz.com,winz,0,Globis N.V.,OGL/2024/1194/0723,Curacao,active,"February 12, 2026",no,9winz.com,not contacted,
desidice.com,desidice,0,Globis N.V.,OGL/2024/1194/0723,Curacao,active,"February 12, 2026",no,desidice.com,not contacted,
olasbet.com,olasbet,0,Globis N.V.,OGL/2024/1194/0723,Curacao,active,"February 12, 2026",no,olasbet.com,not contacted,
go88.hm,go,0,Green Stream Technology B.V.,OGL/2024/1264/1125,Curacao,active,"April 9, 2026",no,go88.hm,not contacted,
manclub.mba,manclub,0,Green Stream Technology B.V.,OGL/2024/1264/1125,Curacao,active,"April 9, 2026",no,manclub.mba,not contacted,
yo88.zip,yo,0,Green Stream Technology B.V.,OGL/2024/1264/1125,Curacao,active,"April 9, 2026",no,yo88.zip,not contacted,
bruce.bet,bruce,0,Inextro B.V.,OGL/2024/1056/0702,Curacao,active,"December 4, 2025",no,bruce.bet,not contacted,
gigaspinplay.com,gigaspinplay,0,Inextro B.V.,OGL/2024/1056/0702,Curacao,active,"December 4, 2025",no,gigaspinplay.com,not contacted,
xon.bet,xon,0,Inextro B.V.,OGL/2024/1056/0702,Curacao,active,"December 4, 2025",no,xon.bet,not contacted,
f7casino.com,fcasino,0,Investan N.V.,OGL/2024/1630/1008,Curacao,assessment in progress,"December 24, 2025",no,f7casino.com,not contacted,
fridaywave.com,fridaywave,0,Investan N.V.,OGL/2024/1630/1008,Curacao,assessment in progress,"December 24, 2025",no,fridaywave.com,not contacted,
jokabet.com,jokabet,0,Investan N.V.,OGL/2024/1630/1008,Curacao,assessment in progress,"December 24, 2025",no,jokabet.com,not contacted,
jackshouse.com,jackshouse,0,Jack’s House B.V.,OGL/2024/1108/0511,Curacao,revoked,,no,jackshouse.com,not contacted,
otherworld.xyz,otherworld,0,Jack’s House B.V.,OGL/2024/1108/0511,Curacao,revoked,,no,otherworld.xyz,not contacted,
otherworldcasino.com,otherworldcasino,0,Jack’s House B.V.,OGL/2024/1108/0511,Curacao,revoked,,no,otherworldcasino.com,not contacted,
gekipachi.com,gekipachi,0,Lucifer N.V.,OGL/2024/1635/0968,Curacao,active,"May 9, 2026",no,gekipachi.com,not contacted,
hw.vip,hw,0,Lucifer N.V.,OGL/2024/1635/0968,Curacao,active,"May 9, 2026",no,hw.vip,not contacted,
u.vip,u,0,Lucifer N.V.,OGL/2024/1635/0968,Curacao,active,"May 9, 2026",no,u.vip,not contacted,
bet4.cl,bet,3,Media4 Curaçao N.V.,OGL/2024/1510/0839,Curacao,active,"March 26, 2026",no,bet4.cl bet4.ec bet4.com bet4.bet,not contacted,
bet4.com.br,com,0,Media4 Curaçao N.V.,OGL/2024/1510/0839,Curacao,active,"March 26, 2026",no,bet4.com.br,not contacted,
betmexico.mx,betmexico,0,Media4 Curaçao N.V.,OGL/2024/1510/0839,Curacao,active,"March 26, 2026",no,betmexico.mx,not contacted,
blizz.io,blizz,0,Meta Bliss Group B.V.,OGL/2024/1303/1172,Curacao,active,"August 20, 2026",no,blizz.io,not contacted,
blizzcasino.io,blizzcasino,0,Meta Bliss Group B.V.,OGL/2024/1303/1172,Curacao,active,"August 20, 2026",no,blizzcasino.io,not contacted,
geniejackpot.com,geniejackpot,0,Meta Bliss Group B.V.,OGL/2024/1303/1172,Curacao,active,"August 20, 2026",no,geniejackpot.com,not contacted,
meucassino.com,meucassino,0,Mic Group Entertainment N.V.,OGL/2024/1580/0801,Curacao,assessment in progress,"January 14, 2026",no,meucassino.com,not contacted,
micasino.com,micasino,0,Mic Group Entertainment N.V.,OGL/2024/1580/0801,Curacao,assessment in progress,"January 14, 2026",no,micasino.com,not contacted,
mipoker.com,mipoker,0,Mic Group Entertainment N.V.,OGL/2024/1580/0801,Curacao,assessment in progress,"January 14, 2026",no,mipoker.com,not contacted,
hotbet.bet,hotbet,0,Misterio Vacio B.V.,OGL/2024/1334/1038,Curacao,active,"May 23, 2026",no,hotbet.bet,not contacted,
pngbet.com,pngbet,0,Misterio Vacio B.V.,OGL/2024/1334/1038,Curacao,active,"May 23, 2026",no,pngbet.com,not contacted,
puntpal.com,puntpal,0,Misterio Vacio B.V.,OGL/2024/1334/1038,Curacao,active,"May 23, 2026",no,puntpal.com,not contacted,
leon.net,leon,2,Moonlite N.V.,OGL/2024/356/0288,Curacao,revoked,,no,leon.net leon.bet leon888.bet,not contacted,
leonbets.com,leonbets,1,Moonlite N.V.,OGL/2024/356/0288,Curacao,revoked,,no,leonbets.com leonbets.net,not contacted,
twin.com,twin,0,Moonlite N.V.,OGL/2024/356/0288,Curacao,revoked,,no,twin.com,not contacted,
dragonbets.casino,dragonbets,0,Newlinetec B.V.,OGL/2024/485/0344,Curacao,active,"June 11, 2026",no,dragonbets.casino,not contacted,
placeyourbets.fun,placeyourbets,0,Newlinetec B.V.,OGL/2024/485/0344,Curacao,active,"June 11, 2026",no,placeyourbets.fun,not contacted,
tripleseven.fun,tripleseven,0,Newlinetec B.V.,OGL/2024/485/0344,Curacao,active,"June 11, 2026",no,tripleseven.fun,not contacted,
plexiancasino.com,plexiancasino,0,Noah Time B.V.,OGL/2024/1385/0685,Curacao,assessment in progress,"December 24, 2025",no,plexiancasino.com,not contacted,
topg.bet,topg,0,Noah Time B.V.,OGL/2024/1385/0685,Curacao,assessment in progress,"December 24, 2025",no,topg.bet,not contacted,
topgcasino.com,topgcasino,0,Noah Time B.V.,OGL/2024/1385/0685,Curacao,assessment in progress,"December 24, 2025",no,topgcasino.com,not contacted,
casinolevant.com,casinolevant,0,Nova Data Solutions B.V.,OGL/2024/1220/0573,Curacao,active,"July 5, 2026",no,casinolevant.com,not contacted,
sanscasino.com,sanscasino,0,Nova Data Solutions B.V.,OGL/2024/1220/0573,Curacao,active,"July 5, 2026",no,sanscasino.com,not contacted,
vidobet.com,vidobet,0,Nova Data Solutions B.V.,OGL/2024/1220/0573,Curacao,active,"July 5, 2026",no,vidobet.com,not contacted,
7games.bet,games,0,One Internet B.V.,OGL/2024/1053/0486,Curacao,active,"May 23, 2026",no,7games.bet,not contacted,
betao.com,betao,0,One Internet B.V.,OGL/2024/1053/0486,Curacao,active,"May 23, 2026",no,betao.com,not contacted,
r7.bet,r,0,One Internet B.V.,OGL/2024/1053/0486,Curacao,active,"May 23, 2026",no,r7.bet,not contacted,
captainsbet.com,captainsbet,0,Optim Development B.V.,OGL/2024/225/0601,Curacao,assessment in progress,"January 16, 2026",no,captainsbet.com,not contacted,
helabet.com,helabet,0,Optim Development B.V.,OGL/2024/225/0601,Curacao,assessment in progress,"January 16, 2026",no,helabet.com,not contacted,
paripesa.com,paripesa,0,Optim Development B.V.,OGL/2024/225/0601,Curacao,assessment in progress,"January 16, 2026",no,paripesa.com,not contacted,
bettyman.com,bettyman,0,Owl In N.V.,OGL/2024/774/0362,Curacao,active,"March 7, 2026",no,bettyman.com,not contacted,
bons.com,bons,0,Owl In N.V.,OGL/2024/774/0362,Curacao,active,"March 7, 2026",no,bons.com,not contacted,
tedbet.com,tedbet,0,Owl In N.V.,OGL/2024/774/0362,Curacao,active,"March 7, 2026",no,tedbet.com,not contacted,
marathonbet.com,marathonbet,0,Panbet Curacao N.V.,OGL/2024/648/0172,Curacao,active,"April 14, 2026",no,marathonbet.com,not contacted,
mbet.com,mbet,0,Panbet Curacao N.V.,OGL/2024/648/0172,Curacao,active,"April 14, 2026",no,mbet.com,not contacted,
panbet.com,panbet,0,Panbet Curacao N.V.,OGL/2024/648/0172,Curacao,active,"April 14, 2026",no,panbet.com,not contacted,
plexiancasino.com,plexiancasino,0,Plexian Network N.V.,OGL/2024/901/0685,Curacao,assessment in progress,"December 24, 2025",no,plexiancasino.com,not contacted,
topg.bet,topg,0,Plexian Network N.V.,OGL/2024/901/0685,Curacao,assessment in progress,"December 24, 2025",no,topg.bet,not contacted,
topgcasino.com,topgcasino,0,Plexian Network N.V.,OGL/2024/901/0685,Curacao,assessment in progress,"December 24, 2025",no,topgcasino.com,not contacted,
betsat.com,betsat,3,Poligon Entertainment N.V.,OGL/2024/815/0653,Curacao,active,"March 7, 2026",no,betsat.com betsat1521.com betsat1522.com betsat1397.com,not contacted,
turkbet.io,turkbet,2,Poligon Entertainment N.V.,OGL/2024/815/0653,Curacao,active,"March 7, 2026",no,turkbet.io 694turkbet.com 693turkbet.com,not contacted,
superbetin.com,superbetin,0,Poligon Entertainment N.V.,OGL/2024/815/0653,Curacao,active,"March 7, 2026",no,superbetin.com,not contacted,
redstarbets.eu,redstarbets,4,RSP Entertainment N.V.,OGL/2024/168/0127,Curacao,assessment in progress,"December 24, 2025",no,redstarbets.eu vn.redstarbets.eu es.redstarbets.eu redstarbets3.com redstarbets16.eu,not contacted,
redstarcasino.eu,redstarcasino,4,RSP Entertainment N.V.,OGL/2024/168/0127,Curacao,assessment in progress,"December 24, 2025",no,redstarcasino.eu es.redstarcasino.eu vn.redstarcasino.eu redstarcasino3.com redstarcasino58.eu,not contacted,
redstarpoker.com,redstarpoker,4,RSP Entertainment N.V.,OGL/2024/168/0127,Curacao,assessment in progress,"December 24, 2025",no,redstarpoker.com vn.redstarpoker.com es.redstarpoker.com redstarpoker5.com redstarpoker41.eu,not contacted,
captainslots.com,captainslots,0,Red Digital N.V.,OGL/2024/1275/0771,Curacao,revoked,,no,captainslots.com,not contacted,
juliuscasino.com,juliuscasino,0,Red Digital N.V.,OGL/2024/1275/0771,Curacao,revoked,,no,juliuscasino.com,not contacted,
slotnight.com,slotnight,0,Red Digital N.V.,OGL/2024/1275/0771,Curacao,revoked,,no,slotnight.com,not contacted,
betvera.com,betvera,0,Superbet88 International N.V.,OGL/2024/1619/0872,Curacao,active,"March 9, 2026",no,betvera.com,not contacted,
cassinopix.com,cassinopix,0,Superbet88 International N.V.,OGL/2024/1619/0872,Curacao,active,"March 9, 2026",no,cassinopix.com,not contacted,
jogapix.bet,jogapix,0,Superbet88 International N.V.,OGL/2024/1619/0872,Curacao,active,"March 9, 2026",no,jogapix.bet,not contacted,
4wilds.com,wilds,0,SureWin B.V.,OGL/2024/1341/0995,Curacao,active,"May 23, 2026",no,4wilds.com,not contacted,
aztecspinz.com,aztecspinz,0,SureWin B.V.,OGL/2024/1341/0995,Curacao,active,"May 23, 2026",no,aztecspinz.com,not contacted,
reelsofriches.com,reelsofriches,0,SureWin B.V.,OGL/2024/1341/0995,Curacao,active,"May 23, 2026",no,reelsofriches.com,not contacted,
betunlim.com,betunlim,2,Unlimited Solutions B.V.,OGL/2024/607/0254,Curacao,revoked,,no,betunlim.com bet-unlim.com betunlim8.com,not contacted,
double8.bet,double,0,Unlimited Solutions B.V.,OGL/2024/607/0254,Curacao,revoked,,no,double8.bet,not contacted,
kazanan.bet,kazanan,0,Unlimited Solutions B.V.,OGL/2024/607/0254,Curacao,revoked,,no,kazanan.bet,not contacted,
ninecasino.com,ninecasino,1,Uno Digital Media B.V.,OGL/2024/1267/0760,Curacao,active,"November 9, 2025",no,ninecasino.com ninecasino1.com,not contacted,
betonred.com,betonred,0,Uno Digital Media B.V.,OGL/2024/1267/0760,Curacao,active,"November 9, 2025",no,betonred.com,not contacted,
cryptoleo.com,cryptoleo,0,Uno Digital Media B.V.,OGL/2024/1267/0760,Curacao,active,"November 9, 2025",no,cryptoleo.com,not contacted,
elitbahis.com,elitbahis,0,Venus International B.V.,OGL/2024/1127/0766,Curacao,active,"April 29, 2026",no,elitbahis.com,not contacted,
metrobahis.com,metrobahis,0,Venus International B.V.,OGL/2024/1127/0766,Curacao,active,"April 29, 2026",no,metrobahis.com,not contacted,
telebet724.com,telebet,0,Venus International B.V.,OGL/2024/1127/0766,Curacao,active,"April 29, 2026",no,telebet724.com,not contacted,
kkarcade.com,kkarcade,0,Violet Fortune Tech Limited N.V.,OGL/2024/545/0588,Curacao,active,"August 21, 2026",no,kkarcade.com,not contacted,
kkpoker.co,kkpoker,0,Violet Fortune Tech Limited N.V.,OGL/2024/545/0588,Curacao,active,"August 21, 2026",no,kkpoker.co,not contacted,
wancasi.com,wancasi,0,Violet Fortune Tech Limited N.V.,OGL/2024/545/0588,Curacao,active,"August 21, 2026",no,wancasi.com,not contacted,
jackpotbob.com,jackpotbob,0,WCG B.V.,OGL/2024/826/0339,Curacao,revoked,,no,jackpotbob.com,not contacted,
lucky8.com,lucky,0,WCG B.V.,OGL/2024/826/0339,Curacao,revoked,,no,lucky8.com,not contacted,
olympecasino.com,olympecasino,0,WCG B.V.,OGL/2024/826/0339,Curacao,revoked,,no,olympecasino.com,not contacted,
chillbet.net,chillbet,0,WUNGroup B.V.,OGL/2024/1382/0969,Curacao,active,"August 22, 2026",no,chillbet.net,not contacted,
lucky-star.game,luckystar,0,WUNGroup B.V.,OGL/2024/1382/0969,Curacao,active,"August 22, 2026",no,lucky-star.game,not contacted,
tivitbet.net,tivitbet,0,WUNGroup B.V.,OGL/2024/1382/0969,Curacao,active,"August 22, 2026",no,tivitbet.net,not contacted,
blackwinmagic.com,blackwinmagic,0,Whitebox B.V.,OGL/2024/822/0338,Curacao,active,"April 14, 2026",no,blackwinmagic.com,not contacted,
icecasino.com,icecasino,0,Whitebox B.V.,OGL/2024/822/0338,Curacao,active,"April 14, 2026",no,icecasino.com,not contacted,
v.vegas,v,0,Whitebox B.V.,OGL/2024/822/0338,Curacao,active,"April 14, 2026",no,v.vegas,not contacted,
whiterabbit.casino,whiterabbit,3,Zeno Club B.V.,OGL/2024/401/0680,Curacao,active,"March 5, 2026",no,whiterabbit.casino whiterabbit765.casino whiterabbit912.casino whiterabbit876.casino,not contacted,
mi7.bet,mi,0,Zeno Club B.V.,OGL/2024/401/0680,Curacao,active,"March 5, 2026",no,mi7.bet,not contacted,
wrbet.me,wrbet,0,Zeno Club B.V.,OGL/2024/401/0680,Curacao,active,"March 5, 2026",no,wrbet.me,not contacted,
324bet.com,bet,0,50 Gold B.V.,OGL/2024/1144/0972,Curacao,active,"March 30, 2026",no,324bet.com,not contacted,
4luck.bet,luck,0,50 Gold B.V.,OGL/2024/1144/0972,Curacao,active,"March 30, 2026",no,4luck.bet,not contacted,
betzillocasino.com,betzillocasino,0,AMNM B.V.,OGL/2024/1149/0634,Curacao,active,"January 3, 2026",no,betzillocasino.com,not contacted,
rocknreels.com,rocknreels,0,AMNM B.V.,OGL/2024/1149/0634,Curacao,active,"January 3, 2026",no,rocknreels.com,not contacted,
voltacasino.com,voltacasino,0,Agenics N.V.,OGL/2024/1309/0602,Curacao,active,"November 9, 2025",no,voltacasino.com,not contacted,
vostokcasino.com,vostokcasino,0,Agenics N.V.,OGL/2024/1309/0602,Curacao,active,"November 9, 2025",no,vostokcasino.com,not contacted,
winwin.bet,winwin,0,Alasia Soft B.V.,OGL/2024/433/0399,Curacao,assessment in progress,"December 24, 2025",no,winwin.bet,not contacted,
ww-bet.com,wwbet,0,Alasia Soft B.V.,OGL/2024/433/0399,Curacao,assessment in progress,"December 24, 2025",no,ww-bet.com,not contacted,
casinobrango.com,casinobrango,0,Anden Online N.V.,OGL/2024/1274/0819,Curacao,active,"August 27, 2026",no,casinobrango.com,not contacted,
casinoextreme.eu,casinoextreme,0,Anden Online N.V.,OGL/2024/1274/0819,Curacao,active,"August 27, 2026",no,casinoextreme.eu,not contacted,
slots.lv,slots,0,Arbol Media B.V.,OGL/2024/670/0711,Curacao,active,"July 14, 2026",no,slots.lv,not contacted,
cafecasino.lv,cafecasino,0,Arbol Media B.V.,OGL/2024/670/0711,Curacao,active,"July 14, 2026",no,cafecasino.lv,not contacted,
arrowexch.com,arrowexch,0,Arrow Wood N.V.,OGL/2024/2289/1184,Curacao,active,"March 28, 2026",no,arrowexch.com,not contacted,
thearrowwood.com,thearrowwood,0,Arrow Wood N.V.,OGL/2024/2289/1184,Curacao,active,"March 28, 2026",no,thearrowwood.com,not contacted,
jonbet.io,jonbet,1,Ascend Entertainment N.V.,OGL/2024/1467/0728,Curacao,assessment in progress,"December 24, 2025",no,jonbet.io jonbet.com,not contacted,
jon.bet,jon,0,Ascend Entertainment N.V.,OGL/2024/1467/0728,Curacao,assessment in progress,"December 24, 2025",no,jon.bet,not contacted,
betgr8.com,betgr,0,BG8 Entertainment N.V.,OGL/2024/1657/1069,Curacao,active,"April 14, 2026",no,betgr8.com,not contacted,
betgreat.com,betgreat,0,BG8 Entertainment N.V.,OGL/2024/1657/1069,Curacao,active,"April 14, 2026",no,betgreat.com,not contacted,
fantasino.com,fantasino,0,Bamla Limited N.V.,OGL/2024/1258/0552,Curacao,active,"April 16, 2026",no,fantasino.com,not contacted,
rioplay.com,rioplay,0,Bamla Limited N.V.,OGL/2024/1258/0552,Curacao,active,"April 16, 2026",no,rioplay.com,not contacted,
apuestasroyal.com,apuestasroyal,1,Bet n Play Solution B.V.,OGL/2024/927/1070,Curacao,active,"April 21, 2026",no,apuestasroyal.com apuestasroyal.net,not contacted,
gogoroyal.com,gogoroyal,0,Bet n Play Solution B.V.,OGL/2024/927/1070,Curacao,active,"April 21, 2026",no,gogoroyal.com,not contacted,
betsala.com,betsala,1,Betsala B.V.,OGL/2024/1506/0854,Curacao,assessment in progress,"December 24, 2025",no,betsala.com betsala11.com,not contacted,
playsala.com,playsala,0,Betsala B.V.,OGL/2024/1506/0854,Curacao,assessment in progress,"December 24, 2025",no,playsala.com,not contacted,
banger.casino,banger,0,Bettor IO N.V.,OGL/2024/1699/1163,Curacao,active,"March 23, 2026",no,banger.casino,not contacted,
glory.casino,glory,0,Bettor IO N.V.,OGL/2024/1699/1163,Curacao,active,"March 23, 2026",no,glory.casino,not contacted,
betandreas.com,betandreas,0,Bizbon N.V.,OGL/2024/597/0249,Curacao,active,"March 23, 2026",no,betandreas.com,not contacted,
mostbet.com,mostbet,0,Bizbon N.V.,OGL/2024/597/0249,Curacao,active,"March 23, 2026",no,mostbet.com,not contacted,
lil.bet,lil,0,Blackbelt N.V.,OGL/2024/131/0296,Curacao,assessment in progress,"December 24, 2025",no,lil.bet,not contacted,
ypsilonbet.com,ypsilonbet,0,Blackbelt N.V.,OGL/2024/131/0296,Curacao,assessment in progress,"December 24, 2025",no,ypsilonbet.com,not contacted,
a360.bet,a,0,Borondoso B.V.,OGL/2024/1041/0856,Curacao,assessment in progress,"December 24, 2025",no,a360.bet,not contacted,
apuesta360.com,apuesta,0,Borondoso B.V.,OGL/2024/1041/0856,Curacao,assessment in progress,"December 24, 2025",no,apuesta360.com,not contacted,
me88.com,me,0,Brictec B.V.,OGL/2024/102/0932,Curacao,active,"May 19, 2026",no,me88.com,not contacted,
me88curacao.com,mecuracao,0,Brictec B.V.,OGL/2024/102/0932,Curacao,active,"May 19, 2026",no,me88curacao.com,not contacted,
bodog.io,bodog,0,Caravan Media B.V.,OGL/2024/674/0714,Curacao,assessment in progress,"December 27, 2025",no,bodog.io,not contacted,
ozoon.eu,ozoon,0,Caravan Media B.V.,OGL/2024/674/0714,Curacao,assessment in progress,"December 27, 2025",no,ozoon.eu,not contacted,
pinco.win,pinco,0,Carlitta N.V.,OGL/2024/1516/0841,Curacao,assessment in progress,"December 24, 2025",no,pinco.win,not contacted,
pincowins.com,pincowins,0,Carlitta N.V.,OGL/2024/1516/0841,Curacao,assessment in progress,"December 24, 2025",no,pincowins.com,not contacted,
dongamble.com,dongamble,0,Code Harbor N.V.,OGL/2024/486/0261,Curacao,assessment in progress,"December 24, 2025",no,dongamble.com,not contacted,
wildwinz.com,wildwinz,0,Code Harbor N.V.,OGL/2024/486/0261,Curacao,assessment in progress,"December 24, 2025",no,wildwinz.com,not contacted,
comeon.com,comeon,0,Come On Curacao N.V.,OGL/2024/1539/0808,Curacao,active,"August 2, 2026",no,comeon.com,not contacted,
mobilebet.com,mobilebet,0,Come On Curacao N.V.,OGL/2024/1539/0808,Curacao,active,"August 2, 2026",no,mobilebet.com,not contacted,
winspirit.co,winspirit,2,Complete Technologies N.V.,OGL/2024/923/0383,Curacao,active,"March 24, 2026",no,winspirit.co winspirit.com winspirit.casino,not contacted,
luckyhills.com,luckyhills,0,Complete Technologies N.V.,OGL/2024/923/0383,Curacao,active,"March 24, 2026",no,luckyhills.com,not contacted,
betone.com,betone,0,Continent Gaming N.V.,OGL/2024/1332/0669,Curacao,assessment in progress,"December 24, 2025",no,betone.com,not contacted,
chexx.bet,chexx,0,Continent Gaming N.V.,OGL/2024/1332/0669,Curacao,assessment in progress,"December 24, 2025",no,chexx.bet,not contacted,
grandelix.com,grandelix,0,Disrupt Entertainment Limited N.V.,OGL/2024/668/0844,Curacao,active,"January 1, 2026",no,grandelix.com,not contacted,
slots99.io,slots,0,Disrupt Entertainment Limited N.V.,OGL/2024/668/0844,Curacao,active,"January 1, 2026",no,slots99.io,not contacted,
spinado.com,spinado,0,Double Entertainment N.V.,OGL/2024/1650/0921,Curacao,active,"January 23, 2026",no,spinado.com,not contacted,
twistercasino.com,twistercasino,0,Double Entertainment N.V.,OGL/2024/1650/0921,Curacao,active,"January 23, 2026",no,twistercasino.com,not contacted,
bigwin.com,bigwin,0,EastPoint Operations B.V.,OGL/2024/1093/0504,Curacao,active,"April 28, 2026",no,bigwin.com,not contacted,
bigwins.com,bigwins,0,EastPoint Operations B.V.,OGL/2024/1093/0504,Curacao,active,"April 28, 2026",no,bigwins.com,not contacted,
planets.casino,planets,0,Entertainment Planets B.V.,OGL/2024/1469/0855,Curacao,assessment in progress,"December 24, 2025",no,planets.casino,not contacted,
pokerplanets.com,pokerplanets,0,Entertainment Planets B.V.,OGL/2024/1469/0855,Curacao,assessment in progress,"December 24, 2025",no,pokerplanets.com,not contacted,
champi.casino,champi,0,Esti Technologies N.V.,OGL/2024/1240/0473,Curacao,assessment in progress,"December 24, 2025",no,champi.casino,not contacted,
punch.casino,punch,0,Esti Technologies N.V.,OGL/2024/1240/0473,Curacao,assessment in progress,"December 24, 2025",no,punch.casino,not contacted,
betfa.com,betfa,0,Ex Lux N.V.,OGL/2024/1720/0980,Curacao,assessment in progress,"December 24, 2025",no,betfa.com,not contacted,
takbet.com,takbet,0,Ex Lux N.V.,OGL/2024/1720/0980,Curacao,assessment in progress,"December 24, 2025",no,takbet.com,not contacted,
championcasino.com,championcasino,0,F3 Markets N.V.,OGL/2024/1481/0768,Curacao,active,"March 27, 2026",no,championcasino.com,not contacted,
vips.club,vips,0,F3 Markets N.V.,OGL/2024/1481/0768,Curacao,active,"March 27, 2026",no,vips.club,not contacted,
mr.bet,mr,0,Faro Entertainment N.V.,OGL/2024/194/0642,Curacao,active,"August 12, 2026",no,mr.bet,not contacted,
spin.city,spin,0,Faro Entertainment N.V.,OGL/2024/194/0642,Curacao,active,"August 12, 2026",no,spin.city,not contacted,
chericasino.com,chericasino,0,Fitzgerald Industries Group N.V.,OGL/2024/941/0391,Curacao,active,"February 1, 2026",no,chericasino.com,not contacted,
tropeziapalace.com,tropeziapalace,0,Fitzgerald Industries Group N.V.,OGL/2024/941/0391,Curacao,active,"February 1, 2026",no,tropeziapalace.com,not contacted,
chapinwin.com,chapinwin,0,GEM Solutions B.V.,OGL/2024/1232/0584,Curacao,assessment in progress,"December 24, 2025",no,chapinwin.com,not contacted,
zoecasino.com,zoecasino,0,GEM Solutions B.V.,OGL/2024/1232/0584,Curacao,assessment in progress,"December 24, 2025",no,zoecasino.com,not contacted,
casinoisy.com,casinoisy,0,GT Holding B.V.,OGL/2024/898/0783,Curacao,active,"March 12, 2026",no,casinoisy.com,not contacted,
tether.bet,tether,0,GT Holding B.V.,OGL/2024/898/0783,Curacao,active,"March 12, 2026",no,tether.bet,not contacted,
coldbet.com,coldbet,0,Game2Net B.V.,OGL/2024/296/1093,Curacao,active,"August 2, 2026",no,coldbet.com,not contacted,
sprutcasino.com,sprutcasino,0,Game2Net B.V.,OGL/2024/296/1093,Curacao,active,"August 2, 2026",no,sprutcasino.com,not contacted,
fridayspin.com,fridayspin,0,Gaminara N.V.,OGL/2024/2173/1161,Curacao,active,"April 3, 2026",no,fridayspin.com,not contacted,
rollambia.com,rollambia,0,Gaminara N.V.,OGL/2024/2173/1161,Curacao,active,"April 3, 2026",no,rollambia.com,not contacted,
coinhero.io,coinhero,0,Gatepost N.V.,OGL/2024/640/0176,Curacao,assessment in progress,"December 24, 2025",no,coinhero.io,not contacted,
craze.casino,craze,0,Gatepost N.V.,OGL/2024/640/0176,Curacao,assessment in progress,"December 24, 2025",yes,craze.casino,not contacted,
gameszapped.com,gameszapped,0,Get Zapped Gaming N.V.,OGL/2024/1592/0901,Curacao,active,"August 19, 2026",no,gameszapped.com,not contacted,
sportsbull.com,sportsbull,0,Get Zapped Gaming N.V.,OGL/2024/1592/0901,Curacao,active,"August 19, 2026",no,sportsbull.com,not contacted,
spinza.co.za,co,2,Gleneagles B.V.,OGL/2024/1242/0772,Curacao,active,"April 3, 2026",no,spinza.co.za jackpot.co.za playlive.co.za,not contacted,
golden-winners.com,goldenwinners,0,Gleneagles B.V.,OGL/2024/1242/0772,Curacao,active,"April 3, 2026",no,golden-winners.com,not contacted,
betkore.com,betkore,0,Great BDG Randon Entertainment N.V.,OGL/2024/544/0557,Curacao,active,"April 28, 2026",no,betkore.com,not contacted,
betssen.com,betssen,0,Great BDG Randon Entertainment N.V.,OGL/2024/544/0557,Curacao,active,"April 28, 2026",no,betssen.com,not contacted,
baocasino.com,baocasino,0,Highbet B.V.,OGL/2024/295/0600,Curacao,assessment in progress,"January 21, 2026",no,baocasino.com,not contacted,
favbit.casino,favbit,0,Highbet B.V.,OGL/2024/295/0600,Curacao,assessment in progress,"January 21, 2026",no,favbit.casino,not contacted,
gravira.com,gravira,0,Horizonix Corp N.V.,OGL/2024/1944/1124,Curacao,active,"January 3, 2026",no,gravira.com,not contacted,
vashbet.com,vashbet,0,Horizonix Corp N.V.,OGL/2024/1944/1124,Curacao,active,"January 3, 2026",no,vashbet.com,not contacted,
grandzbet.com,grandzbet,1,Inovaplay B.V.,OGL/2024/221/0534,Curacao,active,"August 12, 2026",no,grandzbet.com grandzbet7.com,not contacted,
spacefortuna.com,spacefortuna,1,Inovaplay B.V.,OGL/2024/221/0534,Curacao,active,"August 12, 2026",no,spacefortuna.com spacefortuna7.com,not contacted,
fs.casino,fs,82,Intelligent Innovations N.V.,OGL/2024/767/0360,Curacao,active,"May 19, 2026",no,fs.casino fs1.casino fs5.casino fs7.casino fs21.casino fs77.casino fs536.casino fs347.casino,not contacted,
hotspincasino.com,hotspincasino,0,Intelligent Innovations N.V.,OGL/2024/767/0360,Curacao,active,"May 19, 2026",no,hotspincasino.com,not contacted,
kinghills.com,kinghills,0,IntellogixSoft B.V.,OGL/2024/1121/1020,Curacao,assessment in progress,"January 16, 2026",no,kinghills.com,not contacted,
memocasino.com,memocasino,0,IntellogixSoft B.V.,OGL/2024/1121/1020,Curacao,assessment in progress,"January 16, 2026",no,memocasino.com,not contacted,
fan-sport.com,fansport,0,Interactive Betting N.V.,OGL/2024/537/0691,Curacao,assessment in progress,"December 24, 2025",no,fan-sport.com,not contacted,
top-bet.com,topbet,0,Interactive Betting N.V.,OGL/2024/537/0691,Curacao,assessment in progress,"December 24, 2025",no,top-bet.com,not contacted,
fruta.com,fruta,0,Interstellar Entertainment N.V.,OGL/2024/1042/0564,Curacao,revoked,,no,fruta.com,not contacted,
highroller.com,highroller,0,Interstellar Entertainment N.V.,OGL/2024/1042/0564,Curacao,revoked,,no,highroller.com,not contacted,
luckysplash.com,luckysplash,0,Island Odyssey Ventures B.V.,OGL/2024/630/1003,Curacao,active,"June 13, 2026",no,luckysplash.com,not contacted,
mistycasino.com,mistycasino,0,Island Odyssey Ventures B.V.,OGL/2024/630/1003,Curacao,active,"June 13, 2026",no,mistycasino.com,not contacted,
232casino.com,casino,0,K.I.K. Corporation B.V.,OGL/2024/211/0595,Curacao,active,"May 17, 2026",no,232casino.com,not contacted,
allthebestlottos.com,allthebestlottos,0,K.I.K. Corporation B.V.,OGL/2024/211/0595,Curacao,active,"May 17, 2026",no,allthebestlottos.com,not contacted,
betongame.com,betongame,0,Kromstex B.V.,OGL/2024/313/0337,Curacao,assessment in progress,"December 24, 2025",no,betongame.com,not contacted,
funpari.com,funpari,0,Kromstex B.V.,OGL/2024/313/0337,Curacao,assessment in progress,"December 24, 2025",no,funpari.com,not contacted,
platinumslots.com,platinumslots,4,Latiform B.V.,OGL/2024/163/0190,Curacao,assessment in progress,"December 24, 2025",no,platinumslots.com platinumslots3.com platinumslots2.com platinumslots5.com platinumslots4.com,not contacted,
platincasino.io,platincasino,3,Latiform B.V.,OGL/2024/163/0190,Curacao,assessment in progress,"December 24, 2025",no,platincasino.io platincasino.com platincasino2.com platincasino1.com,not contacted,
duelbits.com,duelbits,1,Liquid Entertainment N.V.,OGL/2024/1507/0838,Curacao,assessment in progress,"December 24, 2025",no,duelbits.com duelbits.net,not contacted,
sportsbits.com,sportsbits,0,Liquid Entertainment N.V.,OGL/2024/1507/0838,Curacao,assessment in progress,"December 24, 2025",no,sportsbits.com,not contacted,
1king.com,king,1,Losartez B.V.,OGL/2024/1441/0693,Curacao,active,"January 31, 2026",no,1king.com 1king.one,not contacted,
lukscasino.com,lukscasino,0,Losartez B.V.,OGL/2024/1441/0693,Curacao,active,"January 31, 2026",no,lukscasino.com,not contacted,
bettilt.com,bettilt,0,Lowell & Pruitt N.V.,OGL/2024/916/0436,Curacao,assessment in progress,"December 24, 2025",no,bettilt.com,not contacted,
rokubet.com,rokubet,0,Lowell & Pruitt N.V.,OGL/2024/916/0436,Curacao,assessment in progress,"December 24, 2025",no,rokubet.com,not contacted,
luckytony.com,luckytony,0,Magic Stones N.V.,OGL/2024/566/0462,Curacao,active,"March 26, 2026",no,luckytony.com,not contacted,
magic365.com,magic,0,Magic Stones N.V.,OGL/2024/566/0462,Curacao,active,"March 26, 2026",no,magic365.com,not contacted,
samogon.bet,samogon,0,Mamba Edge B.V.,OGL/2024/976/0894,Curacao,assessment in progress,"December 24, 2025",no,samogon.bet,not contacted,
vodka.bet,vodka,0,Mamba Edge B.V.,OGL/2024/976/0894,Curacao,assessment in progress,"December 24, 2025",no,vodka.bet,not contacted,
astrobit.com,astrobit,0,Marcentra Corporation N.V.,OGL/2024/234/0315,Curacao,assessment in progress,"January 14, 2026",no,astrobit.com,not contacted,
bettorian.com,bettorian,0,Marcentra Corporation N.V.,OGL/2024/234/0315,Curacao,assessment in progress,"January 14, 2026",no,bettorian.com,not contacted,
bitcasino.io,bitcasino,0,Moon Technologies B.V.,OGL/2023/111/0069,Curacao,assessment in progress,"December 24, 2025",no,bitcasino.io,not contacted,
livecasino.io,livecasino,0,Moon Technologies B.V.,OGL/2023/111/0069,Curacao,assessment in progress,"December 24, 2025",no,livecasino.io,not contacted,
csgoempire.gg,csgoempire,18,Moonrail Limited B.V.,OGL/2024/1183/0869,Curacao,active,"March 30, 2026",no,csgoempire.gg csgoempire.io csgoempire.com csgoempire.top csgoempire.win csgoempire.cam csgoempire.boo csgoempire.onl,not contacted,
csgoempirev2.com,csgoempirev,0,Moonrail Limited B.V.,OGL/2024/1183/0869,Curacao,active,"March 30, 2026",no,csgoempirev2.com,not contacted,
fastpari-afro.com,fastpariafro,0,Mystic Glitter B.V.,OGL/2024/997/0945,Curacao,assessment in progress,"December 24, 2025",no,fastpari-afro.com,not contacted,
fastpari.com,fastpari,0,Mystic Glitter B.V.,OGL/2024/997/0945,Curacao,assessment in progress,"December 24, 2025",no,fastpari.com,not contacted,
betbuq.com,betbuq,0,NewGenx N.V.,OGL/2024/1234/0896,Curacao,active,"June 6, 2026",no,betbuq.com,not contacted,
vivafortuna.casino,vivafortuna,0,NewGenx N.V.,OGL/2024/1234/0896,Curacao,active,"June 6, 2026",no,vivafortuna.casino,not contacted,
lucknrolla.com,lucknrolla,0,Nextor B.V.,OGL/2024/1338/0704,Curacao,active,"December 4, 2025",no,lucknrolla.com,not contacted,
unislotcasino.com,unislotcasino,0,Nextor B.V.,OGL/2024/1338/0704,Curacao,active,"December 4, 2025",no,unislotcasino.com,not contacted,
rocket.run,rocket,0,Ninetynine N.V.,OGL/2023/166/0071,Curacao,assessment in progress,"December 24, 2025",no,rocket.run,not contacted,
wayyy.com,wayyy,0,Ninetynine N.V.,OGL/2023/166/0071,Curacao,assessment in progress,"December 24, 2025",no,wayyy.com,not contacted,
wild.io,wild,0,Nonce Gaming B.V.,OGL/2024/210/0198,Curacao,active,"April 14, 2026",no,wild.io,not contacted,
wildcasino.com,wildcasino,0,Nonce Gaming B.V.,OGL/2024/210/0198,Curacao,active,"April 14, 2026",no,wildcasino.com,not contacted,
maxicasino.com,maxicasino,0,Oddcraze N.V.,OGL/2024/1618/0998,Curacao,active,"March 12, 2026",no,maxicasino.com,not contacted,
oddcraze.com,oddcraze,0,Oddcraze N.V.,OGL/2024/1618/0998,Curacao,active,"March 12, 2026",no,oddcraze.com,not contacted,
vodds.co,vodds,2,Ole Group International B.V.,OGL/2024/1358/1233,Curacao,active,"July 25, 2026",no,vodds.co vodds.com vodds.net,not contacted,
odds4sports.com,oddssports,0,Ole Group International B.V.,OGL/2024/1358/1233,Curacao,active,"July 25, 2026",no,odds4sports.com,not contacted,
1xslot.com,xslot,0,Orakum N.V.,OGL/2024/586/0786,Curacao,active,"March 28, 2026",no,1xslot.com,not contacted,
jvspin.com,jvspin,0,Orakum N.V.,OGL/2024/586/0786,Curacao,active,"March 28, 2026",no,jvspin.com,not contacted,
flycasino.com,flycasino,0,Peak Interactive N.V.,OGL/2024/860/0410,Curacao,active,"June 17, 2026",no,flycasino.com,not contacted,
omnicasino.com,omnicasino,0,Peak Interactive N.V.,OGL/2024/860/0410,Curacao,active,"June 17, 2026",no,omnicasino.com,not contacted,
boostwin.com,boostwin,0,Playora B.V.,OGL/2024/456/0257,Curacao,assessment in progress,"December 24, 2025",no,boostwin.com,not contacted,
go-habibi.com,gohabibi,0,Playora B.V.,OGL/2024/456/0257,Curacao,assessment in progress,"December 24, 2025",no,go-habibi.com,not contacted,
jackpotraider.com,jackpotraider,0,Pointissimo B.V.,OGL/2024/969/1019,Curacao,active,"March 26, 2026",no,jackpotraider.com,not contacted,
ninewin.com,ninewin,0,Pointissimo B.V.,OGL/2024/969/1019,Curacao,active,"March 26, 2026",no,ninewin.com,not contacted,
spinbet.com,spinbet,0,Pretense Flip N.V.,OGL/2024/865/0413,Curacao,assessment in progress,"December 24, 2025",no,spinbet.com,not contacted,
spinbit.com,spinbit,0,Pretense Flip N.V.,OGL/2024/865/0413,Curacao,assessment in progress,"December 24, 2025",no,spinbit.com,not contacted,
blaze.com,blaze,1,Prolific Trade N.V.,OGL/2024/1415/0636,Curacao,assessment in progress,"December 24, 2025",no,blaze.com blaze1.space,not contacted,
blaze.bet.br,bet,0,Prolific Trade N.V.,OGL/2024/1415/0636,Curacao,assessment in progress,"December 24, 2025",no,blaze.bet.br,not contacted,
amoncasino.com,amoncasino,0,Purple Bay B.V.,OGL/2024/1368/0895,Curacao,active,"May 23, 2026",no,amoncasino.com,not contacted,
betzino.com,betzino,0,Purple Bay B.V.,OGL/2024/1368/0895,Curacao,active,"May 23, 2026",no,betzino.com,not contacted,
dreamroyale.com,dreamroyale,0,Raeen Exchange N.V.,OGL/2024/1743/0960,Curacao,active,"January 22, 2026",no,dreamroyale.com,not contacted,
herobet.co.uk,co,0,Raeen Exchange N.V.,OGL/2024/1743/0960,Curacao,active,"January 22, 2026",no,herobet.co.uk,not contacted,
pinnacle.com,pinnacle,0,Ragnarok Corporation N.V.,OGL/2023/105/0084,Curacao,active,"December 24, 2025",no,pinnacle.com,not contacted,
pinnaclesports.com,pinnaclesports,0,Ragnarok Corporation N.V.,OGL/2023/105/0084,Curacao,active,"December 24, 2025",no,pinnaclesports.com,not contacted,
pldm.best,pldm,0,Rapture B.V.,OGL/2024/488/0787,Curacao,active,"April 14, 2026",no,pldm.best,not contacted,
zaza.com,zaza,0,Rapture B.V.,OGL/2024/488/0787,Curacao,active,"April 14, 2026",no,zaza.com,not contacted,
riobet.com,riobet,0,Riotech N.V.,OGL/2024/552/0560,Curacao,active,"April 24, 2026",no,riobet.com,not contacted,
slotoshi.com,slotoshi,0,Riotech N.V.,OGL/2024/552/0560,Curacao,active,"April 24, 2026",no,slotoshi.com,not contacted,
gg.bet,gg,0,River Entertainment B.V.,OGL/2024/688/0234,Curacao,active,"April 14, 2026",no,gg.bet,not contacted,
realreelscasino.com,realreelscasino,0,River Entertainment B.V.,OGL/2024/688/0234,Curacao,active,"April 14, 2026",no,realreelscasino.com,not contacted,
gamdom.eu,gamdom,5,Smein Hosting N.V.,OGL/2024/424/1065,Curacao,assessment in progress,"December 24, 2025",no,gamdom.eu gamdom.io gamdom.com gamdom.win gamdom.one gamdom.vip,not contacted,
trgamdom.com,trgamdom,0,Smein Hosting N.V.,OGL/2024/424/1065,Curacao,assessment in progress,"December 24, 2025",no,trgamdom.com,not contacted,
kilogram.club,kilogram,0,Snowdunes B.V.,OGL/2024/604/0267,Curacao,active,"April 28, 2026",no,kilogram.club,not contacted,
sykaaa.com,sykaaa,0,Snowdunes B.V.,OGL/2024/604/0267,Curacao,active,"April 28, 2026",no,sykaaa.com,not contacted,
winagora.in,winagora,1,Starlink International N.V.,OGL/2024/543/0614,Curacao,active,"April 23, 2026",no,winagora.in winagora.com,not contacted,
interwin.com,interwin,0,Starlink International N.V.,OGL/2024/543/0614,Curacao,active,"April 23, 2026",yes,interwin.com,not contacted,
marsbahis.com,marsbahis,483,Stella Tech B.V.,OGL/2024/1292/0546,Curacao,assessment in progress,"December 24, 2025",no,marsbahis.com mobile.marsbahis.com 2014marsbahis.com 2100marsbahis.com 2173marsbahis.com 2197marsbahis.com 2030marsbahis.com 2141marsbahis.com,not contacted,
marsbet.com,marsbet,0,Stella Tech B.V.,OGL/2024/1292/0546,Curacao,assessment in progress,"December 24, 2025",no,marsbet.com,not contacted,
totogaming.com,totogaming,0,Studiowin N.V.,OGL/2024/365/0580,Curacao,revoked,,no,totogaming.com,not contacted,
danybet.com,danybet,0,Studiowin N.V.,OGL/2024/365/0580,Curacao,revoked,,no,danybet.com,not contacted,
betandyou.com,betandyou,0,Tixi Multimedia B.V.,OGL/2024/1164/0643,Curacao,assessment in progress,"December 24, 2025",no,betandyou.com,not contacted,
casinoandyou.com,casinoandyou,0,Tixi Multimedia B.V.,OGL/2024/1164/0643,Curacao,assessment in progress,"December 24, 2025",no,casinoandyou.com,not contacted,
makao.com,makao,0,Triumphbet Company N.V.,OGL/2024/592/0492,Curacao,active,"May 5, 2026",no,makao.com,not contacted,
makaobet.com,makaobet,0,Triumphbet Company N.V.,OGL/2024/592/0492,Curacao,active,"May 5, 2026",no,makaobet.com,not contacted,
apuesterapido.com,apuesterapido,0,Twins Games N.V.,OGL/2024/1681/0917,Curacao,active,"March 3, 2026",no,apuesterapido.com,not contacted,
jaybet.com,jaybet,0,Twins Games N.V.,OGL/2024/1681/0917,Curacao,active,"March 3, 2026",no,jaybet.com,not contacted,
gratowin.com,gratowin,0,Unigad Trading N.V.,OGL/2024/883/0467,Curacao,revoked,,no,gratowin.com,not contacted,
playoro.com,playoro,0,Unigad Trading N.V.,OGL/2024/883/0467,Curacao,revoked,,no,playoro.com,not contacted,
bonkersbet.com,bonkersbet,0,Velorum Corporation N.V.,OGL/2024/1384/0627,Curacao,active,"June 4, 2026",no,bonkersbet.com,not contacted,
star7.casino,star,0,Velorum Corporation N.V.,OGL/2024/1384/0627,Curacao,active,"June 4, 2026",no,star7.casino,not contacted,
bboro.com,bboro,0,Webmedia Development N.V.,OGL/2024/884/0471,Curacao,active,"March 5, 2026",no,bboro.com,not contacted,
betboro.com,betboro,0,Webmedia Development N.V.,OGL/2024/884/0471,Curacao,active,"March 5, 2026",no,betboro.com,not contacted,
alegrebet.com,alegrebet,0,West End Gaming B.V.,OGL/2024/478/0152,Curacao,active,"February 13, 2026",no,alegrebet.com,not contacted,
fogobet.com,fogobet,0,West End Gaming B.V.,OGL/2024/478/0152,Curacao,active,"February 13, 2026",no,fogobet.com,not contacted,
betjordan.com,betjordan,0,Y Enterprises B.V.,OGL/2024/1123/0641,Curacao,active,"January 3, 2026",no,betjordan.com,not contacted,
y-win.net,ywin,0,Y Enterprises B.V.,OGL/2024/1123/0641,Curacao,active,"January 3, 2026",no,y-win.net,not contacted,
swiftygaming.com,swiftygaming,0,Yao Entertainment N.V.,OGL/2024/1597/0825,Curacao,active,"June 4, 2026",no,swiftygaming.com,not contacted,
youareon.com,youareon,0,Yao Entertainment N.V.,OGL/2024/1597/0825,Curacao,active,"June 4, 2026",no,youareon.com,not contacted,
qizilbilet.com,qizilbilet,0,Yungmetro B.V.,OGL/2024/1038/0879,Curacao,assessment in progress,"December 24, 2025",no,qizilbilet.com,not contacted,
yohoho.bet,yohoho,0,Yungmetro B.V.,OGL/2024/1038/0879,Curacao,assessment in progress,"December 24, 2025",no,yohoho.bet,not contacted,
jb.com,jb,0,Zozo Technology B.V.,OGL/2024/1519/0809,Curacao,assessment in progress,"December 24, 2025",no,jb.com,not contacted,
zozo.fan,zozo,0,Zozo Technology B.V.,OGL/2024/1519/0809,Curacao,assessment in progress,"December 24, 2025",no,zozo.fan,not contacted,
123loterias.com,loterias,0,123 Global Media B.V.,OGL/2024/911/0710,Curacao,assessment in progress,"December 24, 2025",no,123loterias.com,not contacted,
1win.pro,win,0,1Win N.V.,OGL/2024/587/0621,Curacao,active,"March 6, 2026",no,1win.pro,not contacted,
8xbet.com,xbet,1,978 Tech N.V.,OGL/2024/1261/0718,Curacao,active,"August 22, 2026",no,8xbet.com 8xbet.biz,not contacted,
rapidplay.bet,rapidplay,0,99 Services B.V.,OGL/2024/1832/1171,Curacao,active,"March 12, 2026",no,rapidplay.bet,not contacted,
efbet.net,efbet,0,AE Group B.V.,OGL/2024/216/0606,Curacao,active,"August 21, 2026",no,efbet.net,not contacted,
fdhtuyui.com,fdhtuyui,0,AG Group B.V.,OGL/2024/805/0287,Curacao,active,"May 19, 2026",no,fdhtuyui.com,not contacted,
trbet.com,trbet,0,ASL Interactive B.V.,OGL/2024/1298/0527,Curacao,assessment in progress,"December 24, 2025",no,trbet.com,not contacted,
8.io,8.io,0,Adda Entertainment NV,OGL/2023/142/0073,Curacao,revoked,,no,8.io,not contacted,
adoniobet.com,adoniobet,0,Adonio N.V.,OGL/2023/158/0074,Curacao,revoked,,no,adoniobet.com,not contacted,
sbx.com,sbx,0,Aftermath B.V.,OGL/2024/2082/1136,Curacao,active,"July 22, 2026",no,sbx.com,not contacted,
winbig.today,winbig,0,Agarinia N.V.,OGL/2024/2186/1164,Curacao,active,"March 26, 2026",no,winbig.today,not contacted,
goldballer.com,goldballer,0,Alisium B.V.,OGL/2024/227/0112,Curacao,assessment in progress,"December 24, 2025",no,goldballer.com,not contacted,
roboroll.io,roboroll,0,Amaterasu N.V.,OGL/2024/1594/0956,Curacao,active,"January 22, 2026",no,roboroll.io,not contacted,
scarletcasino.com,scarletcasino,0,Apex Analytica N.V.,OGL/2024/762/0569,Curacao,assessment in progress,"January 17, 2026",no,scarletcasino.com,not contacted,
casino123.com,casino,0,Aposta N.V.,OGL/2024/761/0221,Curacao,revoked,,no,casino123.com,not contacted,
slotclover.com,slotclover,0,Aspera Operations B.V.,OGL/2024/1068/0572,Curacao,assessment in progress,"December 24, 2025",no,slotclover.com,not contacted,
pro1bet.com,probet,0,Atlas Tech Solutions B.V.,OGL/2024/457/0562,Curacao,active,"April 16, 2026",no,pro1bet.com,not contacted,
malibuclubcasino.io,malibuclubcasino,1,Audeo N.V.,OGL/2024/1534/0834,Curacao,active,"January 22, 2026",no,malibuclubcasino.io malibuclubcasino.com,not contacted,
pg-play.com,pgplay,0,Axum B.V.,OGL/2024/196/0574,Curacao,active,"July 22, 2026",no,pg-play.com,not contacted,
b2bseven.bet,bbseven,0,B2Bseven B.V.,OGL/2024/636/0578,Curacao,active,"July 1, 2026",no,b2bseven.bet,not contacted,
beastone.co,beastone,0,Beastone N.V.,OGL/2024/390/0122,Curacao,assessment in progress,"December 24, 2025",no,beastone.co,not contacted,
bombastic.com,bombastic,0,BetMax Entertain N.V.,OGL/2024/1515/0853,Curacao,revoked,,no,bombastic.com,not contacted,
ubet.io,ubet,0,BetU Curacao B.V.,OGL/2024/1064/0761,Curacao,active,"April 28, 2026",no,ubet.io,not contacted,
betjam.com,betjam,0,Betquest B.V.,OGL/2024/832/0423,Curacao,assessment in progress,"December 24, 2025",no,betjam.com,not contacted,
satoshihero.com,satoshihero,1,Bitplay Global B.V.,OGL/2024/201/0270,Curacao,active,"April 14, 2026",no,satoshihero.com satoshihero.net,not contacted,
888starz.bet,starz,0,Bittech B.V.,OGL/2024/665/0201,Curacao,active,"March 7, 2026",no,888starz.bet,not contacted,
bk8br.com,bkbr,0,Black Hawk Technology B.V.,OGL/2024/132/1011,Curacao,active,"May 19, 2026",no,bk8br.com,not contacted,
hype.bet,hype,0,BlackSands B.V.,OGL/2024/985/0430,Curacao,active,"June 16, 2026",no,hype.bet,not contacted,
aurislot.com,aurislot,0,Bonus Operations N.V.,OGL/2024/385/0332,Curacao,active,"March 9, 2026",no,aurislot.com,not contacted,
bethype.com,bethype,0,Boost Gaming N.V.,OGL/2024/906/0375,Curacao,assessment in progress,"December 24, 2025",no,bethype.com,not contacted,
bumbet.com,bumbet,0,Brindisa Media N.V.,OGL/2024/698/0579,Curacao,assessment in progress,"December 24, 2025",no,bumbet.com,not contacted,
rollbit.com,rollbit,0,Bull Gaming N.V.,OGL/2024/1260/0494,Curacao,active,"May 23, 2026",no,rollbit.com,not contacted,
tigerbet247.com,tigerbet,0,CW Investments N.V.,OGL/2024/285/0330,Curacao,active,"June 9, 2026",no,tigerbet247.com,not contacted,
pin-up.bet,pinup,2,Carletta N.V.,OGL/2024/580/0570,Curacao,assessment in progress,"December 24, 2025",no,pin-up.bet pin-up.world pin-up.casino,not contacted,
betclown.com,betclown,0,Cartwheel B.V.,OGL/2024/1569/0782,Curacao,active,"May 17, 2026",no,betclown.com,not contacted,
parimatchs1.com,parimatchs,2,Castianes B.V.,OGL/2024/1329/0629,Curacao,assessment in progress,"December 27, 2025",no,parimatchs1.com parimatchs12.com parimatchs123.com,not contacted,
fairpari.com,fairpari,0,Centrald B.V.,OGL/2024/1143/0865,Curacao,assessment in progress,"December 24, 2025",no,fairpari.com,not contacted,
centrum-global.com,centrumglobal,0,Centrum Global B.V.,OGL/2024/1046/0451,Curacao,active,"April 9, 2026",no,centrum-global.com,not contacted,
grandpari.id,grandpari,1,Chubarito B.V.,OGL/2024/1012/0866,Curacao,assessment in progress,"December 24, 2025",no,grandpari.id grandpari.com,not contacted,
betnimbus.com,betnimbus,0,City Limit B.V.,OGL/2024/1286/0529,Curacao,assessment in progress,"December 24, 2025",no,betnimbus.com,not contacted,
myprize.com,myprize,0,Clover Leaf B.V.,OGL/2024/1089/0487,Curacao,active,"December 16, 2025",no,myprize.com,not contacted,
xolotto.com,xolotto,0,Clubhouse Media N.V.,OGL/2024/821/1033,Curacao,active,"February 5, 2026",no,xolotto.com,not contacted,
redchips.com,redchips,0,Codex B.V.,OGL/2024/894/1037,Curacao,assessment in progress,"January 14, 2026",no,redchips.com,not contacted,
holiganbet.com,holiganbet,0,Coinbar N.V.,OGL/2024/920/0382,Curacao,active,"March 13, 2026",no,holiganbet.com,not contacted,
rare.bet,rare,0,Common Square N.V.,OGL/2024/240/0682,Curacao,assessment in progress,"January 14, 2026",no,rare.bet,not contacted,
livebetline.com,livebetline,0,Complex Technologies B.V.,OGL/2024/334/0243,Curacao,assessment in progress,"December 24, 2025",no,livebetline.com,not contacted,
ignitionpoker.com,ignitionpoker,0,Connaught Media B.V.,OGL/2024/625/0719,Curacao,assessment in progress,"January 7, 2026",no,ignitionpoker.com,not contacted,
cosmosbett.com,cosmosbett,0,Cosmos Interactive Entertainment N.V.,OGL/2024/1748/0967,Curacao,active,"January 3, 2026",no,cosmosbett.com,not contacted,
baazi888.now,baazi,0,Crayon B.V.,OGL/2024/830/0751,Curacao,active,"April 16, 2026",no,baazi888.now,not contacted,
winebet.com,winebet,0,Cupwin B.V.,OGL/2024/834/0422,Curacao,assessment in progress,"December 24, 2025",no,winebet.com,not contacted,
kbet.live,kbet,0,Cura Casino B.V.,OGL/2024/1839/1071,Curacao,active,"July 1, 2026",no,kbet.live,not contacted,
keint.co,keint,0,Cutter Five N.V.,OGL/2024/764/0571,Curacao,revoked,,no,keint.co,not contacted,
atom-casino.com,atomcasino,0,CyberFusion B.V.,OGL/2024/795/0241,Curacao,active,"February 28, 2026",no,atom-casino.com,not contacted,
dazard.club,dazard,0,Dama N.V.,OGL/2023/174/0082,Curacao,assessment in progress,"December 24, 2025",no,dazard.club,not contacted,
jack.com,jack,6,Data Link Digital B.V.,OGL/2024/1562/1139,Curacao,active,"July 23, 2026",no,jack.com jack2.com jack10.com jack25.com jack55.com jack20.com jack23.com,not contacted,
powerplay.com,powerplay,0,Deck Entertainment B.V.,OGL/2024/999/0482,Curacao,active,"March 12, 2026",no,powerplay.com,not contacted,
sporttyp.com,sporttyp,0,Delphin Blue Ocean B.V.,OGL/2024/657/0248,Curacao,active,"July 31, 2026",no,sporttyp.com,not contacted,
portebet.com,portebet,0,Doubled B.V.,OGL/2024/1015/0870,Curacao,assessment in progress,"December 24, 2025",no,portebet.com,not contacted,
bet-football.com,betfootball,0,Dynamik Marketing B.V.,OGL/2024/1313/0727,Curacao,active,"March 3, 2026",no,bet-football.com,not contacted,
tg6.com,tg,0,Edge Five Entertainment B.V.,OGL/2024/938/1131,Curacao,active,"March 27, 2026",no,tg6.com,not contacted,
marafon.bet,marafon,0,Encode Digital B.V.,OGL/2024/1186/1127,Curacao,active,"January 3, 2026",no,marafon.bet,not contacted,
coinplay.com,coinplay,0,Envision Digital N.V.,OGL/2024/564/0626,Curacao,assessment in progress,"December 24, 2025",no,coinplay.com,not contacted,
casperbets.com,casperbets,0,Equinox Holding N.V.,OGL/2024/620/0878,Curacao,active,"March 7, 2026",no,casperbets.com,not contacted,
viphouse.club,viphouse,0,Equlino N.V.,OGL/2024/1446/0700,Curacao,assessment in progress,"December 24, 2025",no,viphouse.club,not contacted,
mostbet88.com,mostbet,0,Evolut Interactive N.V.,OGL/2024/421/0223,Curacao,active,"March 26, 2026",no,mostbet88.com,not contacted,
slotomen.com,slotomen,0,Exertus N.V.,OGL/2024/1733/1081,Curacao,active,"April 14, 2026",no,slotomen.com,not contacted,
wlscasino.com,wlscasino,0,Faraday Online N.V.,OGL/2024/943/0431,Curacao,active,"March 17, 2026",no,wlscasino.com,not contacted,
forzza.rw,forzza,1,Fast Lane B.V.,OGL/2024/214/1009,Curacao,assessment in progress,"December 24, 2025",no,forzza.rw forzza.com,not contacted,
pinup.group,pinup,0,Felicas B.V.,OGL/2024/891/0830,Curacao,assessment in progress,"December 24, 2025",no,pinup.group,not contacted,
paripro.bet,paripro,0,Ferito Group B.V.,OGL/2024/1020/0873,Curacao,assessment in progress,"December 24, 2025",no,paripro.bet,not contacted,
crazybet.gg,crazybet,1,Five Star Entertainment N.V.,OGL/2024/1513/0837,Curacao,assessment in progress,"December 24, 2025",no,crazybet.gg crazybet.com,not contacted,
ombt.win,ombt,0,Flybergom B.V.,OGL/2024/2241/1178,Curacao,active,"March 26, 2026",no,ombt.win,not contacted,
plump.com,plump,0,Forward Solutions B.V.,OGL/2024/1226/0898,Curacao,active,"April 2, 2026",yes,plump.com,not contacted,
apuestatotal.com,apuestatotal,0,Free Games B.V.,OGL/2024/1209/0631,Curacao,active,"May 10, 2026",no,apuestatotal.com,not contacted,
fanplay.gg,fanplay,0,Frontier Gaming B.V.,OGL/2024/1055/0507,Curacao,active,"April 24, 2026",no,fanplay.gg,not contacted,
betpari.com,betpari,0,G2 Tech B.V.,OGL/2024/987/0597,Curacao,assessment in progress,"December 24, 2025",no,betpari.com,not contacted,
atmcasino.com,atmcasino,0,GIT Operations N.V.,OGL/2024/259/0309,Curacao,active,"May 27, 2026",no,atmcasino.com,not contacted,
casinoglory.com,casinoglory,0,GMFY Tech N.V.,OGL/2024/1586/0788,Curacao,active,"June 11, 2026",no,casinoglory.com,not contacted,
parimatch.com,parimatch,1,Galazia B.V.,OGL/2024/402/0624,Curacao,assessment in progress,"December 24, 2025",no,parimatch.com pari-match.win,not contacted,
gambulls.com,gambulls,0,Gambulls N.V.,OGL/2024/453/0439,Curacao,active,"July 25, 2026",no,gambulls.com,not contacted,
jinxyspin.com,jinxyspin,0,Geeka Corporation N.V.,OGL/2023/104/0059,Curacao,assessment in progress,"December 24, 2025",no,jinxyspin.com,not contacted,
bz.com,bz,0,Genco Pura B.V.,OGL/2024/1496/0934,Curacao,active,"May 9, 2026",no,bz.com,not contacted,
howl.gg,howl,0,Genius Touch B.V.,OGL/2024/1638/1028,Curacao,active,"February 28, 2026",no,howl.gg,not contacted,
vippari.bet,vippari,0,Geosix B.V.,OGL/2024/316/0598,Curacao,assessment in progress,"December 24, 2025",no,vippari.bet,not contacted,
lotteryworld.com,lotteryworld,0,Go East B.V.,OGL/2024/1044/0452,Curacao,revoked,,no,lotteryworld.com,not contacted,
godbunny.com,godbunny,0,Godbunny B.V.,OGL/2024/199/0868,Curacao,active,"July 3, 2026",no,godbunny.com,not contacted,
zenobet.com,zenobet,0,Golden Frog N.V.,OGL/2024/913/0609,Curacao,active,"March 23, 2026",yes,zenobet.com,not contacted,
onlywins.com,onlywins,0,Goodfly N.V.,OGL/2024/719/0211,Curacao,active,"June 4, 2026",no,onlywins.com,not contacted,
tipobet.com,tipobet,1,Grace Bay B.V.,OGL/2024/1287/0535,Curacao,assessment in progress,"December 24, 2025",yes,tipobet.com tipobet365.com,not contacted,
thrill.com,thrill,0,Gravity Unleashed B.V.,OGL/2024/1052/0508,Curacao,active,"March 2, 2026",no,thrill.com,not contacted,
funcybet.com,funcybet,0,Green Forest Group N.V.,OGL/2024/1856/1063,Curacao,active,"July 23, 2026",no,funcybet.com,not contacted,
callibet.com,callibet,0,Green Point Technology N.V.,OGL/2024/256/0304,Curacao,assessment in progress,"December 24, 2025",no,callibet.com,not contacted,
ppwin.com,ppwin,0,Greenwich N.V.,OGL/2024/1385/0658,Curacao,assessment in progress,"December 24, 2025",no,ppwin.com,not contacted,
h2bet.com,hbet,0,H2 Sports N.V.,OGL/2024/1658/0931,Curacao,active,"April 21, 2026",no,h2bet.com,not contacted,
cloudbet.com,cloudbet,0,Halcyon Super Holdings B.V.,OGL/2024/328/0599,Curacao,active,"May 23, 2026",no,cloudbet.com,not contacted,
championcasino.net,championcasino,0,Happyluck B.V.,OGL/2024/1328/0739,Curacao,active,"February 27, 2026",no,championcasino.net,not contacted,
all-sport-bet.com,allsportbet,0,Hermes Consulting Company N.V.,OGL/2024/944/0433,Curacao,assessment in progress,"December 24, 2025",no,all-sport-bet.com,not contacted,
instaslots.com,instaslots,0,High Seas N.V.,OGL/2024/1533/0769,Curacao,assessment in progress,"December 24, 2025",no,instaslots.com,not contacted,
luckyo.com,luckyo,0,Hollycorn N.V.,OGL/2023/176/0095,Curacao,assessment in progress,"December 24, 2025",no,luckyo.com,not contacted,
6z.top,z,0,Hongda Information Technology B.V.,OGL/2024/1104/1169,Curacao,active,"April 21, 2026",no,6z.top,not contacted,
spin.bet,spin,0,Humble Interactive Services N.V.,OGL/2024/1281/0536,Curacao,assessment in progress,"December 24, 2025",no,spin.bet,not contacted,
zumibet.com,zumibet,0,ILP Trading B.V.,OGL/2024/1119/0593,Curacao,active,"December 11, 2025",no,zumibet.com,not contacted,
rajabets.com,rajabets,2,Inaxis N.V.,OGL/2024/1968/1134,Curacao,active,"March 5, 2026",no,rajabets.com rajabets2.com rajabets1.com,not contacted,
crazybet.bet,crazybet,0,Inbotler B.V.,OGL/2024/936/0874,Curacao,assessment in progress,"December 24, 2025",no,crazybet.bet,not contacted,
1xbet.africa,xbet,2,Infusion Tech B.V.,OGL/2024/1567/0779,Curacao,assessment in progress,"December 24, 2025",no,1xbet.africa 1x-bet.africa 1-x-bet.africa,not contacted,
timelesstech.io,timelesstech,0,Innova Hub B.V.,OGL/2024/368/0697,Curacao,active,"August 13, 2026",no,timelesstech.io,not contacted,
afropari.com,afropari,0,Iridium Group N.V.,OGL/2024/427/1022,Curacao,assessment in progress,"December 24, 2025",no,afropari.com,not contacted,
lukkly.com,lukkly,0,Island Lukkly B.V.,OGL/2024/1723/0940,Curacao,active,"August 12, 2026",yes,lukkly.com,not contacted,
casinonavy.com,casinonavy,0,JMS Investment Group N.V.,OGL/2024/675/0939,Curacao,active,"July 1, 2026",no,casinonavy.com,not contacted,
flexy-spin.com,flexyspin,0,JarvisDelivery B.V.,OGL/2024/244/0341,Curacao,active,"March 12, 2026",no,flexy-spin.com,not contacted,
tar.la,tar,0,Jazz Business Solutions B.V.,OGL/2024/400/0824,Curacao,assessment in progress,"December 24, 2025",no,tar.la,not contacted,
jetton.online,jetton,0,JetTon Games B.V.,OGL/2024/2287/1195,Curacao,active,"August 26, 2026",no,jetton.online,not contacted,
poker8.io,poker,0,Joyeux B.V.,OGL/2024/1603/0850,Curacao,assessment in progress,"January 9, 2026",no,poker8.io,not contacted,
crashcasino.com,crashcasino,0,Joyful Leisure B.V.,OGL/2024/1050/0453,Curacao,active,"May 9, 2026",no,crashcasino.com,not contacted,
keint.co,keint,0,KE International Limited N.V.,OGL/2024/769/0571,Curacao,active,"May 19, 2026",no,keint.co,not contacted,
kanggiten.com,kanggiten,0,Kanggiten B.V.,OGL/2024/971/0703,Curacao,active,"March 26, 2026",no,kanggiten.com,not contacted,
firixslot.com,firixslot,0,Kika Technology B.V.,OGL/2023/147/0081,Curacao,assessment in progress,"December 24, 2025",no,firixslot.com,not contacted,
pongbet88.com,pongbet,0,Krevetka B.V.,OGL/2024/937/0857,Curacao,assessment in progress,"December 24, 2025",no,pongbet88.com,not contacted,
luckybet.co,luckybet,1,LBC Enterprises B.V.,OGL/2024/1221/0500,Curacao,assessment in progress,"December 24, 2025",no,luckybet.co luckybet.bet,not contacted,
igcbet.com,igcbet,1,LGE Entertainment Limited N.V.,OGL/2024/567/0911,Curacao,active,"May 9, 2026",no,igcbet.com igcbet.net,not contacted,
caratcasino.com,caratcasino,0,Leopard B.V.,OGL/2024/793/0757,Curacao,active,"February 22, 2026",no,caratcasino.com,not contacted,
livegames.io,livegames,0,Livetech Software Solutions N.V.,OGL/2024/845/0407,Curacao,assessment in progress,"December 24, 2025",no,livegames.io,not contacted,
betflash24.com,betflash,0,Loka IT Solutions N.V.,OGL/2024/770/0226,Curacao,revoked,,no,betflash24.com,not contacted,
clickpari.com,clickpari,0,Lotostorm B.V.,OGL/2024/303/300,Curacao,assessment in progress,"January 14, 2026",no,clickpari.com,not contacted,
betwinner.llc,betwinner,0,Luckyroo N.V.,OGL/2024/1371/0694,Curacao,assessment in progress,"December 24, 2025",no,betwinner.llc,not contacted,
spacecasino.com,spacecasino,0,Luminect Limited B.V.,OGL/2024/358/0707,Curacao,assessment in progress,"December 24, 2025",no,spacecasino.com,not contacted,
sportsbet.io,sportsbet,0,MBet Solutions N.V.,OGL/2023/110/0072,Curacao,assessment in progress,"December 24, 2025",no,sportsbet.io,not contacted,
007casinoroyal.com,casinoroyal,0,MCG Technologies N.V.,OGL/2024/1698/0936,Curacao,active,"August 12, 2026",no,007casinoroyal.com,not contacted,
doubledice.com,doubledice,0,MIBS N.V.,OGL/2024/1718/0938,Curacao,assessment in progress,"December 24, 2025",no,doubledice.com,not contacted,
reloza.com,reloza,0,MSD Tech B.V.,OGL/2024/1416/0660,Curacao,revoked,,no,reloza.com,not contacted,
poker-beta.com,pokerbeta,0,Majesti Star N.V.,OGL/2024/1532/0829,Curacao,assessment in progress,"December 24, 2025",no,poker-beta.com,not contacted,
juegaplus.com,juegaplus,0,Media 21 B.V.,OGL/2024/1339/0864,Curacao,active,"January 22, 2026",no,juegaplus.com,not contacted,
stake.com,stake,0,Medium Rare N.V.,OGL/2024/1451/0918,Curacao,active,"December 9, 2025",no,stake.com,not contacted,
sgslot.com,sgslot,0,Meta Tech Innovations B.V.,OGL/2024/325/0187,Curacao,assessment in progress,"December 24, 2025",no,sgslot.com,not contacted,
metaspins.com,metaspins,0,Metaspins N.V.,OGL/2024/1063/0437,Curacao,assessment in progress,"December 24, 2025",no,metaspins.com,not contacted,
auro777.win,auro,0,Mirth B.V.,OGL/2024/1124/0444,Curacao,active,"November 9, 2025",no,auro777.win,not contacted,
monotech.group,monotech,0,Monotech Solutions B.V.,OGL/2024/1672/0923,Curacao,assessment in progress,"December 24, 2025",no,monotech.group,not contacted,
crypto.games,crypto,0,MuchGaming B.V.,OGL/2024/1336/1047,Curacao,active,"August 13, 2026",no,crypto.games,not contacted,
shuffle.com,shuffle,0,Natural Nine B.V.,OGL/2024/1337/0628,Curacao,assessment in progress,"December 24, 2025",no,shuffle.com,not contacted,
liveisbet.com,liveisbet,0,Navy Blue Ventures N.V.,OGL/2024/697/0197,Curacao,assessment in progress,"December 24, 2025",no,liveisbet.com,not contacted,
dixy.com,dixy,0,New Age N.V.,OGL/2024/1409/0649,Curacao,active,"June 6, 2026",no,dixy.com,not contacted,
4rabet.com,rabet,0,New Entertainment Development N.V.,OGL/2024/748/0203,Curacao,active,"May 23, 2026",no,4rabet.com,not contacted,
cocobet.com,cocobet,0,NewEra Information Technology N.V.,OGL/2024/135/0139,Curacao,assessment in progress,"December 24, 2025",no,cocobet.com,not contacted,
luckypari.com,luckypari,1,Nexus International Entertainment N.V.,OGL/2024/1324/0750,Curacao,active,"March 24, 2026",yes,luckypari.com luckypari.bet,not contacted,
spinaway.com,spinaway,0,Ngame N.V.,OGL/2024/1674/0902,Curacao,active,"March 26, 2026",no,spinaway.com,not contacted,
fujifortunecasino.com,fujifortunecasino,0,Niollo B.V.,OGL/2024/529/0346,Curacao,assessment in progress,"December 24, 2025",no,fujifortunecasino.com,not contacted,
catwin.com,catwin,0,Notica B.V.,OGL/2024/274/0420,Curacao,assessment in progress,"December 24, 2025",no,catwin.com,not contacted,
novagaming88.com,novagaming,0,NovaGaming N.V.,OGL/2024/1671/0916,Curacao,active,"May 9, 2026",no,novagaming88.com,not contacted,
rolsbet.com,rolsbet,0,Numereto B.V.,OGL/2024/315/0489,Curacao,assessment in progress,"December 24, 2025",no,rolsbet.com,not contacted,
kr.parimatch.com,parimatch,1,Olistek N.V.,OGL/2024/2362/1207,Curacao,active,"March 27, 2026",no,kr.parimatch.com jp.parimatch.com,not contacted,
onion.casino,onion,0,Omega Entertainment N.V.,OGL/2024/558/0973,Curacao,active,"June 4, 2026",no,onion.casino,not contacted,
oponento.com,oponento,0,Opo-Net N.V.,OGL/2024/535/0922,Curacao,active,"August 22, 2026",no,oponento.com,not contacted,
wgmgames.com,wgmgames,0,Overseas Gaming Management B.V.,OGL/2024/2162/1156,Curacao,active,"April 14, 2026",no,wgmgames.com,not contacted,
bahisbey.com,bahisbey,0,Oxilium N.V.,OGL/2024/1601/0909,Curacao,assessment in progress,"December 24, 2025",no,bahisbey.com,not contacted,
bitsler.com,bitsler,0,Oyine N.V.,OGL/2024/930/0387,Curacao,assessment in progress,"December 24, 2025",no,bitsler.com,not contacted,
oysterbet.com,oysterbet,0,Oyster Media N.V.,OGL/2024/1745/0962,Curacao,active,"July 5, 2026",no,oysterbet.com,not contacted,
shock.com,shock,0,PR Entertainment N.V.,OGL/2024/1320/0958,Curacao,active,"March 13, 2026",no,shock.com,not contacted,
thunderpick.io,thunderpick,1,Paloma Media B.V.,OGL/2024/677/0722,Curacao,active,"June 4, 2026",no,thunderpick.io thunderpick.com,not contacted,
oriental100.com,oriental,0,Parker B.V.,OGL/2024/1844/1064,Curacao,active,"August 12, 2026",no,oriental100.com,not contacted,
pegas21.com,pegas,0,Pegasus 19 B.V.,OGL/2023/187/0094,Curacao,active,"March 2, 2026",no,pegas21.com,not contacted,
12bet.com,bet,0,Pexcellent Services Ltd B.V.,OGL/2024/1370/0893,Curacao,active,"August 19, 2026",no,12bet.com,not contacted,
waspbet.live,waspbet,0,Platinum Technology N.V.,OGL/2024/137/0132,Curacao,assessment in progress,"December 24, 2025",no,waspbet.live,not contacted,
pkrdm.best,pkrdm,0,PlayDOM B.V.,OGL/2024/487/0459,Curacao,active,"May 9, 2026",no,pkrdm.best,not contacted,
slotszer.com,slotszer,0,Playvision Group B.V.,OGL/2024/968/0753,Curacao,active,"March 25, 2026",no,slotszer.com,not contacted,
7spin.com,spin,1,Plustar N.V.,OGL/2024/138/0289,Curacao,active,"May 19, 2026",no,7spin.com 7spin.vip,not contacted,
najahbet.com,najahbet,0,Poinder B.V.,OGL/2024/991/0875,Curacao,assessment in progress,"December 24, 2025",no,najahbet.com,not contacted,
betwinner.com,betwinner,8,Prevailer B.V.,OGL/2024/341/0759,Curacao,active,"March 28, 2026",no,betwinner.com betwinner.zone betwinner3.com betwinner4.com betwinner2.com betwinner7.com betwinner-54327.pro betwinner-18314.pro,not contacted,
mintdice.com,mintdice,0,Prism Sentinel N.V.,OGL/2024/1739/0965,Curacao,active,"July 22, 2026",no,mintdice.com,not contacted,
goldorada.com,goldorada,0,Promotech N.V.,OGL/2024/611/0233,Curacao,assessment in progress,"December 24, 2025",no,goldorada.com,not contacted,
luckydays.com,luckydays,0,Raging Rhino N.V.,OGL/2024/1675/0903,Curacao,active,"March 26, 2026",no,luckydays.com,not contacted,
kirgo.io,kirgo,1,Raining Games N.V.,OGL/2024/2252/1179,Curacao,active,"February 22, 2026",no,kirgo.io kirgo.com,not contacted,
roobet.pl,roobet,12,Raw Entertainment B.V.,OGL/2024/687/0427,Curacao,assessment in progress,"December 24, 2025",no,roobet.pl roobet.gg roobet.com roobet.wtf roobet.pub roobet.boo roobet.art roobet.one,not contacted,
red777.com,red,0,Red777 N.V.,OGL/2024/948/0661,Curacao,assessment in progress,"December 24, 2025",no,red777.com,not contacted,
joefortune.com,joefortune,1,Ridley Media N.V.,OGL/2024/676/0726,Curacao,active,"July 14, 2026",no,joefortune.com joefortune.ooo,not contacted,
championpoker.com,championpoker,0,Riviera Entertainment N.V.,OGL/2024/1367/1045,Curacao,active,"August 4, 2026",no,championpoker.com,not contacted,
zapaposta.com,zapaposta,0,Royal Assa N.V.,OGL/2024/1372/0659,Curacao,active,"April 23, 2026",no,zapaposta.com,not contacted,
beatbet.com,beatbet,0,Royal Bonanza B.V.,OGL/2024/304/0398,Curacao,assessment in progress,"December 24, 2025",no,beatbet.com,not contacted,
estelarbet.cl,estelarbet,3,S3 Tech N.V.,OGL/2024/1347/0683,Curacao,active,"March 3, 2026",no,estelarbet.cl estelarbet.com estelarbet.vip estelarbet.bet,not contacted,
op7.io,op,0,SKY Sports N.V.,OGL/2024/434/0469,Curacao,active,"November 19, 2025",no,op7.io,not contacted,
slotmill.com,slotmill,0,SM Tech B.V.,OGL/2024/1293/0543,Curacao,active,"February 12, 2026",no,slotmill.com,not contacted,
trustdice.win,trustdice,0,Satoshi Gaming Group N.V.,OGL/2024/664/0280,Curacao,assessment in progress,"December 24, 2025",no,trustdice.win,not contacted,
casino-wonder.com,casinowonder,0,Sector Media N.V.,OGL/2024/919/0589,Curacao,active,"December 16, 2025",no,casino-wonder.com,not contacted,
selector-casino.net,selectorcasino,0,Selector Group N.V.,OGL/2024/755/0908,Curacao,active,"April 14, 2026",no,selector-casino.net,not contacted,
wptglobal.com,wptglobal,0,Seventip N.V.,OGL/2024/522/0354,Curacao,assessment in progress,"December 24, 2025",no,wptglobal.com,not contacted,
paripulse.com,paripulse,0,Seventoria B.V.,OGL/2024/301/0477,Curacao,assessment in progress,"December 24, 2025",no,paripulse.com,not contacted,
oddsgate.com,oddsgate,0,Shapefy B.V.,OGL/2024/232/0307,Curacao,active,"March 10, 2026",no,oddsgate.com,not contacted,
milosbet.com,milosbet,0,Skysea Tech N.V.,OGL/2024/867/0414,Curacao,active,"January 22, 2026",no,milosbet.com,not contacted,
slotbox.com,slotbox,0,Slotbox N.V.,OGL/2024/1381/0615,Curacao,active,"August 12, 2026",no,slotbox.com,not contacted,
bullchance.com,bullchance,0,Softclub N.V.,OGL/2024/2327/1196,Curacao,active,"August 14, 2026",no,bullchance.com,not contacted,
sonne.bet,sonne,0,Sonne N.V.,OGL/2024/1162/0455,Curacao,assessment in progress,"December 24, 2025",no,sonne.bet,not contacted,
plazaplay.com,plazaplay,0,Sort Services B.V.,OGL/2024/1305/0545,Curacao,assessment in progress,"December 24, 2025",no,plazaplay.com,not contacted,
tapx2.com,tapx,0,SparkTech N.V.,OGL/2024/1969/1113,Curacao,active,"March 3, 2026",no,tapx2.com,not contacted,
luckngo.com,luckngo,0,Spinola ventures B.V.,OGL/2024/2086/1138,Curacao,active,"June 4, 2026",no,luckngo.com,not contacted,
db-bet.com,dbbet,0,Sport Tech N.V.,OGL/2024/574/0913,Curacao,assessment in progress,"December 24, 2025",no,db-bet.com,not contacted,
moonspin.com,moonspin,0,Swivel B.V.,OGL/2024/634/0590,Curacao,active,"March 30, 2026",no,moonspin.com,not contacted,
siii.com,siii,0,TTM Gaming N.V.,OGL/2024/810/0298,Curacao,assessment in progress,"December 24, 2025",no,siii.com,not contacted,
luckyhaul.io,luckyhaul,3,Techcore Holding B.V.,OGL/2024/222/0540,Curacao,active,"April 14, 2026",no,luckyhaul.io luckyhaul.vip luckyhaul.win luckyhaul.online,not contacted,
tigergaming.com,tigergaming,0,Thot Management B.V.,OGL/2024/1132/0522,Curacao,active,"May 19, 2026",no,tigergaming.com,not contacted,
topcgame.com,topcgame,0,Topc B.V.,OGL/2024/792/0305,Curacao,active,"July 3, 2026",no,topcgame.com,not contacted,
top-x-go.com,topxgo,0,Topxgo N.V.,OGL/2024/496/0781,Curacao,active,"November 23, 2025",no,top-x-go.com,not contacted,
slots.com,slots,0,Torero Media B.V.,OGL/2024/669/0816,Curacao,active,"March 24, 2026",no,slots.com,not contacted,
jeetopak.com,jeetopak,0,Torsher B.V.,OGL/2024/986/0876,Curacao,assessment in progress,"December 24, 2025",no,jeetopak.com,not contacted,
goal365.bet,goal,0,Trigonon Group N.V.,OGL/2024/659/0586,Curacao,active,"May 23, 2026",no,goal365.bet,not contacted,
777spins.online,spins,0,Turn1 B.V.,OGL/2024/236/0117,Curacao,active,"May 9, 2026",no,777spins.online,not contacted,
monkeytilt.com,monkeytilt,0,Umiiumii B.V.,OGL/2024/524/0355,Curacao,active,"July 22, 2026",no,monkeytilt.com,not contacted,
bet4win.net,betwin,0,UnityBet B.V.,OGL/2024/1994/1120,Curacao,assessment in progress,"December 27, 2025",no,bet4win.net,not contacted,
betfury.cl,betfury,2,Universe B Games B.V.,OGL/2024/1494/0942,Curacao,active,"July 31, 2026",no,betfury.cl betfury.io betfury.com,not contacted,
vavada.com,vavada,0,Vavada B.V.,OGL/2024/252/0153,Curacao,assessment in progress,"December 24, 2025",no,vavada.com,not contacted,
1xbet.asia,xbet,2,Velatus N.V.,OGL/2024/1593/0817,Curacao,assessment in progress,"December 24, 2025",no,1xbet.asia 1x-bet.asia 1-x-bet.asia,not contacted,
vivardocasino.com,vivardocasino,0,Vivardo N.V.,OGL/2024/1383/0619,Curacao,active,"March 3, 2026",no,vivardocasino.com,not contacted,
ibizapalace.com,ibizapalace,0,Wainsworth Ludomatics N.V.,OGL/2024/1216/0465,Curacao,assessment in progress,"December 24, 2025",no,ibizapalace.com,not contacted,
redracer.bet,redracer,1,Win Pro Games B.V.,OGL/2024/470/0175,Curacao,assessment in progress,"December 24, 2025",no,redracer.bet play.redracer.bet,not contacted,
patersonbet.com,patersonbet,0,Winholding B.V.,OGL/2024/1290/0515,Curacao,active,"May 25, 2026",no,patersonbet.com,not contacted,
winity.com,winity,0,Winlink B.V.,OGL/2024/886/0978,Curacao,active,"May 9, 2026",no,winity.com,not contacted,
winnables.com,winnables,0,Winna B.V.,OGL/2024/1087/0807,Curacao,assessment in progress,"January 14, 2026",no,winnables.com,not contacted,
fachaigaming.com,fachaigaming,0,WiselnNet Technologies B.V.,OGL/2024/1184/1010,Curacao,active,"February 22, 2026",no,fachaigaming.com,not contacted,
xtime-casino.com,xtimecasino,0,X-Time Team B.V.,OGL/2024/608/0269,Curacao,revoked,,no,xtime-casino.com,not contacted,
casongo.com,casongo,0,XZ Solutions B.V.,OGL/2024/609/0253,Curacao,assessment in progress,"December 24, 2025",no,casongo.com,not contacted,
sekabet.com,sekabet,0,ZConsulting B.V.,OGL/2024/1248/0716,Curacao,active,"May 23, 2026",no,sekabet.com,not contacted,
7azbet.com,azbet,0,Zaptorica B.V.,OGL/2024/692/0303,Curacao,assessment in progress,"December 24, 2025",no,7azbet.com,not contacted,
zenith-crest.com,zenithcrest,0,Zenith Crest B.V.,OGL/2023/134/0063,Curacao,assessment in progress,"December 24, 2025",no,zenith-crest.com,not contacted,
3dice.com,dice,0,Zoomba B.V.,OGL/2024/1197/0563,Curacao,active,"March 24, 2026",no,3dice.com,not contacted,
