source,tier,domain,brand,email,email_source,operator,licence,licence_status,expiry,confidence,flag,status,contacted_on
anjouan,A,zlot.com,Zlot,marketing@zlot.com,contact page,Obsidian Titan Limited,ALSI-202602052-FI2,,2027-02-27,licence-matched,,DRAFT ONLY — NOT SENT,
anjouan,A,bet10bet.com,Bet10bet,info@bet10bet.com,affiliate page,Riotorto Digital LTD,ALSI-202601035-FI1,,2027-01-14,licence-matched,,DRAFT ONLY — NOT SENT,
anjouan,A,pk8.com,Poker King,rakesh.sharma@a5labs.co,contact page,High Gaming IT Services Limited,ALSI-202603023-FI1,,2027-03-13,licence-matched,,DRAFT ONLY — NOT SENT,
anjouan,A,yasalbahis.com,Yasalbahis,info@yasalbahis.com,affiliate page,Nowplatform Ltd.,ALSI-202509021-Fll,,2026-09-15,licence-matched,,DRAFT ONLY — NOT SENT,
anjouan,A,narniumcasino.com,NarniumCasino,support@narniumcasino.com,contact page,Narnium Solutions Ltd,ALSI-202511055-FI2,,2026-11-29,licence-matched,,DRAFT ONLY — NOT SENT,
anjouan,A,narniaslots.com,NarniaSlots,support@narniaslots.com,contact page,Narnium Solutions Ltd,ALSI-202511055-FI2,,2026-11-29,licence-matched,,DRAFT ONLY — NOT SENT,
anjouan,A,narniumslots.com,NarniumSlots,support@narniumslots.com,contact page,Narnium Solutions Ltd,ALSI-202511055-FI2,,2026-11-29,licence-matched,,DRAFT ONLY — NOT SENT,
anjouan,A,fatbets.com,Gamdom,support@gamdom.com,affiliate page,Fatbets Ltd,ALSI-202508054-FI2,,2026-08-28,licence-matched,,DRAFT ONLY — NOT SENT,
anjouan,A,raize.poker,RAIZE,hey@raize.poker,contact page,3-102-943085 SRL,ALSI-202511038-FI2,,2026-11-30,licence-matched,,DRAFT ONLY — NOT SENT,
anjouan,B,ligobet.com,Ligobet,marketing@ligobet.com,affiliate page,Obsidian Titan Limited,ALSI-202602052-FI2,,2027-02-27,licence-matched,,DRAFT ONLY — NOT SENT,
anjouan,B,starzbet.com,Starzbet,winwith@infernopartners.com,affiliate page,Obsidian Titan Limited,ALSI-202602052-FI2,,2027-02-27,licence-matched,,DRAFT ONLY — NOT SENT,
anjouan,B,dodobet.com,Dodobet global,marketing@dodobetglobal.com,affiliate page,Obsidian Titan Limited,ALSI-202602052-FI2,,2027-02-27,licence-matched,,DRAFT ONLY — NOT SENT,
anjouan,B,matadorbet.com,Matadorbet,destek@matadorbet.com,contact page,Galactic Infinity Ltd,ALSI-202511048-FI2,,2026-11-29,licence-matched,,DRAFT ONLY — NOT SENT,
anjouan,B,zbahis.com,Zbahis,support@zbahis.com,contact page,Galactic Infinity Ltd,ALSI-202511048-FI2,,2026-11-29,licence-matched,,DRAFT ONLY — NOT SENT,
anjouan,B,spinman.com,Spinman,support@spinman.com,affiliate page,Fortuna Digital Solutions FDS Limitada,ALSI-202509068-FI2,,2026-09-29,licence-matched,,DRAFT ONLY — NOT SENT,
anjouan,B,partybet.ai,PartyBet,support@partybet.fun,affiliate page,On Read SRL,ALSI-202508060-FI2,,2026-08-28,licence-matched,,DRAFT ONLY — NOT SENT,
anjouan,B,partybet.casino,PartyBet,support@partybet.fun,affiliate page,On Read SRL,ALSI-202508060-FI2,,2026-08-28,licence-matched,,DRAFT ONLY — NOT SENT,
anjouan,B,partybet.fun,Partybet,support@partybet.fun,affiliate page,On Read SRL,ALSI-202508060-FI2,,2026-08-28,licence-matched,,DRAFT ONLY — NOT SENT,
anjouan,B,partybet.social,PartyBet,support@partybet.fun,affiliate page,On Read SRL,ALSI-202508060-FI2,,2026-08-28,licence-matched,,DRAFT ONLY — NOT SENT,
anjouan,B,partybet.bot,PartyBet,support@partybet.fun,affiliate page,On Read SRL,ALSI-202508060-FI2,,2026-08-28,licence-matched,,DRAFT ONLY — NOT SENT,
anjouan,B,partybet.win,PartyBet,support@partybet.fun,affiliate page,On Read SRL,ALSI-202508060-FI2,,2026-08-28,licence-matched,,DRAFT ONLY — NOT SENT,
anjouan,B,bizbet.mobi,BizBet Africa,support-en@africa-bizbet.com,contact page,Gameway Global LLC,ALSI-202511025-FI2,,2026-11-29,licence-matched,,DRAFT ONLY — NOT SENT,
anjouan,B,bizbet-biz.com,Bizbet Biz,support-en@bizbet-biz.com,contact page,Gameway Global LLC,ALSI-202511025-FI2,,2026-11-29,licence-matched,,DRAFT ONLY — NOT SENT,
anjouan,B,africa-bizbet.com,BizBet Africa,support-en@africa-bizbet.com,contact page,Gameway Global LLC,ALSI-202511025-FI2,,2026-11-29,licence-matched,,DRAFT ONLY — NOT SENT,
anjouan,B,evetabi.com,EvetAbi,info@evetabi.com,affiliate page,Mistletoe Ltd,ALSI-202508061-FI2,,2026-08-28,licence-matched,,DRAFT ONLY — NOT SENT,
anjouan,B,letou.com,Letou,cs@letou.com,affiliate page,RegalTech Solutions Limitada,ALSI-202602046-FI2,,2027-02-27,licence-matched,,DRAFT ONLY — NOT SENT,
anjouan,B,lt.com,Lt,cs@letou.com,affiliate page,RegalTech Solutions Limitada,ALSI-202602046-FI2,,2027-02-27,licence-matched,,DRAFT ONLY — NOT SENT,
anjouan,B,afrislots.net,AfriSlots,legal@afrislots.net,contact page,Juicecraft Limited,ALSI-202511012-FI1,,2026-11-14,licence-matched,,DRAFT ONLY — NOT SENT,
anjouan,B,gbetplay.net,Gbet,abuse@gbetplay.net,contact page,Juicecraft Limited,ALSI-202511012-FI1,,2026-11-14,licence-matched,,DRAFT ONLY — NOT SENT,
anjouan,B,ganamega.net,GanaMega,support@ganamega.net,contact page,Juicecraft Limited,ALSI-202511012-FI1,,2026-11-14,licence-matched,,DRAFT ONLY — NOT SENT,
anjouan,B,elvisluck.net,ElvisLuck,hello@elvisluck.net,contact page,Juicecraft Limited,ALSI-202511012-FI1,,2026-11-14,licence-matched,,DRAFT ONLY — NOT SENT,
anjouan,B,vegazcasino.com,vegazcasino,info@affpartnergroup.com,affiliate page,MOONSEEKER SRL,ALSI-202509006-FI1,,2026-09-15,licence-matched,,DRAFT ONLY — NOT SENT,
anjouan,B,volacasino.com,Vola,info@volacasino.com,affiliate page,Nowplatform Ltd.,ALSI-202509021-Fll,,2026-09-15,licence-matched,,DRAFT ONLY — NOT SENT,
anjouan,B,bhaicasino.com,BhaiCasino,support@bhaicasino.com,affiliate page,Capitanos Games Ltd,ALSI-202509071-FI2,,2026-09-29,licence-matched,,DRAFT ONLY — NOT SENT,
anjouan,B,bluebetz.com,Bluebetz,support@bluebetz.com,affiliate page,Capitanos Games Ltd,ALSI-202509071-FI2,,2026-09-29,licence-matched,,DRAFT ONLY — NOT SENT,
anjouan,B,cwinz.com,Cwinz,support@cwinz.com,affiliate page,Capitanos Games Ltd,ALSI-202509071-FI2,,2026-09-29,licence-matched,,DRAFT ONLY — NOT SENT,
anjouan,B,jokertipp.com,Joker Tipp,support@jokertipp.com,contact page,Mirella Ltd,ALSI-202509009-FI1,,2026-09-15,licence-matched,,DRAFT ONLY — NOT SENT,
anjouan,B,kirabet.com,Kira.Bet,info@kirabet.com,affiliate page,Arkevia Group Ltd,ALSI-202510025-FI1,,2026-10-15,licence-matched,,DRAFT ONLY — NOT SENT,
anjouan,B,molcasino.com,Mol,info@molcasino.com,affiliate page,Arkevia Group Ltd,ALSI-202510025-FI1,,2026-10-15,licence-matched,,DRAFT ONLY — NOT SENT,
anjouan,B,tomi.club,Tomi,info@tomi.club,affiliate page,Arkevia Group Ltd,ALSI-202510025-FI1,,2026-10-15,licence-matched,,DRAFT ONLY — NOT SENT,
anjouan,B,twixos.com,Twixos,privacy@twixos.com,contact page,Global Score Ltd,ALSI-202509002-FI1,,2026-09-15,licence-matched,,DRAFT ONLY — NOT SENT,
anjouan,B,cooked.com,Cooked,support@cooked.com,affiliate page,Digital Chain Ventures SRL,ALSI-202509004-FI1,,2026-09-15,licence-matched,,DRAFT ONLY — NOT SENT,
anjouan,B,j8de.io,J8DE,support@j8de.io,affiliate page,3-102-937610 SRL,ALSI-202510054-FI2,,2026-10-28,licence-matched,,DRAFT ONLY — NOT SENT,
anjouan,B,kush.casino,Kush,support@kush.casino,contact page,3-102-937610 SRL,ALSI-202510054-FI2,,2026-10-28,licence-matched,,DRAFT ONLY — NOT SENT,
anjouan,B,blockdag.co,BlockDAG,commercials@blockdag.co,affiliate page,3-102-946540 SRL,ALSI-202511024-FI2,,2026-11-29,licence-matched,,DRAFT ONLY — NOT SENT,
anjouan,B,luckyclash.io,Early Access,info@luckyclash.info,affiliate page,Prime Entertainment Ltd,ALSI-202603032-FI1,,2027-03-15,licence-matched,,DRAFT ONLY — NOT SENT,
anjouan,B,fenixbet.online,FenixBet,support@fenixbet.online,contact page,Spiritus Limited,ALSI-202603056-FI2,,2027-03-30,licence-matched,,DRAFT ONLY — NOT SENT,
anjouan,B,orowin.bet,Orowin,support@orowin.bet,contact page,Win Vision N.V.,ALSI-202605001-FI1,,2027-05-07,licence-matched,,DRAFT ONLY — NOT SENT,
anjouan,B,sikkaro.bet,Sikkarobet,support@sikkaro.bet,contact page,Win Vision N.V.,ALSI-202605001-FI1,,2027-05-07,licence-matched,,DRAFT ONLY — NOT SENT,
anjouan,B,funbet888.me,Funbet,reach.us@funbet.me,affiliate page,3-102-938581 Limitada,ALSI-202508066-FI2,,2026-08-28,licence-matched,,DRAFT ONLY — NOT SENT,
anjouan,B,funbet.me,Funbet,reach.us@funbet.me,affiliate page,3-102-938581 Limitada,ALSI-202508066-FI2,,2026-08-28,licence-matched,,DRAFT ONLY — NOT SENT,
anjouan,B,grizzly.online,Grizzly,affiliate@grizzly.bingo,affiliate page,GC Service Group Ltd,ALSI-202508052-FI2,,2026-08-28,licence-matched,,DRAFT ONLY — NOT SENT,
anjouan,B,grizzly.win,Grizzly,affiliate@grizzly.bingo,affiliate page,GC Service Group Ltd,ALSI-202508052-FI2,,2026-08-28,licence-matched,,DRAFT ONLY — NOT SENT,
anjouan,B,369wins.com,369Wins,support@369wins.com,affiliate page,Anzal Ltd,ALSI-202510004-FI1,,2026-10-15,licence-matched,,DRAFT ONLY — NOT SENT,
anjouan,B,gold24x7.com,Gold,admin@gold.casino,affiliate page,3-102-944744 SRL,ALSI-202510061-FI2,,2026-10-28,licence-matched,,DRAFT ONLY — NOT SENT,
anjouan,B,playbet.io,Playbet,info@playbet.io,affiliate page,Aurevia Digital Ventures Ltd,ALSI-202510058-FI2,,2026-10-28,licence-matched,,DRAFT ONLY — NOT SENT,
anjouan,B,getwin.online,Getwin,support@getwin.online,affiliate page,3-102-945845 SRL,ALSI-202511035-FI2,,2026-11-29,licence-matched,,DRAFT ONLY — NOT SENT,
anjouan,B,fortislots.com,Fortislots,support@fortislots.com,affiliate page,3-102-945845 SRL,ALSI-202511035-FI2,,2026-11-29,licence-matched,,DRAFT ONLY — NOT SENT,
anjouan,B,pro11casino.com,Pro11casino,support@pro11casino.com,affiliate page,3-102-947393 SRL,ALSI-202511030-FI2,,2026-11-29,licence-matched,,DRAFT ONLY — NOT SENT,
anjouan,B,aryanbet.com,Aryanbet,info@aryanbet.com,affiliate page,3-102-946386 SRL,ALSI-202512003-FI1,,2026-12-14,licence-matched,,DRAFT ONLY — NOT SENT,
anjouan,B,drazzewin.com,Drazze,partners@drazze.casino,affiliate page,Drazze Limited,ALSI-202512040-FI1,,2026-12-21,licence-matched,,DRAFT ONLY — NOT SENT,
anjouan,B,drazze.casino,Drazze,partners@drazze.casino,affiliate page,Drazze Limited,ALSI-202512040-FI1,,2026-12-21,licence-matched,,DRAFT ONLY — NOT SENT,
anjouan,B,roulobets.com,Roulo,support@roulo.gg,affiliate page,Roulo Interactive Games LLC,ALSI-202602053-FI2,,2027-02-15,licence-matched,,DRAFT ONLY — NOT SENT,
anjouan,B,bet808.com,Bet808,support@bet808.com,affiliate page,Play Fortune Entertainment Ltd,ALSI-202603053-FI2,,2027-03-30,licence-matched,,DRAFT ONLY — NOT SENT,
anjouan,B,gamblit.net,Gamblit,support@gamblit.net,affiliate page,3-102-954785 LIMITADA,ALSI-202604028-FI2,,2027-04-28,licence-matched,,DRAFT ONLY — NOT SENT,
anjouan,B,ezcash.casino,EZCASH,support@ezcash.casino,contact page,EZCS Solutions Ltd,ALSI-202509047-FI1,,2026-09-02,licence-matched,,DRAFT ONLY — NOT SENT,
anjouan,B,megapot.io,Megapot,support@megapot.io,contact page,Megapot Inc,ALSI-202510018-FI1,,2026-10-15,licence-matched,,DRAFT ONLY — NOT SENT,
anjouan,B,whalebet.gg,WhaleBet,partners@whalebet.gg,affiliate page,3-102-942955 SRL,ALSI-202511004-FI1,,2026-11-03,licence-matched,,DRAFT ONLY — NOT SENT,
anjouan,B,slot.win,Slot,support@slot.win,affiliate page,3-102-942828 SRL,ALSI-202511006-FI1,,2026-11-14,licence-matched,,DRAFT ONLY — NOT SENT,
anjouan,B,stakeboss.com,Stakeboss Home,support@stakeboss.com,contact page,3-102-947775 Limitada,ALSI-202511052-FI2,,2026-11-29,licence-matched,,DRAFT ONLY — NOT SENT,
anjouan,B,aldex.win,Aldex Win,support@aldex.com,contact page,Aldex Win Ltd,ALSI-202512034-FI1,,2026-12-21,licence-matched,,DRAFT ONLY — NOT SENT,
anjouan,B,luminous.casino,Luminous,support@luminous.casino,contact page,LuminousCompany Ltd.,ALSI-202601036-FI1,,2027-01-04,licence-matched,,DRAFT ONLY — NOT SENT,
anjouan,B,betida.com,BETIDA,partner@betida.com,affiliate page,Betida Entertainment Ltd,ALSI-202512002-FI1,,2026-12-14,licence-matched,,DRAFT ONLY — NOT SENT,
anjouan,B,gamwiz.com,Gamwiz,support@gamwiz.com,affiliate page,Gamwiz Inc,ALSI-202602039-FI2,,2027-02-27,licence-matched,,DRAFT ONLY — NOT SENT,
anjouan,B,cat2bet.com,Cat2Bet,sac@cat2bet.com,contact page,Terravista Entertainment Ltd,ALSI-202603022-FI1,,2027-03-08,licence-matched,,DRAFT ONLY — NOT SENT,
anjouan,B,hyperoll.com,Hyperoll Crypto,contact@hyperoll.com,contact page,Quantum House Ltd,ALSI-202602027-FI2,,2027-02-27,licence-matched,,DRAFT ONLY — NOT SENT,
anjouan,B,sansli.io,Sansli,support@sansli.io,contact page,Dragonfruit Limited,ALSI-202603060-FI2,,2027-03-30,licence-matched,,DRAFT ONLY — NOT SENT,
anjouan,B,trenchbet.com,Trench Bet,support@trenchbet.com,affiliate page,Lock In Capital Ltd,ALSI-202604039-FI2,,2027-04-28,licence-matched,,DRAFT ONLY — NOT SENT,
anjouan,B,casinityx.com,casinityx,support@casinityx.com,affiliate page,3-102-942477 SRL,ALSI-202509036-FI1,,2026-09-15,licence-matched,,DRAFT ONLY — NOT SENT,
anjouan,B,wildroll.com,WildRoll,support@wildroll.com,affiliate page,Jackpot Junction Limited,ALSI-202509011-FI1,,2026-09-15,licence-matched,,DRAFT ONLY — NOT SENT,
anjouan,B,dustbit.com,Dustbit,support@dustbit.com,affiliate page,Oxilium Limited,ALSI-202509012-FI1,,2026-09-15,licence-matched,,DRAFT ONLY — NOT SENT,
anjouan,B,degen.com,Degen,support@degen.com,affiliate page,Degen Legend Limitada,ALSI-202509061-FI2,,2026-09-18,licence-matched,,DRAFT ONLY — NOT SENT,
anjouan,B,arba777.com,Arba777,support@arba777.com,affiliate page,Rtech LTD,ALSI-202509056-FI2,,2026-09-29,licence-matched,,DRAFT ONLY — NOT SENT,
anjouan,B,casino007.com,Casino007,affiliate@casino007.com,affiliate page,3-102-942052 SRL,ALSI-202510008-FI1,,2026-10-15,licence-matched,,DRAFT ONLY — NOT SENT,
anjouan,B,betet77.com,Sports,support@betet77.com,affiliate page,GF CLUB Seven Seven Limitada,ALSI-202510016-FI1,,2026-10-15,licence-matched,,DRAFT ONLY — NOT SENT,
anjouan,B,zunabet.com,Zunabet.com,affiliates@zunabet.com,affiliate page,Strathvale Group Ltd,ALSI-202510047-FI2,,2026-10-28,licence-matched,,DRAFT ONLY — NOT SENT,
anjouan,B,forzabet.live,Forza.Bet,support@forzabet.live,affiliate page,BeLion International Holdings Ltd.,ALSI-202510053-FI2,,2026-10-28,licence-matched,,DRAFT ONLY — NOT SENT,
anjouan,B,bolt-casino.com,Bolt,contact@bolt-casino.com,affiliate page,3-102-946302 SRL,ALSI-202512028-FI1,,2026-12-21,licence-matched,,DRAFT ONLY — NOT SENT,
anjouan,B,degencity.com,DegenCity,support@degencity.com,affiliate page,3-102-939867 Limitada,ALSI-202601025-FI1,,2027-01-14,licence-matched,,DRAFT ONLY — NOT SENT,
anjouan,B,jeevybet.com,Jeevybet,support@jeevybet.com,affiliate page,3-102-947122 SRL,ALSI-202601034-FI1,,2027-01-14,licence-matched,,DRAFT ONLY — NOT SENT,
anjouan,B,betbanksy.com,Betbanksy,affiliate@betbanksy.com,affiliate page,SSA Technologies Ltd.,ALSI-202601017-FI1,,2027-01-14,licence-matched,,DRAFT ONLY — NOT SENT,
anjouan,B,winup.io,Winup,support@winup.io,affiliate page,3-102-952740 SRL,ALSI-202601062-FI2,,2027-01-30,licence-matched,,DRAFT ONLY — NOT SENT,
anjouan,B,metawin.com,Metawin,affiliates@arena.com,affiliate page,Rivolo Limited,ALSI-202602025-FI1,,2027-02-15,licence-matched,,DRAFT ONLY — NOT SENT,
anjouan,B,castle.com,Castle,partners@castle.com,affiliate page,Broken Tentacle Ltd,ALSI-202602048-FI2,,2027-02-27,licence-matched,,DRAFT ONLY — NOT SENT,
anjouan,B,gamealotroyale.com,Gamealotroyale,support@gamealotroyale.com,affiliate page,3-102-954988 SRL,ALSI-202602051-FI2,,2027-02-27,licence-matched,,DRAFT ONLY — NOT SENT,
anjouan,B,batcasino.bet,Batcasino,support@batcasino.bet,affiliate page,3-102-953033 SRL,ALSI-202602037-FI2,,2027-02-27,licence-matched,,DRAFT ONLY — NOT SENT,
anjouan,B,maksibet.com,Maksibet,info@maksibet.com,affiliate page,3-102-939685 SRL,ALSI-202603030-FI1,,2027-03-07,licence-matched,,DRAFT ONLY — NOT SENT,
anjouan,B,lugarbet.com,LugarBet,support@lugarbet.com,affiliate page,3-102-951260 SRL,ALSI-202603001-FI1,,2027-03-13,licence-matched,,DRAFT ONLY — NOT SENT,
anjouan,B,bettogames.com,Bettogames,support@bettogames.com,affiliate page,3-102-954365 SRL,ALSI-202603002-FI1,,2027-03-13,licence-matched,,DRAFT ONLY — NOT SENT,
anjouan,B,cosmoracasinos.com,Cosmoracasinos,support@cosmoracasinos.com,affiliate page,3-102-958311 SRL,ALSI-202604029-FI2,,2027-04-28,licence-matched,,DRAFT ONLY — NOT SENT,
anjouan,C,fixbet.com,Fixbet,destek@fixbet.com,contact page,Galactic Infinity Ltd,ALSI-202511048-FI2,,2026-11-29,licence-matched,,DRAFT ONLY — NOT SENT,
anjouan,C,levabet.com,LevaBet,affiliate@levabet.com,affiliate page,Mistletoe Ltd,ALSI-202508061-FI2,,2026-08-28,licence-matched,,DRAFT ONLY — NOT SENT,
anjouan,C,betpir.com,Betpir,affiliate@betpir.com,contact page,Mistletoe Ltd,ALSI-202508061-FI2,,2026-08-28,licence-matched,,DRAFT ONLY — NOT SENT,
anjouan,C,matixbet.com,MatixBet,affiliate@matixbet.com,affiliate page,Mistletoe Ltd,ALSI-202508061-FI2,,2026-08-28,licence-matched,,DRAFT ONLY — NOT SENT,
anjouan,C,ustabet.com,Ustabet,support@ustabet.com,affiliate page,Real Tech Ltd,ALSI-202601013-FI1,,2027-01-14,licence-matched,,DRAFT ONLY — NOT SENT,
anjouan,C,betbeto.com,Betbeto,support@betbeto.com,affiliate page,Capitanos Games Ltd,ALSI-202509071-FI2,,2026-09-29,licence-matched,,DRAFT ONLY — NOT SENT,
anjouan,C,betmarino.com,Betmarino,chupurnov@gmail.com,affiliate page,Real Tech Ltd,ALSI-202601013-FI1,,2027-01-14,licence-matched,,DRAFT ONLY — NOT SENT,
anjouan,C,fortunehub.io,Fortune HUB,support@fortunehub.io,contact page,Fortune HUB OÜ,ALSI-202512031-FI1,,2026-12-21,licence-matched,,DRAFT ONLY — NOT SENT,
anjouan,C,betsmove.com,Betsmove,support@betsmove.com,contact page,Vesaro Limited,ALSI-202604046-FI2,,2027-04-28,licence-matched,,DRAFT ONLY — NOT SENT,
anjouan,C,betfal.com,Home,info@betfal.com,contact page,Anzal Ltd,ALSI-202510004-FI1,,2026-10-15,licence-matched,,DRAFT ONLY — NOT SENT,
anjouan,C,caposino.com,Caposino,support@mangodorado.com,contact page,CONDOOR V.P. LIMITED,ALSI-202510026-FI1,,2026-10-15,licence-matched,,DRAFT ONLY — NOT SENT,
anjouan,C,slotbaba.com,Slotbaba Official,info@slotbaba.com,contact page,IsleSoft Lab Ltd.,ALSI-202601011-FI1,,2027-01-14,licence-matched,,DRAFT ONLY — NOT SENT,
anjouan,C,oxy.casino,OXY,support@oxy.casino,contact page,Spiritus Limited,ALSI-202603056-FI2,,2027-03-30,licence-matched,,DRAFT ONLY — NOT SENT,
anjouan,C,tonplay.com,Tonplay,info.partners@tonplay.com,affiliate page,Galaxy Byte Lab SRL,ALSI-202508040-FI2,,2026-08-28,licence-matched,,DRAFT ONLY — NOT SENT,
anjouan,C,booty.casino,Booty,support@booty.casino,affiliate page,BMGruppe Ltd,ALSI-202510020-FI1,,2026-10-15,licence-matched,,DRAFT ONLY — NOT SENT,
anjouan,C,casinocrypto.io,CasinoCrypto,affiliates@casinocrypto.io,affiliate page,BMGruppe Ltd,ALSI-202510020-FI1,,2026-10-15,licence-matched,,DRAFT ONLY — NOT SENT,
anjouan,C,gold.casino,Gold,admin@gold.casino,affiliate page,3-102-944744 SRL,ALSI-202510061-FI2,,2026-10-28,licence-matched,,DRAFT ONLY — NOT SENT,
anjouan,C,robobet.com,Robobet,info@robobet.com,affiliate page,Aurevia Digital Ventures Ltd,ALSI-202510058-FI2,,2026-10-28,licence-matched,,DRAFT ONLY — NOT SENT,
anjouan,C,richevoslot.com,RICHEVO,support@game.com,contact page,Nuvorich Limited,ALSI-202509053-FI2,,2026-09-29,licence-matched,,DRAFT ONLY — NOT SENT,
anjouan,C,phonix.casino,Phonix,help@phonix.casino,contact page,3-102-939892 SRL,ALSI-202510006-FI1,,2026-10-15,licence-matched,,DRAFT ONLY — NOT SENT,
anjouan,C,loonieplay.com,loonieplay.com,info@loonieplay.com,affiliate page,Kingside Push Ltd,ALSI-202509025-FI1,,2026-09-15,licence-matched,,DRAFT ONLY — NOT SENT,
anjouan,C,spinay.com,Spinay,support@spinay.com,contact page,Oranox Ltd,ALSI-202601012-FI1,,2027-01-14,licence-matched,,DRAFT ONLY — NOT SENT,
anjouan,C,graildraw.com,GrailDraw,you@email.com,contact page,Grail Technologies Ltd.,ALSI-202512005-FI1,,2026-12-14,licence-matched,,DRAFT ONLY — NOT SENT,
anjouan,C,redslot.com,Access Restricted,support@redslot.com,contact page,3-102-953088 SRL,ALSI-202603040-FI2,,2027-03-30,licence-matched,,DRAFT ONLY — NOT SENT,
anjouan,C,vegasking.io,Vegasking,support@dragoon.dev,contact page,Royal Edge Holdings Limited,ALSI-202604013-FI1,,2027-04-13,licence-matched,,DRAFT ONLY — NOT SENT,
anjouan,C,slapperzz.com,Slapperzz,support@slapperzz.com,affiliate page,3-102-942611 SRL,ALSI-202509041-FI1,,2026-09-15,licence-matched,,DRAFT ONLY — NOT SENT,
anjouan,C,riskiiit.com,riskiiit,support@riskiiit.com,affiliate page,Overcooked Entertainment Ltd.,ALSI-202511044-FI2,,2026-11-29,licence-matched,,DRAFT ONLY — NOT SENT,
anjouan,C,hyperwin.org,Hyperwin,support@hyperwin.org,affiliate page,3-102-948725 SRL,ALSI-202512016-FI1,,2026-12-14,licence-matched,,DRAFT ONLY — NOT SENT,
anjouan,C,ibitplay.com,air1bet,support@air1bet.com,affiliate page,Coderstuff Ltd.,ALSI-202601029-FI1,,2027-01-14,licence-matched,,DRAFT ONLY — NOT SENT,
anjouan,C,cola.com,Cola.com,cola@gmail.com,affiliate page,Desert Star Limited,ALSI-202602041-FI2,,2027-02-27,licence-matched,,DRAFT ONLY — NOT SENT,
anjouan,C,enomocasino.com,Еномо Казино,support@enomocasino.com,affiliate page,3-102-944179 SRL,ALSI-202603016-FI1,,2027-02-28,licence-matched,,DRAFT ONLY — NOT SENT,
anjouan,C,mollydice.com,Mollydice,support@mollydice.com,affiliate page,Satoshi Labs Ltd,ALSI-202605020-FI1,,2027-05-14,licence-matched,,DRAFT ONLY — NOT SENT,
anjouan,A,slotin.com,Slotin,,,Obsidian Titan Limited,ALSI-202602052-FI2,,2027-02-27,licence-matched,,DRAFT ONLY — NOT SENT,
anjouan,A,baywin.com,Baywin,,,Obsidian Titan Limited,ALSI-202602052-FI2,,2027-02-27,licence-matched,,DRAFT ONLY — NOT SENT,
anjouan,A,maltcasino.com,MaltCasino,,,Fortuna Digital Solutions FDS Limitada,ALSI-202509068-FI2,,2026-09-29,licence-matched,,DRAFT ONLY — NOT SENT,
anjouan,A,pinbahis.com,Pinbahis,,,Fortuna Digital Solutions FDS Limitada,ALSI-202509068-FI2,,2026-09-29,licence-matched,,DRAFT ONLY — NOT SENT,
anjouan,A,tipobet.com,Tipobet Adresi,,,Galactic Infinity Ltd,ALSI-202511048-FI2,,2026-11-29,licence-matched,,DRAFT ONLY — NOT SENT,
anjouan,A,u2is.tech,U2IS,,,U2IS Limited,ALSI-202601056-FI2,,2027-01-30,licence-matched,,DRAFT ONLY — NOT SENT,
anjouan,A,voodoo.casino,Voodoo,,,Novatrix SRL,ALSI-202508056-FI2,,2026-08-24,licence-matched,,DRAFT ONLY — NOT SENT,
anjouan,A,betticket.com,Betticket,,,Riotorto Digital LTD,ALSI-202601035-FI1,,2027-01-14,licence-matched,,DRAFT ONLY — NOT SENT,
anjouan,A,grandbetting.com,Grandbetting,,,Riotorto Digital LTD,ALSI-202601035-FI1,,2027-01-14,licence-matched,,DRAFT ONLY — NOT SENT,
anjouan,A,queenbet.com,Queenbet,,,Riotorto Digital LTD,ALSI-202601035-FI1,,2027-01-14,licence-matched,,DRAFT ONLY — NOT SENT,
anjouan,A,betlike.com,Betlike,,,Riotorto Digital LTD,ALSI-202601035-FI1,,2027-01-14,licence-matched,,DRAFT ONLY — NOT SENT,
anjouan,A,betphoenix.ag,Betphoenix,,,International Radical Investment Ltd,ALSI-202509042-FI1,,2027-09-15,licence-matched,,DRAFT ONLY — NOT SENT,
anjouan,A,meritwin.com,Meritwin,,,Nowplatform Ltd.,ALSI-202509021-Fll,,2026-09-15,licence-matched,,DRAFT ONLY — NOT SENT,
anjouan,A,wpk.com,WePoker官网,,,High Gaming IT Services Limited,ALSI-202603023-FI1,,2027-03-13,licence-matched,,DRAFT ONLY — NOT SENT,
anjouan,A,wepoker.com,WePoker官网,,,High Gaming IT Services Limited,ALSI-202603023-FI1,,2027-03-13,licence-matched,,DRAFT ONLY — NOT SENT,
anjouan,A,stack.bet,Stack.bet,,,3-102-936714 SRL,ALSI-202512010-FI1,,2026-12-14,licence-matched,,DRAFT ONLY — NOT SENT,
anjouan,B,otobet.com,Otobet,,,Obsidian Titan Limited,ALSI-202602052-FI2,,2027-02-27,licence-matched,,DRAFT ONLY — NOT SENT,
anjouan,B,betpublic.com,SoloBet AMP,,,Obsidian Titan Limited,ALSI-202602052-FI2,,2027-02-27,licence-matched,,DRAFT ONLY — NOT SENT,
anjouan,B,bycasino.com,Bycasino,,,Obsidian Titan Limited,ALSI-202602052-FI2,,2027-02-27,licence-matched,,DRAFT ONLY — NOT SENT,
anjouan,B,betira.com,Betira lic,,,Obsidian Titan Limited,ALSI-202602052-FI2,,2027-02-27,licence-matched,,DRAFT ONLY — NOT SENT,
anjouan,B,northwin.com,Northwin lic,,,Obsidian Titan Limited,ALSI-202602052-FI2,,2027-02-27,licence-matched,,DRAFT ONLY — NOT SENT,
anjouan,B,solobet.com,SoloBet AMP,,,Obsidian Titan Limited,ALSI-202602052-FI2,,2027-02-27,licence-matched,,DRAFT ONLY — NOT SENT,
anjouan,B,yekbet.com,Yekbet,,,Fortuna Digital Solutions FDS Limitada,ALSI-202509068-FI2,,2026-09-29,licence-matched,,DRAFT ONLY — NOT SENT,
anjouan,B,asyabahis.com,Asyabahis,,,Fortuna Digital Solutions FDS Limitada,ALSI-202509068-FI2,,2026-09-29,licence-matched,,DRAFT ONLY — NOT SENT,
anjouan,B,dumanbet.com,Dumanbet,,,Fortuna Digital Solutions FDS Limitada,ALSI-202509068-FI2,,2026-09-29,licence-matched,,DRAFT ONLY — NOT SENT,
anjouan,B,tipobet365.com,Tipobet,,,Galactic Infinity Ltd,ALSI-202511048-FI2,,2026-11-29,licence-matched,,DRAFT ONLY — NOT SENT,
anjouan,B,betturkey.com,Betturkey,,,Galactic Infinity Ltd,ALSI-202511048-FI2,,2026-11-29,licence-matched,,DRAFT ONLY — NOT SENT,
anjouan,B,longtian.bet,LONG TIAN,,,U2IS Limited,ALSI-202601056-FI2,,2027-01-30,licence-matched,,DRAFT ONLY — NOT SENT,
anjouan,B,oncasi.com,ONCASI 最新ゲーム搭載オンカジ,,,U2IS Limited,ALSI-202601056-FI2,,2027-01-30,licence-matched,,DRAFT ONLY — NOT SENT,
anjouan,B,a1slot.net,A1slot,,,U2IS Limited,ALSI-202601056-FI2,,2027-01-30,licence-matched,,DRAFT ONLY — NOT SENT,
anjouan,B,bizbet.io,Bizbet,,,Gameway Global LLC,ALSI-202511025-FI2,,2026-11-29,licence-matched,,DRAFT ONLY — NOT SENT,
anjouan,B,bizbet-au.com,BizBet,,,Gameway Global LLC,ALSI-202511025-FI2,,2026-11-29,licence-matched,,DRAFT ONLY — NOT SENT,
anjouan,B,artcasino.io,ArtCasino.io,,,Wild Blackfin Limited SRL,ALSI-202601043-FI2,,2027-01-30,licence-matched,,DRAFT ONLY — NOT SENT,
anjouan,B,casinoorca.com,Casinoorca,,,Wild Blackfin Limited SRL,ALSI-202601043-FI2,,2027-01-30,licence-matched,,DRAFT ONLY — NOT SENT,
anjouan,B,wett-bet.com,WETT BET,,,Wild Blackfin Limited SRL,ALSI-202601043-FI2,,2027-01-30,licence-matched,,DRAFT ONLY — NOT SENT,
anjouan,B,lumibet.com,LumiBet,,,Wild Blackfin Limited SRL,ALSI-202601043-FI2,,2027-01-30,licence-matched,,DRAFT ONLY — NOT SENT,
anjouan,B,winspin.ai,WinSpin,,,Wild Blackfin Limited SRL,ALSI-202601043-FI2,,2027-01-30,licence-matched,,DRAFT ONLY — NOT SENT,
anjouan,B,betcrush.com,Betcrush,,,Wild Blackfin Limited SRL,ALSI-202601043-FI2,,2027-01-30,licence-matched,,DRAFT ONLY — NOT SENT,
anjouan,B,howzitcasino.com,Howzit.com,,,RegalTech Solutions Limitada,ALSI-202602046-FI2,,2027-02-27,licence-matched,,DRAFT ONLY — NOT SENT,
anjouan,B,mrcat.com,Mrcat,,,RegalTech Solutions Limitada,ALSI-202602046-FI2,,2027-02-27,licence-matched,,DRAFT ONLY — NOT SENT,
anjouan,B,trendbet.com,Trendbet,,,Maltech Ltd,ALSI-202603007-FI1,,2027-03-13,licence-matched,,DRAFT ONLY — NOT SENT,
anjouan,B,parobet.com,Parobet,,,Maltech Ltd,ALSI-202603007-FI1,,2027-03-13,licence-matched,,DRAFT ONLY — NOT SENT,
anjouan,B,cryptobosscasino.com,CryptoBoss,,,3-102-937046 SRL,ALSI-202509033-FI1,,2026-09-15,licence-matched,,DRAFT ONLY — NOT SENT,
anjouan,B,unlimcasino.com,Unlim казино официальный сайт,,,3-102-937046 SRL,ALSI-202509033-FI1,,2026-09-15,licence-matched,,DRAFT ONLY — NOT SENT,
anjouan,B,casinohype.com,Hype казино официальный сайт,,,3-102-937046 SRL,ALSI-202509033-FI1,,2026-09-15,licence-matched,,DRAFT ONLY — NOT SENT,
anjouan,B,aufcasino.com,Auf казино официальный сайт,,,3-102-937046 SRL,ALSI-202509033-FI1,,2026-09-15,licence-matched,,DRAFT ONLY — NOT SENT,
anjouan,B,winbitcasino.com,winbitcasino,,,MOONSEEKER SRL,ALSI-202509006-FI1,,2026-09-15,licence-matched,,DRAFT ONLY — NOT SENT,
anjouan,B,bogartcasino.ag,Bogart,,,International Radical Investment Ltd,ALSI-202509042-FI1,,2027-09-15,licence-matched,,DRAFT ONLY — NOT SENT,
anjouan,B,mondcasino.com,Mond,,,MOONSEEKER SRL,ALSI-202509006-FI1,,2026-09-15,licence-matched,,DRAFT ONLY — NOT SENT,
anjouan,B,casinostars.io,CasinoStars,,,MOONSEEKER SRL,ALSI-202509006-FI1,,2026-09-15,licence-matched,,DRAFT ONLY — NOT SENT,
anjouan,B,betmania.ag,Betmania,,,International Radical Investment Ltd,ALSI-202509042-FI1,,2027-09-15,licence-matched,,DRAFT ONLY — NOT SENT,
anjouan,B,majorx.game,MajorX,,,Ay Information Technology LTD,ALSI-202511017-FI1,,2026-11-14,licence-matched,,DRAFT ONLY — NOT SENT,
anjouan,B,minorx.game,MinorX,,,Ay Information Technology LTD,ALSI-202511017-FI1,,2026-11-14,licence-matched,,DRAFT ONLY — NOT SENT,
anjouan,B,grandx.game,GrandX,,,Ay Information Technology LTD,ALSI-202511017-FI1,,2026-11-14,licence-matched,,DRAFT ONLY — NOT SENT,
anjouan,B,minix.game,MiniX,,,Ay Information Technology LTD,ALSI-202511017-FI1,,2026-11-14,licence-matched,,DRAFT ONLY — NOT SENT,
anjouan,B,avrupabet.com,Avrupa nın En Büyük,,,Real Tech Ltd,ALSI-202601013-FI1,,2027-01-14,licence-matched,,DRAFT ONLY — NOT SENT,
anjouan,B,celtabet.com,Celtabet Türkiye,,,3-102-952681 SRL,ALSI-202603008-FI1,,2027-03-13,licence-matched,,DRAFT ONLY — NOT SENT,
anjouan,B,parmabet.com,Parmabet,,,3-102-952681 SRL,ALSI-202603008-FI1,,2027-03-13,licence-matched,,DRAFT ONLY — NOT SENT,
anjouan,B,sportsduel.com,Sports Duel,,,Kitsilano Limitada,ALSI-202508065-FI2,,2026-08-28,licence-matched,,DRAFT ONLY — NOT SENT,
anjouan,B,squadduel.com,Squad Duel,,,Kitsilano Limitada,ALSI-202508065-FI2,,2026-08-28,licence-matched,,DRAFT ONLY — NOT SENT,
anjouan,B,betanic.com,Games,,,Kitsilano Limitada,ALSI-202508065-FI2,,2026-08-28,licence-matched,,DRAFT ONLY — NOT SENT,
anjouan,B,questjack.com,Questjack,,,QuestJack Ltd,ALSI-202508055-FI2,,2026-08-28,licence-matched,,DRAFT ONLY — NOT SENT,
anjouan,B,tibiablackjack.com,Tibiablackjack,,,QuestJack Ltd,ALSI-202508055-FI2,,2026-08-28,licence-matched,,DRAFT ONLY — NOT SENT,
anjouan,B,sierra.casino,Sierra,,,Mirella Ltd,ALSI-202509009-FI1,,2026-09-15,licence-matched,,DRAFT ONLY — NOT SENT,
anjouan,B,olipsbet.com,Olipsbet,,,Evoluxia Limitada,ALSI-202510013-FI1,,2026-10-15,licence-matched,,DRAFT ONLY — NOT SENT,
anjouan,B,freespinz.com,Freespinz,,,Pacific Odds SRL,ALSI-202510032-FI1,,2026-10-15,licence-matched,,DRAFT ONLY — NOT SENT,
anjouan,B,erc20play.com,Erc20Play,,,Fortune HUB OÜ,ALSI-202512031-FI1,,2026-12-21,licence-matched,,DRAFT ONLY — NOT SENT,
anjouan,B,tycoonwin.com,Tycoon,,,3-102-950476 LIMITADA,ALSI-202602013-FI1,,2027-02-15,licence-matched,,DRAFT ONLY — NOT SENT,
anjouan,B,xbagh.casino,xBagh,,,Ingrex Tech LTD,ALSI-202602050-FI2,,2027-02-27,licence-matched,,DRAFT ONLY — NOT SENT,
anjouan,B,egebet.com,Egebet Web Sitesi,,,3-102-947593 SRL,ALSI-202603005-FI1,,2027-03-13,licence-matched,,DRAFT ONLY — NOT SENT,
anjouan,B,parolambet.com,Loading,,,3-102-952932 SRL,ALSI-202604027-FI2,,2027-04-28,licence-matched,,DRAFT ONLY — NOT SENT,
anjouan,B,spin.io,Spin.io,,,FunGame LLC,ALSI-202508063-FI2,,2026-08-28,licence-matched,,DRAFT ONLY — NOT SENT,
anjouan,B,betbeast.com,BetBeast,,,FunGame LLC,ALSI-202508063-FI2,,2026-08-28,licence-matched,,DRAFT ONLY — NOT SENT,
anjouan,B,juegojoker.com,JuegoJoker,,,Nova Code Limitada,ALSI-202508064-FI2,,2026-08-28,licence-matched,,DRAFT ONLY — NOT SENT,
anjouan,B,grbets.com,Grbets Adresi,,,Eagle Nobility LTD,ALSI-202509017-FI1,,2026-09-15,licence-matched,,DRAFT ONLY — NOT SENT,
anjouan,B,acarbet.com,Acarbet Adresi,,,Eagle Nobility LTD,ALSI-202509017-FI1,,2026-09-15,licence-matched,,DRAFT ONLY — NOT SENT,
anjouan,B,cryptogaming.com,CryptoGaming,,,Digital Chain Ventures SRL,ALSI-202509004-FI1,,2026-09-15,licence-matched,,DRAFT ONLY — NOT SENT,
anjouan,B,spassino.com,Spassino,,,Total Unlimited Marketing Ltd,ALSI-202509001-FI1,,2026-09-15,licence-matched,,DRAFT ONLY — NOT SENT,
anjouan,B,zenobet.com,Zenobet,,,Zenobet Ltd,ALSI-202509034-FI1,,2026-09-15,licence-matched,,DRAFT ONLY — NOT SENT,
anjouan,B,zenobet.gg,Zenobet,,,Zenobet Ltd,ALSI-202509034-FI1,,2026-09-15,licence-matched,,DRAFT ONLY — NOT SENT,
anjouan,B,madcasino.org,Mad,,,3-102-938906 SRL,ALSI-202510009-FI1,,2026-10-15,licence-matched,,DRAFT ONLY — NOT SENT,
anjouan,B,mad.casino,Mad,,,3-102-938906 SRL,ALSI-202510009-FI1,,2026-10-15,licence-matched,,DRAFT ONLY — NOT SENT,
anjouan,B,g4mbit.com,G4mbit,,,CONDOOR V.P. LIMITED,ALSI-202510026-FI1,,2026-10-15,licence-matched,,DRAFT ONLY — NOT SENT,
anjouan,B,lavbet.co,LavBet,,,Lavbet Limitada,ALSI-202510027-FI1,,2026-10-15,licence-matched,,DRAFT ONLY — NOT SENT,
anjouan,B,lavbet.com,LavBet,,,Lavbet Limitada,ALSI-202510027-FI1,,2026-10-15,licence-matched,,DRAFT ONLY — NOT SENT,
anjouan,B,k1.game,K1 Game,,,3-102-938908 SRL,ALSI-202511053-FI2,,2026-11-29,licence-matched,,DRAFT ONLY — NOT SENT,
anjouan,B,lv33.com,LV33,,,3-102-945737 SRL,ALSI-202511032-FI2,,2026-11-29,licence-matched,,DRAFT ONLY — NOT SENT,
anjouan,B,lv33.io,LV33,,,3-102-945737 SRL,ALSI-202511032-FI2,,2026-11-29,licence-matched,,DRAFT ONLY — NOT SENT,
anjouan,B,xprobet.com,Xprobet,,,3-102-946386 SRL,ALSI-202512003-FI1,,2026-12-14,licence-matched,,DRAFT ONLY — NOT SENT,
anjouan,B,gangabet.mx,GANGABET Apuestas y,,,OW Internacional Ltd,ALSI-202512013-FI1,,2026-12-14,licence-matched,,DRAFT ONLY — NOT SENT,
anjouan,B,spinrain.com,SpinRain,,,IsleSoft Lab Ltd.,ALSI-202601011-FI1,,2027-01-14,licence-matched,,DRAFT ONLY — NOT SENT,
anjouan,B,stradabet.com,Stradabet,,,Luxora Interactive Limited,ALSI-202601032-FI1,,2027-01-14,licence-matched,,DRAFT ONLY — NOT SENT,
anjouan,B,roulo.gg,Roulo,,,Roulo Interactive Games LLC,ALSI-202602053-FI2,,2027-02-15,licence-matched,,DRAFT ONLY — NOT SENT,
anjouan,B,qqpk.com,QQPK,,,QQPOKER Technology Limited,ALSI-202603009-FI1,,2027-03-13,licence-matched,,DRAFT ONLY — NOT SENT,
anjouan,B,normal-game.com,Normal Game,,,3-102-950813 LIMITADA,ALSI-202603038-FI2,,2027-03-30,licence-matched,,DRAFT ONLY — NOT SENT,
anjouan,B,normal.game,Normal,,,3-102-950813 LIMITADA,ALSI-202603038-FI2,,2027-03-30,licence-matched,,DRAFT ONLY — NOT SENT,
anjouan,B,jackpot88.io,Jackpot88,,,3-102-950412 LIMITADA,ALSI-202603036-FI2,,2027-03-30,licence-matched,,DRAFT ONLY — NOT SENT,
anjouan,B,jp88.io,Jp88,,,3-102-950412 LIMITADA,ALSI-202603036-FI2,,2027-03-30,licence-matched,,DRAFT ONLY — NOT SENT,
anjouan,B,10x10bet.com,TEN by TEN BET 10x10bet,,,Normanhouse LTD,ALSI-202603050-FI2,,2027-03-30,licence-matched,,DRAFT ONLY — NOT SENT,
anjouan,B,10x10.bet,Home,,,Normanhouse LTD,ALSI-202603050-FI2,,2027-03-30,licence-matched,,DRAFT ONLY — NOT SENT,
anjouan,B,keyzino.com,Keyzino,,,Dexbay Ltd,ALSI-202604033-FI2,,2027-04-28,licence-matched,,DRAFT ONLY — NOT SENT,
anjouan,B,stepsino.com,Stepsino,,,Dexbay Ltd,ALSI-202604033-FI2,,2027-04-28,licence-matched,,DRAFT ONLY — NOT SENT,
anjouan,B,vamoplay.com,Vamo Play,,,3-102-938326 SRL,ALSI-202508062-FI2,,2026-08-28,licence-matched,,DRAFT ONLY — NOT SENT,
anjouan,B,greatslots.com,Great,,,BrightSky Ltd,ALSI-202508057-FI2,,2026-08-28,licence-matched,,DRAFT ONLY — NOT SENT,
anjouan,B,betmonks.com,Betmonks,,,Gamerly Holding Ltd,ALSI-202508059-FI2,,2026-08-28,licence-matched,,DRAFT ONLY — NOT SENT,
anjouan,B,betitor.com,Betitor,,,3-102-941073 SRL,ALSI-202509018-FI1,,2026-09-15,licence-matched,,DRAFT ONLY — NOT SENT,
anjouan,B,dadastake.com,Dadastake,,,Fortaluna Ltd,ALSI-202509045-FI1,,2026-09-15,licence-matched,,DRAFT ONLY — NOT SENT,
anjouan,B,kikabet.com,Kikabet,,,Blackwave Ltd.,ALSI-202509019-FI1,,2026-09-15,licence-matched,,DRAFT ONLY — NOT SENT,
anjouan,B,gameside.io,Gameside,,,Final Whistle Ltd,ALSI-202509022-FI1,,2026-09-15,licence-matched,,DRAFT ONLY — NOT SENT,
anjouan,B,anubet.com,AnuBet,,,Hexiro Ltd,ALSI-202509043-FI1,,2026-09-15,licence-matched,,DRAFT ONLY — NOT SENT,
anjouan,B,7red.com,7Red.com Online,,,Red Ace Limited,ALSI-202509030-FI1,,2026-09-15,licence-matched,,DRAFT ONLY — NOT SENT,
anjouan,B,warriorbet.io,Warriorbet,,,3-102-938960 SRL,ALSI-202509057-FI2,,2026-09-29,licence-matched,,DRAFT ONLY — NOT SENT,
anjouan,B,tucanbit.io,TucanBit,,,3-102-940901 SRL,ALSI-202509055-FI2,,2026-09-29,licence-matched,,DRAFT ONLY — NOT SENT,
anjouan,B,megasino.win,Megasino,,,Karthala Ventures Ltd,ALSI-202510014-FI1,,2026-10-08,licence-matched,,DRAFT ONLY — NOT SENT,
anjouan,B,welvura1.com,Welvura,,,3-102-943707 SRL,ALSI-202510019-FI1,,2026-10-15,licence-matched,,DRAFT ONLY — NOT SENT,
anjouan,B,imperia.bet,IMPERIABET,,,3-102-939877 SRL,ALSI-202510024-FI1,,2026-10-15,licence-matched,,DRAFT ONLY — NOT SENT,
anjouan,B,americaloto.com,Jogue America Loto,,,Lucky AML Ltd,ALSI-202510001-FI1,,2026-10-15,licence-matched,,DRAFT ONLY — NOT SENT,
anjouan,B,case-battle.com,Case,,,MILLENNIUM LIMITED,ALSI-202510003-FI1,,2026-10-15,licence-matched,,DRAFT ONLY — NOT SENT,
anjouan,B,chance.net,Chance,,,Chance Ltd,ALSI-202510039-FI2,,2026-10-26,licence-matched,,DRAFT ONLY — NOT SENT,
anjouan,B,buffalo-casino.com,BUFFALO,,,3-102-945833 SRL,ALSI-202510062-FI2,,2026-10-28,licence-matched,,DRAFT ONLY — NOT SENT,
anjouan,B,coolt.casino,Сoolt,,,Nuveau Ltd,ALSI-202510045-FI2,,2026-10-28,licence-matched,,DRAFT ONLY — NOT SENT,
anjouan,B,tomcasino.net,Tomcasino,,,3-102-941391 SRL,ALSI-202511019-FI1,,2026-11-14,licence-matched,,DRAFT ONLY — NOT SENT,
anjouan,B,dicey.com,Play,,,3-102-943011 SRL,ALSI-202511054-FI2,,2026-11-29,licence-matched,,DRAFT ONLY — NOT SENT,
anjouan,B,8win.com.my,8win,,,3-102-946565 SRL,ALSI-202511031-FI2,,2026-11-29,licence-matched,,DRAFT ONLY — NOT SENT,
anjouan,B,surewin168.com,sureWin,,,3-102-948637 SRL,ALSI-202511046-FI2,,2026-11-29,licence-matched,,DRAFT ONLY — NOT SENT,
anjouan,B,bet502.com,Bet502,,,Netsolution Holding Ltd.,ALSI-202511057-FI2,,2026-11-29,licence-matched,,DRAFT ONLY — NOT SENT,
anjouan,B,kktcbet.com,Ana Sayfa,,,Nicosia Betting Ltd,ALSI-202512025-FI1,,2026-12-14,licence-matched,,DRAFT ONLY — NOT SENT,
anjouan,B,vegabro.com,VegaBro,,,Vega Technologies Holding Limited,ALSI-202512019-FI1,,2026-12-14,licence-matched,,DRAFT ONLY — NOT SENT,
anjouan,B,lukkly.com,LUKKLY,,,Nexluck Ltd,ALSI-202512012-FI1,,2026-12-14,licence-matched,,DRAFT ONLY — NOT SENT,
anjouan,B,cs2skin.com,CS2SKIN,,,3-102-946905 SRL,ALSI-202512033-FI1,,2026-12-21,licence-matched,,DRAFT ONLY — NOT SENT,
anjouan,B,tubetrd.com,TuBetRD,,,3-102-948797 SRL,ALSI-202512037-FI1,,2026-12-21,licence-matched,,DRAFT ONLY — NOT SENT,
anjouan,B,scattr.com,SCATTR,,,Triglyph Technologies Ltd,ALSI-202512039-FI1,,2026-12-21,licence-matched,,DRAFT ONLY — NOT SENT,
anjouan,B,wilderbet.com,Wilderbet,,,VitaCore Limited,ALSI-202512038-FI1,,2026-12-21,licence-matched,,DRAFT ONLY — NOT SENT,
anjouan,B,leclubbet.com,LeClubBet,,,LeClub Bet Ltd,ALSI-202601019-FI1,,2027-01-14,licence-matched,,DRAFT ONLY — NOT SENT,
anjouan,B,crash2x.com,Crash2x,,,Meta Jack Inc.,ALSI-202601024-FI1,,2027-01-14,licence-matched,,DRAFT ONLY — NOT SENT,
anjouan,B,artemisbet.com,Artemisbet,,,Star Moss Ltd,ALSI-202601004-FI1,,2027-01-14,licence-matched,,DRAFT ONLY — NOT SENT,
anjouan,B,winro.io,Winro,,,August Gaming Ltd,ALSI-202601039-FI2,,2027-01-23,licence-matched,,DRAFT ONLY — NOT SENT,
anjouan,B,sweatbet.io,Sweatbet,,,3-102-944260 SRL,ALSI-202601052-FI2,,2027-01-30,licence-matched,,DRAFT ONLY — NOT SENT,
anjouan,B,like.casino,LikeCasino,,,3-102-948639 SRL,ALSI-202601050-FI2,,2027-01-30,licence-matched,,DRAFT ONLY — NOT SENT,
anjouan,B,moon.com,Moon,,,Moon International Ltd,ALSI-202601063-FI2,,2027-01-30,licence-matched,,DRAFT ONLY — NOT SENT,
anjouan,B,roketbahis.com,Oyun Zamanı,,,Laulani Investment Ltd,ALSI-202601057-FI2,,2027-01-30,licence-matched,,DRAFT ONLY — NOT SENT,
anjouan,B,gameslots.com,GameSlots,,,Solid X Ltd,ALSI-202602002-FI1,,2027-01-31,licence-matched,,DRAFT ONLY — NOT SENT,
anjouan,B,betoriz.com,Betoriz lic,,,Kingslayer Entertainment Ltd,ALSI-202602006-FI1,,2027-02-05,licence-matched,,DRAFT ONLY — NOT SENT,
anjouan,B,nolimit.com,Nolimit,,,Fuego Mediatech Ltd,ALSI-202602003-FI1,,2027-02-05,licence-matched,,DRAFT ONLY — NOT SENT,
anjouan,B,pokerjoker.com,Pokerjoker,,,PJK Trading Ltd,ALSI-202602001-FI1,,2027-02-15,licence-matched,,DRAFT ONLY — NOT SENT,
anjouan,B,sportifpro.com,SportifPro,,,Ameriserv LLC,ALSI-202602034-FI2,,2027-02-27,licence-matched,,DRAFT ONLY — NOT SENT,
anjouan,B,craze.casino,Craze,,,Gridline Limited,ALSI-202602036-FI2,,2027-02-27,licence-matched,,DRAFT ONLY — NOT SENT,
anjouan,B,slotzula.com,Slotzula,,,Rambo Corp Limited,ALSI-202603015-FI1,,2027-03-13,licence-matched,,DRAFT ONLY — NOT SENT,
anjouan,B,pokerclubhub.com,Play & Host Online Poker Clubs,,,3-102-953867 SRL,ALSI-202604005-FI1,,2027-04-13,licence-matched,,DRAFT ONLY — NOT SENT,
anjouan,B,10x.win,Home 10xwin,,,Vantage Crest Ltd,ALSI-202603058-FI2,,2027-03-30,licence-matched,,DRAFT ONLY — NOT SENT,
anjouan,B,mybc.game,MYBC,,,AceQueen Limited,ALSI-202604006-FI1,,2027-04-13,licence-matched,,DRAFT ONLY — NOT SENT,
anjouan,B,hellocasino.io,HelloCasino,,,3-102-940372 SRL,ALSI-202604020-FI2,,2027-04-28,licence-matched,,DRAFT ONLY — NOT SENT,
anjouan,B,kranz.top,Kranz Top,,,3-102-952153 SRL,ALSI-202604024-FI2,,2027-04-28,licence-matched,,DRAFT ONLY — NOT SENT,
anjouan,B,reeljoy.com,Reeljoy,,,3-102-952820 SRL,ALSI-202604026-FI2,,2027-04-28,licence-matched,,DRAFT ONLY — NOT SENT,
anjouan,B,legenddrop.com,LegendDrop,,,Legenddrop Ltd,ALSI-202604012-FI1,,2027-04-13,licence-matched,,DRAFT ONLY — NOT SENT,
anjouan,B,ganare.com,Ganare,,,Born Champion Entertainment Ltd,ALSI-202604031-FI2,,2027-04-28,licence-matched,,DRAFT ONLY — NOT SENT,
anjouan,B,interwin.com,Interwin,,,3-102-959230 SRL,ALSI-202604030-FI2,,2027-04-28,licence-matched,,DRAFT ONLY — NOT SENT,
anjouan,B,playandpredict.io,Play and Predict,,,Blackmere Ltd,ALSI-202605032-FI1,,2027-05-10,licence-matched,,DRAFT ONLY — NOT SENT,
anjouan,B,star.gg,STAR.GG,,,Skyborn Limited,ALSI-202605021-FI1,,2027-05-14,licence-matched,,DRAFT ONLY — NOT SENT,
anjouan,B,hype247.bet,Hype247,,,One Crane Studio Ltd,ALSI-202604043-FI2,,2027-04-28,licence-matched,,DRAFT ONLY — NOT SENT,
anjouan,C,betewin.com,Betewin Adresi,,,Obsidian Titan Limited,ALSI-202602052-FI2,,2027-02-27,licence-matched,,DRAFT ONLY — NOT SENT,
anjouan,C,jasino.com,Jasino,,,Obsidian Titan Limited,ALSI-202602052-FI2,,2027-02-27,licence-matched,,DRAFT ONLY — NOT SENT,
anjouan,C,olabahis.com,Olabahis,,,Fortuna Digital Solutions FDS Limitada,ALSI-202509068-FI2,,2026-09-29,licence-matched,,DRAFT ONLY — NOT SENT,
anjouan,C,bahis.com,Bahis,,,Galactic Infinity Ltd,ALSI-202511048-FI2,,2026-11-29,licence-matched,,DRAFT ONLY — NOT SENT,
anjouan,C,sahabet.com,Sahabet,,,Galactic Infinity Ltd,ALSI-202511048-FI2,,2026-11-29,licence-matched,,DRAFT ONLY — NOT SENT,
anjouan,C,partybet.app,Partybet,,,On Read SRL,ALSI-202508060-FI2,,2026-08-28,licence-matched,,DRAFT ONLY — NOT SENT,
anjouan,C,winpeso.asia,Winpeso,,,U2IS Limited,ALSI-202601056-FI2,,2027-01-30,licence-matched,,DRAFT ONLY — NOT SENT,
anjouan,C,mn-bizbet.io,BizBet Mongolia,,,Gameway Global LLC,ALSI-202511025-FI2,,2026-11-29,licence-matched,,DRAFT ONLY — NOT SENT,
anjouan,C,kuzeycasino.com,nginx,,,Mistletoe Ltd,ALSI-202508061-FI2,,2026-08-28,licence-matched,,DRAFT ONLY — NOT SENT,
anjouan,C,betixir.com,Betixir,,,Maltech Ltd,ALSI-202603007-FI1,,2027-03-13,licence-matched,,DRAFT ONLY — NOT SENT,
anjouan,C,capitolbet.com,Capitolbet,,,Maltech Ltd,ALSI-202603007-FI1,,2027-03-13,licence-matched,,DRAFT ONLY — NOT SENT,
anjouan,C,taksimbet.com,Taksimbet,,,Maltech Ltd,ALSI-202603007-FI1,,2027-03-13,licence-matched,,DRAFT ONLY — NOT SENT,
anjouan,C,skybook.ag,Skybook,,,International Radical Investment Ltd,ALSI-202509042-FI1,,2027-09-15,licence-matched,,DRAFT ONLY — NOT SENT,
anjouan,C,haydicasino.com,Haydicasino Adresi Güncellendi,,,Nowplatform Ltd.,ALSI-202509021-Fll,,2026-09-15,licence-matched,,DRAFT ONLY — NOT SENT,
anjouan,C,bahizz.com,Bahizz,,,High Gaming IT Services Limited,ALSI-202603023-FI1,,2027-03-13,licence-matched,,DRAFT ONLY — NOT SENT,
anjouan,C,tibiadice.com,Tibia Dice,,,QuestJack Ltd,ALSI-202508055-FI2,,2026-08-28,licence-matched,,DRAFT ONLY — NOT SENT,
anjouan,C,elipsbet.com,ElipsBet,,,Evoluxia Limitada,ALSI-202510013-FI1,,2026-10-15,licence-matched,,DRAFT ONLY — NOT SENT,
anjouan,C,ebete.com,Ebete,,,Pacific Odds SRL,ALSI-202510032-FI1,,2026-10-15,licence-matched,,DRAFT ONLY — NOT SENT,
anjouan,C,ssplaywin.club,SSExchange,,,3-102-942786 SRL,ALSI-202512001-FI1,,2026-11-30,licence-matched,,DRAFT ONLY — NOT SENT,
anjouan,C,ssexch.io,SSExchange,,,3-102-942786 SRL,ALSI-202512001-FI1,,2026-11-30,licence-matched,,DRAFT ONLY — NOT SENT,
anjouan,C,satfair.in,Sportsexch,,,3-102-942786 SRL,ALSI-202512001-FI1,,2026-11-30,licence-matched,,DRAFT ONLY — NOT SENT,
anjouan,C,kavbet.com,Kavbet,,,3-102-949697 SRL,ALSI-202602021-FI1,,2027-02-15,licence-matched,,DRAFT ONLY — NOT SENT,
anjouan,C,mavibet.com,Mavibet,,,3-102-949697 SRL,ALSI-202602021-FI1,,2027-02-15,licence-matched,,DRAFT ONLY — NOT SENT,
anjouan,C,nakitbahis.com,Nakitbahis,,,3-102-949697 SRL,ALSI-202602021-FI1,,2027-02-15,licence-matched,,DRAFT ONLY — NOT SENT,
anjouan,C,spingreen.casino,SpinGreen,,,3-102-950476 LIMITADA,ALSI-202602013-FI1,,2027-02-15,licence-matched,,DRAFT ONLY — NOT SENT,
anjouan,C,ampm.casino,Ampm,,,3-102-950476 LIMITADA,ALSI-202602013-FI1,,2027-02-15,licence-matched,,DRAFT ONLY — NOT SENT,
anjouan,C,kheli.bet,Kheli,,,Ingrex Tech LTD,ALSI-202602050-FI2,,2027-02-27,licence-matched,,DRAFT ONLY — NOT SENT,
anjouan,C,tengri.casino,tengri,,,Ingrex Tech LTD,ALSI-202602050-FI2,,2027-02-27,licence-matched,,DRAFT ONLY — NOT SENT,
anjouan,C,hotslot.com,Hotslot Site,,,3-102-947593 SRL,ALSI-202603005-FI1,,2027-03-13,licence-matched,,DRAFT ONLY — NOT SENT,
anjouan,C,slotio.com,Slotio,,,3-102-947593 SRL,ALSI-202603005-FI1,,2027-03-13,licence-matched,,DRAFT ONLY — NOT SENT,
anjouan,C,casshiva.com,Loading,,,3-102-952932 SRL,ALSI-202604027-FI2,,2027-04-28,licence-matched,,DRAFT ONLY — NOT SENT,
anjouan,C,donebets.com,Loading,,,3-102-952932 SRL,ALSI-202604027-FI2,,2027-04-28,licence-matched,,DRAFT ONLY — NOT SENT,
anjouan,C,matbet.com,Matbet,,,Vesaro Limited,ALSI-202604046-FI2,,2027-04-28,licence-matched,,DRAFT ONLY — NOT SENT,
anjouan,C,elitcasino.com,Elitcasino,,,Vesaro Limited,ALSI-202604046-FI2,,2027-04-28,licence-matched,,DRAFT ONLY — NOT SENT,
anjouan,C,80bet.com,80벳,,,88gaming B.V.,ALSI-202508037-FI1,,2026-08-19,licence-matched,,DRAFT ONLY — NOT SENT,
anjouan,C,bet16.com,벳16,,,88gaming B.V.,ALSI-202508037-FI1,,2026-08-19,licence-matched,,DRAFT ONLY — NOT SENT,
anjouan,C,acespinz.com,Hello There,,,Flashpot Ltd,ALSI-202508053-FI2,,2026-08-28,licence-matched,,DRAFT ONLY — NOT SENT,
anjouan,C,slash.bet,Hello There,,,Flashpot Ltd,ALSI-202508053-FI2,,2026-08-28,licence-matched,,DRAFT ONLY — NOT SENT,
anjouan,C,tucasino.lat,TuCasino,,,Nova Code Limitada,ALSI-202508064-FI2,,2026-08-28,licence-matched,,DRAFT ONLY — NOT SENT,
anjouan,C,funbahis.com,Funbahis,,,Total Unlimited Marketing Ltd,ALSI-202509001-FI1,,2026-09-15,licence-matched,,DRAFT ONLY — NOT SENT,
anjouan,C,huhubet.com,Huhubet,,,3-102-946540 SRL,ALSI-202511024-FI2,,2026-11-29,licence-matched,,DRAFT ONLY — NOT SENT,
anjouan,C,bufonbet.com,GANGABET Apuestas y,,,OW Internacional Ltd,ALSI-202512013-FI1,,2026-12-14,licence-matched,,DRAFT ONLY — NOT SENT,
anjouan,C,spin-betz.com,Spin Betz,,,Diamante Tech Ltd,ALSI-202601003-FI1,,2027-01-04,licence-matched,,DRAFT ONLY — NOT SENT,
anjouan,C,theluckyspinz.com,Theluckyspinz,,,Diamante Tech Ltd,ALSI-202601003-FI1,,2027-01-04,licence-matched,,DRAFT ONLY — NOT SENT,
anjouan,C,hojabet.com,Redirecting,,,Luxora Interactive Limited,ALSI-202601032-FI1,,2027-01-14,licence-matched,,DRAFT ONLY — NOT SENT,
anjouan,C,quokkasino.com,Quokkasino,,,GBO ASSETS LTD,ALSI-202601061-FI2,,2027-01-30,licence-matched,,DRAFT ONLY — NOT SENT,
anjouan,C,time4bets.com,Time4Bets,,,AWSLO Limited,ALSI-202603024-FI1,,2027-03-02,licence-matched,,DRAFT ONLY — NOT SENT,
anjouan,C,liqd.com,LIQD,,,LIQD LTD,ALSI-202603048-FI2,,2027-03-30,licence-matched,,DRAFT ONLY — NOT SENT,
anjouan,C,liqd.gg,LIQD,,,LIQD LTD,ALSI-202603048-FI2,,2027-03-30,licence-matched,,DRAFT ONLY — NOT SENT,
anjouan,C,oktop.mx,OKTOP.MX,,,Novaspin Network Ltd,ALSI-202603051-FI2,,2027-03-30,licence-matched,,DRAFT ONLY — NOT SENT,
anjouan,C,bet303.com,Bet303,,,Play Fortune Entertainment Ltd,ALSI-202603053-FI2,,2027-03-30,licence-matched,,DRAFT ONLY — NOT SENT,
anjouan,C,stakevegas.com,Stake Vegas,,,PlayTrust Ltd,ALSI-202604044-FI2,,2027-04-28,licence-matched,,DRAFT ONLY — NOT SENT,
anjouan,C,1xbetanj.com,1xbetanj,,,PRAECUS LLC,ALSI-202508048-FI2,,2026-09-28,licence-matched,,DRAFT ONLY — NOT SENT,
anjouan,C,xypoker1.com,Xypoker1,,,3-102-938312 SRL,ALSI-202509050-FI1,,2026-09-11,licence-matched,,DRAFT ONLY — NOT SENT,
anjouan,C,flush.com,Flush Crypto,,,Fordegens Limitada,ALSI-202509008-FI1,,2026-09-02,licence-matched,,DRAFT ONLY — NOT SENT,
anjouan,C,goldenclovercasino.com,Golden Clover,,,PC Play365 Ltd,ALSI-202509016-FI1,,2026-09-15,licence-matched,,DRAFT ONLY — NOT SENT,
anjouan,C,maxxcric.com,Exchange,,,Rich Able Developments Limited,ALSI-202510012-FI1,,2026-10-15,licence-matched,,DRAFT ONLY — NOT SENT,
anjouan,C,bkmwin.com,BkmWin,,,Asoftgame Limited,ALSI-202510043-FI2,,2026-10-28,licence-matched,,DRAFT ONLY — NOT SENT,
anjouan,C,u.game,Loading,,,Aurora Soft Ltd,ALSI-202510044-FI2,,2026-10-28,licence-matched,,DRAFT ONLY — NOT SENT,
anjouan,C,linebetglobal.com,Linebet,,,Savoska LLC,ALSI-202510056-FI2,,2026-10-28,licence-matched,,DRAFT ONLY — NOT SENT,
anjouan,C,lasbet486.com,라스벳,,,Qos Entertainment Ltd,ALSI-202511007-FI1,,2026-11-06,licence-matched,,DRAFT ONLY — NOT SENT,
anjouan,C,rumwin.com,Rumwin,,,3-102-939534 SRL,ALSI-202511010-FI1,,2026-11-07,licence-matched,,DRAFT ONLY — NOT SENT,
anjouan,C,angelspin.com,Angelspin,,,Fruitopia Limited,ALSI-202511011-FI1,,2026-11-14,licence-matched,,DRAFT ONLY — NOT SENT,
anjouan,C,rooksbet.com,Rooksbet,,,Prontogabriela SRL,ALSI-202511020-FI1,,2026-11-14,licence-matched,,DRAFT ONLY — NOT SENT,
anjouan,C,flex2bet.com,porkbun.com,,,Bright Entertainment Inc,ALSI-202511026-FI2,,2026-11-18,licence-matched,,DRAFT ONLY — NOT SENT,
anjouan,C,blockchain.poker,Blockchain Poker,,,Highcard Software SRL,ALSI-202511029-FI2,,2026-11-29,licence-matched,,DRAFT ONLY — NOT SENT,
anjouan,C,lebull.com,Lebull,,,3-102-945060 SRL,ALSI-202512018-FI1,,2026-12-14,licence-matched,,DRAFT ONLY — NOT SENT,
anjouan,C,ohmywin.com,Nuevo Alojamiento,,,Liberty Walk Ltd,ALSI-202601002-FI1,,2027-01-04,licence-matched,,DRAFT ONLY — NOT SENT,
anjouan,C,regal.casino,Hello There,,,Zenorix Limited,ALSI-202601037-FI1,,2027-01-21,licence-matched,,DRAFT ONLY — NOT SENT,
anjouan,C,peakbet.io,Hello There,,,3-102-949997 SRL,ALSI-202601049-FI2,,2027-01-30,licence-matched,,DRAFT ONLY — NOT SENT,
anjouan,C,wildwin.io,Hello There,,,3-102-950481 Limitada,ALSI-202601048-FI2,,2027-01-30,licence-matched,,DRAFT ONLY — NOT SENT,
anjouan,C,fixa.casino,Переход на новый сайт,,,FX Solutions Ltd,ALSI-202601058-FI2,,2027-01-30,licence-matched,,DRAFT ONLY — NOT SENT,
anjouan,C,appleicasino.com,AppleiCasino,,,AIC Enterprises LLC,ALSI-202602038-FI2,,2027-02-27,licence-matched,,DRAFT ONLY — NOT SENT,
anjouan,C,betss.com,Betss,,,Ceylonite Ltd,ALSI-202603025-FI1,,2027-03-13,licence-matched,,DRAFT ONLY — NOT SENT,
anjouan,C,betfuze.com,Betfuze,,,BET Fusion Ltd,ALSI-202603042-FI2,,2027-03-30,licence-matched,,DRAFT ONLY — NOT SENT,
anjouan,C,solstake.tv,Solstake.tv,,,SOLSTART LTD,ALSI-202603055-FI2,,2027-03-30,licence-matched,,DRAFT ONLY — NOT SENT,
anjouan,C,rolly.info,Platform,,,3-102-954977 SRL,ALSI-202604001-FI1,,2027-04-13,licence-matched,,DRAFT ONLY — NOT SENT,
anjouan,C,placebet.partners,Place.bet Partners,,,3-102-959375 SRL,ALSI-202604017-FI1,,2027-04-13,licence-matched,,DRAFT ONLY — NOT SENT,
anjouan,C,2k.bet,2KBet,,,2K Services Ltd,ALSI-202604019-FI2,,2027-04-28,licence-matched,,DRAFT ONLY — NOT SENT,
anjouan,C,gorillacasinos.com,Gorilla,,,Luminous Interactive Solutions Ltd,ALSI-202604040-FI2,,2027-04-28,licence-matched,,DRAFT ONLY — NOT SENT,
anjouan,C,sinbet.co.com,Sinbet,,,GK INTERACTIVE LTD,ALSI-202604035-FI2,,2027-04-28,licence-matched,,DRAFT ONLY — NOT SENT,
anjouan,C,degenta.com,Degenta,,,Thornwick Ltd,ALSI-202605028-FI1,,2027-05-10,licence-matched,,DRAFT ONLY — NOT SENT,
curacao,,apolobet.com,apolobet,,,Trickless N.V,OGL/2024/139/0125,assessment in progress,"December 24, 2025",licence-matched,,not contacted,
curacao,,azar365.com,azar,,,Trickless N.V,OGL/2024/139/0125,assessment in progress,"December 24, 2025",licence-matched,,not contacted,
curacao,,betjuve.com,Betjuve,,,Trickless N.V,OGL/2024/139/0125,assessment in progress,"December 24, 2025",licence-matched,,not contacted,
curacao,,neredebahis.com,Neredebahis,,,Trickless N.V,OGL/2024/139/0125,assessment in progress,"December 24, 2025",licence-matched,,not contacted,
curacao,,tricobet.io,TricoBET,,,Trickless N.V,OGL/2024/139/0125,assessment in progress,"December 24, 2025",licence-matched,,not contacted,
curacao,,1x2bet.co,1X2BET.CO,,,Trickless N.V,OGL/2024/139/0125,assessment in progress,"December 24, 2025",licence-matched,,not contacted,
curacao,,8bet.co.sz,co,,,Trickless N.V,OGL/2024/139/0125,assessment in progress,"December 24, 2025",licence-matched,,not contacted,
curacao,,apuestalos.com,APUESTALOS,,,Trickless N.V,OGL/2024/139/0125,assessment in progress,"December 24, 2025",licence-matched,,not contacted,
curacao,,apuestaswin.com,ApuestasWin,,,Trickless N.V,OGL/2024/139/0125,assessment in progress,"December 24, 2025",licence-matched,,not contacted,
curacao,,astrobet.ec,astrobet,,,Trickless N.V,OGL/2024/139/0125,assessment in progress,"December 24, 2025",licence-matched,,not contacted,
curacao,,bet593.online,Pronósticos deportivos,,,Trickless N.V,OGL/2024/139/0125,assessment in progress,"December 24, 2025",licence-matched,,not contacted,
curacao,,betplatino.co,Betplatino,,,Trickless N.V,OGL/2024/139/0125,assessment in progress,"December 24, 2025",licence-matched,,not contacted,
curacao,,betpro.hn,Betpro Honduras,,,Trickless N.V,OGL/2024/139/0125,assessment in progress,"December 24, 2025",licence-matched,,not contacted,
curacao,,brmegas.com,brmegas,,,Trickless N.V,OGL/2024/139/0125,assessment in progress,"December 24, 2025",licence-matched,,not contacted,
curacao,,bwise365.com,Bwise365 Sportsbook,,,Trickless N.V,OGL/2024/139/0125,assessment in progress,"December 24, 2025",licence-matched,,not contacted,
curacao,,casinoencasa.com,CasinoEnCasa,,,Trickless N.V,OGL/2024/139/0125,assessment in progress,"December 24, 2025",licence-matched,,not contacted,
curacao,,extrabet.games,extrabet,,,Trickless N.V,OGL/2024/139/0125,assessment in progress,"December 24, 2025",licence-matched,,not contacted,
curacao,,fixplay.pe,Betting website,,,Trickless N.V,OGL/2024/139/0125,assessment in progress,"December 24, 2025",licence-matched,,not contacted,
curacao,,galeribet.com,Galeribet,,,Trickless N.V,OGL/2024/139/0125,assessment in progress,"December 24, 2025",licence-matched,,not contacted,
curacao,,golbetting.com,Golbet,,,Trickless N.V,OGL/2024/139/0125,assessment in progress,"December 24, 2025",licence-matched,,not contacted,
curacao,,juegaconelking.com,JUEGA CON EL KING,,,Trickless N.V,OGL/2024/139/0125,assessment in progress,"December 24, 2025",licence-matched,,not contacted,
curacao,,kongocash.com,Ingreso,,,Trickless N.V,OGL/2024/139/0125,assessment in progress,"December 24, 2025",licence-matched,,not contacted,
curacao,,listobet.com,listobet.com,,,Trickless N.V,OGL/2024/139/0125,assessment in progress,"December 24, 2025",licence-matched,,not contacted,
curacao,,lotbet.vip,Lotbet Guatemala,,,Trickless N.V,OGL/2024/139/0125,assessment in progress,"December 24, 2025",licence-matched,,not contacted,
curacao,,loterianacional.ec,Loteria Nacional,,,Trickless N.V,OGL/2024/139/0125,assessment in progress,"December 24, 2025",licence-matched,,not contacted,
curacao,,mas1x2.com,Mas1x2,,,Trickless N.V,OGL/2024/139/0125,assessment in progress,"December 24, 2025",licence-matched,,not contacted,
curacao,,masterbets365.com,masterbets,,,Trickless N.V,OGL/2024/139/0125,assessment in progress,"December 24, 2025",licence-matched,,not contacted,
curacao,,petra.bet,petra,,,Trickless N.V,OGL/2024/139/0125,assessment in progress,"December 24, 2025",licence-matched,,not contacted,
curacao,,playred.com,Playred Casino Lobby,,,Trickless N.V,OGL/2024/139/0125,assessment in progress,"December 24, 2025",licence-matched,,not contacted,
curacao,,slotrix.net,slotrix,,,Trickless N.V,OGL/2024/139/0125,assessment in progress,"December 24, 2025",licence-matched,,not contacted,
curacao,,yinyangbet.com,Bienvenidos a YinYangBet.com,,,Trickless N.V,OGL/2024/139/0125,assessment in progress,"December 24, 2025",licence-matched,,not contacted,
curacao,,rocketrichescasino.com,rocketrichescasino,,,White Star B.V.,OGL/2023/159/0076,assessment in progress,"December 24, 2025",licence-matched,,not contacted,
curacao,,bigboost-in.com,bigboostin,,,White Star B.V.,OGL/2023/159/0076,assessment in progress,"December 24, 2025",licence-matched,,not contacted,
curacao,,bigboost.com,bigboost,,,White Star B.V.,OGL/2023/159/0076,assessment in progress,"December 24, 2025",licence-matched,,not contacted,
curacao,,bigjeeto.com,CloudFront Test,,,White Star B.V.,OGL/2023/159/0076,assessment in progress,"December 24, 2025",licence-matched,,not contacted,
curacao,,biglucky-in.com,bigluckyin,,,White Star B.V.,OGL/2023/159/0076,assessment in progress,"December 24, 2025",licence-matched,,not contacted,
curacao,,biglucky.com,biglucky,,,White Star B.V.,OGL/2023/159/0076,assessment in progress,"December 24, 2025",licence-matched,,not contacted,
curacao,,buustikasino.com,buustikasino,,,White Star B.V.,OGL/2023/159/0076,assessment in progress,"December 24, 2025",licence-matched,,not contacted,
curacao,,casinokhajana.com,casinokhajana,,,White Star B.V.,OGL/2023/159/0076,assessment in progress,"December 24, 2025",licence-matched,,not contacted,
curacao,,clubcd.com,clubcd,,,White Star B.V.,OGL/2023/159/0076,assessment in progress,"December 24, 2025",licence-matched,,not contacted,
curacao,,jeetboost.com,jeetboost,,,White Star B.V.,OGL/2023/159/0076,assessment in progress,"December 24, 2025",licence-matched,,not contacted,
curacao,,luckyspins-in.com,luckyspinsin,,,White Star B.V.,OGL/2023/159/0076,assessment in progress,"December 24, 2025",licence-matched,,not contacted,
curacao,,mastispins.com,mastispins,,,White Star B.V.,OGL/2023/159/0076,assessment in progress,"December 24, 2025",licence-matched,,not contacted,
curacao,,panosta.com,panosta,,,White Star B.V.,OGL/2023/159/0076,assessment in progress,"December 24, 2025",licence-matched,,not contacted,
curacao,,panostabet-no.com,panostabetno,,,White Star B.V.,OGL/2023/159/0076,assessment in progress,"December 24, 2025",licence-matched,,not contacted,
curacao,,panostabet.com,panostabet,,,White Star B.V.,OGL/2023/159/0076,assessment in progress,"December 24, 2025",licence-matched,,not contacted,
curacao,,paratiisi.com,paratiisi,,,White Star B.V.,OGL/2023/159/0076,assessment in progress,"December 24, 2025",licence-matched,,not contacted,
curacao,,playorbet.com,playorbet,,,White Star B.V.,OGL/2023/159/0076,assessment in progress,"December 24, 2025",licence-matched,,not contacted,
curacao,,raketti.com,raketti,,,White Star B.V.,OGL/2023/159/0076,assessment in progress,"December 24, 2025",licence-matched,,not contacted,
curacao,,regalrush-no.com,regalrushno,,,White Star B.V.,OGL/2023/159/0076,assessment in progress,"December 24, 2025",licence-matched,,not contacted,
curacao,,regalrush.com,regalrush,,,White Star B.V.,OGL/2023/159/0076,assessment in progress,"December 24, 2025",licence-matched,,not contacted,
curacao,,rocketriches-india.in,rocketrichesindia,,,White Star B.V.,OGL/2023/159/0076,assessment in progress,"December 24, 2025",licence-matched,,not contacted,
curacao,,rocketriches.com,rocketriches,,,White Star B.V.,OGL/2023/159/0076,assessment in progress,"December 24, 2025",licence-matched,,not contacted,
curacao,,rr-in.in,rrin,,,White Star B.V.,OGL/2023/159/0076,assessment in progress,"December 24, 2025",licence-matched,,not contacted,
curacao,,ruhtinas.com,ruhtinas,,,White Star B.V.,OGL/2023/159/0076,assessment in progress,"December 24, 2025",licence-matched,,not contacted,
curacao,,bettyspin.com,ᐈ Bettyspin,,,Terdersoft B.V.,OGL/2024/1126/0521,active,"March 26, 2026",licence-matched,,not contacted,
curacao,,billionairespin.com,ᐈ Billionairespin,,,Terdersoft B.V.,OGL/2024/1126/0521,active,"March 26, 2026",licence-matched,,not contacted,
curacao,,candyspinz.com,ᐈ Candyspinz,,,Terdersoft B.V.,OGL/2024/1126/0521,active,"March 26, 2026",licence-matched,,not contacted,
curacao,,capospin.com,ᐈ Capospin,,,Terdersoft B.V.,OGL/2024/1126/0521,active,"March 26, 2026",licence-matched,,not contacted,
curacao,,casinaga.com,casinaga,,,Terdersoft B.V.,OGL/2024/1126/0521,active,"March 26, 2026",licence-matched,,not contacted,
curacao,,didispin.com,didispin,,,Terdersoft B.V.,OGL/2024/1126/0521,active,"March 26, 2026",licence-matched,,not contacted,
curacao,,dreamspinz.com,dreamspinz,,,Terdersoft B.V.,OGL/2024/1126/0521,active,"March 26, 2026",licence-matched,,not contacted,
curacao,,felixspin.com,ᐈ Felixspin,,,Terdersoft B.V.,OGL/2024/1126/0521,active,"March 26, 2026",licence-matched,,not contacted,
curacao,,highflybet.com,ᐈ Highflybet,,,Terdersoft B.V.,OGL/2024/1126/0521,active,"March 26, 2026",licence-matched,,not contacted,
curacao,,honeybetz.com,ᐈ Honeybetz,,,Terdersoft B.V.,OGL/2024/1126/0521,active,"March 26, 2026",licence-matched,,not contacted,
curacao,,jackpire.com,jackpire,,,Terdersoft B.V.,OGL/2024/1126/0521,active,"March 26, 2026",licence-matched,,not contacted,
curacao,,jackpoleon.com,jackpoleon,,,Terdersoft B.V.,OGL/2024/1126/0521,active,"March 26, 2026",licence-matched,,not contacted,
curacao,,liraspin.com,ᐈ Liraspin,,,Terdersoft B.V.,OGL/2024/1126/0521,active,"March 26, 2026",licence-matched,,not contacted,
curacao,,luckapone.com,luckapone,,,Terdersoft B.V.,OGL/2024/1126/0521,active,"March 26, 2026",licence-matched,,not contacted,
curacao,,oscarspin.com,ᐈ Oscarspin,,,Terdersoft B.V.,OGL/2024/1126/0521,active,"March 26, 2026",licence-matched,,not contacted,
curacao,,playjonny.com,ᐈ Playjonny,,,Terdersoft B.V.,OGL/2024/1126/0521,active,"March 26, 2026",licence-matched,,not contacted,
curacao,,rockyspin.com,ᐈ Rockyspin,,,Terdersoft B.V.,OGL/2024/1126/0521,active,"March 26, 2026",licence-matched,,not contacted,
curacao,,rolldorado.com,ᐈ Rolldorado,,,Terdersoft B.V.,OGL/2024/1126/0521,active,"March 26, 2026",licence-matched,,not contacted,
curacao,,roulettino.com,ᐈ Roulettino,,,Terdersoft B.V.,OGL/2024/1126/0521,active,"March 26, 2026",licence-matched,,not contacted,
curacao,,savaspin.com,ᐈ Savaspin,,,Terdersoft B.V.,OGL/2024/1126/0521,active,"March 26, 2026",licence-matched,,not contacted,
curacao,,sloticorn.com,sloticorn,,,Terdersoft B.V.,OGL/2024/1126/0521,active,"March 26, 2026",licence-matched,,not contacted,
curacao,,spingali.com,spingali,,,Terdersoft B.V.,OGL/2024/1126/0521,active,"March 26, 2026",licence-matched,,not contacted,
curacao,,spinigma.com,spinigma,,,Terdersoft B.V.,OGL/2024/1126/0521,active,"March 26, 2026",licence-matched,,not contacted,
curacao,,spinmacho.com,ᐈ Spinmacho,,,Terdersoft B.V.,OGL/2024/1126/0521,active,"March 26, 2026",licence-matched,,not contacted,
curacao,,spinogambino.com,ᐈ Spinogambino,,,Terdersoft B.V.,OGL/2024/1126/0521,active,"March 26, 2026",licence-matched,,not contacted,
curacao,,sweetyspin.com,ᐈ Sweetyspin,,,Terdersoft B.V.,OGL/2024/1126/0521,active,"March 26, 2026",licence-matched,,not contacted,
curacao,,tinatinbet.com,tinatinbet,,,Terdersoft B.V.,OGL/2024/1126/0521,active,"March 26, 2026",licence-matched,,not contacted,
curacao,,turbowinz.com,ᐈ Turbowinz,,,Terdersoft B.V.,OGL/2024/1126/0521,active,"March 26, 2026",licence-matched,,not contacted,
curacao,,vincispin.com,ᐈ Vincispin,,,Terdersoft B.V.,OGL/2024/1126/0521,active,"March 26, 2026",licence-matched,,not contacted,
curacao,,bahisdeyiz.com,Betting website,,,Middle Kang B.V.,OGL/2024/2267/1181,assessment in progress,"December 24, 2025",licence-matched,,not contacted,
curacao,,betofgame.com,Betofgame,,,Middle Kang B.V.,OGL/2024/2267/1181,assessment in progress,"December 24, 2025",licence-matched,,not contacted,
curacao,,cyprusslots3.com,Login,,,Middle Kang B.V.,OGL/2024/2267/1181,assessment in progress,"December 24, 2025",licence-matched,,not contacted,
curacao,,jungle7.com,jungle7,,,Middle Kang B.V.,OGL/2024/2267/1181,assessment in progress,"December 24, 2025",licence-matched,,not contacted,
curacao,,luckychico.com,Casino Games,,,Middle Kang B.V.,OGL/2024/2267/1181,assessment in progress,"December 24, 2025",licence-matched,,not contacted,
curacao,,lukycricket.com,Casino,,,Middle Kang B.V.,OGL/2024/2267/1181,assessment in progress,"December 24, 2025",licence-matched,,not contacted,
curacao,,metaigaming.io,Meta System,,,Middle Kang B.V.,OGL/2024/2267/1181,assessment in progress,"December 24, 2025",licence-matched,,not contacted,
curacao,,ogbets.com,ogbets,,,Middle Kang B.V.,OGL/2024/2267/1181,assessment in progress,"December 24, 2025",licence-matched,,not contacted,
curacao,,suratbet.com,"SüratBet Hızlı Oyun, Hızlı Kazanç",,,Middle Kang B.V.,OGL/2024/2267/1181,assessment in progress,"December 24, 2025",licence-matched,,not contacted,
curacao,,vegasoro.com,Casino Games,,,Middle Kang B.V.,OGL/2024/2267/1181,assessment in progress,"December 24, 2025",licence-matched,,not contacted,
curacao,,wingobingo.tv,WingoBingo,,,Middle Kang B.V.,OGL/2024/2267/1181,assessment in progress,"December 24, 2025",licence-matched,,not contacted,
curacao,,latribet.ec,latribet,,,Media Entertainment N.V.,OGL/2024/1110/0512,active,"August 1, 2026",licence-matched,,not contacted,
curacao,,rojabet.cl,Rojabet Chile,,,Media Entertainment N.V.,OGL/2024/1110/0512,active,"August 1, 2026",licence-matched,,not contacted,
curacao,,1bet4win.com,betwin,,,Media Entertainment N.V.,OGL/2024/1110/0512,active,"August 1, 2026",licence-matched,,not contacted,
curacao,,apuestashouse.com,apuestashouse,,,Media Entertainment N.V.,OGL/2024/1110/0512,active,"August 1, 2026",licence-matched,,not contacted,
curacao,,apuesto.com,apuesto,,,Media Entertainment N.V.,OGL/2024/1110/0512,active,"August 1, 2026",licence-matched,,not contacted,
curacao,,betmartini.com,Scommesse online e scommesse da casinò,,,Media Entertainment N.V.,OGL/2024/1110/0512,active,"August 1, 2026",licence-matched,,not contacted,
curacao,,btc2bet.com,Online Sports and Casino Betting,,,Media Entertainment N.V.,OGL/2024/1110/0512,active,"August 1, 2026",licence-matched,,not contacted,
curacao,,deporgram.com,Online Sports and Casino Betting,,,Media Entertainment N.V.,OGL/2024/1110/0512,active,"August 1, 2026",licence-matched,,not contacted,
curacao,,derbibet.com,Forvetbet,,,Media Entertainment N.V.,OGL/2024/1110/0512,active,"August 1, 2026",licence-matched,,not contacted,
curacao,,forvetbet.com,Forvetbet,,,Media Entertainment N.V.,OGL/2024/1110/0512,active,"August 1, 2026",licence-matched,,not contacted,
curacao,,isbet.com,isbet,,,Media Entertainment N.V.,OGL/2024/1110/0512,active,"August 1, 2026",licence-matched,,not contacted,
curacao,,kikobet.com,Online Sports and Casino Betting,,,Media Entertainment N.V.,OGL/2024/1110/0512,active,"August 1, 2026",licence-matched,,not contacted,
curacao,,megawin.cl,MegaWin Casino,,,Media Entertainment N.V.,OGL/2024/1110/0512,active,"August 1, 2026",licence-matched,,not contacted,
curacao,,mundoapostas.com,Mundoapostas,,,Media Entertainment N.V.,OGL/2024/1110/0512,active,"August 1, 2026",licence-matched,,not contacted,
curacao,,optimbet.com,Optimbet,,,Media Entertainment N.V.,OGL/2024/1110/0512,active,"August 1, 2026",licence-matched,,not contacted,
curacao,,tornadobahis.com,Forvetbet,,,Media Entertainment N.V.,OGL/2024/1110/0512,active,"August 1, 2026",licence-matched,,not contacted,
curacao,,tornadobet.com,Tornadobet,,,Media Entertainment N.V.,OGL/2024/1110/0512,active,"August 1, 2026",licence-matched,,not contacted,
curacao,,wsbets.com,"Spor Bahisleri, Slotlar ve Canlı Casino",,,Media Entertainment N.V.,OGL/2024/1110/0512,active,"August 1, 2026",licence-matched,,not contacted,
curacao,,luxewin.bet,Luxewin,,,Famagousta B.V.,OGL/2023/155/0098,active,"June 4, 2026",licence-matched,,not contacted,
curacao,,21bets.com,21Bets,,,Famagousta B.V.,OGL/2023/155/0098,active,"June 4, 2026",licence-matched,,not contacted,
curacao,,afkspin.com,ᐈ AFKspin,,,Neroblanko Tech N.V.,OGL/2024/790/0272,assessment in progress,"December 24, 2025",licence-matched,,not contacted,
curacao,,baxterbet.com,ᐈ Baxterbet,,,Neroblanko Tech N.V.,OGL/2024/790/0272,assessment in progress,"December 24, 2025",licence-matched,,not contacted,
curacao,,boomsino.com,boomsino,,,Neroblanko Tech N.V.,OGL/2024/790/0272,assessment in progress,"December 24, 2025",licence-matched,,not contacted,
curacao,,boomzino.com,ᐈ Boomzino,,,Neroblanko Tech N.V.,OGL/2024/790/0272,assessment in progress,"December 24, 2025",licence-matched,,not contacted,
curacao,,casinobossy.com,ᐈ Casinobossy,,,Neroblanko Tech N.V.,OGL/2024/790/0272,assessment in progress,"December 24, 2025",licence-matched,,not contacted,
curacao,,fortuzino.com,ᐈ Fortuzino,,,Neroblanko Tech N.V.,OGL/2024/790/0272,assessment in progress,"December 24, 2025",licence-matched,,not contacted,
curacao,,glitzbets.com,ᐈ Glitzbets,,,Neroblanko Tech N.V.,OGL/2024/790/0272,assessment in progress,"December 24, 2025",licence-matched,,not contacted,
curacao,,ivybet.io,ᐈ Casino Online and Mobile,,,Neroblanko Tech N.V.,OGL/2024/790/0272,assessment in progress,"December 24, 2025",licence-matched,,not contacted,
curacao,,luckycapone.com,ᐈ Luckycapone,,,Neroblanko Tech N.V.,OGL/2024/790/0272,assessment in progress,"December 24, 2025",licence-matched,,not contacted,
curacao,,luckysheriff.com,ᐈ Luckysheriff,,,Neroblanko Tech N.V.,OGL/2024/790/0272,assessment in progress,"December 24, 2025",licence-matched,,not contacted,
curacao,,magneticslots.com,ᐈ Magneticslots,,,Neroblanko Tech N.V.,OGL/2024/790/0272,assessment in progress,"December 24, 2025",licence-matched,,not contacted,
curacao,,manekispin.com,ᐈ Manekispin,,,Neroblanko Tech N.V.,OGL/2024/790/0272,assessment in progress,"December 24, 2025",licence-matched,,not contacted,
curacao,,needforslots.com,ᐈ Needforslots,,,Neroblanko Tech N.V.,OGL/2024/790/0272,assessment in progress,"December 24, 2025",licence-matched,,not contacted,
curacao,,ringospin.com,ᐈ Ringospin,,,Neroblanko Tech N.V.,OGL/2024/790/0272,assessment in progress,"December 24, 2025",licence-matched,,not contacted,
curacao,,rodeoslot.com,ᐈ Rodeoslot,,,Neroblanko Tech N.V.,OGL/2024/790/0272,assessment in progress,"December 24, 2025",licence-matched,,not contacted,
curacao,,royalstiger.com,ᐈ Royalstiger,,,Neroblanko Tech N.V.,OGL/2024/790/0272,assessment in progress,"December 24, 2025",licence-matched,,not contacted,
curacao,,slotrize.com,ᐈ Slotrize,,,Neroblanko Tech N.V.,OGL/2024/790/0272,assessment in progress,"December 24, 2025",licence-matched,,not contacted,
curacao,,slotsdj.com,ᐈ Slotsdj,,,Neroblanko Tech N.V.,OGL/2024/790/0272,assessment in progress,"December 24, 2025",licence-matched,,not contacted,
curacao,,spinania.com,ᐈ Spinania,,,Neroblanko Tech N.V.,OGL/2024/790/0272,assessment in progress,"December 24, 2025",licence-matched,,not contacted,
curacao,,spinsahara.com,ᐈ Spinsahara,,,Neroblanko Tech N.V.,OGL/2024/790/0272,assessment in progress,"December 24, 2025",licence-matched,,not contacted,
curacao,,tesorcasino.com,ᐈ Tesorcasino,,,Neroblanko Tech N.V.,OGL/2024/790/0272,assessment in progress,"December 24, 2025",licence-matched,,not contacted,
curacao,,tonyspins.com,ᐈ Tonyspins,,,Neroblanko Tech N.V.,OGL/2024/790/0272,assessment in progress,"December 24, 2025",licence-matched,,not contacted,
curacao,,winbeatz.com,ᐈ Winbeatz,,,Neroblanko Tech N.V.,OGL/2024/790/0272,assessment in progress,"December 24, 2025",licence-matched,,not contacted,
curacao,,justcasino.io,justcasino,,,Just Entertainment B.V.,OGL/2024/164/0246,assessment in progress,"December 24, 2025",licence-matched,,not contacted,
curacao,,ajaxbet.com,AJAXBET,,,Red Lane B.V.,OGL/2024/1065/0847,active,"December 4, 2025",licence-matched,,not contacted,
curacao,,betlist.com,Betlist Giriş,,,Red Lane B.V.,OGL/2024/1065/0847,active,"December 4, 2025",licence-matched,,not contacted,
curacao,,dellabet.com,Dellabet,,,Red Lane B.V.,OGL/2024/1065/0847,active,"December 4, 2025",licence-matched,,not contacted,
curacao,,etabet.com,Etabet,,,Red Lane B.V.,OGL/2024/1065/0847,active,"December 4, 2025",licence-matched,,not contacted,
curacao,,galaxybetting.com,galaxybetting,,,Red Lane B.V.,OGL/2024/1065/0847,active,"December 4, 2025",licence-matched,,not contacted,
curacao,,herabet.com,Herabet Güncel Giriş,,,Red Lane B.V.,OGL/2024/1065/0847,active,"December 4, 2025",licence-matched,,not contacted,
curacao,,holeybet.com,holeybet,,,Red Lane B.V.,OGL/2024/1065/0847,active,"December 4, 2025",licence-matched,,not contacted,
curacao,,hullbet.com,Hullbet,,,Red Lane B.V.,OGL/2024/1065/0847,active,"December 4, 2025",licence-matched,,not contacted,
curacao,,locabet.com,locabet,,,Red Lane B.V.,OGL/2024/1065/0847,active,"December 4, 2025",licence-matched,,not contacted,
curacao,,meritpremium.com,Merit Premium,,,Red Lane B.V.,OGL/2024/1065/0847,active,"December 4, 2025",licence-matched,,not contacted,
curacao,,portobet.com,Portobet,,,Red Lane B.V.,OGL/2024/1065/0847,active,"December 4, 2025",licence-matched,,not contacted,
curacao,,slotella.com,Slotella,,,Red Lane B.V.,OGL/2024/1065/0847,active,"December 4, 2025",licence-matched,,not contacted,
curacao,,slotrun.com,Slotrun,,,Red Lane B.V.,OGL/2024/1065/0847,active,"December 4, 2025",licence-matched,,not contacted,
curacao,,slotspor.com,Slotspor Giriş,,,Red Lane B.V.,OGL/2024/1065/0847,active,"December 4, 2025",licence-matched,,not contacted,
curacao,,suprabahis.com,Supra Bahis Giriş,,,Red Lane B.V.,OGL/2024/1065/0847,active,"December 4, 2025",licence-matched,,not contacted,
curacao,,vimobet.com,vimobet,,,Glory Multimedia B.V.,OGL/2024/1600/0861,assessment in progress,"January 14, 2026",licence-matched,,not contacted,
curacao,,africanobet.com,New Generation Betting Site,,,Glory Multimedia B.V.,OGL/2024/1600/0861,assessment in progress,"January 14, 2026",licence-matched,,not contacted,
curacao,,arabbet24.com,Arabbet24,,,Glory Multimedia B.V.,OGL/2024/1600/0861,assessment in progress,"January 14, 2026",licence-matched,,not contacted,
curacao,,enebet.com,Enebet,,,Glory Multimedia B.V.,OGL/2024/1600/0861,assessment in progress,"January 14, 2026",licence-matched,,not contacted,
curacao,,icombet.com,Betting website,,,Glory Multimedia B.V.,OGL/2024/1600/0861,assessment in progress,"January 14, 2026",licence-matched,,not contacted,
curacao,,ivobet.com,ivobet,,,Glory Multimedia B.V.,OGL/2024/1600/0861,assessment in progress,"January 14, 2026",licence-matched,,not contacted,
curacao,,lavabet.com,Lavabet,,,Glory Multimedia B.V.,OGL/2024/1600/0861,assessment in progress,"January 14, 2026",licence-matched,,not contacted,
curacao,,menabet.com,menabet,,,Glory Multimedia B.V.,OGL/2024/1600/0861,assessment in progress,"January 14, 2026",licence-matched,,not contacted,
curacao,,newbet216.com,Betting website,,,Glory Multimedia B.V.,OGL/2024/1600/0861,assessment in progress,"January 14, 2026",licence-matched,,not contacted,
curacao,,nicewinz.com,NiceWin,,,Glory Multimedia B.V.,OGL/2024/1600/0861,assessment in progress,"January 14, 2026",licence-matched,,not contacted,
curacao,,vivabet24.com,vivabet,,,Glory Multimedia B.V.,OGL/2024/1600/0861,assessment in progress,"January 14, 2026",licence-matched,,not contacted,
curacao,,wionbet.com,Wionbet,,,Glory Multimedia B.V.,OGL/2024/1600/0861,assessment in progress,"January 14, 2026",licence-matched,,not contacted,
curacao,,zeabet777.com,ZeaBet,,,Glory Multimedia B.V.,OGL/2024/1600/0861,assessment in progress,"January 14, 2026",licence-matched,,not contacted,
curacao,,herculescasino.com,herculescasino,,,Modern World Entertainment B.V.,OGL/2024/1335/0780,assessment in progress,"December 24, 2025",licence-matched,,not contacted,
curacao,,aajogo.com,AAJogo,,,Pistis Trade N.V.,OGL/2024/1670/1153,active,"November 9, 2025",licence-matched,,not contacted,
curacao,,betfiery.com,BetFiery,,,Pistis Trade N.V.,OGL/2024/1670/1153,active,"November 9, 2025",licence-matched,,not contacted,
curacao,,betmxs.com,BETMXS,,,Pistis Trade N.V.,OGL/2024/1670/1153,active,"November 9, 2025",licence-matched,,not contacted,
curacao,,blue.game,blue,,,Pistis Trade N.V.,OGL/2024/1670/1153,active,"November 9, 2025",licence-matched,,not contacted,
curacao,,brazspin.com,brazspin,,,Pistis Trade N.V.,OGL/2024/1670/1153,active,"November 9, 2025",licence-matched,,not contacted,
curacao,,brazstar.com,brazstar,,,Pistis Trade N.V.,OGL/2024/1670/1153,active,"November 9, 2025",licence-matched,,not contacted,
curacao,,evogam.com,evogam,,,Pistis Trade N.V.,OGL/2024/1670/1153,active,"November 9, 2025",licence-matched,,not contacted,
curacao,,gaming-panda.com,Gaming Panda,,,Pistis Trade N.V.,OGL/2024/1670/1153,active,"November 9, 2025",licence-matched,,not contacted,
curacao,,hoy777.com,Hoy777,,,Pistis Trade N.V.,OGL/2024/1670/1153,active,"November 9, 2025",licence-matched,,not contacted,
curacao,,hoywin.com,HOYWIN,,,Pistis Trade N.V.,OGL/2024/1670/1153,active,"November 9, 2025",licence-matched,,not contacted,
curacao,,kklion.com,KK LION,,,Pistis Trade N.V.,OGL/2024/1670/1153,active,"November 9, 2025",licence-matched,,not contacted,
curacao,,loco777.com,LOCO777,,,Pistis Trade N.V.,OGL/2024/1670/1153,active,"November 9, 2025",licence-matched,,not contacted,
curacao,,mars.bingo,mars.bingo,,,Pistis Trade N.V.,OGL/2024/1670/1153,active,"November 9, 2025",licence-matched,,not contacted,
curacao,,mexboss.com,MEXBOSS,,,Pistis Trade N.V.,OGL/2024/1670/1153,active,"November 9, 2025",licence-matched,,not contacted,
curacao,,mexlucky.com,MexLucky,,,Pistis Trade N.V.,OGL/2024/1670/1153,active,"November 9, 2025",licence-matched,,not contacted,
curacao,,mexswin.com,Mexswin,,,Pistis Trade N.V.,OGL/2024/1670/1153,active,"November 9, 2025",licence-matched,,not contacted,
curacao,,mx7k.com,MX7K,,,Pistis Trade N.V.,OGL/2024/1670/1153,active,"November 9, 2025",licence-matched,,not contacted,
curacao,,philucky.com,philucky,,,Pistis Trade N.V.,OGL/2024/1670/1153,active,"November 9, 2025",licence-matched,,not contacted,
curacao,,psewin.com,PSEWIN,,,Pistis Trade N.V.,OGL/2024/1670/1153,active,"November 9, 2025",licence-matched,,not contacted,
curacao,,vbet.kg,Betting website,,,Radon B.V.,OGL/2024/802/0282,assessment in progress,"December 24, 2025",licence-matched,,not contacted,
curacao,,allinn.com,allinn.com,,,Radon B.V.,OGL/2024/802/0282,assessment in progress,"December 24, 2025",licence-matched,,not contacted,
curacao,,fantasticbet.com,Betting website,,,Radon B.V.,OGL/2024/802/0282,assessment in progress,"December 24, 2025",licence-matched,,not contacted,
curacao,,grombet.com,grombet,,,Radon B.V.,OGL/2024/802/0282,assessment in progress,"December 24, 2025",licence-matched,,not contacted,
curacao,,horusbet.cl,Home,,,Radon B.V.,OGL/2024/802/0282,assessment in progress,"December 24, 2025",licence-matched,,not contacted,
curacao,,odarobet.com,ODAROBET,,,Radon B.V.,OGL/2024/802/0282,assessment in progress,"December 24, 2025",licence-matched,,not contacted,
curacao,,vivaro.me,Feed,,,Radon B.V.,OGL/2024/802/0282,assessment in progress,"December 24, 2025",licence-matched,,not contacted,
curacao,,jokacasino.com,jokacasino,,,Swervy International B.V.,OGL/2024/1340/0996,active,"June 6, 2026",licence-matched,,not contacted,
curacao,,betja.com,betja,,,Swervy International B.V.,OGL/2024/1340/0996,active,"June 6, 2026",licence-matched,,not contacted,
curacao,,betya.com,betya,,,Swervy International B.V.,OGL/2024/1340/0996,active,"June 6, 2026",licence-matched,,not contacted,
curacao,,jackpotjill.com,jackpotjill,,,Swervy International B.V.,OGL/2024/1340/0996,active,"June 6, 2026",licence-matched,,not contacted,
curacao,,wildcardcity.com,wildcardcity,,,Swervy International B.V.,OGL/2024/1340/0996,active,"June 6, 2026",licence-matched,,not contacted,
curacao,,azerbet.com,Azerbet lic,,,Elfy Interactive B.V.,OGL/2024/1279/0531,assessment in progress,"December 24, 2025",licence-matched,,not contacted,
curacao,,beinbet.com,Beinbet lic,,,Elfy Interactive B.V.,OGL/2024/1279/0531,assessment in progress,"December 24, 2025",licence-matched,,not contacted,
curacao,,betim.com,Betim,,,Elfy Interactive B.V.,OGL/2024/1279/0531,assessment in progress,"December 24, 2025",licence-matched,,not contacted,
curacao,,betpin.com,Betpin lic,,,Elfy Interactive B.V.,OGL/2024/1279/0531,assessment in progress,"December 24, 2025",licence-matched,,not contacted,
curacao,,casimo.com,Casimo lic,,,Elfy Interactive B.V.,OGL/2024/1279/0531,assessment in progress,"December 24, 2025",licence-matched,,not contacted,
curacao,,casinoda.com,Casinoda lic,,,Elfy Interactive B.V.,OGL/2024/1279/0531,assessment in progress,"December 24, 2025",licence-matched,,not contacted,
curacao,,jackpotz.com,Jackpotz lic,,,Elfy Interactive B.V.,OGL/2024/1279/0531,assessment in progress,"December 24, 2025",licence-matched,,not contacted,
curacao,,jokeras.com,Jokeras lic,,,Elfy Interactive B.V.,OGL/2024/1279/0531,assessment in progress,"December 24, 2025",licence-matched,,not contacted,
curacao,,onlyspin.com,OnlySpin Giriş,,,Elfy Interactive B.V.,OGL/2024/1279/0531,assessment in progress,"December 24, 2025",licence-matched,,not contacted,
curacao,,rigobet.com,Rigobet lic,,,Elfy Interactive B.V.,OGL/2024/1279/0531,assessment in progress,"December 24, 2025",licence-matched,,not contacted,
curacao,,sortebet.com,Sortebet lic,,,Elfy Interactive B.V.,OGL/2024/1279/0531,assessment in progress,"December 24, 2025",licence-matched,,not contacted,
curacao,,winover.com,Winover lic,,,Elfy Interactive B.V.,OGL/2024/1279/0531,assessment in progress,"December 24, 2025",licence-matched,,not contacted,
curacao,,4mybet.com,Welcome to nginx!,,,Casiworx N.V.,OGL/2024/1278/0497,active,"May 23, 2026",licence-matched,,not contacted,
curacao,,freakybillion.com,freakybillion,,,Casiworx N.V.,OGL/2024/1278/0497,active,"May 23, 2026",licence-matched,,not contacted,
curacao,,gambleverse.casino,Ölüdeniz Hostel,,,Casiworx N.V.,OGL/2024/1278/0497,active,"May 23, 2026",licence-matched,,not contacted,
curacao,,intellectbet.com,intellectbet,,,Casiworx N.V.,OGL/2024/1278/0497,active,"May 23, 2026",licence-matched,,not contacted,
curacao,,norsewin.com,norsewin,,,Casiworx N.V.,OGL/2024/1278/0497,active,"May 23, 2026",licence-matched,,not contacted,
curacao,,pokerbetcasino.com,pokerbetcasino,,,Casiworx N.V.,OGL/2024/1278/0497,active,"May 23, 2026",licence-matched,,not contacted,
curacao,,rockstarwin.com,rockstarwin,,,Casiworx N.V.,OGL/2024/1278/0497,active,"May 23, 2026",licence-matched,,not contacted,
curacao,,slotobit.io,slotobit,,,Casiworx N.V.,OGL/2024/1278/0497,active,"May 23, 2026",licence-matched,,not contacted,
curacao,,slotorush.com,slotorush,,,Casiworx N.V.,OGL/2024/1278/0497,active,"May 23, 2026",licence-matched,,not contacted,
curacao,,slotystake.com,slotystake,,,Casiworx N.V.,OGL/2024/1278/0497,active,"May 23, 2026",licence-matched,,not contacted,
curacao,,stakebro.com,stakebro,,,Casiworx N.V.,OGL/2024/1278/0497,active,"May 23, 2026",licence-matched,,not contacted,
curacao,,stakemania.com,stakemania,,,Casiworx N.V.,OGL/2024/1278/0497,active,"May 23, 2026",licence-matched,,not contacted,
curacao,,vipcasino.online,vipcasino,,,Casiworx N.V.,OGL/2024/1278/0497,active,"May 23, 2026",licence-matched,,not contacted,
curacao,,wincraft.casino,wincraft,,,Casiworx N.V.,OGL/2024/1278/0497,active,"May 23, 2026",licence-matched,,not contacted,
curacao,,bateubet.bet,bateubet.bet,,,Victoria Games Solutions B.V.,OGL/2024/746/0204,active,"April 3, 2026",licence-matched,,not contacted,
curacao,,betinha.com,betinha,,,Victoria Games Solutions B.V.,OGL/2024/746/0204,active,"April 3, 2026",licence-matched,,not contacted,
curacao,,fizabet.com,fiz a bet,,,Victoria Games Solutions B.V.,OGL/2024/746/0204,active,"April 3, 2026",licence-matched,,not contacted,
curacao,,gramado.bet,Jogadores Anônimos,,,Victoria Games Solutions B.V.,OGL/2024/746/0204,active,"April 3, 2026",licence-matched,,not contacted,
curacao,,jetbet365.com,Loading...,,,Victoria Games Solutions B.V.,OGL/2024/746/0204,active,"April 3, 2026",licence-matched,,not contacted,
curacao,,ragnar.bet,RAGNAR.BET,,,Victoria Games Solutions B.V.,OGL/2024/746/0204,active,"April 3, 2026",licence-matched,,not contacted,
curacao,,sortebet777.com,sortebet777.com,,,Victoria Games Solutions B.V.,OGL/2024/746/0204,active,"April 3, 2026",licence-matched,,not contacted,
curacao,,zilionz.com,zilionz,,,Victoria Games Solutions B.V.,OGL/2024/746/0204,active,"April 3, 2026",licence-matched,,not contacted,
curacao,,betorspin.com,Betorspin global,,,Mill Interactive B.V.,OGL/2024/1282/0539,assessment in progress,"December 24, 2025",licence-matched,,not contacted,
curacao,,fyffecasino.com,fyffecasino,,,Fruity Entertainment N.V.,OGL/2024/1487/0729,assessment in progress,"December 24, 2025",licence-matched,,not contacted,
curacao,,kaahaus.com,Tervetuloa Kaahaus Kasinolle,,,Fruity Entertainment N.V.,OGL/2024/1487/0729,assessment in progress,"December 24, 2025",licence-matched,,not contacted,
curacao,,kiekka.com,Kiekka pikakasino,,,Fruity Entertainment N.V.,OGL/2024/1487/0729,assessment in progress,"December 24, 2025",licence-matched,,not contacted,
curacao,,spinnair.com,Spinnair Casino,,,Fruity Entertainment N.V.,OGL/2024/1487/0729,assessment in progress,"December 24, 2025",licence-matched,,not contacted,
curacao,,spinnaus.com,Spinnaus Kasino,,,Fruity Entertainment N.V.,OGL/2024/1487/0729,assessment in progress,"December 24, 2025",licence-matched,,not contacted,
curacao,,titaani.com,Titaani Casino,,,Fruity Entertainment N.V.,OGL/2024/1487/0729,assessment in progress,"December 24, 2025",licence-matched,,not contacted,
curacao,,tykitys.com,Tykitys Casino,,,Fruity Entertainment N.V.,OGL/2024/1487/0729,assessment in progress,"December 24, 2025",licence-matched,,not contacted,
curacao,,xwin.so,Xwin Casino,,,Bridge Technologies B.V.,OGL/2024/431/0231,active,"June 6, 2026",licence-matched,,not contacted,
curacao,,6ense.vip,ense,,,Bridge Technologies B.V.,OGL/2024/431/0231,active,"June 6, 2026",licence-matched,,not contacted,
curacao,,8bmf8.com,Games Lobby,,,Bridge Technologies B.V.,OGL/2024/431/0231,active,"June 6, 2026",licence-matched,,not contacted,
curacao,,hanzbet.com,HanzBet,,,Bridge Technologies B.V.,OGL/2024/431/0231,active,"June 6, 2026",licence-matched,,not contacted,
curacao,,k25.ai,K25,,,Bridge Technologies B.V.,OGL/2024/431/0231,active,"June 6, 2026",licence-matched,,not contacted,
curacao,,luckybear.live,LuckyBear Casino,,,Bridge Technologies B.V.,OGL/2024/431/0231,active,"June 6, 2026",licence-matched,,not contacted,
curacao,,riodeorocasino.com,riodeorocasino,,,Bridge Technologies B.V.,OGL/2024/431/0231,active,"June 6, 2026",licence-matched,,not contacted,
curacao,,secure100.com,Secure100,,,Bridge Technologies B.V.,OGL/2024/431/0231,active,"June 6, 2026",licence-matched,,not contacted,
curacao,,six-seven.bet,Six Seven Bet,,,Bridge Technologies B.V.,OGL/2024/431/0231,active,"June 6, 2026",licence-matched,,not contacted,
curacao,,win777live.com,Win777 Casino,,,Bridge Technologies B.V.,OGL/2024/431/0231,active,"June 6, 2026",licence-matched,,not contacted,
curacao,,1xbet.com,xbet,,,Caecus N.V.,OGL/2024/1262/0493,assessment in progress,"December 24, 2025",licence-matched,,not contacted,
curacao,,1x001.com,x,,,Caecus N.V.,OGL/2024/1262/0493,assessment in progress,"December 24, 2025",licence-matched,,not contacted,
curacao,,1xcasino-af.com,xcasinoaf,,,Caecus N.V.,OGL/2024/1262/0493,assessment in progress,"December 24, 2025",licence-matched,,not contacted,
curacao,,1xcasino-ar.com,xcasinoar,,,Caecus N.V.,OGL/2024/1262/0493,assessment in progress,"December 24, 2025",licence-matched,,not contacted,
curacao,,1xcasino-asia.com,xcasinoasia,,,Caecus N.V.,OGL/2024/1262/0493,assessment in progress,"December 24, 2025",licence-matched,,not contacted,
curacao,,1xcasino-bangladesh.com,xcasinobangladesh,,,Caecus N.V.,OGL/2024/1262/0493,assessment in progress,"December 24, 2025",licence-matched,,not contacted,
curacao,,1xcasino-bd.com,xcasinobd,,,Caecus N.V.,OGL/2024/1262/0493,assessment in progress,"December 24, 2025",licence-matched,,not contacted,
curacao,,1xcasino-kr.com,xcasinokr,,,Caecus N.V.,OGL/2024/1262/0493,assessment in progress,"December 24, 2025",licence-matched,,not contacted,
curacao,,1xcasino-latam.com,xcasinolatam,,,Caecus N.V.,OGL/2024/1262/0493,assessment in progress,"December 24, 2025",licence-matched,,not contacted,
curacao,,1xcasino-sng.com,xcasinosng,,,Caecus N.V.,OGL/2024/1262/0493,assessment in progress,"December 24, 2025",licence-matched,,not contacted,
curacao,,1xcasino-st.com,xcasinost,,,Caecus N.V.,OGL/2024/1262/0493,assessment in progress,"December 24, 2025",licence-matched,,not contacted,
curacao,,1xcasino.com,xcasino,,,Caecus N.V.,OGL/2024/1262/0493,assessment in progress,"December 24, 2025",licence-matched,,not contacted,
curacao,,blockbet.gg,BlockBet,,,Entretenimiento Rojo B.V.,OGL/2024/1100/0505,assessment in progress,"December 24, 2025",licence-matched,,not contacted,
curacao,,instantsports.com,Instant Sports,,,Entretenimiento Rojo B.V.,OGL/2024/1100/0505,assessment in progress,"December 24, 2025",licence-matched,,not contacted,
curacao,,reelcypto.com,Parking Page,,,Entretenimiento Rojo B.V.,OGL/2024/1100/0505,assessment in progress,"December 24, 2025",licence-matched,,not contacted,
curacao,,xtp.com,XTP,,,Entretenimiento Rojo B.V.,OGL/2024/1100/0505,assessment in progress,"December 24, 2025",licence-matched,,not contacted,
curacao,,betistar.com,betistar,,,Final Enterprises N.V.,OGL/2024/420/0675,active,"August 8, 2026",licence-matched,,not contacted,
curacao,,betmoon.com,betmoon,,,Silvertech N.V.,OGL/2024/1541/0763,assessment in progress,"December 24, 2025",licence-matched,,not contacted,
curacao,,darkbet.com,Darkbet Giriş,,,Silvertech N.V.,OGL/2024/1541/0763,assessment in progress,"December 24, 2025",licence-matched,,not contacted,
curacao,,golegol.com,golegol,,,Silvertech N.V.,OGL/2024/1541/0763,assessment in progress,"December 24, 2025",licence-matched,,not contacted,
curacao,,maximabet.net,Maxima Bet,,,Superjogos N.V.,OGL/2024/1130/0520,active,"March 26, 2026",licence-matched,,not contacted,
curacao,,meugreen.com,Apostas Esportivas e Cassino,,,Superjogos N.V.,OGL/2024/1130/0520,active,"March 26, 2026",licence-matched,,not contacted,
curacao,,supremabet.com,Apostas Esportivas e Cassino,,,Superjogos N.V.,OGL/2024/1130/0520,active,"March 26, 2026",licence-matched,,not contacted,
curacao,,unicagames.bet,unicagames.bet,,,Superjogos N.V.,OGL/2024/1130/0520,active,"March 26, 2026",licence-matched,,not contacted,
curacao,,beepbeepcasino.com,beepbeepcasino,,,WoT N.V.,OGL/2024/452/0687,assessment in progress,"December 24, 2025",licence-matched,,not contacted,
curacao,,bonanzagame.com,Online Casino,,,WoT N.V.,OGL/2024/452/0687,assessment in progress,"December 24, 2025",licence-matched,,not contacted,
curacao,,candy.casino,Candy Casino,,,WoT N.V.,OGL/2024/452/0687,assessment in progress,"December 24, 2025",licence-matched,,not contacted,
curacao,,dendycasino.com,Candy Casino,,,WoT N.V.,OGL/2024/452/0687,assessment in progress,"December 24, 2025",licence-matched,,not contacted,
curacao,,gdfplay.com,gdfplay,,,WoT N.V.,OGL/2024/452/0687,assessment in progress,"December 24, 2025",licence-matched,,not contacted,
curacao,,bahsine.com,Bahsine Giriş,,,Momo Entertainment B.V.,OGL/2024/940/0485,active,"January 3, 2026",licence-matched,,not contacted,
curacao,,betitbet.com,betitbet,,,Momo Entertainment B.V.,OGL/2024/940/0485,active,"January 3, 2026",licence-matched,,not contacted,
curacao,,bovbet.com,Bovbet Resmi Giriş,,,Momo Entertainment B.V.,OGL/2024/940/0485,active,"January 3, 2026",licence-matched,,not contacted,
curacao,,casimono.com,Casimono,,,Momo Entertainment B.V.,OGL/2024/940/0485,active,"January 3, 2026",licence-matched,,not contacted,
curacao,,flukyone.com,FlukyOne,,,Momo Entertainment B.V.,OGL/2024/940/0485,active,"January 3, 2026",licence-matched,,not contacted,
curacao,,hadibet.com,HadiBet,,,Momo Entertainment B.V.,OGL/2024/940/0485,active,"January 3, 2026",licence-matched,,not contacted,
curacao,,handikap.com,Handikap Giriş,,,Momo Entertainment B.V.,OGL/2024/940/0485,active,"January 3, 2026",licence-matched,,not contacted,
curacao,,kazansana.com,Kazansana Giriş (Güncel),,,Momo Entertainment B.V.,OGL/2024/940/0485,active,"January 3, 2026",licence-matched,,not contacted,
curacao,,newbahis.com,Newbahis Giriş,,,Momo Entertainment B.V.,OGL/2024/940/0485,active,"January 3, 2026",licence-matched,,not contacted,
curacao,,pasgol.com,Pasgol Güncel Giriş,,,Momo Entertainment B.V.,OGL/2024/940/0485,active,"January 3, 2026",licence-matched,,not contacted,
curacao,,yazitura.com,yazitura,,,Momo Entertainment B.V.,OGL/2024/940/0485,active,"January 3, 2026",licence-matched,,not contacted,
curacao,,betsomnia.com,Betsomnia,,,FairGame G.P. N.V.,OGL/2024/1673/0915,active,"June 4, 2026",licence-matched,,not contacted,
curacao,,betzard.com,Betzard Casino,,,FairGame G.P. N.V.,OGL/2024/1673/0915,active,"June 4, 2026",licence-matched,,not contacted,
curacao,,bm.bet,Bm.bet,,,FairGame G.P. N.V.,OGL/2024/1673/0915,active,"June 4, 2026",licence-matched,,not contacted,
curacao,,corgislot.com,CorgiSlot,,,FairGame G.P. N.V.,OGL/2024/1673/0915,active,"June 4, 2026",licence-matched,,not contacted,
curacao,,fgfox.com,fgfox,,,FairGame G.P. N.V.,OGL/2024/1673/0915,active,"June 4, 2026",licence-matched,,not contacted,
curacao,,jacktop.com,Jacktop,,,FairGame G.P. N.V.,OGL/2024/1673/0915,active,"June 4, 2026",licence-matched,,not contacted,
curacao,,monixbet.com,Monixbet,,,FairGame G.P. N.V.,OGL/2024/1673/0915,active,"June 4, 2026",licence-matched,,not contacted,
curacao,,rakoocasino.com,Rakoo,,,FairGame G.P. N.V.,OGL/2024/1673/0915,active,"June 4, 2026",licence-matched,,not contacted,
curacao,,vespercasino.com,Vesper,,,FairGame G.P. N.V.,OGL/2024/1673/0915,active,"June 4, 2026",licence-matched,,not contacted,
curacao,,wizebets.com,wizebets,,,FairGame G.P. N.V.,OGL/2024/1673/0915,active,"June 4, 2026",licence-matched,,not contacted,
curacao,,bayspin.com,Bayspin,,,Feel So Good B.V.,OGL/2024/1297/0532,assessment in progress,"December 24, 2025",licence-matched,,not contacted,
curacao,,betine.com,Betine,,,Feel So Good B.V.,OGL/2024/1297/0532,assessment in progress,"December 24, 2025",licence-matched,,not contacted,
curacao,,betkom.com,Anasayfa,,,Feel So Good B.V.,OGL/2024/1297/0532,assessment in progress,"December 24, 2025",licence-matched,,not contacted,
curacao,,betmatik.com,betmatik,,,Feel So Good B.V.,OGL/2024/1297/0532,assessment in progress,"December 24, 2025",licence-matched,,not contacted,
curacao,,kralbet.com,Kralbet,,,Feel So Good B.V.,OGL/2024/1297/0532,assessment in progress,"December 24, 2025",licence-matched,,not contacted,
curacao,,kupabet.com,kupabet,,,Feel So Good B.V.,OGL/2024/1297/0532,assessment in progress,"December 24, 2025",licence-matched,,not contacted,
curacao,,mariobet.com,Mariobet Giriş,,,Feel So Good B.V.,OGL/2024/1297/0532,assessment in progress,"December 24, 2025",licence-matched,,not contacted,
curacao,,tarafbet.com,Tarafbet.com,,,Feel So Good B.V.,OGL/2024/1297/0532,assessment in progress,"December 24, 2025",licence-matched,,not contacted,
curacao,,annacasino.ai,Anna Casino,,,Geeker Technology N.V.,OGL/2024/251/0130,active,"August 28, 2026",licence-matched,,not contacted,
curacao,,beturo.com,Beturo,,,Geeker Technology N.V.,OGL/2024/251/0130,active,"August 28, 2026",licence-matched,,not contacted,
curacao,,vawzengaming.com,Vawzen Gaming,,,Geeker Technology N.V.,OGL/2024/251/0130,active,"August 28, 2026",licence-matched,,not contacted,
curacao,,weezybet.com,Weezybet,,,Geeker Technology N.V.,OGL/2024/251/0130,active,"August 28, 2026",licence-matched,,not contacted,
curacao,,casinojamboree.com,カジノジャンボリー リアルカジノ感覚、高速出金のオンラインカジノ,,,Osmila N.V.,OGL/2024/1276/0583,active,"April 15, 2026",licence-matched,,not contacted,
curacao,,dafa888.com,Restricted Territory,,,Osmila N.V.,OGL/2024/1276/0583,active,"April 15, 2026",licence-matched,,not contacted,
curacao,,dafabc.net,Restricted Territory,,,Osmila N.V.,OGL/2024/1276/0583,active,"April 15, 2026",licence-matched,,not contacted,
curacao,,elysium-dfbt.com,Restricted Territory,,,Osmila N.V.,OGL/2024/1276/0583,active,"April 15, 2026",licence-matched,,not contacted,
curacao,,nextbet.com,Restricted Territory,,,Osmila N.V.,OGL/2024/1276/0583,active,"April 15, 2026",licence-matched,,not contacted,
curacao,,sportdafa.net,Restricted Territory,,,Osmila N.V.,OGL/2024/1276/0583,active,"April 15, 2026",licence-matched,,not contacted,
curacao,,zipangcasino.com,ジパングカジノ｜24時間日本語サポートのオンラインカジノ,,,Osmila N.V.,OGL/2024/1276/0583,active,"April 15, 2026",licence-matched,,not contacted,
curacao,,777baby.com,オンラインカジノ・ラッキーベイビー 777Baby日本語ネットカジノ,,,Osmila N.V.,OGL/2024/1276/0583,active,"April 15, 2026",licence-matched,,not contacted,
curacao,,ftvclub.com,ftvclub,,,Osmila N.V.,OGL/2024/1276/0583,active,"April 15, 2026",licence-matched,,not contacted,
curacao,,betbuta.com,betbuta,,,Ryker B.V.,OGL/2024/1800/1049,assessment in progress,"December 24, 2025",licence-matched,,not contacted,
curacao,,betpriz.com,betpriz,,,Ryker B.V.,OGL/2024/1800/1049,assessment in progress,"December 24, 2025",licence-matched,,not contacted,
curacao,,flex-bet.com,Aftermarket.eu,,,Ryker B.V.,OGL/2024/1800/1049,assessment in progress,"December 24, 2025",licence-matched,,not contacted,
curacao,,tamambet.com,tamambet,,,Ryker B.V.,OGL/2024/1800/1049,assessment in progress,"December 24, 2025",licence-matched,,not contacted,
curacao,,xturka.com,xturka,,,Ryker B.V.,OGL/2024/1800/1049,assessment in progress,"December 24, 2025",licence-matched,,not contacted,
curacao,,betpas.com,betpas,,,Better World N.V.,OGL/2024/836/0401,assessment in progress,"December 24, 2025",licence-matched,,not contacted,
curacao,,gizabet.com,Gizabet Giriş,,,Better World N.V.,OGL/2024/836/0401,assessment in progress,"December 24, 2025",licence-matched,,not contacted,
curacao,,goldenbahis.com,Goldenbahis,,,Better World N.V.,OGL/2024/836/0401,assessment in progress,"December 24, 2025",licence-matched,,not contacted,
curacao,,interbahis.com,İnterbahis Resmi Sitesi,,,Better World N.V.,OGL/2024/836/0401,assessment in progress,"December 24, 2025",licence-matched,,not contacted,
curacao,,restbet.com,restbet,,,Better World N.V.,OGL/2024/836/0401,assessment in progress,"December 24, 2025",licence-matched,,not contacted,
curacao,,tulipbet.com,tulipbet,,,Better World N.V.,OGL/2024/836/0401,assessment in progress,"December 24, 2025",licence-matched,,not contacted,
curacao,,bahibi.com,Sportsbetting,,,Blue Pepper B.V.,OGL/2024/351/0124,assessment in progress,"December 24, 2025",licence-matched,,not contacted,
curacao,,jackpot-town.com,Jackpot,,,Yentel Investments B.V.,OGL/2024/1349/0997,active,"August 1, 2026",licence-matched,,not contacted,
curacao,,vegasreelz.com,Welcome to the casino,,,Yentel Investments B.V.,OGL/2024/1349/0997,active,"August 1, 2026",licence-matched,,not contacted,
curacao,,wild-jokers.com,Wild Jokers,,,Yentel Investments B.V.,OGL/2024/1349/0997,active,"August 1, 2026",licence-matched,,not contacted,
curacao,,icebet.casino,404 Not Found,,,Altacore N.V.,OGL/2023/109/0075,assessment in progress,"December 24, 2025",licence-matched,,not contacted,
curacao,,wazobet.com,Online Casino India 2026,,,AzRa678 N.V.,OGL/2024/183/0195,active,"May 9, 2026",licence-matched,,not contacted,
curacao,,guruplay.io,guruplay,,,Chancier B.V.,OGL/2024/364/0157,assessment in progress,"December 24, 2025",licence-matched,,not contacted,
curacao,,hellspin.vip,Loading...,,,Latcas B.V.,OGL/2024/1676/0905,active,"May 19, 2026",licence-matched,,not contacted,
curacao,,hellwinz.net,Loading...,,,Latcas B.V.,OGL/2024/1676/0905,active,"May 19, 2026",licence-matched,,not contacted,
curacao,,ivibet.game,Ivibet,,,Latcas B.V.,OGL/2024/1676/0905,active,"May 19, 2026",licence-matched,,not contacted,
curacao,,iviwin.net,Ivibet,,,Latcas B.V.,OGL/2024/1676/0905,active,"May 19, 2026",licence-matched,,not contacted,
curacao,,slotsgem.com,Loading...,,,Latcas B.V.,OGL/2024/1676/0905,active,"May 19, 2026",licence-matched,,not contacted,
curacao,,tritonslots.com,Loading...,,,Latcas B.V.,OGL/2024/1676/0905,active,"May 19, 2026",licence-matched,,not contacted,
curacao,,vavegame.com,Loading...,,,Latcas B.V.,OGL/2024/1676/0905,active,"May 19, 2026",licence-matched,,not contacted,
curacao,,bet7k.cl,Bet7k,,,NovaWave Technology N.V.,OGL/2024/547/0446,active,"February 12, 2026",licence-matched,,not contacted,
curacao,,e20.bet,AceleraBet,,,NovaWave Technology N.V.,OGL/2024/547/0446,active,"February 12, 2026",licence-matched,,not contacted,
curacao,,nolimit.bet,UnlimitedBet,,,NovaWave Technology N.V.,OGL/2024/547/0446,active,"February 12, 2026",licence-matched,,not contacted,
curacao,,unlimited.bet,UnlimitedBet,,,NovaWave Technology N.V.,OGL/2024/547/0446,active,"February 12, 2026",licence-matched,,not contacted,
curacao,,x2b.bet,x2b,,,NovaWave Technology N.V.,OGL/2024/547/0446,active,"February 12, 2026",licence-matched,,not contacted,
curacao,,zona7.bet,AceleraBet,,,NovaWave Technology N.V.,OGL/2024/547/0446,active,"February 12, 2026",licence-matched,,not contacted,
curacao,,orobet.cl,Orobet,,,SUVYD B.V.,OGL/2024/846/0501,assessment in progress,"December 24, 2025",licence-matched,,not contacted,
curacao,,hertzbetz.com,HERTZBETZ,,,SUVYD B.V.,OGL/2024/846/0501,assessment in progress,"December 24, 2025",licence-matched,,not contacted,
curacao,,kikicasino.com,KIKI casino,,,SUVYD B.V.,OGL/2024/846/0501,assessment in progress,"December 24, 2025",licence-matched,,not contacted,
curacao,,kraken.casino,Kraken casino,,,SUVYD B.V.,OGL/2024/846/0501,assessment in progress,"December 24, 2025",licence-matched,,not contacted,
curacao,,orobetar.com,Orobet,,,SUVYD B.V.,OGL/2024/846/0501,assessment in progress,"December 24, 2025",licence-matched,,not contacted,
curacao,,slotorado.casino,SLOTORADO,,,SUVYD B.V.,OGL/2024/846/0501,assessment in progress,"December 24, 2025",licence-matched,,not contacted,
curacao,,tombriches.com,Tombriches,,,SUVYD B.V.,OGL/2024/846/0501,assessment in progress,"December 24, 2025",licence-matched,,not contacted,
curacao,,topbet100.com,TOPBET casino,,,SUVYD B.V.,OGL/2024/846/0501,assessment in progress,"December 24, 2025",licence-matched,,not contacted,
curacao,,10sports.io,sports,,,Superstars Entertainment B.V.,OGL/2024/1296/0547,active,"March 28, 2026",licence-matched,,not contacted,
curacao,,lottotoo.com,Lottotoo,,,Superstars Entertainment B.V.,OGL/2024/1296/0547,active,"March 28, 2026",licence-matched,,not contacted,
curacao,,race365.com,Race365,,,Superstars Entertainment B.V.,OGL/2024/1296/0547,active,"March 28, 2026",licence-matched,,not contacted,
curacao,,raced.io,Raced.io,,,Superstars Entertainment B.V.,OGL/2024/1296/0547,active,"March 28, 2026",licence-matched,,not contacted,
curacao,,swordbet.io,SwordBet.io,,,Superstars Entertainment B.V.,OGL/2024/1296/0547,active,"March 28, 2026",licence-matched,,not contacted,
curacao,,latamwin.com,Latamwin,,,W&C N.V.,OGL/2024/922/0638,active,"August 19, 2026",licence-matched,,not contacted,
curacao,,casinoenchile.com,casinoenchile,,,W&C N.V.,OGL/2024/922/0638,active,"August 19, 2026",licence-matched,,not contacted,
curacao,,ganalucas.com,Spotless Serenity Stays Inc.,,,W&C N.V.,OGL/2024/922/0638,active,"August 19, 2026",licence-matched,,not contacted,
curacao,,pokerenchile.com,Sitio no disponible para tu país,,,W&C N.V.,OGL/2024/922/0638,active,"August 19, 2026",licence-matched,,not contacted,
curacao,,winchile.com,winchile,,,W&C N.V.,OGL/2024/922/0638,active,"August 19, 2026",licence-matched,,not contacted,
curacao,,bibubet.com,Bibubet Resmi Giriş 2026,,,Webforce Entertainment N.V.,OGL/2024/781/0368,assessment in progress,"December 24, 2025",licence-matched,,not contacted,
curacao,,gorabet.com,Gorabet 2026,,,Webforce Entertainment N.V.,OGL/2024/781/0368,assessment in progress,"December 24, 2025",licence-matched,,not contacted,
curacao,,lidyabet.com,Lidyabet Giriş,,,Webforce Entertainment N.V.,OGL/2024/781/0368,assessment in progress,"December 24, 2025",licence-matched,,not contacted,
curacao,,nerobet.com,nerobet,,,Webforce Entertainment N.V.,OGL/2024/781/0368,assessment in progress,"December 24, 2025",licence-matched,,not contacted,
curacao,,pulibet.com,Pulibet Resmi Giriş Adresi 2026,,,Webforce Entertainment N.V.,OGL/2024/781/0368,assessment in progress,"December 24, 2025",licence-matched,,not contacted,
curacao,,allrightcasino.com,Site unavailable,,,Atlantic Management B.V.,OGL/2024/1060/0472,active,"August 12, 2026",licence-matched,,not contacted,
curacao,,luckybirdcasino.com,Site unavailable,,,Atlantic Management B.V.,OGL/2024/1060/0472,active,"August 12, 2026",licence-matched,,not contacted,
curacao,,slottyway.com,Slottyway Casino,,,Atlantic Management B.V.,OGL/2024/1060/0472,active,"August 12, 2026",licence-matched,,not contacted,
curacao,,spinamba.com,Spinamba Casino,,,Atlantic Management B.V.,OGL/2024/1060/0472,active,"August 12, 2026",licence-matched,,not contacted,
curacao,,spinbounty.com,SpinBounty Casino,,,Atlantic Management B.V.,OGL/2024/1060/0472,active,"August 12, 2026",licence-matched,,not contacted,
curacao,,supercatcasino77.com,SuperCat Casino,,,Atlantic Management B.V.,OGL/2024/1060/0472,active,"August 12, 2026",licence-matched,,not contacted,
curacao,,viks.com,Viks,,,Atlantic Management B.V.,OGL/2024/1060/0472,active,"August 12, 2026",licence-matched,,not contacted,
curacao,,pingwincasino.com,Pingwin Casino,,,Entertainment Art B.V.,OGL/2024/995/0478,active,"July 1, 2026",licence-matched,,not contacted,
curacao,,sunpuraplay.com,GBWin,,,Entertainment Art B.V.,OGL/2024/995/0478,active,"July 1, 2026",licence-matched,,not contacted,
curacao,,casinoclic.com,Casino en Ligne France 2026,,,Galactic Investments B.V.,OGL/2024/1323/0734,active,"March 12, 2026",licence-matched,,not contacted,
curacao,,larivieracasino.com,Lariviera Casino,,,Galactic Investments B.V.,OGL/2024/1323/0734,active,"March 12, 2026",licence-matched,,not contacted,
curacao,,majesticslotsclub.net,Meilleur Casino en Ligne Français,,,Galactic Investments B.V.,OGL/2024/1323/0734,active,"March 12, 2026",licence-matched,,not contacted,
curacao,,robinroo.com,robinroo.com,,,Galactic Investments B.V.,OGL/2024/1323/0734,active,"March 12, 2026",licence-matched,,not contacted,
curacao,,turbobet.bet,Turbobet,,,Great Star N.V.,OGL/2024/689/0696,active,"August 22, 2026",licence-matched,,not contacted,
curacao,,elexbet.com,elexbet,,,Longterm Interactive N.V.,OGL/2024/1417/0637,assessment in progress,"December 24, 2025",licence-matched,,not contacted,
curacao,,imajbet.com,imajbet,,,Longterm Interactive N.V.,OGL/2024/1417/0637,assessment in progress,"December 24, 2025",licence-matched,,not contacted,
curacao,,savoybetting.com,savoybetting,,,Longterm Interactive N.V.,OGL/2024/1417/0637,assessment in progress,"December 24, 2025",licence-matched,,not contacted,
curacao,,slotexpress.com,SlotExpress,,,Novatech Solutions N.V.,OGL/2024/1790/1062,assessment in progress,"December 24, 2025",licence-matched,,not contacted,
curacao,,betnella.com,ᐈ Betnella,,,Rocket Play B.V.,OGL/2024/2413/1228,active,"June 9, 2026",licence-matched,,not contacted,
curacao,,betsamuro.com,ᐈ Betsamuro,,,Rocket Play B.V.,OGL/2024/2413/1228,active,"June 9, 2026",licence-matched,,not contacted,
curacao,,bonuskong.com,ᐈ Bonuskong,,,Rocket Play B.V.,OGL/2024/2413/1228,active,"June 9, 2026",licence-matched,,not contacted,
curacao,,cowboyspin.com,ᐈ Cowboyspin,,,Rocket Play B.V.,OGL/2024/2413/1228,active,"June 9, 2026",licence-matched,,not contacted,
curacao,,gamblerina.com,ᐈ Gamblerina,,,Rocket Play B.V.,OGL/2024/2413/1228,active,"June 9, 2026",licence-matched,,not contacted,
curacao,,liraluck.com,ᐈ Liraluck,,,Rocket Play B.V.,OGL/2024/2413/1228,active,"June 9, 2026",licence-matched,,not contacted,
curacao,,scizino.com,ᐈ Scizino,,,Rocket Play B.V.,OGL/2024/2413/1228,active,"June 9, 2026",licence-matched,,not contacted,
curacao,,thorfortune.com,ᐈ Thorfortune,,,Rocket Play B.V.,OGL/2024/2413/1228,active,"June 9, 2026",licence-matched,,not contacted,
curacao,,misterxargent.com,Home MisterXArgent,,,TGI Entertainment N.V.,OGL/2024/428/0397,active,"March 26, 2026",licence-matched,,not contacted,
curacao,,misterxor.com,Home MisterXor,,,TGI Entertainment N.V.,OGL/2024/428/0397,active,"March 26, 2026",licence-matched,,not contacted,
curacao,,misterxplatinum.com,Home MisterXPlatinum,,,TGI Entertainment N.V.,OGL/2024/428/0397,active,"March 26, 2026",licence-matched,,not contacted,
curacao,,misterxvip.com,Home MisterXvip,,,TGI Entertainment N.V.,OGL/2024/428/0397,active,"March 26, 2026",licence-matched,,not contacted,
curacao,,mrsbet.com,mrsbet,,,TGI Entertainment N.V.,OGL/2024/428/0397,active,"March 26, 2026",licence-matched,,not contacted,
curacao,,mrxbet.bet,Mrxbet,,,TGI Entertainment N.V.,OGL/2024/428/0397,active,"March 26, 2026",licence-matched,,not contacted,
curacao,,evospin.com,evospin,,,Bets Entertainment N.V.,OGL/2024/1178/0479,assessment in progress,"December 24, 2025",licence-matched,,not contacted,
curacao,,betbaba.com,Betbaba,,,Continental Solutions Limited B.V.,OGL/2024/1208/0715,active,"March 26, 2026",licence-matched,,not contacted,
curacao,,betivo.com,Betivo,,,Continental Solutions Limited B.V.,OGL/2024/1208/0715,active,"March 26, 2026",licence-matched,,not contacted,
curacao,,casinomega.com,Casino,,,Continental Solutions Limited B.V.,OGL/2024/1208/0715,active,"March 26, 2026",licence-matched,,not contacted,
curacao,,zora.bet,...,,,Cre8 B.V.,OGL/2024/375/0657,assessment in progress,"December 24, 2025",licence-matched,,not contacted,
curacao,,ra.bet,Spin Pin,,,Cre8 B.V.,OGL/2024/375/0657,assessment in progress,"December 24, 2025",licence-matched,,not contacted,
curacao,,top.casino,Online betting,,,Cre8 B.V.,OGL/2024/375/0657,assessment in progress,"December 24, 2025",licence-matched,,not contacted,
curacao,,bitzamo-casino.org,bitzamocasino,,,Elsikora N.V.,OGL/2024/345/0210,active,"March 26, 2026",licence-matched,,not contacted,
curacao,,blitz-casino.biz,blitzcasino,,,Elsikora N.V.,OGL/2024/345/0210,active,"March 26, 2026",licence-matched,,not contacted,
curacao,,bounty-casino.info,bountycasino,,,Elsikora N.V.,OGL/2024/345/0210,active,"March 26, 2026",licence-matched,,not contacted,
curacao,,brillx-casino.com,brillxcasino,,,Elsikora N.V.,OGL/2024/345/0210,active,"March 26, 2026",licence-matched,,not contacted,
curacao,,friends-casino.vg,friendscasino,,,Elsikora N.V.,OGL/2024/345/0210,active,"March 26, 2026",licence-matched,,not contacted,
curacao,,turbo-casino.plus,turbocasino,,,Elsikora N.V.,OGL/2024/345/0210,active,"March 26, 2026",licence-matched,,not contacted,
curacao,,jugabet.com.ec,com,,,Gladia N.V.,OGL/2024/378/0652,assessment in progress,"December 24, 2025",licence-matched,,not contacted,
curacao,,evolvebets.com,EvolveBets Casino,,,HNA Gaming B.V.,OGL/2024/1191/0663,active,"March 12, 2026",licence-matched,,not contacted,
curacao,,hugobets.io,HugoBets Casino,,,HNA Gaming B.V.,OGL/2024/1191/0663,active,"March 12, 2026",licence-matched,,not contacted,
curacao,,simsinos.io,Simsinos,,,HNA Gaming B.V.,OGL/2024/1191/0663,active,"March 12, 2026",licence-matched,,not contacted,
curacao,,vibebet.com,vibebet,,,HNA Gaming B.V.,OGL/2024/1191/0663,active,"March 12, 2026",licence-matched,,not contacted,
curacao,,viggoslots.io,Online Casino & Live Casino,,,HNA Gaming B.V.,OGL/2024/1191/0663,active,"March 12, 2026",licence-matched,,not contacted,
curacao,,lotosena.com,lotosena,,,Legacy Eight Curacao N.V.,OGL/2024/956/0417,active,"February 7, 2026",licence-matched,,not contacted,
curacao,,trilhardario.com,Apuestas en Línea,,,Legacy Eight Curacao N.V.,OGL/2024/956/0417,active,"February 7, 2026",licence-matched,,not contacted,
curacao,,trillonario.co.cr,Apuestas en Línea,,,Legacy Eight Curacao N.V.,OGL/2024/956/0417,active,"February 7, 2026",licence-matched,,not contacted,
curacao,,trillonario.com.mx,Apuestas en Línea,,,Legacy Eight Curacao N.V.,OGL/2024/956/0417,active,"February 7, 2026",licence-matched,,not contacted,
curacao,,wintrillions.com,Apuestas en Línea,,,Legacy Eight Curacao N.V.,OGL/2024/956/0417,active,"February 7, 2026",licence-matched,,not contacted,
curacao,,mgc88.cc,mgc,,,Novisoft N.V.,OGL/2024/1394/0725,assessment in progress,"December 24, 2025",licence-matched,,not contacted,
curacao,,willbet.ai,WillBet,,,Novisoft N.V.,OGL/2024/1394/0725,assessment in progress,"December 24, 2025",licence-matched,,not contacted,
curacao,,katon.ai,WillBet,,,Novisoft N.V.,OGL/2024/1394/0725,assessment in progress,"December 24, 2025",licence-matched,,not contacted,
curacao,,cryptobet535.com,cryptobet,,,OnlineGaming Soft B.V.,OGL/2024/825/1106,active,"March 7, 2026",licence-matched,,not contacted,
curacao,,cybercitycasino.com,Cyber City,,,Play Smart ENT B.V.,OGL/2024/649/0442,active,"April 3, 2026",licence-matched,,not contacted,
curacao,,karhusino.com,karhusino,,,Play Smart ENT B.V.,OGL/2024/649/0442,active,"April 3, 2026",licence-matched,,not contacted,
curacao,,pelaanyt.com,Pelaanyt,,,Play Smart ENT B.V.,OGL/2024/649/0442,active,"April 3, 2026",licence-matched,,not contacted,
curacao,,pikapotti.com,Pikapotti,,,Play Smart ENT B.V.,OGL/2024/649/0442,active,"April 3, 2026",licence-matched,,not contacted,
curacao,,spinni.com,SPINNI Casino,,,Play Smart ENT B.V.,OGL/2024/649/0442,active,"April 3, 2026",licence-matched,,not contacted,
curacao,,vivospin.io,vivospin,,,Play Smart ENT B.V.,OGL/2024/649/0442,active,"April 3, 2026",licence-matched,,not contacted,
curacao,,atlantivegas.com,Atlantivegas,,,SG International N.V.,OGL/2024/379/0174,assessment in progress,"December 24, 2025",licence-matched,,not contacted,
curacao,,kilobet.com,KiloBet,,,SG International N.V.,OGL/2024/379/0174,assessment in progress,"December 24, 2025",licence-matched,,not contacted,
curacao,,vegas.salon,Vegas,,,SG International N.V.,OGL/2024/379/0174,assessment in progress,"December 24, 2025",licence-matched,,not contacted,
curacao,,rolletto.cc,rolletto,,,Santeda International B.V.,OGL/2024/1798/1048,assessment in progress,"December 24, 2025",licence-matched,,not contacted,
curacao,,megajeet.com,megajeet,,,Santeda International B.V.,OGL/2024/1798/1048,assessment in progress,"December 24, 2025",licence-matched,,not contacted,
curacao,,zizobet.com,zizobet,,,Santeda International B.V.,OGL/2024/1798/1048,assessment in progress,"December 24, 2025",licence-matched,,not contacted,
curacao,,purecasino.co,Home,,,Windward Circle B.V.,OGL/2024/1135/0484,active,"August 14, 2026",licence-matched,,not contacted,
curacao,,oddjusta.com,OddJusta,,,A2F B.V.,OGL/2024/298/0109,active,"April 14, 2026",licence-matched,,not contacted,
curacao,,punterplay.com,punterplay,,,A2F B.V.,OGL/2024/298/0109,active,"April 14, 2026",licence-matched,,not contacted,
curacao,,superodds88.com,superodds88,,,A2F B.V.,OGL/2024/298/0109,active,"April 14, 2026",licence-matched,,not contacted,
curacao,,tradeball.com,Tradeball,,,A2F B.V.,OGL/2024/298/0109,active,"April 14, 2026",licence-matched,,not contacted,
curacao,,ok9.pro,ok,,,Cyber Labs B.V.,OGL/2024/1696/1055,active,"March 13, 2026",licence-matched,,not contacted,
curacao,,jun88.id,Jun88 Trang chủ chính thức Jun88.com,,,Cyber Labs B.V.,OGL/2024/1696/1055,active,"March 13, 2026",licence-matched,,not contacted,
curacao,,789bet.sc,789BET,,,Cyber Labs B.V.,OGL/2024/1696/1055,active,"March 13, 2026",licence-matched,,not contacted,
curacao,,c168.biz,C168,,,Cyber Labs B.V.,OGL/2024/1696/1055,active,"March 13, 2026",licence-matched,,not contacted,
curacao,,cm88.com,CM88,,,Cyber Labs B.V.,OGL/2024/1696/1055,active,"March 13, 2026",licence-matched,,not contacted,
curacao,,sc88.co,SC88,,,Cyber Labs B.V.,OGL/2024/1696/1055,active,"March 13, 2026",licence-matched,,not contacted,
curacao,,spark.casino,spark,,,Fun Fusion N.V.,OGL/2024/750/0202,assessment in progress,"December 24, 2025",licence-matched,,not contacted,
curacao,,mrtilt.com,MrTilt,,,GP Holding B.V.,OGL/2024/1326/0684,active,"April 17, 2026",licence-matched,,not contacted,
curacao,,pec.bet,PEC.BET,,,GP Holding B.V.,OGL/2024/1326/0684,active,"April 17, 2026",licence-matched,,not contacted,
curacao,,reipas.com,Reipas Kasino,,,GP Holding B.V.,OGL/2024/1326/0684,active,"April 17, 2026",licence-matched,,not contacted,
curacao,,keeponwin.com,Keep On Win,,,Keep On Entertainment N.V.,OGL/2024/2279/1202,active,"February 22, 2026",licence-matched,,not contacted,
curacao,,kktcroyal.com,kktcroyal,,,Keep On Entertainment N.V.,OGL/2024/2279/1202,active,"February 22, 2026",licence-matched,,not contacted,
curacao,,kazancasino.com,Kazan Casino,,,Novi B.V.,OGL/2024/1288/0542,assessment in progress,"December 24, 2025",licence-matched,,not contacted,
curacao,,miki.com,Miki Casino,,,Novi B.V.,OGL/2024/1288/0542,assessment in progress,"December 24, 2025",licence-matched,,not contacted,
curacao,,olimposcasino.com,olimposcasino,,,Novi B.V.,OGL/2024/1288/0542,assessment in progress,"December 24, 2025",licence-matched,,not contacted,
curacao,,casino-x.com,Region restrictions,,,Pomadorro N.V.,OGL/2024/863/0412,assessment in progress,"December 24, 2025",licence-matched,,not contacted,
curacao,,ramenbet.com,Region restrictions,,,Pomadorro N.V.,OGL/2024/863/0412,assessment in progress,"December 24, 2025",licence-matched,,not contacted,
curacao,,letsgocasino.com,Best Online Casino Canada,,,Progress Path Co N.V.,OGL/2024/1113/0517,active,"July 24, 2026",licence-matched,,not contacted,
curacao,,vipletsgocasino.com,Best Online Casino Canada,,,Progress Path Co N.V.,OGL/2024/1113/0517,active,"July 24, 2026",licence-matched,,not contacted,
curacao,,winthrone.com,Online Casino Canada,,,Progress Path Co N.V.,OGL/2024/1113/0517,active,"July 24, 2026",licence-matched,,not contacted,
curacao,,betto.com,BETTO,,,Rail Solutions Group B.V.,OGL/2024/788/0550,assessment in progress,"December 24, 2025",licence-matched,,not contacted,
curacao,,chokwin.com,chokwin,,,Rail Solutions Group B.V.,OGL/2024/788/0550,assessment in progress,"December 24, 2025",licence-matched,,not contacted,
curacao,,coinebet.com,coinebet,,,Rail Solutions Group B.V.,OGL/2024/788/0550,assessment in progress,"December 24, 2025",licence-matched,,not contacted,
curacao,,novero.io,novero,,,Rail Solutions Group B.V.,OGL/2024/788/0550,assessment in progress,"December 24, 2025",licence-matched,,not contacted,
curacao,,betper.com,Betper,,,SXM Management N.V.,OGL/2024/777/0365,assessment in progress,"December 24, 2025",licence-matched,,not contacted,
curacao,,klasbahis.com,klasbahis,,,SXM Management N.V.,OGL/2024/777/0365,assessment in progress,"December 24, 2025",licence-matched,,not contacted,
curacao,,perabet.com,Perabet,,,SXM Management N.V.,OGL/2024/777/0365,assessment in progress,"December 24, 2025",licence-matched,,not contacted,
curacao,,truvabet.com,truvabet,,,SXM Management N.V.,OGL/2024/777/0365,assessment in progress,"December 24, 2025",licence-matched,,not contacted,
curacao,,venusbet.com,venusbet,,,SXM Management N.V.,OGL/2024/777/0365,assessment in progress,"December 24, 2025",licence-matched,,not contacted,
curacao,,kitcasinos.com,kitcasinos,,,Scores55 Tech N.V.,OGL/2024/1307/0748,assessment in progress,"December 24, 2025",licence-matched,,not contacted,
curacao,,globalbahis.com,Loading...,,,TC Entertainment N.V.,OGL/2024/419/0348,assessment in progress,"December 24, 2025",licence-matched,,not contacted,
curacao,,lordspoker.com,lordspoker,,,TC Entertainment N.V.,OGL/2024/419/0348,assessment in progress,"December 24, 2025",licence-matched,,not contacted,
curacao,,22bit.com,bit,,,Techwave B.V.,OGL/2024/1653/0930,active,"April 16, 2026",licence-matched,,not contacted,
curacao,,22casino.com,casino,,,Techwave B.V.,OGL/2024/1653/0930,active,"April 16, 2026",licence-matched,,not contacted,
curacao,,betlabel.com,betlabel,,,Techwave B.V.,OGL/2024/1653/0930,active,"April 16, 2026",licence-matched,,not contacted,
curacao,,royalxo.com,RoyalXO,,,Techwave B.V.,OGL/2024/1653/0930,active,"April 16, 2026",licence-matched,,not contacted,
curacao,,safecasino.com,Safecasino,,,Techwave B.V.,OGL/2024/1653/0930,active,"April 16, 2026",licence-matched,,not contacted,
curacao,,gemwin.ing,GEMWIN,,,Amadeus Technology B.V,OGL/2024/1272/1143,active,"May 18, 2026",licence-matched,,not contacted,
curacao,,nhatvip.bar,Nhatvip,,,Amadeus Technology B.V,OGL/2024/1272/1143,active,"May 18, 2026",licence-matched,,not contacted,
curacao,,sunwin.info,Sunwin,,,Amadeus Technology B.V,OGL/2024/1272/1143,active,"May 18, 2026",licence-matched,,not contacted,
curacao,,tipclub.sbs,Tipclub,,,Amadeus Technology B.V,OGL/2024/1272/1143,active,"May 18, 2026",licence-matched,,not contacted,
curacao,,zowin.cab,ZOWIN,,,Amadeus Technology B.V,OGL/2024/1272/1143,active,"May 18, 2026",licence-matched,,not contacted,
curacao,,kurdbet.net,Kurdbet,,,Arena Sports Entertainment N.V.,OGL/2024/833/1005,active,"May 23, 2026",licence-matched,,not contacted,
curacao,,mosulbet.com,Mosulbet,,,Arena Sports Entertainment N.V.,OGL/2024/833/1005,active,"May 23, 2026",licence-matched,,not contacted,
curacao,,sportarenabet.com,Sport Arena Bet,,,Arena Sports Entertainment N.V.,OGL/2024/833/1005,active,"May 23, 2026",licence-matched,,not contacted,
curacao,,ttbetarena.com,TT Bet Arena,,,Arena Sports Entertainment N.V.,OGL/2024/833/1005,active,"May 23, 2026",licence-matched,,not contacted,
curacao,,dale-bets.com,...,,,Bespinex N.V.,OGL/2024/1563/0831,assessment in progress,"December 24, 2025",licence-matched,,not contacted,
curacao,,fuego.casino,...,,,Bespinex N.V.,OGL/2024/1563/0831,assessment in progress,"December 24, 2025",licence-matched,,not contacted,
curacao,,joinbet.com,...,,,Bespinex N.V.,OGL/2024/1563/0831,assessment in progress,"December 24, 2025",licence-matched,,not contacted,
curacao,,bison.win,bison,,,Betelgeuse Entertainment B.V.,OGL/2024/1062/0475,active,"March 17, 2026",licence-matched,,not contacted,
curacao,,fireball.casino,fireball,,,Betelgeuse Entertainment B.V.,OGL/2024/1062/0475,active,"March 17, 2026",licence-matched,,not contacted,
curacao,,meteoro.casino,meteoro,,,Betelgeuse Entertainment B.V.,OGL/2024/1062/0475,active,"March 17, 2026",licence-matched,,not contacted,
curacao,,playbison.com,playbison,,,Betelgeuse Entertainment B.V.,OGL/2024/1062/0475,active,"March 17, 2026",licence-matched,,not contacted,
curacao,,betwiz.com,betwiz,,,Blueinic B.V.,OGL/2024/314/1090,active,"June 16, 2026",licence-matched,,not contacted,
curacao,,bookielink.com,BookieLink,,,Blueinic B.V.,OGL/2024/314/1090,active,"June 16, 2026",licence-matched,,not contacted,
curacao,,betzy.io,Betzy,,,Blueinic B.V.,OGL/2024/314/1090,active,"June 16, 2026",licence-matched,,not contacted,
curacao,,96odds.com,Odds96,,,Breakout Group B.V.,OGL/2024/391/0299,assessment in progress,"December 24, 2025",licence-matched,,not contacted,
curacao,,o96.vip,Odds96,,,Breakout Group B.V.,OGL/2024/391/0299,assessment in progress,"December 24, 2025",licence-matched,,not contacted,
curacao,,grandz.com,GrandZ Casino,,,Brightstar N.V.,OGL/2024/1455/0790,assessment in progress,"December 24, 2025",licence-matched,,not contacted,
curacao,,grandzrace.com,GrandZ Casino,,,Brightstar N.V.,OGL/2024/1455/0790,assessment in progress,"December 24, 2025",licence-matched,,not contacted,
curacao,,789club.online,789Club,,,DG Innovations B.V.,OGL/2024/1273/1142,active,"May 25, 2026",licence-matched,,not contacted,
curacao,,hitclub.hm,Hitclub,,,DG Innovations B.V.,OGL/2024/1273/1142,active,"May 25, 2026",licence-matched,,not contacted,
curacao,,kclub.fit,KCLUB,,,DG Innovations B.V.,OGL/2024/1273/1142,active,"May 25, 2026",licence-matched,,not contacted,
curacao,,rikvip.mba,Rikvip,,,DG Innovations B.V.,OGL/2024/1273/1142,active,"May 25, 2026",licence-matched,,not contacted,
curacao,,top88.ing,TOP88,,,DG Innovations B.V.,OGL/2024/1273/1142,active,"May 25, 2026",licence-matched,,not contacted,
curacao,,kingonbet.com,kingonbet,,,Digibet N.V.,OGL/2024/1312/0525,active,"March 3, 2026",licence-matched,,not contacted,
curacao,,racetan.com,racetan,,,Digibet N.V.,OGL/2024/1312/0525,active,"March 3, 2026",licence-matched,,not contacted,
curacao,,indi3.club,Cricket Betting,,,Evelnex B.V.,OGL/2024/921/0845,assessment in progress,"December 24, 2025",licence-matched,,not contacted,
curacao,,pb007.co,Coming Soon,,,Evelnex B.V.,OGL/2024/921/0845,assessment in progress,"December 24, 2025",licence-matched,,not contacted,
curacao,,pb77exch.com,pbexch,,,Evelnex B.V.,OGL/2024/921/0845,assessment in progress,"December 24, 2025",licence-matched,,not contacted,
curacao,,pb77india.com,pbindia,,,Evelnex B.V.,OGL/2024/921/0845,assessment in progress,"December 24, 2025",licence-matched,,not contacted,
curacao,,pboffers.co,pboffers,,,Evelnex B.V.,OGL/2024/921/0845,assessment in progress,"December 24, 2025",licence-matched,,not contacted,
curacao,,betx360.live,WebClientV3,,,GB Tech Services N.V.,OGL/2024/114/0135,assessment in progress,"December 24, 2025",licence-matched,,not contacted,
curacao,,dragonslots.com,Loading...,,,Innovex B.V.,OGL/2024/1769/1016,assessment in progress,"December 24, 2025",licence-matched,,not contacted,
curacao,,20bet.tech,Loading...,,,Innovex B.V.,OGL/2024/1769/1016,assessment in progress,"December 24, 2025",licence-matched,,not contacted,
curacao,,granawin.com,Loading...,,,Innovex B.V.,OGL/2024/1769/1016,assessment in progress,"December 24, 2025",licence-matched,,not contacted,
curacao,,nationalcasino.dev,Loading...,,,Innovex B.V.,OGL/2024/1769/1016,assessment in progress,"December 24, 2025",licence-matched,,not contacted,
curacao,,slotrave.com,Slotrave,,,Innovex B.V.,OGL/2024/1769/1016,assessment in progress,"December 24, 2025",licence-matched,,not contacted,
curacao,,gralive.win,Сайт GRA недоступний в твоєму регіоні,,,Kallila N.V.,OGL/2024/398/0495,assessment in progress,"January 14, 2026",licence-matched,,not contacted,
curacao,,stawki.win,stawki,,,Kallila N.V.,OGL/2024/398/0495,assessment in progress,"January 14, 2026",licence-matched,,not contacted,
curacao,,yep.casino,Yep Casino Official,,,Nixxe B.V.,OGL/2024/1363/0705,active,"April 14, 2026",licence-matched,,not contacted,
curacao,,eddybetcasino.com,Play lovable Games For Money,,,Palau Holdings N.V.,OGL/2024/197/0481,active,"January 24, 2026",licence-matched,,not contacted,
curacao,,melbet-ca.com,melbetca,,,Pelican Entertainment B.V.,OGL/2024/561/0554,assessment in progress,"December 24, 2025",licence-matched,,not contacted,
curacao,,melbet-canada.com,melbetcanada,,,Pelican Entertainment B.V.,OGL/2024/561/0554,assessment in progress,"December 24, 2025",licence-matched,,not contacted,
curacao,,melbetghana.com,melbetghana,,,Pelican Entertainment B.V.,OGL/2024/561/0554,assessment in progress,"December 24, 2025",licence-matched,,not contacted,
curacao,,bet-40.vip,bet,,,R. Bostock Enterprises B.V.,OGL/2024/1067/0640,active,"April 21, 2026",licence-matched,,not contacted,
curacao,,elitebet.io,elitebet,,,R. Bostock Enterprises B.V.,OGL/2024/1067/0640,active,"April 21, 2026",licence-matched,,not contacted,
curacao,,puntersvip.io,puntersvip,,,R. Bostock Enterprises B.V.,OGL/2024/1067/0640,active,"April 21, 2026",licence-matched,,not contacted,
curacao,,rocketbet.com,Rocketbet Crypto Casino,,,R. Bostock Enterprises B.V.,OGL/2024/1067/0640,active,"April 21, 2026",licence-matched,,not contacted,
curacao,,ukingbet.com,ukingbet,,,R. Bostock Enterprises B.V.,OGL/2024/1067/0640,active,"April 21, 2026",licence-matched,,not contacted,
curacao,,20bet.com,Loading...,,,TechSolutions Group B.V.,OGL/2024/590/0758,active,"April 14, 2026",licence-matched,,not contacted,
curacao,,bizzocasino.com,Loading...,,,TechSolutions Group B.V.,OGL/2024/590/0758,active,"April 14, 2026",licence-matched,,not contacted,
curacao,,bizzocassino.com,Loading...,,,TechSolutions Group B.V.,OGL/2024/590/0758,active,"April 14, 2026",licence-matched,,not contacted,
curacao,,nationalcasino.com,Loading...,,,TechSolutions Group B.V.,OGL/2024/590/0758,active,"April 14, 2026",licence-matched,,not contacted,
curacao,,nationallcasino.com,Loading...,,,TechSolutions Group B.V.,OGL/2024/590/0758,active,"April 14, 2026",licence-matched,,not contacted,
curacao,,slotoro.bet,Slotoro Official Online Casino,,,Wiraon B.V.,OGL/2024/686/0183,active,"April 14, 2026",licence-matched,,not contacted,
curacao,,verdecasino.com,Verde Casino,,,Wiraon B.V.,OGL/2024/686/0183,active,"April 14, 2026",licence-matched,,not contacted,
curacao,,batery.in,batery,,,YouGMedia B.V.,OGL/2024/107/0914,active,"March 7, 2026",licence-matched,,not contacted,
curacao,,batery-bet.in,baterybet,,,YouGMedia B.V.,OGL/2024/107/0914,active,"March 7, 2026",licence-matched,,not contacted,
curacao,,abcfortunazone.com,Fortunazone Slots,,,Altan N.V.,OGL/2024/596/0252,active,"April 14, 2026",licence-matched,,not contacted,
curacao,,atomfortuna.com,Fortunazone Slots,,,Altan N.V.,OGL/2024/596/0252,active,"April 14, 2026",licence-matched,,not contacted,
curacao,,fortunazone.com,Fortunazone Slots,,,Altan N.V.,OGL/2024/596/0252,active,"April 14, 2026",licence-matched,,not contacted,
curacao,,linebet.com,linebet,,,Aspro N.V.,OGL/2024/565/0553,assessment in progress,"December 24, 2025",licence-matched,,not contacted,
curacao,,xparibet.com,xparibet,,,Aspro N.V.,OGL/2024/565/0553,assessment in progress,"December 24, 2025",licence-matched,,not contacted,
curacao,,kultcasino.com,kultcasino,,,Bluestream N.V.,OGL/2024/1452/0706,assessment in progress,"December 24, 2025",licence-matched,,not contacted,
curacao,,sultan-wins.com,...,,,Bluestream N.V.,OGL/2024/1452/0706,assessment in progress,"December 24, 2025",licence-matched,,not contacted,
curacao,,play.verajohn.net,Vera&John,,,Breckenridge Curaçao B.V.,OGL/2024/175/0182,assessment in progress,"December 24, 2025",licence-matched,,not contacted,
curacao,,play.casinosecret.net,CasinoSecret,,,Breckenridge Curaçao B.V.,OGL/2024/175/0182,assessment in progress,"December 24, 2025",licence-matched,,not contacted,
curacao,,play.intercasino.net,InterCasino,,,Breckenridge Curaçao B.V.,OGL/2024/175/0182,assessment in progress,"December 24, 2025",licence-matched,,not contacted,
curacao,,play.yuugado.net,Yuugado,,,Breckenridge Curaçao B.V.,OGL/2024/175/0182,assessment in progress,"December 24, 2025",licence-matched,,not contacted,
curacao,,katanaspin.com,ᐈ Katanaspin,,,Caishxn Holding B.V.,OGL/2024/1546/0828,assessment in progress,"December 24, 2025",licence-matched,,not contacted,
curacao,,richroger.com,richroger,,,Caishxn Holding B.V.,OGL/2024/1546/0828,assessment in progress,"December 24, 2025",licence-matched,,not contacted,
curacao,,spinbuddha.com,ᐈ Casino Online and Mobile,,,Caishxn Holding B.V.,OGL/2024/1546/0828,assessment in progress,"December 24, 2025",licence-matched,,not contacted,
curacao,,betgcc.com,BetGCC,,,Cetus Technology N.V.,OGL/2024/408/0128,assessment in progress,"December 24, 2025",licence-matched,,not contacted,
curacao,,energiekasino.com,EnergieKasino,,,Forwell Investments B.V.,OGL/2024/1054/0509,active,"August 21, 2026",licence-matched,,not contacted,
curacao,,b52club.info,B52,,,Gladiator Holding N.V.,OGL/2024/1756/0979,assessment in progress,"December 24, 2025",licence-matched,,not contacted,
curacao,,iwin.ceo,iWin,,,Gladiator Holding N.V.,OGL/2024/1756/0979,assessment in progress,"December 24, 2025",licence-matched,,not contacted,
curacao,,nohu.gd,NOHUWIN,,,Gladiator Holding N.V.,OGL/2024/1756/0979,assessment in progress,"December 24, 2025",licence-matched,,not contacted,
curacao,,win79.online,Win79,,,Gladiator Holding N.V.,OGL/2024/1756/0979,assessment in progress,"December 24, 2025",licence-matched,,not contacted,
curacao,,playfortuna.com,playfortuna,,,Globonet B.V.,OGL/2024/367/0690,active,"April 17, 2026",licence-matched,,not contacted,
curacao,,booi.com,booi,,,Globonet B.V.,OGL/2024/367/0690,active,"April 17, 2026",licence-matched,,not contacted,
curacao,,jozz.com,jozz,,,Globonet B.V.,OGL/2024/367/0690,active,"April 17, 2026",licence-matched,,not contacted,
curacao,,iwildcasino.com,iwildcasino,,,Goodwin N.V.,OGL/2024/758/0228,active,"January 24, 2026",licence-matched,,not contacted,
curacao,,lussurio.com,lussurio,,,Goodwin N.V.,OGL/2024/758/0228,active,"January 24, 2026",licence-matched,,not contacted,
curacao,,snatchcasino.com,snatchcasino,,,Goodwin N.V.,OGL/2024/758/0228,active,"January 24, 2026",licence-matched,,not contacted,
curacao,,bet-ibc.com,betibc,,,IBC Broker B.V.,OGL/2024/1230/1099,active,"May 19, 2026",licence-matched,,not contacted,
curacao,,betspider.com,HOME,,,IBC Broker B.V.,OGL/2024/1230/1099,active,"May 19, 2026",licence-matched,,not contacted,
curacao,,bettingsoftware.com,BettingSoftware.com,,,IBC Broker B.V.,OGL/2024/1230/1099,active,"May 19, 2026",licence-matched,,not contacted,
curacao,,vip-ibc.com,VIP,,,IBC Broker B.V.,OGL/2024/1230/1099,active,"May 19, 2026",licence-matched,,not contacted,
curacao,,speeen.com,Server Default Page,,,JER-Team N.V.,OGL/2024/600/0262,assessment in progress,"January 14, 2026",licence-matched,,not contacted,
curacao,,hornetbet.io,Hornetbet,,,Jay Services B.V.,OGL/2024/1118/0773,active,"December 4, 2025",licence-matched,,not contacted,
curacao,,hornet.bet,Hornetbet,,,Jay Services B.V.,OGL/2024/1118/0773,active,"December 4, 2025",licence-matched,,not contacted,
curacao,,wwetten.com,Hornetbet,,,Jay Services B.V.,OGL/2024/1118/0773,active,"December 4, 2025",licence-matched,,not contacted,
curacao,,caddebet.com,Caddebet,,,Moonlight N.V.,OGL/2024/551/0622,assessment in progress,"January 17, 2026",licence-matched,,not contacted,
curacao,,hayalbahis.com,Hayalbahis,,,Moonlight N.V.,OGL/2024/551/0622,assessment in progress,"January 17, 2026",licence-matched,,not contacted,
curacao,,pokerklas.com,pokerklas,,,Moonlight N.V.,OGL/2024/551/0622,assessment in progress,"January 17, 2026",licence-matched,,not contacted,
curacao,,luckera.casino,luckera,,,Orange Entertainment B.V.,OGL/2024/1111/0488,active,"March 18, 2026",licence-matched,,not contacted,
curacao,,belugabahis.com,belugabahis,,,Pinbit N.V.,OGL/2024/601/0623,assessment in progress,"January 17, 2026",licence-matched,,not contacted,
curacao,,jestbahis.com,Jestbahis Yeni ve Güncel Giriş Adresi,,,Pinbit N.V.,OGL/2024/601/0623,assessment in progress,"January 17, 2026",licence-matched,,not contacted,
curacao,,limanbet.com,Limanbet,,,Pinbit N.V.,OGL/2024/601/0623,assessment in progress,"January 17, 2026",licence-matched,,not contacted,
curacao,,lotto247.io,lotto,,,Play UK Internet N.V.,OGL/2024/1404/0617,active,"June 4, 2026",licence-matched,,not contacted,
curacao,,grandesloterias.com,grandesloterias,,,Play UK Internet N.V.,OGL/2024/1404/0617,active,"June 4, 2026",licence-matched,,not contacted,
curacao,,playhugelottos.com,playhugelottos,,,Play UK Internet N.V.,OGL/2024/1404/0617,active,"June 4, 2026",licence-matched,,not contacted,
curacao,,betmac.com,Betmac Casino,,,Sefiarray B.V.,OGL/2024/842/0350,active,"July 25, 2026",licence-matched,,not contacted,
curacao,,betti.com,Sportsbook & Casino Online,,,Sefiarray B.V.,OGL/2024/842/0350,active,"July 25, 2026",licence-matched,,not contacted,
curacao,,truststake.com,TrustStake Casino,,,Sefiarray B.V.,OGL/2024/842/0350,active,"July 25, 2026",licence-matched,,not contacted,
curacao,,boomzy.com,boomzy,,,TH Gambling N.V.,OGL/2024/1468/1024,assessment in progress,"December 24, 2025",licence-matched,,not contacted,
curacao,,casinovibes.com,casinovibes,,,TH Gambling N.V.,OGL/2024/1468/1024,assessment in progress,"December 24, 2025",licence-matched,,not contacted,
curacao,,tuhti.com,TUHTI Casino,,,Trivico B.V.,OGL/2024/799/0255,active,"July 31, 2026",licence-matched,,not contacted,
curacao,,amelhorvida.com,Melhor Vida,,,Zerone B.V.,OGL/2024/738/0549,assessment in progress,"December 24, 2025",licence-matched,,not contacted,
curacao,,jogobet.com,Domain Is No Longer Listed,,,Zerone B.V.,OGL/2024/738/0549,assessment in progress,"December 24, 2025",licence-matched,,not contacted,
curacao,,dicebet.com,Dicebet,,,Advanced Sports Entertainment N.V.,OGL/2024/635/0818,active,"June 4, 2026",licence-matched,,not contacted,
curacao,,dicebet-play.com,Geo Blocked,,,Advanced Sports Entertainment N.V.,OGL/2024/635/0818,active,"June 4, 2026",licence-matched,,not contacted,
curacao,,dicebet-win.com,Geo Blocked,,,Advanced Sports Entertainment N.V.,OGL/2024/635/0818,active,"June 4, 2026",licence-matched,,not contacted,
curacao,,viparabclub.com,VipArabClub,,,Alt.Bet. Exchange B.V.,OGL/2024/785/0229,active,"April 21, 2026",licence-matched,,not contacted,
curacao,,barawin.com,VipArabClub,,,Alt.Bet. Exchange B.V.,OGL/2024/785/0229,active,"April 21, 2026",licence-matched,,not contacted,
curacao,,tuskcasino.com,🥇 Online Casino Play Online & Win,,,Alt.Bet. Exchange B.V.,OGL/2024/785/0229,active,"April 21, 2026",licence-matched,,not contacted,
curacao,,pixcartela.com,Pix Cartela Online,,,Azung B.V.,OGL/2024/835/0400,assessment in progress,"December 24, 2025",licence-matched,,not contacted,
curacao,,pixreal.bet,PIX REAL ONLINE,,,Azung B.V.,OGL/2024/835/0400,assessment in progress,"December 24, 2025",licence-matched,,not contacted,
curacao,,13spins.com,13Spins,,,Boom Line B.V.,OGL/2024/599/0274,active,"March 24, 2026",licence-matched,,not contacted,
curacao,,gangsta.casino,Gangsta Online Casino,,,Boom Line B.V.,OGL/2024/599/0274,active,"March 24, 2026",licence-matched,,not contacted,
curacao,,egabe.net,Побеждай с EGB,,,Exedra N.V.,OGL/2024/1277/0496,active,"May 23, 2026",licence-matched,,not contacted,
curacao,,egb.com,"Rush the Game, Win with EGB",,,Exedra N.V.,OGL/2024/1277/0496,active,"May 23, 2026",licence-matched,,not contacted,
curacao,,egbs.live,Побеждай с EGB,,,Exedra N.V.,OGL/2024/1277/0496,active,"May 23, 2026",licence-matched,,not contacted,
curacao,,casinofriday.com,CasinoFriday,,,Far Up Entertainment N.V.,OGL/2024/361/0119,assessment in progress,"December 24, 2025",licence-matched,,not contacted,
curacao,,betfriday.com,BetFriday,,,Far Up Entertainment N.V.,OGL/2024/361/0119,assessment in progress,"December 24, 2025",licence-matched,,not contacted,
curacao,,fav.casino,Online Casino LopeBet Casino,,,Favorit United N.V.,OGL/2024/300/0596,active,"May 23, 2026",licence-matched,,not contacted,
curacao,,lope.bet,Online Casino LopeBet Casino,,,Favorit United N.V.,OGL/2024/300/0596,active,"May 23, 2026",licence-matched,,not contacted,
curacao,,jurassino.com,jurassino,,,GTW B.V.,OGL/2024/250/0115,assessment in progress,"December 24, 2025",licence-matched,,not contacted,
curacao,,b1tstarz42.com,Bitcoin Casino,,,Gareton B.V.,OGL/2024/165/0185,assessment in progress,"December 24, 2025",licence-matched,,not contacted,
curacao,,bitstarz.com,Bitcoin Casino,,,Gareton B.V.,OGL/2024/165/0185,assessment in progress,"December 24, 2025",licence-matched,,not contacted,
curacao,,cashy.com,Cashy,,,Gareton B.V.,OGL/2024/165/0185,assessment in progress,"December 24, 2025",licence-matched,,not contacted,
curacao,,9winz.com,winz,,,Globis N.V.,OGL/2024/1194/0723,active,"February 12, 2026",licence-matched,,not contacted,
curacao,,go88.hm,Go88,,,Green Stream Technology B.V.,OGL/2024/1264/1125,active,"April 9, 2026",licence-matched,,not contacted,
curacao,,manclub.mba,ManClub Chính Thức,,,Green Stream Technology B.V.,OGL/2024/1264/1125,active,"April 9, 2026",licence-matched,,not contacted,
curacao,,yo88.zip,Yo88,,,Green Stream Technology B.V.,OGL/2024/1264/1125,active,"April 9, 2026",licence-matched,,not contacted,
curacao,,f7casino.com,ᐈ F7casino,,,Investan N.V.,OGL/2024/1630/1008,assessment in progress,"December 24, 2025",licence-matched,,not contacted,
curacao,,fridaywave.com,fridaywave,,,Investan N.V.,OGL/2024/1630/1008,assessment in progress,"December 24, 2025",licence-matched,,not contacted,
curacao,,gekipachi.com,アツパチ,,,Lucifer N.V.,OGL/2024/1635/0968,active,"May 9, 2026",licence-matched,,not contacted,
curacao,,hw.vip,HWYL.COM 好玩娱乐,,,Lucifer N.V.,OGL/2024/1635/0968,active,"May 9, 2026",licence-matched,,not contacted,
curacao,,u.vip,U.VIP,,,Lucifer N.V.,OGL/2024/1635/0968,active,"May 9, 2026",licence-matched,,not contacted,
curacao,,bet4.cl,bet4,,,Media4 Curaçao N.V.,OGL/2024/1510/0839,active,"March 26, 2026",licence-matched,,not contacted,
curacao,,betmexico.mx,Betmexico,,,Media4 Curaçao N.V.,OGL/2024/1510/0839,active,"March 26, 2026",licence-matched,,not contacted,
curacao,,meucassino.com,MeuCassino,,,Mic Group Entertainment N.V.,OGL/2024/1580/0801,assessment in progress,"January 14, 2026",licence-matched,,not contacted,
curacao,,hotbet.bet,Cargando...,,,Misterio Vacio B.V.,OGL/2024/1334/1038,active,"May 23, 2026",licence-matched,,not contacted,
curacao,,pngbet.com,Redirecting...,,,Misterio Vacio B.V.,OGL/2024/1334/1038,active,"May 23, 2026",licence-matched,,not contacted,
curacao,,casinolevant.com,Casinolevant Güncel Giriş Adresi 2026,,,Nova Data Solutions B.V.,OGL/2024/1220/0573,active,"July 5, 2026",licence-matched,,not contacted,
curacao,,sanscasino.com,Şans Casino Giriş Yap,,,Nova Data Solutions B.V.,OGL/2024/1220/0573,active,"July 5, 2026",licence-matched,,not contacted,
curacao,,vidobet.com,Vidobet Para Yatırma ve Çekme,,,Nova Data Solutions B.V.,OGL/2024/1220/0573,active,"July 5, 2026",licence-matched,,not contacted,
curacao,,r7.bet,R7.BET,,,One Internet B.V.,OGL/2024/1053/0486,active,"May 23, 2026",licence-matched,,not contacted,
curacao,,paripesa.com,paripesa,,,Optim Development B.V.,OGL/2024/225/0601,assessment in progress,"January 16, 2026",licence-matched,,not contacted,
curacao,,tedbet.com,Region restrictions,,,Owl In N.V.,OGL/2024/774/0362,active,"March 7, 2026",licence-matched,,not contacted,
curacao,,betsat.com,Betsat Giriş,,,Poligon Entertainment N.V.,OGL/2024/815/0653,active,"March 7, 2026",licence-matched,,not contacted,
curacao,,turkbet.io,Turkbet Bahis Sitesi,,,Poligon Entertainment N.V.,OGL/2024/815/0653,active,"March 7, 2026",licence-matched,,not contacted,
curacao,,cassinopix.com,Cassino BET,,,Superbet88 International N.V.,OGL/2024/1619/0872,active,"March 9, 2026",licence-matched,,not contacted,
curacao,,aztecspinz.com,Aztec Spins,,,SureWin B.V.,OGL/2024/1341/0995,active,"May 23, 2026",licence-matched,,not contacted,
curacao,,ninecasino.com,ninecasino,,,Uno Digital Media B.V.,OGL/2024/1267/0760,active,"November 9, 2025",licence-matched,,not contacted,
curacao,,elitbahis.com,Elitbahis Giriş Ve Kayıt,,,Venus International B.V.,OGL/2024/1127/0766,active,"April 29, 2026",licence-matched,,not contacted,
curacao,,metrobahis.com,Metrobahis,,,Venus International B.V.,OGL/2024/1127/0766,active,"April 29, 2026",licence-matched,,not contacted,
curacao,,v.vegas,V Vegas Casino Online,,,Whitebox B.V.,OGL/2024/822/0338,active,"April 14, 2026",licence-matched,,not contacted,
curacao,,wrbet.me,Wrbet Kenya casino online,,,Zeno Club B.V.,OGL/2024/401/0680,active,"March 5, 2026",licence-matched,,not contacted,
curacao,,324bet.com,324bet,,,50 Gold B.V.,OGL/2024/1144/0972,active,"March 30, 2026",licence-matched,,not contacted,
curacao,,betzillocasino.com,Online Casino for Real Money,,,AMNM B.V.,OGL/2024/1149/0634,active,"January 3, 2026",licence-matched,,not contacted,
curacao,,voltacasino.com,Play online for money,,,Agenics N.V.,OGL/2024/1309/0602,active,"November 9, 2025",licence-matched,,not contacted,
curacao,,vostokcasino.com,Play online for money,,,Agenics N.V.,OGL/2024/1309/0602,active,"November 9, 2025",licence-matched,,not contacted,
curacao,,winwin.bet,winwin,,,Alasia Soft B.V.,OGL/2024/433/0399,assessment in progress,"December 24, 2025",licence-matched,,not contacted,
curacao,,ww-bet.com,wwbet,,,Alasia Soft B.V.,OGL/2024/433/0399,assessment in progress,"December 24, 2025",licence-matched,,not contacted,
curacao,,slots.lv,SlotsLV,,,Arbol Media B.V.,OGL/2024/670/0711,active,"July 14, 2026",licence-matched,,not contacted,
curacao,,cafecasino.lv,Online Casino,,,Arbol Media B.V.,OGL/2024/670/0711,active,"July 14, 2026",licence-matched,,not contacted,
curacao,,arrowexch.com,Arrow Exchange,,,Arrow Wood N.V.,OGL/2024/2289/1184,active,"March 28, 2026",licence-matched,,not contacted,
curacao,,thearrowwood.com,Arrow Wood,,,Arrow Wood N.V.,OGL/2024/2289/1184,active,"March 28, 2026",licence-matched,,not contacted,
curacao,,jonbet.io,jonbet,,,Ascend Entertainment N.V.,OGL/2024/1467/0728,assessment in progress,"December 24, 2025",licence-matched,,not contacted,
curacao,,jon.bet,jon,,,Ascend Entertainment N.V.,OGL/2024/1467/0728,assessment in progress,"December 24, 2025",licence-matched,,not contacted,
curacao,,betgr8.com,Betgr8,,,BG8 Entertainment N.V.,OGL/2024/1657/1069,active,"April 14, 2026",licence-matched,,not contacted,
curacao,,betgreat.com,Betgr8,,,BG8 Entertainment N.V.,OGL/2024/1657/1069,active,"April 14, 2026",licence-matched,,not contacted,
curacao,,fantasino.com,Hello There!,,,Bamla Limited N.V.,OGL/2024/1258/0552,active,"April 16, 2026",licence-matched,,not contacted,
curacao,,rioplay.com,Hello There!,,,Bamla Limited N.V.,OGL/2024/1258/0552,active,"April 16, 2026",licence-matched,,not contacted,
curacao,,gogoroyal.com,GOGOROYAL,,,Bet n Play Solution B.V.,OGL/2024/927/1070,active,"April 21, 2026",licence-matched,,not contacted,
curacao,,betsala.com,betsala,,,Betsala B.V.,OGL/2024/1506/0854,assessment in progress,"December 24, 2025",licence-matched,,not contacted,
curacao,,playsala.com,PlaySala Chile,,,Betsala B.V.,OGL/2024/1506/0854,assessment in progress,"December 24, 2025",licence-matched,,not contacted,
curacao,,banger.casino,Casino,,,Bettor IO N.V.,OGL/2024/1699/1163,active,"March 23, 2026",licence-matched,,not contacted,
curacao,,glory.casino,Casino,,,Bettor IO N.V.,OGL/2024/1699/1163,active,"March 23, 2026",licence-matched,,not contacted,
curacao,,betandreas.com,betandreas,,,Bizbon N.V.,OGL/2024/597/0249,active,"March 23, 2026",licence-matched,,not contacted,
curacao,,mostbet.com,Mostbet official website,,,Bizbon N.V.,OGL/2024/597/0249,active,"March 23, 2026",licence-matched,,not contacted,
curacao,,lil.bet,lil,,,Blackbelt N.V.,OGL/2024/131/0296,assessment in progress,"December 24, 2025",licence-matched,,not contacted,
curacao,,a360.bet,a,,,Borondoso B.V.,OGL/2024/1041/0856,assessment in progress,"December 24, 2025",licence-matched,,not contacted,
curacao,,apuesta360.com,apuesta,,,Borondoso B.V.,OGL/2024/1041/0856,assessment in progress,"December 24, 2025",licence-matched,,not contacted,
curacao,,bodog.io,Yoyocasino.com,,,Caravan Media B.V.,OGL/2024/674/0714,assessment in progress,"December 27, 2025",licence-matched,,not contacted,
curacao,,ozoon.eu,ozoon,,,Caravan Media B.V.,OGL/2024/674/0714,assessment in progress,"December 27, 2025",licence-matched,,not contacted,
curacao,,pincowins.com,pincowins,,,Carlitta N.V.,OGL/2024/1516/0841,assessment in progress,"December 24, 2025",licence-matched,,not contacted,
curacao,,dongamble.com,401,,,Code Harbor N.V.,OGL/2024/486/0261,assessment in progress,"December 24, 2025",licence-matched,,not contacted,
curacao,,betone.com,betone,,,Continent Gaming N.V.,OGL/2024/1332/0669,assessment in progress,"December 24, 2025",licence-matched,,not contacted,
curacao,,chexx.bet,chexx,,,Continent Gaming N.V.,OGL/2024/1332/0669,assessment in progress,"December 24, 2025",licence-matched,,not contacted,
curacao,,grandelix.com,grandelix,,,Disrupt Entertainment Limited N.V.,OGL/2024/668/0844,active,"January 1, 2026",licence-matched,,not contacted,
curacao,,slots99.io,slots,,,Disrupt Entertainment Limited N.V.,OGL/2024/668/0844,active,"January 1, 2026",licence-matched,,not contacted,
curacao,,spinado.com,Spinado Casino,,,Double Entertainment N.V.,OGL/2024/1650/0921,active,"January 23, 2026",licence-matched,,not contacted,
curacao,,twistercasino.com,Twister Casino,,,Double Entertainment N.V.,OGL/2024/1650/0921,active,"January 23, 2026",licence-matched,,not contacted,
curacao,,bigwin.com,Bigwin,,,EastPoint Operations B.V.,OGL/2024/1093/0504,active,"April 28, 2026",licence-matched,,not contacted,
curacao,,bigwins.com,Big Wins,,,EastPoint Operations B.V.,OGL/2024/1093/0504,active,"April 28, 2026",licence-matched,,not contacted,
curacao,,pokerplanets.com,PokerPlanets ᐈ Official Site,,,Entertainment Planets B.V.,OGL/2024/1469/0855,assessment in progress,"December 24, 2025",licence-matched,,not contacted,
curacao,,coldbet.com,coldbet,,,Game2Net B.V.,OGL/2024/296/1093,active,"August 2, 2026",licence-matched,,not contacted,
curacao,,sprutcasino.com,Ласкаво просимо,,,Game2Net B.V.,OGL/2024/296/1093,active,"August 2, 2026",licence-matched,,not contacted,
curacao,,fridayspin.com,ᐈ fridayspin,,,Gaminara N.V.,OGL/2024/2173/1161,active,"April 3, 2026",licence-matched,,not contacted,
curacao,,rollambia.com,ᐈ Rollambia,,,Gaminara N.V.,OGL/2024/2173/1161,active,"April 3, 2026",licence-matched,,not contacted,
curacao,,gameszapped.com,gameszapped,,,Get Zapped Gaming N.V.,OGL/2024/1592/0901,active,"August 19, 2026",licence-matched,,not contacted,
curacao,,spinza.co.za,co,,,Gleneagles B.V.,OGL/2024/1242/0772,active,"April 3, 2026",licence-matched,,not contacted,
curacao,,golden-winners.com,goldenwinners,,,Gleneagles B.V.,OGL/2024/1242/0772,active,"April 3, 2026",licence-matched,,not contacted,
curacao,,betssen.com,BETSSEN,,,Great BDG Randon Entertainment N.V.,OGL/2024/544/0557,active,"April 28, 2026",licence-matched,,not contacted,
curacao,,baocasino.com,Online Casino BAO Casino,,,Highbet B.V.,OGL/2024/295/0600,assessment in progress,"January 21, 2026",licence-matched,,not contacted,
curacao,,grandzbet.com,Grandz Bet,,,Inovaplay B.V.,OGL/2024/221/0534,active,"August 12, 2026",licence-matched,,not contacted,
curacao,,spacefortuna.com,spacefortuna,,,Inovaplay B.V.,OGL/2024/221/0534,active,"August 12, 2026",licence-matched,,not contacted,
curacao,,fan-sport.com,fansport,,,Interactive Betting N.V.,OGL/2024/537/0691,assessment in progress,"December 24, 2025",licence-matched,,not contacted,
curacao,,top-bet.com,topbet,,,Interactive Betting N.V.,OGL/2024/537/0691,assessment in progress,"December 24, 2025",licence-matched,,not contacted,
curacao,,betongame.com,betongame,,,Kromstex B.V.,OGL/2024/313/0337,assessment in progress,"December 24, 2025",licence-matched,,not contacted,
curacao,,funpari.com,funpari,,,Kromstex B.V.,OGL/2024/313/0337,assessment in progress,"December 24, 2025",licence-matched,,not contacted,
curacao,,sportsbits.com,Duelbits,,,Liquid Entertainment N.V.,OGL/2024/1507/0838,assessment in progress,"December 24, 2025",licence-matched,,not contacted,
curacao,,1king.com,...,,,Losartez B.V.,OGL/2024/1441/0693,active,"January 31, 2026",licence-matched,,not contacted,
curacao,,lukscasino.com,...,,,Losartez B.V.,OGL/2024/1441/0693,active,"January 31, 2026",licence-matched,,not contacted,
curacao,,luckytony.com,Lucky Tony Casino,,,Magic Stones N.V.,OGL/2024/566/0462,active,"March 26, 2026",licence-matched,,not contacted,
curacao,,magic365.com,Magic365 Casino,,,Magic Stones N.V.,OGL/2024/566/0462,active,"March 26, 2026",licence-matched,,not contacted,
curacao,,samogon.bet,SAMOGON,,,Mamba Edge B.V.,OGL/2024/976/0894,assessment in progress,"December 24, 2025",licence-matched,,not contacted,
curacao,,vodka.bet,VODKA,,,Mamba Edge B.V.,OGL/2024/976/0894,assessment in progress,"December 24, 2025",licence-matched,,not contacted,
curacao,,csgoempire.gg,The most trusted Counter,,,Moonrail Limited B.V.,OGL/2024/1183/0869,active,"March 30, 2026",licence-matched,,not contacted,
curacao,,csgoempirev2.com,The most trusted Counter,,,Moonrail Limited B.V.,OGL/2024/1183/0869,active,"March 30, 2026",licence-matched,,not contacted,
curacao,,fastpari-afro.com,FastPari,,,Mystic Glitter B.V.,OGL/2024/997/0945,assessment in progress,"December 24, 2025",licence-matched,,not contacted,
curacao,,fastpari.com,fastpari,,,Mystic Glitter B.V.,OGL/2024/997/0945,assessment in progress,"December 24, 2025",licence-matched,,not contacted,
curacao,,betbuq.com,Betbuq Sportbook,,,NewGenx N.V.,OGL/2024/1234/0896,active,"June 6, 2026",licence-matched,,not contacted,
curacao,,vivafortuna.casino,Vivafortuna,,,NewGenx N.V.,OGL/2024/1234/0896,active,"June 6, 2026",licence-matched,,not contacted,
curacao,,rocket.run,Rocket.run,,,Ninetynine N.V.,OGL/2023/166/0071,assessment in progress,"December 24, 2025",licence-matched,,not contacted,
curacao,,wayyy.com,Wayyy,,,Ninetynine N.V.,OGL/2023/166/0071,assessment in progress,"December 24, 2025",licence-matched,,not contacted,
curacao,,wild.io,Wild.io,,,Nonce Gaming B.V.,OGL/2024/210/0198,active,"April 14, 2026",licence-matched,,not contacted,
curacao,,odds4sports.com,Odds4Sports,,,Ole Group International B.V.,OGL/2024/1358/1233,active,"July 25, 2026",licence-matched,,not contacted,
curacao,,jvspin.com,Access to website is restricted,,,Orakum N.V.,OGL/2024/586/0786,active,"March 28, 2026",licence-matched,,not contacted,
curacao,,boostwin.com,BoostWin,,,Playora B.V.,OGL/2024/456/0257,assessment in progress,"December 24, 2025",licence-matched,,not contacted,
curacao,,go-habibi.com,GoHabibi,,,Playora B.V.,OGL/2024/456/0257,assessment in progress,"December 24, 2025",licence-matched,,not contacted,
curacao,,jackpotraider.com,ᐈ JackpotRaider,,,Pointissimo B.V.,OGL/2024/969/1019,active,"March 26, 2026",licence-matched,,not contacted,
curacao,,ninewin.com,ᐈ Casino Online and Mobile,,,Pointissimo B.V.,OGL/2024/969/1019,active,"March 26, 2026",licence-matched,,not contacted,
curacao,,blaze.com,Blaze,,,Prolific Trade N.V.,OGL/2024/1415/0636,assessment in progress,"December 24, 2025",licence-matched,,not contacted,
curacao,,blaze.bet.br,Blaze,,,Prolific Trade N.V.,OGL/2024/1415/0636,assessment in progress,"December 24, 2025",licence-matched,,not contacted,
curacao,,dreamroyale.com,Dream Royale,,,Raeen Exchange N.V.,OGL/2024/1743/0960,active,"January 22, 2026",licence-matched,,not contacted,
curacao,,realreelscasino.com,realreelscasino,,,River Entertainment B.V.,OGL/2024/688/0234,active,"April 14, 2026",licence-matched,,not contacted,
curacao,,kilogram.club,Kilogram Club,,,Snowdunes B.V.,OGL/2024/604/0267,active,"April 28, 2026",licence-matched,,not contacted,
curacao,,marsbahis.com,Marsbahis Giriş,,,Stella Tech B.V.,OGL/2024/1292/0546,assessment in progress,"December 24, 2025",licence-matched,,not contacted,
curacao,,apuesterapido.com,Apuesta Rápido Bet,,,Twins Games N.V.,OGL/2024/1681/0917,active,"March 3, 2026",licence-matched,,not contacted,
curacao,,bonkersbet.com,BonkersBet.com,,,Velorum Corporation N.V.,OGL/2024/1384/0627,active,"June 4, 2026",licence-matched,,not contacted,
curacao,,star7.casino,Star7,,,Velorum Corporation N.V.,OGL/2024/1384/0627,active,"June 4, 2026",licence-matched,,not contacted,
curacao,,bboro.com,Sports betting,,,Webmedia Development N.V.,OGL/2024/884/0471,active,"March 5, 2026",licence-matched,,not contacted,
curacao,,betjordan.com,BetJordan™,,,Y Enterprises B.V.,OGL/2024/1123/0641,active,"January 3, 2026",licence-matched,,not contacted,
curacao,,qizilbilet.com,qizilbilet.com,,,Yungmetro B.V.,OGL/2024/1038/0879,assessment in progress,"December 24, 2025",licence-matched,,not contacted,
curacao,,yohoho.bet,yohoho,,,Yungmetro B.V.,OGL/2024/1038/0879,assessment in progress,"December 24, 2025",licence-matched,,not contacted,
curacao,,jb.com,JB.GAME,,,Zozo Technology B.V.,OGL/2024/1519/0809,assessment in progress,"December 24, 2025",licence-matched,,not contacted,
curacao,,zozo.fan,ZOZO FAN,,,Zozo Technology B.V.,OGL/2024/1519/0809,assessment in progress,"December 24, 2025",licence-matched,,not contacted,
curacao,,123loterias.com,loterias,,,123 Global Media B.V.,OGL/2024/911/0710,assessment in progress,"December 24, 2025",licence-matched,,not contacted,
curacao,,8xbet.com,8Xbet,,,978 Tech N.V.,OGL/2024/1261/0718,active,"August 22, 2026",licence-matched,,not contacted,
curacao,,efbet.net,efbet,,,AE Group B.V.,OGL/2024/216/0606,active,"August 21, 2026",licence-matched,,not contacted,
curacao,,sbx.com,SBX,,,Aftermath B.V.,OGL/2024/2082/1136,active,"July 22, 2026",licence-matched,,not contacted,
curacao,,roboroll.io,RoboRoll,,,Amaterasu N.V.,OGL/2024/1594/0956,active,"January 22, 2026",licence-matched,,not contacted,
curacao,,scarletcasino.com,"Best Online Casino with a $10,000 Bonus",,,Apex Analytica N.V.,OGL/2024/762/0569,assessment in progress,"January 17, 2026",licence-matched,,not contacted,
curacao,,slotclover.com,slotclover,,,Aspera Operations B.V.,OGL/2024/1068/0572,assessment in progress,"December 24, 2025",licence-matched,,not contacted,
curacao,,malibuclubcasino.io,Malibu Club,,,Audeo N.V.,OGL/2024/1534/0834,active,"January 22, 2026",licence-matched,,not contacted,
curacao,,pg-play.com,Country blocked,,,Axum B.V.,OGL/2024/196/0574,active,"July 22, 2026",licence-matched,,not contacted,
curacao,,beastone.co,Beastone,,,Beastone N.V.,OGL/2024/390/0122,assessment in progress,"December 24, 2025",licence-matched,,not contacted,
curacao,,ubet.io,UBET.io,,,BetU Curacao B.V.,OGL/2024/1064/0761,active,"April 28, 2026",licence-matched,,not contacted,
curacao,,betjam.com,betjam,,,Betquest B.V.,OGL/2024/832/0423,assessment in progress,"December 24, 2025",licence-matched,,not contacted,
curacao,,satoshihero.com,Satoshi Hero,,,Bitplay Global B.V.,OGL/2024/201/0270,active,"April 14, 2026",licence-matched,,not contacted,
curacao,,bk8br.com,bkbr,,,Black Hawk Technology B.V.,OGL/2024/132/1011,active,"May 19, 2026",licence-matched,,not contacted,
curacao,,bethype.com,BetHype Casino,,,Boost Gaming N.V.,OGL/2024/906/0375,assessment in progress,"December 24, 2025",licence-matched,,not contacted,
curacao,,bumbet.com,bumbet,,,Brindisa Media N.V.,OGL/2024/698/0579,assessment in progress,"December 24, 2025",licence-matched,,not contacted,
curacao,,tigerbet247.com,Online Casino,,,CW Investments N.V.,OGL/2024/285/0330,active,"June 9, 2026",licence-matched,,not contacted,
curacao,,parimatchs1.com,...,,,Castianes B.V.,OGL/2024/1329/0629,assessment in progress,"December 27, 2025",licence-matched,,not contacted,
curacao,,fairpari.com,fairpari,,,Centrald B.V.,OGL/2024/1143/0865,assessment in progress,"December 24, 2025",licence-matched,,not contacted,
curacao,,centrum-global.com,CENTRUM GLOBAL,,,Centrum Global B.V.,OGL/2024/1046/0451,active,"April 9, 2026",licence-matched,,not contacted,
curacao,,betnimbus.com,betnimbus,,,City Limit B.V.,OGL/2024/1286/0529,assessment in progress,"December 24, 2025",licence-matched,,not contacted,
curacao,,xolotto.com,xolotto,,,Clubhouse Media N.V.,OGL/2024/821/1033,active,"February 5, 2026",licence-matched,,not contacted,
curacao,,livebetline.com,LiveBetLine,,,Complex Technologies B.V.,OGL/2024/334/0243,assessment in progress,"December 24, 2025",licence-matched,,not contacted,
curacao,,ignitionpoker.com,Ignition Poker,,,Connaught Media B.V.,OGL/2024/625/0719,assessment in progress,"January 7, 2026",licence-matched,,not contacted,
curacao,,cosmosbett.com,Cosmos Casino,,,Cosmos Interactive Entertainment N.V.,OGL/2024/1748/0967,active,"January 3, 2026",licence-matched,,not contacted,
curacao,,winebet.com,winebet,,,Cupwin B.V.,OGL/2024/834/0422,assessment in progress,"December 24, 2025",licence-matched,,not contacted,
curacao,,keint.co,KE International Limited N.V.,,,KE International Limited N.V.,OGL/2024/769/0571,active,"May 19, 2026",licence-matched,,not contacted,
curacao,,dazard.club,dazard,,,Dama N.V.,OGL/2023/174/0082,assessment in progress,"December 24, 2025",licence-matched,,not contacted,
curacao,,sporttyp.com,Sporttyp,,,Delphin Blue Ocean B.V.,OGL/2024/657/0248,active,"July 31, 2026",licence-matched,,not contacted,
curacao,,portebet.com,portebet,,,Doubled B.V.,OGL/2024/1015/0870,assessment in progress,"December 24, 2025",licence-matched,,not contacted,
curacao,,bet-football.com,Bet Football,,,Dynamik Marketing B.V.,OGL/2024/1313/0727,active,"March 3, 2026",licence-matched,,not contacted,
curacao,,tg6.com,Redirecting...,,,Edge Five Entertainment B.V.,OGL/2024/938/1131,active,"March 27, 2026",licence-matched,,not contacted,
curacao,,mostbet88.com,Mostbet88,,,Evolut Interactive N.V.,OGL/2024/421/0223,active,"March 26, 2026",licence-matched,,not contacted,
curacao,,wlscasino.com,wlscasino,,,Faraday Online N.V.,OGL/2024/943/0431,active,"March 17, 2026",licence-matched,,not contacted,
curacao,,betpari.com,betpari,,,G2 Tech B.V.,OGL/2024/987/0597,assessment in progress,"December 24, 2025",licence-matched,,not contacted,
curacao,,casinoglory.com,Casino Glory,,,GMFY Tech N.V.,OGL/2024/1586/0788,active,"June 11, 2026",licence-matched,,not contacted,
curacao,,gambulls.com,Gambulls Crypto Casino,,,Gambulls N.V.,OGL/2024/453/0439,active,"July 25, 2026",licence-matched,,not contacted,
curacao,,bz.com,bz,,,Genco Pura B.V.,OGL/2024/1496/0934,active,"May 9, 2026",licence-matched,,not contacted,
curacao,,howl.gg,Howl,,,Genius Touch B.V.,OGL/2024/1638/1028,active,"February 28, 2026",licence-matched,,not contacted,
curacao,,vippari.bet,vippari,,,Geosix B.V.,OGL/2024/316/0598,assessment in progress,"December 24, 2025",licence-matched,,not contacted,
curacao,,godbunny.com,GodBunny,,,Godbunny B.V.,OGL/2024/199/0868,active,"July 3, 2026",licence-matched,,not contacted,
curacao,,callibet.com,...,,,Green Point Technology N.V.,OGL/2024/256/0304,assessment in progress,"December 24, 2025",licence-matched,,not contacted,
curacao,,ppwin.com,PPWIN,,,Greenwich N.V.,OGL/2024/1385/0658,assessment in progress,"December 24, 2025",licence-matched,,not contacted,
curacao,,cloudbet.com,Cloudbet,,,Halcyon Super Holdings B.V.,OGL/2024/328/0599,active,"May 23, 2026",licence-matched,,not contacted,
curacao,,instaslots.com,Instaslots,,,High Seas N.V.,OGL/2024/1533/0769,assessment in progress,"December 24, 2025",licence-matched,,not contacted,
curacao,,zumibet.com,Zumibet,,,ILP Trading B.V.,OGL/2024/1119/0593,active,"December 11, 2025",licence-matched,,not contacted,
curacao,,timelesstech.io,Timeless Tech,,,Innova Hub B.V.,OGL/2024/368/0697,active,"August 13, 2026",licence-matched,,not contacted,
curacao,,casinonavy.com,Homepage,,,JMS Investment Group N.V.,OGL/2024/675/0939,active,"July 1, 2026",licence-matched,,not contacted,
curacao,,tar.la,tar,,,Jazz Business Solutions B.V.,OGL/2024/400/0824,assessment in progress,"December 24, 2025",licence-matched,,not contacted,
curacao,,jetton.online,JetTon Games,,,JetTon Games B.V.,OGL/2024/2287/1195,active,"August 26, 2026",licence-matched,,not contacted,
curacao,,poker8.io,Poker with passion,,,Joyeux B.V.,OGL/2024/1603/0850,assessment in progress,"January 9, 2026",licence-matched,,not contacted,
curacao,,kanggiten.com,kanggiten,,,Kanggiten B.V.,OGL/2024/971/0703,active,"March 26, 2026",licence-matched,,not contacted,
curacao,,pongbet88.com,pongbet,,,Krevetka B.V.,OGL/2024/937/0857,assessment in progress,"December 24, 2025",licence-matched,,not contacted,
curacao,,luckybet.co,LuckyBet,,,LBC Enterprises B.V.,OGL/2024/1221/0500,assessment in progress,"December 24, 2025",licence-matched,,not contacted,
curacao,,igcbet.com,igcbet,,,LGE Entertainment Limited N.V.,OGL/2024/567/0911,active,"May 9, 2026",licence-matched,,not contacted,
curacao,,caratcasino.com,CaratCasino,,,Leopard B.V.,OGL/2024/793/0757,active,"February 22, 2026",licence-matched,,not contacted,
curacao,,livegames.io,LiveGames,,,Livetech Software Solutions N.V.,OGL/2024/845/0407,assessment in progress,"December 24, 2025",licence-matched,,not contacted,
curacao,,clickpari.com,clickpari,,,Lotostorm B.V.,OGL/2024/303/300,assessment in progress,"January 14, 2026",licence-matched,,not contacted,
curacao,,betwinner.llc,BetWinner,,,Luckyroo N.V.,OGL/2024/1371/0694,assessment in progress,"December 24, 2025",licence-matched,,not contacted,
curacao,,007casinoroyal.com,007CasinoRoyal.com,,,MCG Technologies N.V.,OGL/2024/1698/0936,active,"August 12, 2026",licence-matched,,not contacted,
curacao,,juegaplus.com,Maintenance,,,Media 21 B.V.,OGL/2024/1339/0864,active,"January 22, 2026",licence-matched,,not contacted,
curacao,,sgslot.com,SG Slot,,,Meta Tech Innovations B.V.,OGL/2024/325/0187,assessment in progress,"December 24, 2025",licence-matched,,not contacted,
curacao,,auro777.win,auro,,,Mirth B.V.,OGL/2024/1124/0444,active,"November 9, 2025",licence-matched,,not contacted,
curacao,,monotech.group,Monotech,,,Monotech Solutions B.V.,OGL/2024/1672/0923,assessment in progress,"December 24, 2025",licence-matched,,not contacted,
curacao,,crypto.games,CryptoGames,,,MuchGaming B.V.,OGL/2024/1336/1047,active,"August 13, 2026",licence-matched,,not contacted,
curacao,,shuffle.com,Shuffle,,,Natural Nine B.V.,OGL/2024/1337/0628,assessment in progress,"December 24, 2025",licence-matched,,not contacted,
curacao,,dixy.com,Best CSGO Gaming Site,,,New Age N.V.,OGL/2024/1409/0649,active,"June 6, 2026",licence-matched,,not contacted,
curacao,,cocobet.com,cocobet,,,NewEra Information Technology N.V.,OGL/2024/135/0139,assessment in progress,"December 24, 2025",licence-matched,,not contacted,
curacao,,fujifortunecasino.com,富士フォーチュンカジノ,,,Niollo B.V.,OGL/2024/529/0346,assessment in progress,"December 24, 2025",licence-matched,,not contacted,
curacao,,catwin.com,catwin,,,Notica B.V.,OGL/2024/274/0420,assessment in progress,"December 24, 2025",licence-matched,,not contacted,
curacao,,novagaming88.com,novagaming,,,NovaGaming N.V.,OGL/2024/1671/0916,active,"May 9, 2026",licence-matched,,not contacted,
curacao,,rolsbet.com,rolsbet,,,Numereto B.V.,OGL/2024/315/0489,assessment in progress,"December 24, 2025",licence-matched,,not contacted,
curacao,,onion.casino,onion,,,Omega Entertainment N.V.,OGL/2024/558/0973,active,"June 4, 2026",licence-matched,,not contacted,
curacao,,oponento.com,oponento,,,Opo-Net N.V.,OGL/2024/535/0922,active,"August 22, 2026",licence-matched,,not contacted,
curacao,,wgmgames.com,wgmgames,,,Overseas Gaming Management B.V.,OGL/2024/2162/1156,active,"April 14, 2026",licence-matched,,not contacted,
curacao,,bitsler.com,Crypto Casino & Sportsbook,,,Oyine N.V.,OGL/2024/930/0387,assessment in progress,"December 24, 2025",licence-matched,,not contacted,
curacao,,oysterbet.com,Oysterbet.com,,,Oyster Media N.V.,OGL/2024/1745/0962,active,"July 5, 2026",licence-matched,,not contacted,
curacao,,shock.com,Shock.com,,,PR Entertainment N.V.,OGL/2024/1320/0958,active,"March 13, 2026",licence-matched,,not contacted,
curacao,,pegas21.com,Азино777,,,Pegasus 19 B.V.,OGL/2023/187/0094,active,"March 2, 2026",licence-matched,,not contacted,
curacao,,waspbet.live,Waspbet TH,,,Platinum Technology N.V.,OGL/2024/137/0132,assessment in progress,"December 24, 2025",licence-matched,,not contacted,
curacao,,slotszer.com,slotszer,,,Playvision Group B.V.,OGL/2024/968/0753,active,"March 25, 2026",licence-matched,,not contacted,
curacao,,7spin.com,7SPIN,,,Plustar N.V.,OGL/2024/138/0289,active,"May 19, 2026",licence-matched,,not contacted,
curacao,,betwinner.com,betwinner,,,Prevailer B.V.,OGL/2024/341/0759,active,"March 28, 2026",licence-matched,,not contacted,
curacao,,mintdice.com,MintDice Bitcoin Casino 2.0,,,Prism Sentinel N.V.,OGL/2024/1739/0965,active,"July 22, 2026",licence-matched,,not contacted,
curacao,,kirgo.io,KIRGO,,,Raining Games N.V.,OGL/2024/2252/1179,active,"February 22, 2026",licence-matched,,not contacted,
curacao,,red777.com,Red777,,,Red777 N.V.,OGL/2024/948/0661,assessment in progress,"December 24, 2025",licence-matched,,not contacted,
curacao,,joefortune.com,Joe Fortune,,,Ridley Media N.V.,OGL/2024/676/0726,active,"July 14, 2026",licence-matched,,not contacted,
curacao,,beatbet.com,beatbet,,,Royal Bonanza B.V.,OGL/2024/304/0398,assessment in progress,"December 24, 2025",licence-matched,,not contacted,
curacao,,estelarbet.cl,estelarbet,,,S3 Tech N.V.,OGL/2024/1347/0683,active,"March 3, 2026",licence-matched,,not contacted,
curacao,,op7.io,op,,,SKY Sports N.V.,OGL/2024/434/0469,active,"November 19, 2025",licence-matched,,not contacted,
curacao,,slotmill.com,Slotmill,,,SM Tech B.V.,OGL/2024/1293/0543,active,"February 12, 2026",licence-matched,,not contacted,
curacao,,selector-casino.net,selectorcasino,,,Selector Group N.V.,OGL/2024/755/0908,active,"April 14, 2026",licence-matched,,not contacted,
curacao,,paripulse.com,paripulse,,,Seventoria B.V.,OGL/2024/301/0477,assessment in progress,"December 24, 2025",licence-matched,,not contacted,
curacao,,oddsgate.com,Oddsgate,,,Shapefy B.V.,OGL/2024/232/0307,active,"March 10, 2026",licence-matched,,not contacted,
curacao,,bullchance.com,bullchance,,,Softclub N.V.,OGL/2024/2327/1196,active,"August 14, 2026",licence-matched,,not contacted,
curacao,,plazaplay.com,PlazaPlay is closing,,,Sort Services B.V.,OGL/2024/1305/0545,assessment in progress,"December 24, 2025",licence-matched,,not contacted,
curacao,,luckngo.com,luckngo.com online casino,,,Spinola ventures B.V.,OGL/2024/2086/1138,active,"June 4, 2026",licence-matched,,not contacted,
curacao,,db-bet.com,dbbet,,,Sport Tech N.V.,OGL/2024/574/0913,assessment in progress,"December 24, 2025",licence-matched,,not contacted,
curacao,,moonspin.com,Gaming denied,,,Swivel B.V.,OGL/2024/634/0590,active,"March 30, 2026",licence-matched,,not contacted,
curacao,,top-x-go.com,topxgo,,,Topxgo N.V.,OGL/2024/496/0781,active,"November 23, 2025",licence-matched,,not contacted,
curacao,,slots.com,slots,,,Torero Media B.V.,OGL/2024/669/0816,active,"March 24, 2026",licence-matched,,not contacted,
curacao,,777spins.online,spins,,,Turn1 B.V.,OGL/2024/236/0117,active,"May 9, 2026",licence-matched,,not contacted,
curacao,,bet4win.net,BET4WIN,,,UnityBet B.V.,OGL/2024/1994/1120,assessment in progress,"December 27, 2025",licence-matched,,not contacted,
curacao,,vivardocasino.com,Vivardo Casino,,,Vivardo N.V.,OGL/2024/1383/0619,active,"March 3, 2026",licence-matched,,not contacted,
curacao,,patersonbet.com,patersonbet,,,Winholding B.V.,OGL/2024/1290/0515,active,"May 25, 2026",licence-matched,,not contacted,
curacao,,winity.com,winity,,,Winlink B.V.,OGL/2024/886/0978,active,"May 9, 2026",licence-matched,,not contacted,
curacao,,fachaigaming.com,Top Online Casino Game Provider,,,WiselnNet Technologies B.V.,OGL/2024/1184/1010,active,"February 22, 2026",licence-matched,,not contacted,
curacao,,casongo.com,casongo,,,XZ Solutions B.V.,OGL/2024/609/0253,assessment in progress,"December 24, 2025",licence-matched,,not contacted,
curacao,,sekabet.com,Sekabet Giriş,,,ZConsulting B.V.,OGL/2024/1248/0716,active,"May 23, 2026",licence-matched,,not contacted,
curacao,,zenith-crest.com,zenithcrest,,,Zenith Crest B.V.,OGL/2023/134/0063,assessment in progress,"December 24, 2025",licence-matched,,not contacted,
curacao,,shangrila.com,shangrila,,,InterStorm (Curaçao) N.V,OGL/2024/106/0170,revoked,,licence-matched,"DO NOT EMAIL — revoked licence, public page only (see AGENTS.md)",not contacted,
curacao,,kml55.com,Domain Information,,,InterStorm (Curaçao) N.V,OGL/2024/106/0170,revoked,,licence-matched,"DO NOT EMAIL — revoked licence, public page only (see AGENTS.md)",not contacted,
curacao,,sfg51.com,"paٷΨһҳ,Ӯһ",,,InterStorm (Curaçao) N.V,OGL/2024/106/0170,revoked,,licence-matched,"DO NOT EMAIL — revoked licence, public page only (see AGENTS.md)",not contacted,
curacao,,shangrilalive.com,shangrilalive,,,InterStorm (Curaçao) N.V,OGL/2024/106/0170,revoked,,licence-matched,"DO NOT EMAIL — revoked licence, public page only (see AGENTS.md)",not contacted,
curacao,,shangrilavip.com,shangrilavip,,,InterStorm (Curaçao) N.V,OGL/2024/106/0170,revoked,,licence-matched,"DO NOT EMAIL — revoked licence, public page only (see AGENTS.md)",not contacted,
curacao,,betoffice.com,Betoffice,,,Hit Entertainment B.V.,OGL/2024/495/0689,revoked,,licence-matched,"DO NOT EMAIL — revoked licence, public page only (see AGENTS.md)",not contacted,
curacao,,galabet.com,Galabet,,,Hit Entertainment B.V.,OGL/2024/495/0689,revoked,,licence-matched,"DO NOT EMAIL — revoked licence, public page only (see AGENTS.md)",not contacted,
curacao,,kolaybet.com,KOLAYBET,,,Hit Entertainment B.V.,OGL/2024/495/0689,revoked,,licence-matched,"DO NOT EMAIL — revoked licence, public page only (see AGENTS.md)",not contacted,
curacao,,scratchmania.com,Scratchmania Casino,,,Twino Trading N.V.,OGL/2024/882/0440,revoked,,licence-matched,"DO NOT EMAIL — revoked licence, public page only (see AGENTS.md)",not contacted,
curacao,,winorama.com,Winorama Casino Online,,,Twino Trading N.V.,OGL/2024/882/0440,revoked,,licence-matched,"DO NOT EMAIL — revoked licence, public page only (see AGENTS.md)",not contacted,
curacao,,winspark.com,Winspark Casino Online,,,Twino Trading N.V.,OGL/2024/882/0440,revoked,,licence-matched,"DO NOT EMAIL — revoked licence, public page only (see AGENTS.md)",not contacted,
curacao,,leon.net,Online Casino & Sportsbook,,,Moonlite N.V.,OGL/2024/356/0288,revoked,,licence-matched,"DO NOT EMAIL — revoked licence, public page only (see AGENTS.md)",not contacted,
curacao,,juliuscasino.com,Access Restricted,,,Red Digital N.V.,OGL/2024/1275/0771,revoked,,licence-matched,"DO NOT EMAIL — revoked licence, public page only (see AGENTS.md)",not contacted,
curacao,,double8.bet,Domain parked by OnlyDomains,,,Unlimited Solutions B.V.,OGL/2024/607/0254,revoked,,licence-matched,"DO NOT EMAIL — revoked licence, public page only (see AGENTS.md)",not contacted,
curacao,,8.io,8.io Exclusive Crypto Casino Club,,,Adda Entertainment NV,OGL/2023/142/0073,revoked,,licence-matched,"DO NOT EMAIL — revoked licence, public page only (see AGENTS.md)",not contacted,
curacao,,lotteryworld.com,Buy Lottery Online,,,Go East B.V.,OGL/2024/1044/0452,revoked,,licence-matched,"DO NOT EMAIL — revoked licence, public page only (see AGENTS.md)",not contacted,
curacao,,betflash24.com,betflash,,,Loka IT Solutions N.V.,OGL/2024/770/0226,revoked,,licence-matched,"DO NOT EMAIL — revoked licence, public page only (see AGENTS.md)",not contacted,
cryptolists,,luckycoin.com,Lucky Coin Casino,,,,,,,high,,not contacted,
cryptolists,,blockspins.com,Blockspins Casino,,,,,,,high,,not contacted,
cryptolists,,luckyanon.com,Lucky Anon Casino,,,,,,,high,,not contacted,
cryptolists,,betfury.ac,Bet Fury Casino,,,,,,,high,,not contacted,
cryptolists,,parimatch.page,Parimatch Casino,,,,,,,high,,not contacted,
cryptolists,,ltccas.xyz,LTC Casino,,,,,,,high,,not contacted,
cryptolists,,thestakehouse.io,The Stake House,,,,,,,high,,not contacted,
cryptolists,,slotneo-rdr.com,Slot Neo Casino,,,,,,,high,,not contacted,
cryptolists,,playmojo.live,Play Mojo Casino,,,,,,,high,,not contacted,
cryptolists,,rollxo.co,Rollxo Casino,,,,,,,high,,not contacted,
cryptolists,,welle.casino,Welle Casino,,,,,,,high,,not contacted,
cryptolists,,winz1.me,Winz Casino Homepage,,,,,,,high,,not contacted,
cryptolists,,visit-bonanzacity.com,Bonanza City Casino,,,,,,,high,,not contacted,
cryptolists,,rocketspin.live,Rocket Spin Casino,,,,,,,high,,not contacted,
cryptolists,,lucky7even.org,Lucky 7 Even,,,,,,,high,,not contacted,
cryptolists,,playfinago.com,Playfina Casino,,,,,,,high,,not contacted,
cryptolists,,lets777.com,Lets 777 Casino,,,,,,,high,,not contacted,
cryptolists,,rollchain.io,Rollchain Casino,,,,,,,high,,not contacted,
cryptolists,,rollero.live,Rollero Casino,,,,,,,high,,not contacted,
cryptolists,,anonymous-casino.com,Anonymous Casino,,,,,,,high,,not contacted,
cryptolists,,foxslots.com,Fox Slots Casino,,,,,,,high,,not contacted,
cryptolists,,spingreen3.casino,Spin Green Casino,,,,,,,high,,not contacted,
cryptolists,,spinsup.live,Spins Up Casino,,,,,,,high,,not contacted,
cryptolists,,starzspins.com,Starz Spins Casino,,,,,,,high,,not contacted,
cryptolists,,milkyway8.casino,Milky Way Casino,,,,,,,high,,not contacted,
cryptolists,,rooster-bet.win,Rooster Bet,,,,,,,high,,not contacted,
cryptolists,,eternalslots.com,Eternalslots,,,,,,,high,,not contacted,
cryptolists,,blitz.playtraff.com,Blitz Casino,,,,,,,high,,not contacted,
cryptolists,,lama.playtraff.com,Lama Bet Casino,,,,,,,high,,not contacted,
cryptolists,,playbetiolayer.io,Playbet Casino,,,,,,,high,,not contacted,
cryptolists,,casin0x.com,Casin0x,,,,,,,high,,not contacted,
cryptolists,,lucky-vibe.io,Lucky Vibe Casino,,,,,,,high,,not contacted,
cryptolists,,spinjo.live,Spinjo Casino,,,,,,,high,,not contacted,
cryptolists,,xsbets.com,XS Bets,,,,,,,high,,not contacted,
cryptolists,,spinbit.com,Spinbit,,,,,,,high,,not contacted,
cryptolists,,casinoorca1.com,Casino Orca,,,,,,,high,,not contacted,
cryptolists,,wolf.io,Wolf IO Casino,,,,,,,high,,not contacted,
cryptolists,,fortuneplay.co,Fortune Play,,,,,,,high,,not contacted,
cryptolists,,coinbets777.com,Coinbets,,,,,,,high,,not contacted,
cryptolists,,betovix.com,Betovix -,,,,,,,high,,not contacted,
cryptolists,,avocasino37.com,Avo Casino,,,,,,,high,,not contacted,
cryptolists,,ampm7.casino,AMPM Casino,,,,,,,high,,not contacted,
cryptolists,,limewin.online,Lime Win Casino,,,,,,,high,,not contacted,
cryptolists,,royalen.io,Royalen,,,,,,,high,,not contacted,
cryptolists,,billy.bfplay.link,Billy Billion Casino,,,,,,,high,,not contacted,
cryptolists,,rake.com,Rake Casino,,,,,,,high,,not contacted,
cryptolists,,spinbetcasino.com,Spin Bet Casino,,,,,,,high,,not contacted,
cryptolists,,spinarium4.com,Spinarium Casino,,,,,,,high,,not contacted,
cryptolists,,slot.playlink.me,Slot Rush Casino,,,,,,,high,,not contacted,
cryptolists,,fatfruit.io,Fat Fruit Casino,,,,,,,high,,not contacted,
cryptolists,,blazespins.com,Blaze Spins Casino,,,,,,,high,,not contacted,
cryptolists,,spin3grande.com,Spin Grande Casino -,,,,,,,high,,not contacted,
cryptolists,,letslucky.casino,Lets Lucky Casino,,,,,,,high,,not contacted,
cryptolists,,luckyones.online,Lucky Ones Casino -,,,,,,,high,,not contacted,
cryptolists,,50crowns.com,50 Crowns Casino,,,,,,,high,,not contacted,
cryptolists,,xbet.playtraff.com,0Xbet,,,,,,,high,,not contacted,
cryptolists,,therickycasino.com,Ricky Casino,,,,,,,high,,not contacted,
cryptolists,,luckydreams.io,Lucky Dreams Casino,,,,,,,high,,not contacted,
cryptolists,,beti.playtraff.com,Beti Bet,,,,,,,high,,not contacted,
cryptolists,,casino4u.tech,Casino 4U,,,,,,,high,,not contacted,
cryptolists,,gobohocasino.com,Boho Casino,,,,,,,high,,not contacted,
cryptolists,,zota.playtraff.com,Zota Bet,,,,,,,high,,not contacted,
cryptolists,,1royspins1.com,Royspins,,,,,,,high,,not contacted,
cryptolists,,a5.winvegasplus-line.com,WinVegasPlus Casino,,,,,,,high,,not contacted,
cryptolists,,windice.io,Win Dice Casino -,,,,,,,high,,not contacted,
cryptolists,,cobber-casino.tech,Cobber Casino,,,,,,,high,,not contacted,
cryptolists,,casoo46.com,Casoo Casino,,,,,,,high,,not contacted,
cryptolists,,slotastic.ag,Slotastic,,,,,,,high,,not contacted,
cryptolists,,mond1casino.com,Mond Casino,,,,,,,high,,not contacted,
cryptolists,,gomblingo.casino,Gomblingo Casino,,,,,,,high,,not contacted,
cryptolists,,hellspin222.com,Hell Spin Casino,,,,,,,high,,not contacted,
cryptolists,,ivibetx.com,Ivibet Casino,,,,,,,high,,not contacted,
cryptolists,,amokcasino.io,Amok Casino -,,,,,,,high,,not contacted,
cryptolists,,pelicancasino10.games,Pelican Casino,,,,,,,high,,not contacted,
cryptolists,,winawinplay.com,Win a Win Casino,,,,,,,high,,not contacted,
cryptolists,,betcoin.ag,Betcoin Casino,,,,,,,high,,not contacted,
cryptolists,,luckybonanza.ag,Lucky Bonanza Casino,,,,,,,high,,not contacted,
cryptolists,,bitvest.io,Bitvest Casino -,,,,,,,high,,not contacted,
cryptolists,,neo.playlink.me,Neospin Casino,,,,,,,high,,not contacted,
cryptolists,,guns.playlink.me,GunsBet Casino,,,,,,,high,,not contacted,
cryptolists,,koning.playtraff.com,Koningbet Casino,,,,,,,high,,not contacted,
cryptolists,,theonlinecasino.com,The Online Casino,,,,,,,high,,not contacted,
cryptolists,,landingstool.eu,Saga Spins Casino,,,,,,,low,verify this is really the casino before contacting — redirect confidence is low,not contacted,
cryptolists,,koraly7.com,Spin Mama Casino,,,,,,,low,verify this is really the casino before contacting — redirect confidence is low,not contacted,
cryptolists,,rdr-reels.com,Reelsio,,,,,,,low,verify this is really the casino before contacting — redirect confidence is low,not contacted,
cryptolists,,nexono4.com,AFK Spin Casino,,,,,,,low,verify this is really the casino before contacting — redirect confidence is low,not contacted,
cryptolists,,anoncas.xyz,Cryptocasinocc,,,,,,,low,verify this is really the casino before contacting — redirect confidence is low,not contacted,
cryptolists,,betpanda.partners,Bet Panda IO,,,,,,,low,verify this is really the casino before contacting — redirect confidence is low,not contacted,
cryptolists,,7starpartners.com,Only Spins Casino,,,,,,,low,verify this is really the casino before contacting — redirect confidence is low,not contacted,
cryptolists,,cyrazo6.com,Goldzino,,,,,,,low,verify this is really the casino before contacting — redirect confidence is low,not contacted,
cryptolists,,kenovia6.com,Win Airlines Casino,,,,,,,low,verify this is really the casino before contacting — redirect confidence is low,not contacted,
cryptolists,,bcgame-freespin.com,BC Game,,,,,,,low,verify this is really the casino before contacting — redirect confidence is low,not contacted,
cryptolists,,bexaiq5.com,Vinci Spin,,,,,,,low,verify this is really the casino before contacting — redirect confidence is low,not contacted,
cryptolists,,plenaco2.com,Crypto Leo,,,,,,,low,verify this is really the casino before contacting — redirect confidence is low,not contacted,
cryptolists,,bexavia3.com,Billionaire Spin,,,,,,,low,verify this is really the casino before contacting — redirect confidence is low,not contacted,
cryptolists,,bexazo2.com,Spino Gambino Casino,,,,,,,low,verify this is really the casino before contacting — redirect confidence is low,not contacted,
cryptolists,,roostake.com,Roo Stake Casino,,,,,,,low,verify this is really the casino before contacting — redirect confidence is low,not contacted,
cryptolists,,promogb.com,Gold Bet Casino,,,,,,,low,verify this is really the casino before contacting — redirect confidence is low,not contacted,
cryptolists,,zentrofy2.com,BDM Bet,,,,,,,low,verify this is really the casino before contacting — redirect confidence is low,not contacted,
cryptolists,,pizzacamp.org,Spin Space Casino,,,,,,,low,verify this is really the casino before contacting — redirect confidence is low,not contacted,
cryptolists,,ethtopcas.xyz,Eth Casino,,,,,,,low,verify this is really the casino before contacting — redirect confidence is low,not contacted,
cryptolists,,gobets.io,Betsio Casino,,,,,,,low,verify this is really the casino before contacting — redirect confidence is low,not contacted,
cryptolists,,betrepublic1.com,Bet Republic,,,,,,,low,verify this is really the casino before contacting — redirect confidence is low,not contacted,
cryptolists,,flagman-way-six.com,Flagman Casino,,,,,,,low,verify this is really the casino before contacting — redirect confidence is low,not contacted,
cryptolists,,bepal.partners,Betospin,,,,,,,low,verify this is really the casino before contacting — redirect confidence is low,not contacted,
cryptolists,,justcasinoplay.io,Just Casino IO,,,,,,,low,verify this is really the casino before contacting — redirect confidence is low,not contacted,
cryptolists,,lumica5.com,Felix Spin,,,,,,,low,verify this is really the casino before contacting — redirect confidence is low,not contacted,
cryptolists,,loot24.run,Lootrun,,,,,,,low,verify this is really the casino before contacting — redirect confidence is low,not contacted,
cryptolists,,fairpari.com:443,Fair Pari Casino,,,,,,,low,verify this is really the casino before contacting — redirect confidence is low,not contacted,
cryptolists,,alw01cm.lpmediastorage.com,Ala Win Casino,,,,,,,low,verify this is really the casino before contacting — redirect confidence is low,not contacted,
cryptolists,,rwn-irrs10.com,Irwin Casino,,,,,,,low,verify this is really the casino before contacting — redirect confidence is low,not contacted,
cryptolists,,realspin.club,Real Spin,,,,,,,low,verify this is really the casino before contacting — redirect confidence is low,not contacted,
cryptolists,,monrocasino.life,Monro Casino,,,,,,,low,verify this is really the casino before contacting — redirect confidence is low,not contacted,
cryptolists,,bet25.com,Bet 25,,,,,,,low,verify this is really the casino before contacting — redirect confidence is low,not contacted,
cryptolists,,casinocat.com,Casino Cat,,,,,,,low,verify this is really the casino before contacting — redirect confidence is low,not contacted,
cryptolists,,slotlounge.live,Slot Lounge Casino,,,,,,,low,verify this is really the casino before contacting — redirect confidence is low,not contacted,
cryptolists,,clarira8.com,Coolzino Casino,,,,,,,low,verify this is really the casino before contacting — redirect confidence is low,not contacted,
cryptolists,,brav0play11.casino,Bravo Play Casino,,,,,,,low,verify this is really the casino before contacting — redirect confidence is low,not contacted,
cryptolists,,velzom.com,Spin Better Casino,,,,,,,low,verify this is really the casino before contacting — redirect confidence is low,not contacted,
cryptolists,,8543209mp.pro,Megapari Casino,,,,,,,low,verify this is really the casino before contacting — redirect confidence is low,not contacted,
cryptolists,,betmac3.com,Bet Mac Casino,,,,,,,low,verify this is really the casino before contacting — redirect confidence is low,not contacted,
cryptolists,,betkudos.com,Bet Kudos,,,,,,,low,verify this is really the casino before contacting — redirect confidence is low,not contacted,
cryptolists,,snatchcasino.io,Snatch Casino,,,,,,,low,verify this is really the casino before contacting — redirect confidence is low,not contacted,
cryptolists,,korucasino.live,Koru Casino,,,,,,,low,verify this is really the casino before contacting — redirect confidence is low,not contacted,
cryptolists,,goldexcasino.live,Goldex Casino,,,,,,,low,verify this is really the casino before contacting — redirect confidence is low,not contacted,
cryptolists,,koraex2.com,Spin Winera Casino,,,,,,,low,verify this is really the casino before contacting — redirect confidence is low,not contacted,
cryptolists,,melbet.org:443,Melbet,,,,,,,low,verify this is really the casino before contacting — redirect confidence is low,not contacted,
cryptolists,,crypva6.com,Magnetic Slots Casino,,,,,,,low,verify this is really the casino before contacting — redirect confidence is low,not contacted,
cryptolists,,gizbo-way-eight.com,Gizbo Casino,,,,,,,low,verify this is really the casino before contacting — redirect confidence is low,not contacted,
cryptolists,,regspindo.com,Spinando Casino -,,,,,,,low,verify this is really the casino before contacting — redirect confidence is low,not contacted,
cryptolists,,crypco6.com,Oscar Spin Casino,,,,,,,low,verify this is really the casino before contacting — redirect confidence is low,not contacted,
cryptolists,,kenoro7.com,Corgi Bet,,,,,,,low,verify this is really the casino before contacting — redirect confidence is low,not contacted,
cryptolists,,zenobet.io,Zenobet,,,,,,,low,verify this is really the casino before contacting — redirect confidence is low,not contacted,
cryptolists,,cdn.aff.gold,Lucky Kong Casino,,,,,,,low,verify this is really the casino before contacting — redirect confidence is low,not contacted,
cryptolists,,cashpurecasino.co,Pure Casino,,,,,,,low,verify this is really the casino before contacting — redirect confidence is low,not contacted,
cryptolists,,promotions.funkyjackpot.com,Funky Jackpot,,,,,,,low,verify this is really the casino before contacting — redirect confidence is low,not contacted,
cryptolists,,respin.bet,Respin Casino,,,,,,,low,verify this is really the casino before contacting — redirect confidence is low,not contacted,
cryptolists,,casinowinner.live,Casino Winner,,,,,,,low,verify this is really the casino before contacting — redirect confidence is low,not contacted,
cryptolists,,bigwinpromos.com,Casinoist,,,,,,,low,verify this is really the casino before contacting — redirect confidence is low,not contacted,
cryptolists,,invofy5.com,Nine Casino,,,,,,,low,verify this is really the casino before contacting — redirect confidence is low,not contacted,
cryptolists,,nationalcasinolp.com,National Casino,,,,,,,low,verify this is really the casino before contacting — redirect confidence is low,not contacted,
cryptolists,,jtct.live,Jeet City Casino,,,,,,,low,verify this is really the casino before contacting — redirect confidence is low,not contacted,
cryptolists,,redirect-promo.com,Slotoro Casino,,,,,,,low,verify this is really the casino before contacting — redirect confidence is low,not contacted,
cryptolists,,orbino4.com,F7 Casino,,,,,,,low,verify this is really the casino before contacting — redirect confidence is low,not contacted,
cryptolists,,sptn01cm.lpmediastorage.com,Sportuna,,,,,,,low,verify this is really the casino before contacting — redirect confidence is low,not contacted,
cryptolists,,mrrlist.com,Master Play,,,,,,,low,verify this is really the casino before contacting — redirect confidence is low,not contacted,
cryptolists,,play.onlinecasinogames.com,Online Casino Games,,,,,,,low,verify this is really the casino before contacting — redirect confidence is low,not contacted,
cryptolists,,win1mega.com,Win Mega Casino,,,,,,,low,verify this is really the casino before contacting — redirect confidence is low,not contacted,
cryptolists,,prismcampaignpro.com,Prism Casino,,,,,,,low,verify this is really the casino before contacting — redirect confidence is low,not contacted,
cryptolists,,ttcpromos.com,Tik Tok Casino,,,,,,,low,verify this is really the casino before contacting — redirect confidence is low,not contacted,
cryptolists,,l.betwhale.ag,Bet Whale Casino Uncapped,,,,,,,low,verify this is really the casino before contacting — redirect confidence is low,not contacted,
cryptolists,,bwredir.com,Bet Winner,,,,,,,low,verify this is really the casino before contacting — redirect confidence is low,not contacted,
cryptolists,,dreamscampaigns.com,Dreams Casino,,,,,,,low,verify this is really the casino before contacting — redirect confidence is low,not contacted,
cryptolists,,travico9.com,Jackpot Raider,,,,,,,low,verify this is really the casino before contacting — redirect confidence is low,not contacted,
cryptolists,,bitkingzredirect.com,Bit Kingz,,,,,,,low,verify this is really the casino before contacting — redirect confidence is low,not contacted,
cryptolists,,laclasificacionlydia.xyz,Cactus Casino,,,,,,,low,verify this is really the casino before contacting — redirect confidence is low,not contacted,
cryptolists,,22bit1.com,22 Bit Casino,,,,,,,low,verify this is really the casino before contacting — redirect confidence is low,not contacted,
cryptolists,,betride.com,31 Bets Casino,,,,,,,low,verify this is really the casino before contacting — redirect confidence is low,not contacted,
cryptolists,,7.bet,7 Bet,,,,,,,low,verify this is really the casino before contacting — redirect confidence is low,not contacted,
cryptolists,,theclubhousecasino4.com,The Clubhouse Casino,,,,,,,low,verify this is really the casino before contacting — redirect confidence is low,not contacted,
cryptolists,,web.willbet.io,Willbet Casino,,,,,,,low,verify this is really the casino before contacting — redirect confidence is low,not contacted,
cryptolists,,yourwin24.info,Your Win 24,,,,,,,low,verify this is really the casino before contacting — redirect confidence is low,not contacted,
cryptolists,,crypto-games.io,Crypto-Games IO,,,,,,,low,verify this is really the casino before contacting — redirect confidence is low,not contacted,
cryptolists,,atlasrouteops.com,Cosmo Bet Casino,,,,,,,low,verify this is really the casino before contacting — redirect confidence is low,not contacted,
cryptolists,,rp494.casino,Rich Prize Casino,,,,,,,low,verify this is really the casino before contacting — redirect confidence is low,not contacted,
cryptolists,,cryply5.com,Roman Casino,,,,,,,low,verify this is really the casino before contacting — redirect confidence is low,not contacted,
cryptolists,,imperialwins.com,Imperial Wins,,,,,,,low,verify this is really the casino before contacting — redirect confidence is low,not contacted,
cryptolists,,kinara4.com,Kinghills Casino,,,,,,,low,verify this is really the casino before contacting — redirect confidence is low,not contacted,
cryptolists,,app.brokerstorm.com,Broker Storm - Sports,,,,,,,low,verify this is really the casino before contacting — redirect confidence is low,not contacted,
cryptolists,,glorbet.com,Glorbet Casino,,,,,,,low,verify this is really the casino before contacting — redirect confidence is low,not contacted,
cryptolists,,sapphirebet.com:443,Sapphire Bet Casino,,,,,,,low,verify this is really the casino before contacting — redirect confidence is low,not contacted,
cryptolists,,20winlp.com,20 Bet Casino,,,,,,,low,verify this is really the casino before contacting — redirect confidence is low,not contacted,
cryptolists,,casinobello.info,Casino Bello,,,,,,,low,verify this is really the casino before contacting — redirect confidence is low,not contacted,
cryptolists,,casino.satospins.com,Sato Spins Casino -,,,,,,,low,verify this is really the casino before contacting — redirect confidence is low,not contacted,
cryptolists,,rollspace.com,Rollspace,,,,,,,low,verify this is really the casino before contacting — redirect confidence is low,not contacted,
cryptolists,,retrobet.co,Retro Bet -,,,,,,,low,verify this is really the casino before contacting — redirect confidence is low,not contacted,
cryptolists,,pubs.com,Pubs Casino,,,,,,,low,verify this is really the casino before contacting — redirect confidence is low,not contacted,
cryptolists,,happylukepromo.com,Happy Luke Casino -,,,,,,,low,verify this is really the casino before contacting — redirect confidence is low,not contacted,
cryptolists,,spinfever.live,Spin Fever Casino,,,,,,,low,verify this is really the casino before contacting — redirect confidence is low,not contacted,
cryptolists,,shambalacasino.media,Shambala Casino,,,,,,,low,verify this is really the casino before contacting — redirect confidence is low,not contacted,
cryptolists,,sgcasinopromo.com,Slots Gallery Btc Bonus,,,,,,,low,verify this is really the casino before contacting — redirect confidence is low,not contacted,
cryptolists,,asinoplay.com,Asino Casino,,,,,,,low,verify this is really the casino before contacting — redirect confidence is low,not contacted,
cryptolists,,preloadup.com,BetSofa Crypto Bonus,,,,,,,low,verify this is really the casino before contacting — redirect confidence is low,not contacted,
cryptolists,,kpochatc.com,Lucky Reels,,,,,,,low,verify this is really the casino before contacting — redirect confidence is low,not contacted,
cryptolists,,metaspinscasino.live,Metaspins Welcome offer is,,,,,,,low,verify this is really the casino before contacting — redirect confidence is low,not contacted,
cryptolists,,wooreg.com,Woo Casino,,,,,,,low,verify this is really the casino before contacting — redirect confidence is low,not contacted,
cryptolists,,spinupload.online,GoSpin Casino,,,,,,,low,verify this is really the casino before contacting — redirect confidence is low,not contacted,
cryptolists,,gs.aff2go.link,Golden Star Casino,,,,,,,low,verify this is really the casino before contacting — redirect confidence is low,not contacted,
cryptolists,,betti1.com,Betti Casino,,,,,,,low,verify this is really the casino before contacting — redirect confidence is low,not contacted,
cryptolists,,promo.vegazcasino.com,Vegaz Casino,,,,,,,low,verify this is really the casino before contacting — redirect confidence is low,not contacted,
cryptolists,,cryptoslots.com,Crypto Slots,,,,,,,low,verify this is really the casino before contacting — redirect confidence is low,not contacted,
cryptolists,,solcasino.life,Solcasino Homepage,,,,,,,low,verify this is really the casino before contacting — redirect confidence is low,not contacted,
cryptolists,,pelikaani.com,Big Wins Casino,,,,,,,low,verify this is really the casino before contacting — redirect confidence is low,not contacted,
cryptolists,,gangstacasino777.com,Gangsta Casino,,,,,,,low,verify this is really the casino before contacting — redirect confidence is low,not contacted,
cryptolists,,dundeeslotz.com,Dundee Slots,,,,,,,low,verify this is really the casino before contacting — redirect confidence is low,not contacted,
cryptolists,,m.revolutionaffiliates.com,Revolution Casino,,,,,,,low,verify this is really the casino before contacting — redirect confidence is low,not contacted,
cryptolists,,zeslots.info,Zeslots Casino,,,,,,,low,verify this is really the casino before contacting — redirect confidence is low,not contacted,
cryptolists,,vavelp.com,Vave Casino,,,,,,,low,verify this is really the casino before contacting — redirect confidence is low,not contacted,
cryptolists,,vegasaces.com,Vegas Aces,,,,,,,low,verify this is really the casino before contacting — redirect confidence is low,not contacted,
cryptolists,,winadaycasino.eu,Winaday 25 Usd Free,,,,,,,low,verify this is really the casino before contacting — redirect confidence is low,not contacted,
cryptolists,,slotsparadise.com,Slots Paradise,,,,,,,low,verify this is really the casino before contacting — redirect confidence is low,not contacted,
cryptolists,,luckytreasurecampaign.com,Lucky Treasure,,,,,,,low,verify this is really the casino before contacting — redirect confidence is low,not contacted,
cryptolists,,iwildcasino3.io,iWild Casino,,,,,,,low,verify this is really the casino before contacting — redirect confidence is low,not contacted,
cryptolists,,joocasino.live,Joo Casino,,,,,,,low,verify this is really the casino before contacting — redirect confidence is low,not contacted,
cryptolists,,offers.dolfwin.com,Dolf Win Casino,,,,,,,low,verify this is really the casino before contacting — redirect confidence is low,not contacted,
cryptolists,,aff-ads.woopaffiliates.com,Woop Win,,,,,,,low,verify this is really the casino before contacting — redirect confidence is low,not contacted,
cryptolists,,fastpay-acess.com,Fast Pay Casino,,,,,,,low,verify this is really the casino before contacting — redirect confidence is low,not contacted,
cryptolists,,wl1bet.adsrv.eacdn.com,1Bet Casino,,,,,,,low,verify this is really the casino before contacting — redirect confidence is low,not contacted,
cryptolists,,thequeenspins.com,Queen Spins Casino,,,,,,,low,verify this is really the casino before contacting — redirect confidence is low,not contacted,
cryptolists,,slotsempirebonuses.com,Slots Empire,,,,,,,low,verify this is really the casino before contacting — redirect confidence is low,not contacted,
cryptolists,,get2me.pro,Bons Casino,,,,,,,low,verify this is really the casino before contacting — redirect confidence is low,not contacted,
cryptolists,,dripcasino.life,Drip Casino,,,,,,,low,verify this is really the casino before contacting — redirect confidence is low,not contacted,
cryptolists,,playaxecasino.com,Axe Casino,,,,,,,low,verify this is really the casino before contacting — redirect confidence is low,not contacted,
cryptolists,,zodiac1bet.com,Zodiac Bet Casino,,,,,,,low,verify this is really the casino before contacting — redirect confidence is low,not contacted,
cryptolists,,bluechip.io,Bluechip Casino,,,,,,,low,verify this is really the casino before contacting — redirect confidence is low,not contacted,
cryptolists,,get.winbig21.com,Win Big 21 Casino,,,,,,,low,verify this is really the casino before contacting — redirect confidence is low,not contacted,
cryptolists,,n1bet.live,N1 Bet Casino,,,,,,,low,verify this is really the casino before contacting — redirect confidence is low,not contacted,
cryptolists,,exclusive.america777.com,America 777,,,,,,,low,verify this is really the casino before contacting — redirect confidence is low,not contacted,
cryptolists,,luckland.com,Casino Midas,,,,,,,low,verify this is really the casino before contacting — redirect confidence is low,not contacted,
cryptolists,,simsinos.com,Simsino Casino,,,,,,,low,verify this is really the casino before contacting — redirect confidence is low,not contacted,
cryptolists,,jtfr-itsokarsn.com,Jet Casino,,,,,,,low,verify this is really the casino before contacting — redirect confidence is low,not contacted,
cryptolists,,oshiplay.com,Oshi Casino,,,,,,,low,verify this is really the casino before contacting — redirect confidence is low,not contacted,
cryptolists,,land3.yyy-net.com,YYY Casino,,,,,,,low,verify this is really the casino before contacting — redirect confidence is low,not contacted,
cryptolists,,offers.vegasland.com,VegasLand Casino,,,,,,,low,verify this is really the casino before contacting — redirect confidence is low,not contacted,
cryptolists,,cryptolists.com,Bet And You,,,,,,,low,verify this is really the casino before contacting — redirect confidence is low,not contacted,
cryptolists,,promo.rocketplay-bonuses.club,Rocket Play Casino,,,,,,,low,verify this is really the casino before contacting — redirect confidence is low,not contacted,
cryptolists,,jpgame77.com,Hachi Slot,,,,,,,low,verify this is really the casino before contacting — redirect confidence is low,not contacted,
cryptolists,,lemon.casino,Lemon Casino,,,,,,,low,verify this is really the casino before contacting — redirect confidence is low,not contacted,
cryptolists,,play.mystino-1.net,Mystino Casino,,,,,,,low,verify this is really the casino before contacting — redirect confidence is low,not contacted,
cryptolists,,lokocampaign.com,Crypto Loko,,,,,,,low,verify this is really the casino before contacting — redirect confidence is low,not contacted,
cryptolists,,casinopurple.info,Casino Purple,,,,,,,low,verify this is really the casino before contacting — redirect confidence is low,not contacted,
cryptolists,,cherryjackpot.com,Cherry Jackpot,,,,,,,low,verify this is really the casino before contacting — redirect confidence is low,not contacted,
cryptolists,,dzrd.bfplay.link,Dazard Casino,,,,,,,low,verify this is really the casino before contacting — redirect confidence is low,not contacted,
cryptolists,,spstrd.com,Spinch,,,,,,,low,verify this is really the casino before contacting — redirect confidence is low,not contacted,
cryptolists,,rockwingo.com,Rockwin Casino,,,,,,,low,verify this is really the casino before contacting — redirect confidence is low,not contacted,
cryptolists,,onrdrct.com,OnLuck Casino,,,,,,,low,verify this is really the casino before contacting — redirect confidence is low,not contacted,
cryptolists,,livecasinohouse.shop,Live Casino House,,,,,,,low,verify this is really the casino before contacting — redirect confidence is low,not contacted,
cryptolists,,dynaco3.com,B7 Casino,,,,,,,low,verify this is really the casino before contacting — redirect confidence is low,not contacted,
cryptolists,,pribet.club,Pribet Casino,,,,,,,low,verify this is really the casino before contacting — redirect confidence is low,not contacted,
cryptolists,,1rrdrct.com,1Red Casino,,,,,,,low,verify this is really the casino before contacting — redirect confidence is low,not contacted,
cryptolists,,trredir.com,Tomb Riches,,,,,,,low,verify this is really the casino before contacting — redirect confidence is low,not contacted,
cryptolists,,games.fortunemobilecasino.co.uk,Fortune Mobile Casino,,,,,,,low,verify this is really the casino before contacting — redirect confidence is low,not contacted,
cryptolists,,fresh-sfgjhyrt02.com,Fresh Casino,,,,,,,low,verify this is really the casino before contacting — redirect confidence is low,not contacted,
cryptolists,,stardacasino.life,Starda Casino,,,,,,,low,verify this is really the casino before contacting — redirect confidence is low,not contacted,
cryptolists,,zonexa3.com,Memo Casino,,,,,,,low,verify this is really the casino before contacting — redirect confidence is low,not contacted,
cryptolists,,clarizo4.com,Joka Bet,,,,,,,low,verify this is really the casino before contacting — redirect confidence is low,not contacted,
cryptolists,,lexafy6.com,Bet Sixty,,,,,,,low,verify this is really the casino before contacting — redirect confidence is low,not contacted,
cryptolists,,redirect-fieryplay.com,Vulkan Spiele,,,,,,,low,verify this is really the casino before contacting — redirect confidence is low,not contacted,
cryptolists,,zentroex7.com,Nine Win Casino,,,,,,,low,verify this is really the casino before contacting — redirect confidence is low,not contacted,
cryptolists,,linktocandyspinz.com,Candy Spinz Casino,,,,,,,low,verify this is really the casino before contacting — redirect confidence is low,not contacted,
cryptolists,,jacky-net.co,Hidden Jack Casino,,,,,,,low,verify this is really the casino before contacting — redirect confidence is low,not contacted,
