source,tier,domain,brand,email,email_source,operator,licence,licence_status,expiry,confidence,flag,status,contacted_on,recheck_verdict,recheck_live,recheck_http,recheck_title,recheck_reason,recheck_date
anjouan,A,zlot.com,Zlot,marketing@zlot.com,contact page,Obsidian Titan Limited,ALSI-202602052-FI2,,2027-02-27,licence-matched,,DRAFT ONLY — NOT SENT,,live,yes,200,Zlot - Zlot Giriş,,2026-08-14
anjouan,A,bet10bet.com,Bet10bet,info@bet10bet.com,affiliate page,Riotorto Digital LTD,ALSI-202601035-FI1,,2027-01-14,licence-matched,,DRAFT ONLY — NOT SENT,,live,yes,200,Bet10bet | Avrupa Devi Bet10Bet Resmi Türkiye Partneri - Güvenli ve Hızlı Site,,2026-08-14
anjouan,A,pk8.com,Poker King,rakesh.sharma@a5labs.co,contact page,High Gaming IT Services Limited,ALSI-202603023-FI1,,2027-03-13,licence-matched,,DRAFT ONLY — NOT SENT,,live,yes,200,Poker King,,2026-08-14
anjouan,A,yasalbahis.com,Yasalbahis,info@yasalbahis.com,affiliate page,Nowplatform Ltd.,ALSI-202509021-Fll,,2026-09-15,licence-matched,,DRAFT ONLY — NOT SENT,,live,yes,200,Yasalbahis,,2026-08-14
anjouan,A,narniumcasino.com,NarniumCasino,support@narniumcasino.com,contact page,Narnium Solutions Ltd,ALSI-202511055-FI2,,2026-11-29,licence-matched,,DRAFT ONLY — NOT SENT,,live,yes,200,"NarniumCasino - Bitcoin Casino Quest | 100% Bonus, No KYC",,2026-08-14
anjouan,A,narniaslots.com,NarniaSlots,support@narniaslots.com,contact page,Narnium Solutions Ltd,ALSI-202511055-FI2,,2026-11-29,licence-matched,,DRAFT ONLY — NOT SENT,,live,yes,200,NarniaSlots - Magical Casino | 100 Freespins & 100% Bonus,,2026-08-14
anjouan,A,narniumslots.com,NarniumSlots,support@narniumslots.com,contact page,Narnium Solutions Ltd,ALSI-202511055-FI2,,2026-11-29,licence-matched,,DRAFT ONLY — NOT SENT,,live,yes,200,"NarniumSlots - Epic Slots Adventure | 20,000+ Games & No KYC",,2026-08-14
anjouan,A,fatbets.com,Gamdom,support@gamdom.com,affiliate page,Fatbets Ltd,ALSI-202508054-FI2,,2026-08-28,licence-matched,,DRAFT ONLY — NOT SENT,,live,yes,200,Gamdom - Top Bitcoin & Crypto Casino!,,2026-08-14
anjouan,A,raize.poker,RAIZE,hey@raize.poker,contact page,3-102-943085 SRL,ALSI-202511038-FI2,,2026-11-30,licence-matched,,DRAFT ONLY — NOT SENT,,live,yes,200,"RAIZE — Live Dealer Online Poker | Real Dealers, Real Players",,2026-08-14
anjouan,B,ligobet.com,Ligobet,marketing@ligobet.com,affiliate page,Obsidian Titan Limited,ALSI-202602052-FI2,,2027-02-27,licence-matched,,DRAFT ONLY — NOT SENT,,live,yes,200,Ligobet,,2026-08-14
anjouan,B,starzbet.com,Starzbet,winwith@infernopartners.com,affiliate page,Obsidian Titan Limited,ALSI-202602052-FI2,,2027-02-27,licence-matched,,DRAFT ONLY — NOT SENT,,live,yes,200,"Starzbet | Online Sports Betting, Casino & Live Games",,2026-08-14
anjouan,B,dodobet.com,Dodobet global,marketing@dodobetglobal.com,affiliate page,Obsidian Titan Limited,ALSI-202602052-FI2,,2027-02-27,licence-matched,,DRAFT ONLY — NOT SENT,,live,yes,200,Dodobet global,,2026-08-14
anjouan,B,matadorbet.com,Matadorbet,destek@matadorbet.com,contact page,Galactic Infinity Ltd,ALSI-202511048-FI2,,2026-11-29,licence-matched,,DRAFT ONLY — NOT SENT,,live,yes,200,Matadorbet ⚡️ Matadorbet Giriş 2026 ⚡️,,2026-08-14
anjouan,B,zbahis.com,Zbahis,support@zbahis.com,contact page,Galactic Infinity Ltd,ALSI-202511048-FI2,,2026-11-29,licence-matched,,DRAFT ONLY — NOT SENT,,live,yes,200,Zbahis Bahis ve Casino Sitesi | Zbahis Giriş | Zbahis Resmi Sitesi,,2026-08-14
anjouan,B,spinman.com,Spinman,support@spinman.com,affiliate page,Fortuna Digital Solutions FDS Limitada,ALSI-202509068-FI2,,2026-09-29,licence-matched,,DRAFT ONLY — NOT SENT,,live,yes,200,Spinman - Online Casino. Top 100 AAA+ Slots & Live Tables.,,2026-08-14
anjouan,B,partybet.ai,PartyBet,support@partybet.fun,affiliate page,On Read SRL,ALSI-202508060-FI2,,2026-08-28,licence-matched,,DRAFT ONLY — NOT SENT,,live,yes,200,PartyBet — Bet With Friends in the Chat,,2026-08-14
anjouan,B,partybet.casino,PartyBet,support@partybet.fun,affiliate page,On Read SRL,ALSI-202508060-FI2,,2026-08-28,licence-matched,,DRAFT ONLY — NOT SENT,,live,yes,200,PartyBet — Bet With Friends in the Chat,,2026-08-14
anjouan,B,partybet.fun,Partybet,support@partybet.fun,affiliate page,On Read SRL,ALSI-202508060-FI2,,2026-08-28,licence-matched,,DRAFT ONLY — NOT SENT,,live,yes,200,Partybet,,2026-08-14
anjouan,B,partybet.social,PartyBet,support@partybet.fun,affiliate page,On Read SRL,ALSI-202508060-FI2,,2026-08-28,licence-matched,,DRAFT ONLY — NOT SENT,,live,yes,200,PartyBet — Bet With Friends in the Chat,,2026-08-14
anjouan,B,partybet.bot,PartyBet,support@partybet.fun,affiliate page,On Read SRL,ALSI-202508060-FI2,,2026-08-28,licence-matched,,DRAFT ONLY — NOT SENT,,live,yes,200,PartyBet — Bet With Friends in the Chat,,2026-08-14
anjouan,B,partybet.win,PartyBet,support@partybet.fun,affiliate page,On Read SRL,ALSI-202508060-FI2,,2026-08-28,licence-matched,,DRAFT ONLY — NOT SENT,,live,yes,200,PartyBet — Bet With Friends in the Chat,,2026-08-14
anjouan,B,bizbet.mobi,BizBet Africa,support-en@africa-bizbet.com,contact page,Gameway Global LLC,ALSI-202511025-FI2,,2026-11-29,licence-matched,,DRAFT ONLY — NOT SENT,,live,yes,200,BizBet Africa Official Website | Sports Betting & Live Odds,,2026-08-14
anjouan,B,bizbet-biz.com,Bizbet Biz,support-en@bizbet-biz.com,contact page,Gameway Global LLC,ALSI-202511025-FI2,,2026-11-29,licence-matched,,DRAFT ONLY — NOT SENT,,live,yes,200,Online bookmaker in Egypt | Official website BizBet-Biz | bizbet-biz.com,,2026-08-14
anjouan,B,africa-bizbet.com,BizBet Africa,support-en@africa-bizbet.com,contact page,Gameway Global LLC,ALSI-202511025-FI2,,2026-11-29,licence-matched,,DRAFT ONLY — NOT SENT,,live,yes,200,BizBet Africa Official Website | Sports Betting & Live Odds,,2026-08-14
anjouan,B,evetabi.com,EvetAbi,info@evetabi.com,affiliate page,Mistletoe Ltd,ALSI-202508061-FI2,,2026-08-28,licence-matched,,DRAFT ONLY — NOT SENT,,live,yes,200,EvetAbi,,2026-08-14
anjouan,B,letou.com,Letou,cs@letou.com,affiliate page,RegalTech Solutions Limitada,ALSI-202602046-FI2,,2027-02-27,licence-matched,,DRAFT ONLY — NOT SENT,,live,yes,200,,,2026-08-14
anjouan,B,lt.com,Lt,cs@letou.com,affiliate page,RegalTech Solutions Limitada,ALSI-202602046-FI2,,2027-02-27,licence-matched,,DRAFT ONLY — NOT SENT,,live,yes,200,,,2026-08-14
anjouan,B,afrislots.net,AfriSlots,legal@afrislots.net,contact page,Juicecraft Limited,ALSI-202511012-FI1,,2026-11-14,licence-matched,,DRAFT ONLY — NOT SENT,,live,yes,200,"AfriSlots — Online Casino, Slots & Live Games",,2026-08-14
anjouan,B,gbetplay.net,Gbet,abuse@gbetplay.net,contact page,Juicecraft Limited,ALSI-202511012-FI1,,2026-11-14,licence-matched,,DRAFT ONLY — NOT SENT,,live,yes,200,Gbet Casino — Level Up Your Luck,,2026-08-14
anjouan,B,ganamega.net,GanaMega,support@ganamega.net,contact page,Juicecraft Limited,ALSI-202511012-FI1,,2026-11-14,licence-matched,,DRAFT ONLY — NOT SENT,,live,yes,200,"GanaMega Casino — Up to €1,500 + 200 Free Spins",,2026-08-14
anjouan,B,elvisluck.net,ElvisLuck,hello@elvisluck.net,contact page,Juicecraft Limited,ALSI-202511012-FI1,,2026-11-14,licence-matched,,DRAFT ONLY — NOT SENT,,live,yes,200,ElvisLuck Casino — Your Lucky Casino,,2026-08-14
anjouan,B,vegazcasino.com,vegazcasino,info@affpartnergroup.com,affiliate page,MOONSEEKER SRL,ALSI-202509006-FI1,,2026-09-15,licence-matched,,DRAFT ONLY — NOT SENT,,live,yes,200,vegazcasino,,2026-08-14
anjouan,B,volacasino.com,Vola,info@volacasino.com,affiliate page,Nowplatform Ltd.,ALSI-202509021-Fll,,2026-09-15,licence-matched,,DRAFT ONLY — NOT SENT,,live,yes,200,Vola Casino,,2026-08-14
anjouan,B,bhaicasino.com,BhaiCasino,support@bhaicasino.com,affiliate page,Capitanos Games Ltd,ALSI-202509071-FI2,,2026-09-29,licence-matched,,DRAFT ONLY — NOT SENT,,live,yes,200,BhaiCasino,,2026-08-14
anjouan,B,bluebetz.com,Bluebetz,support@bluebetz.com,affiliate page,Capitanos Games Ltd,ALSI-202509071-FI2,,2026-09-29,licence-matched,,DRAFT ONLY — NOT SENT,,live,yes,200,Bluebetz,,2026-08-14
anjouan,B,cwinz.com,Cwinz,support@cwinz.com,affiliate page,Capitanos Games Ltd,ALSI-202509071-FI2,,2026-09-29,licence-matched,,DRAFT ONLY — NOT SENT,,live,yes,200,"Cwinz Online Casino | Slots, Live Games & Sports Bets",,2026-08-14
anjouan,B,jokertipp.com,Joker Tipp,support@jokertipp.com,contact page,Mirella Ltd,ALSI-202509009-FI1,,2026-09-15,licence-matched,,DRAFT ONLY — NOT SENT,,live,yes,200,,,2026-08-14
anjouan,B,kirabet.com,Kira.Bet,info@kirabet.com,affiliate page,Arkevia Group Ltd,ALSI-202510025-FI1,,2026-10-15,licence-matched,,DRAFT ONLY — NOT SENT,,live,yes,200,Kira.Bet | Best Online Casino Maldives | Maldives Bet | Maldives Casino Kira.Bet | Best On,,2026-08-14
anjouan,B,molcasino.com,Mol,info@molcasino.com,affiliate page,Arkevia Group Ltd,ALSI-202510025-FI1,,2026-10-15,licence-matched,,DRAFT ONLY — NOT SENT,,live,yes,200,"Mol.Casino | Baccarat, Roulette, Slot Games ,Crypto Deposit",,2026-08-14
anjouan,B,tomi.club,Tomi,info@tomi.club,affiliate page,Arkevia Group Ltd,ALSI-202510025-FI1,,2026-10-15,licence-matched,,DRAFT ONLY — NOT SENT,,live,yes,200,Tomi : Crypto Casino & Sports Betting Best Online Casino Maldives | Maldives Bet | Maldive,,2026-08-14
anjouan,B,twixos.com,Twixos,privacy@twixos.com,contact page,Global Score Ltd,ALSI-202509002-FI1,,2026-09-15,licence-matched,,DRAFT ONLY — NOT SENT,,live,yes,200,Twixos — Compete. Verify. Win. | Licensed Skill-Gaming Arena,,2026-08-14
anjouan,B,cooked.com,Cooked,support@cooked.com,affiliate page,Digital Chain Ventures SRL,ALSI-202509004-FI1,,2026-09-15,licence-matched,,DRAFT ONLY — NOT SENT,,live,yes,200,"Cooked Casino | Play Online Slots, Table Games & Live Dealers",,2026-08-14
anjouan,B,j8de.io,J8DE,support@j8de.io,affiliate page,3-102-937610 SRL,ALSI-202510054-FI2,,2026-10-28,licence-matched,,DRAFT ONLY — NOT SENT,,live,yes,200,J8DE,,2026-08-14
anjouan,B,kush.casino,Kush,support@kush.casino,contact page,3-102-937610 SRL,ALSI-202510054-FI2,,2026-10-28,licence-matched,,DRAFT ONLY — NOT SENT,,live,yes,200,Казино Куш. Рабочее зеркало. Официальный сайт Kush Casino в России,,2026-08-14
anjouan,B,blockdag.co,BlockDAG,commercials@blockdag.co,affiliate page,3-102-946540 SRL,ALSI-202511024-FI2,,2026-11-29,licence-matched,,DRAFT ONLY — NOT SENT,,live,yes,200,BlockDAG,,2026-08-14
anjouan,B,luckyclash.io,Early Access,info@luckyclash.info,affiliate page,Prime Entertainment Ltd,ALSI-202603032-FI1,,2027-03-15,licence-matched,,DRAFT ONLY — NOT SENT,,live,yes,200,Early Access · LuckyClash,,2026-08-14
anjouan,B,fenixbet.online,FenixBet,support@fenixbet.online,contact page,Spiritus Limited,ALSI-202603056-FI2,,2027-03-30,licence-matched,,DRAFT ONLY — NOT SENT,,live,yes,200,FenixBet,,2026-08-14
anjouan,B,orowin.bet,Orowin,support@orowin.bet,contact page,Win Vision N.V.,ALSI-202605001-FI1,,2027-05-07,licence-matched,,DRAFT ONLY — NOT SENT,,live,yes,200,Orowin Casino: Play the Best Slots and Win Big Today!,,2026-08-14
anjouan,B,sikkaro.bet,Sikkarobet,support@sikkaro.bet,contact page,Win Vision N.V.,ALSI-202605001-FI1,,2027-05-07,licence-matched,,DRAFT ONLY — NOT SENT,,live,yes,200,Sikkarobet: Best Online Casino in Pakistan | Play & Win,,2026-08-14
anjouan,B,funbet888.me,Funbet,reach.us@funbet.me,affiliate page,3-102-938581 Limitada,ALSI-202508066-FI2,,2026-08-28,licence-matched,,DRAFT ONLY — NOT SENT,,live,yes,200,Funbet,,2026-08-14
anjouan,B,funbet.me,Funbet,reach.us@funbet.me,affiliate page,3-102-938581 Limitada,ALSI-202508066-FI2,,2026-08-28,licence-matched,,DRAFT ONLY — NOT SENT,,live,yes,200,Funbet,,2026-08-14
anjouan,B,grizzly.online,Grizzly,affiliate@grizzly.bingo,affiliate page,GC Service Group Ltd,ALSI-202508052-FI2,,2026-08-28,licence-matched,,DRAFT ONLY — NOT SENT,,gone,no,200,,near-empty response,2026-08-14
anjouan,B,grizzly.win,Grizzly,affiliate@grizzly.bingo,affiliate page,GC Service Group Ltd,ALSI-202508052-FI2,,2026-08-28,licence-matched,,DRAFT ONLY — NOT SENT,,live,yes,200,Casino Grizzly,,2026-08-14
anjouan,B,369wins.com,369Wins,support@369wins.com,affiliate page,Anzal Ltd,ALSI-202510004-FI1,,2026-10-15,licence-matched,,DRAFT ONLY — NOT SENT,,live,yes,200,369WINS,,2026-08-14
anjouan,B,gold24x7.com,Gold,admin@gold.casino,affiliate page,3-102-944744 SRL,ALSI-202510061-FI2,,2026-10-28,licence-matched,,DRAFT ONLY — NOT SENT,,live,yes,200,Gold Casino,,2026-08-14
anjouan,B,playbet.io,Playbet,info@playbet.io,affiliate page,Aurevia Digital Ventures Ltd,ALSI-202510058-FI2,,2026-10-28,licence-matched,,DRAFT ONLY — NOT SENT,,live,yes,200,Online Crypto Casino & Sportsbook | Playbet,,2026-08-14
anjouan,B,getwin.online,Getwin,support@getwin.online,affiliate page,3-102-945845 SRL,ALSI-202511035-FI2,,2026-11-29,licence-matched,,DRAFT ONLY — NOT SENT,,live,yes,200,,,2026-08-14
anjouan,B,fortislots.com,Fortislots,support@fortislots.com,affiliate page,3-102-945845 SRL,ALSI-202511035-FI2,,2026-11-29,licence-matched,,DRAFT ONLY — NOT SENT,,live,yes,200,FortiSlots: Win Big with Exciting Betting Options,,2026-08-14
anjouan,B,pro11casino.com,Pro11casino,support@pro11casino.com,affiliate page,3-102-947393 SRL,ALSI-202511030-FI2,,2026-11-29,licence-matched,,DRAFT ONLY — NOT SENT,,live,yes,200,Pro11casino,,2026-08-14
anjouan,B,aryanbet.com,Aryanbet,info@aryanbet.com,affiliate page,3-102-946386 SRL,ALSI-202512003-FI1,,2026-12-14,licence-matched,,DRAFT ONLY — NOT SENT,,live,yes,200,Aryanbet | Sports betting & Casino & Virtual Sports & Turbo Games,,2026-08-14
anjouan,B,drazzewin.com,Drazze,partners@drazze.casino,affiliate page,Drazze Limited,ALSI-202512040-FI1,,2026-12-21,licence-matched,,DRAFT ONLY — NOT SENT,,live,yes,200,Drazze - Онлайн казино,,2026-08-14
anjouan,B,drazze.casino,Drazze,partners@drazze.casino,affiliate page,Drazze Limited,ALSI-202512040-FI1,,2026-12-21,licence-matched,,DRAFT ONLY — NOT SENT,,live,yes,200,Drazze - Онлайн казино,,2026-08-14
anjouan,B,roulobets.com,Roulo,support@roulo.gg,affiliate page,Roulo Interactive Games LLC,ALSI-202602053-FI2,,2027-02-15,licence-matched,,DRAFT ONLY — NOT SENT,,live,yes,200,Roulo: Online Casino - Play & Bet Online,,2026-08-14
anjouan,B,bet808.com,Bet808,support@bet808.com,affiliate page,Play Fortune Entertainment Ltd,ALSI-202603053-FI2,,2027-03-30,licence-matched,,DRAFT ONLY — NOT SENT,,live,yes,200,Betting website,,2026-08-14
anjouan,B,gamblit.net,Gamblit,support@gamblit.net,affiliate page,3-102-954785 LIMITADA,ALSI-202604028-FI2,,2027-04-28,licence-matched,,DRAFT ONLY — NOT SENT,,live,yes,200,,,2026-08-14
anjouan,B,ezcash.casino,EZCASH,support@ezcash.casino,contact page,EZCS Solutions Ltd,ALSI-202509047-FI1,,2026-09-02,licence-matched,,DRAFT ONLY — NOT SENT,,live,yes,200,EZCASH,,2026-08-14
anjouan,B,megapot.io,Megapot,support@megapot.io,contact page,Megapot Inc,ALSI-202510018-FI1,,2026-10-15,licence-matched,,DRAFT ONLY — NOT SENT,,live,yes,200,Megapot - $1 million lottery,,2026-08-14
anjouan,B,whalebet.gg,WhaleBet,partners@whalebet.gg,affiliate page,3-102-942955 SRL,ALSI-202511004-FI1,,2026-11-03,licence-matched,,DRAFT ONLY — NOT SENT,,live,yes,200,WhaleBet Online Casino & Sports Betting | Official Website,,2026-08-14
anjouan,B,slot.win,Slot,support@slot.win,affiliate page,3-102-942828 SRL,ALSI-202511006-FI1,,2026-11-14,licence-matched,,DRAFT ONLY — NOT SENT,,live,yes,200,"Slot.win — Online Crypto Casino | 3,000+ Games & Instant Payouts",,2026-08-14
anjouan,B,stakeboss.com,Stakeboss Home,support@stakeboss.com,contact page,3-102-947775 Limitada,ALSI-202511052-FI2,,2026-11-29,licence-matched,,DRAFT ONLY — NOT SENT,,live,yes,200,Stakeboss Home | Stakeboss,,2026-08-14
anjouan,B,aldex.win,Aldex Win,support@aldex.com,contact page,Aldex Win Ltd,ALSI-202512034-FI1,,2026-12-21,licence-matched,,DRAFT ONLY — NOT SENT,,live,yes,200,"Aldex Win – Top Slots, Live Games & Fast Payouts",,2026-08-14
anjouan,B,luminous.casino,Luminous,support@luminous.casino,contact page,LuminousCompany Ltd.,ALSI-202601036-FI1,,2027-01-04,licence-matched,,DRAFT ONLY — NOT SENT,,live,yes,200,Luminous Casino. Online Casino South Africa,,2026-08-14
anjouan,B,betida.com,BETIDA,partner@betida.com,affiliate page,Betida Entertainment Ltd,ALSI-202512002-FI1,,2026-12-14,licence-matched,,DRAFT ONLY — NOT SENT,,live,yes,200,BETIDA - Casino and Sports site,,2026-08-14
anjouan,B,gamwiz.com,Gamwiz,support@gamwiz.com,affiliate page,Gamwiz Inc,ALSI-202602039-FI2,,2027-02-27,licence-matched,,DRAFT ONLY — NOT SENT,,live,yes,200,Gamwiz - Online Social Casino & Sportbook,,2026-08-14
anjouan,B,cat2bet.com,Cat2Bet,sac@cat2bet.com,contact page,Terravista Entertainment Ltd,ALSI-202603022-FI1,,2027-03-08,licence-matched,,DRAFT ONLY — NOT SENT,,live,yes,200,Cat2Bet - Casino en línea y apuestas deportivas,,2026-08-14
anjouan,B,hyperoll.com,Hyperoll Crypto,contact@hyperoll.com,contact page,Quantum House Ltd,ALSI-202602027-FI2,,2027-02-27,licence-matched,,DRAFT ONLY — NOT SENT,,live,yes,200,Hyperoll Crypto Casino | 35% Rakeback Built Into Every Bet | Casino,,2026-08-14
anjouan,B,sansli.io,Sansli,support@sansli.io,contact page,Dragonfruit Limited,ALSI-202603060-FI2,,2027-03-30,licence-matched,,DRAFT ONLY — NOT SENT,,live,yes,200,Sansli - Best Online Games,,2026-08-14
anjouan,B,trenchbet.com,Trench Bet,support@trenchbet.com,affiliate page,Lock In Capital Ltd,ALSI-202604039-FI2,,2027-04-28,licence-matched,,DRAFT ONLY — NOT SENT,,live,yes,200,,,2026-08-14
anjouan,B,casinityx.com,casinityx,support@casinityx.com,affiliate page,3-102-942477 SRL,ALSI-202509036-FI1,,2026-09-15,licence-matched,,DRAFT ONLY — NOT SENT,,live,yes,200,casinityx,,2026-08-14
anjouan,B,wildroll.com,WildRoll,support@wildroll.com,affiliate page,Jackpot Junction Limited,ALSI-202509011-FI1,,2026-09-15,licence-matched,,DRAFT ONLY — NOT SENT,,live,yes,200,"WildRoll Online Casino | Fast, Fair & Flawless Crypto Gaming",,2026-08-14
anjouan,B,dustbit.com,Dustbit,support@dustbit.com,affiliate page,Oxilium Limited,ALSI-202509012-FI1,,2026-09-15,licence-matched,,DRAFT ONLY — NOT SENT,,live,yes,200,Dustbit – Crypto Casino & Sports Betting,,2026-08-14
anjouan,B,degen.com,Degen,support@degen.com,affiliate page,Degen Legend Limitada,ALSI-202509061-FI2,,2026-09-18,licence-matched,,DRAFT ONLY — NOT SENT,,live,yes,200,Degen,,2026-08-14
anjouan,B,arba777.com,Arba777,support@arba777.com,affiliate page,Rtech LTD,ALSI-202509056-FI2,,2026-09-29,licence-matched,,DRAFT ONLY — NOT SENT,,live,yes,200,Arba777 - Online Sports Betting & Casino Platform,,2026-08-14
anjouan,B,casino007.com,Casino007,affiliate@casino007.com,affiliate page,3-102-942052 SRL,ALSI-202510008-FI1,,2026-10-15,licence-matched,,DRAFT ONLY — NOT SENT,,live,yes,200,Casino 007,,2026-08-14
anjouan,B,betet77.com,Sports,support@betet77.com,affiliate page,GF CLUB Seven Seven Limitada,ALSI-202510016-FI1,,2026-10-15,licence-matched,,DRAFT ONLY — NOT SENT,,live,yes,200,Sports Betting & Online Casino | Betet77,,2026-08-14
anjouan,B,zunabet.com,Zunabet.com,affiliates@zunabet.com,affiliate page,Strathvale Group Ltd,ALSI-202510047-FI2,,2026-10-28,licence-matched,,DRAFT ONLY — NOT SENT,,live,yes,200,ZunaBet: Exciting New Crypto Casino Launching Soon | BetZuna,URLError,2026-08-14
anjouan,B,forzabet.live,Forza.Bet,support@forzabet.live,affiliate page,BeLion International Holdings Ltd.,ALSI-202510053-FI2,,2026-10-28,licence-matched,,DRAFT ONLY — NOT SENT,,live,yes,200,Forza.Bet - Online Casino,,2026-08-14
anjouan,B,bolt-casino.com,Bolt,contact@bolt-casino.com,affiliate page,3-102-946302 SRL,ALSI-202512028-FI1,,2026-12-21,licence-matched,,DRAFT ONLY — NOT SENT,,live,yes,200,Bolt Casino – Instant Crypto Withdrawals | Play Now,,2026-08-14
anjouan,B,degencity.com,DegenCity,support@degencity.com,affiliate page,3-102-939867 Limitada,ALSI-202601025-FI1,,2027-01-14,licence-matched,,DRAFT ONLY — NOT SENT,,live,yes,200,DegenCity Casino | Top Crypto Slots & Table Games,,2026-08-14
anjouan,B,jeevybet.com,Jeevybet,support@jeevybet.com,affiliate page,3-102-947122 SRL,ALSI-202601034-FI1,,2027-01-14,licence-matched,,DRAFT ONLY — NOT SENT,,live,yes,200,Jeevybet,,2026-08-14
anjouan,B,betbanksy.com,Betbanksy,affiliate@betbanksy.com,affiliate page,SSA Technologies Ltd.,ALSI-202601017-FI1,,2027-01-14,licence-matched,,DRAFT ONLY — NOT SENT,,live,yes,200,,,2026-08-14
anjouan,B,winup.io,Winup,support@winup.io,affiliate page,3-102-952740 SRL,ALSI-202601062-FI2,,2027-01-30,licence-matched,,DRAFT ONLY — NOT SENT,,live,yes,200,Winup,,2026-08-14
anjouan,B,metawin.com,Metawin,affiliates@arena.com,affiliate page,Rivolo Limited,ALSI-202602025-FI1,,2027-02-15,licence-matched,,DRAFT ONLY — NOT SENT,,live,yes,200,,,2026-08-14
anjouan,B,castle.com,Castle,partners@castle.com,affiliate page,Broken Tentacle Ltd,ALSI-202602048-FI2,,2027-02-27,licence-matched,,DRAFT ONLY — NOT SENT,,live,yes,200,"Castle | The most immersive, community-driven casino ever built",,2026-08-14
anjouan,B,gamealotroyale.com,Gamealotroyale,support@gamealotroyale.com,affiliate page,3-102-954988 SRL,ALSI-202602051-FI2,,2027-02-27,licence-matched,,DRAFT ONLY — NOT SENT,,live,yes,200,Gamealotroyale,,2026-08-14
anjouan,B,batcasino.bet,Batcasino,support@batcasino.bet,affiliate page,3-102-953033 SRL,ALSI-202602037-FI2,,2027-02-27,licence-matched,,DRAFT ONLY — NOT SENT,,live,yes,200,Batcasino,,2026-08-14
anjouan,B,maksibet.com,Maksibet,info@maksibet.com,affiliate page,3-102-939685 SRL,ALSI-202603030-FI1,,2027-03-07,licence-matched,,DRAFT ONLY — NOT SENT,,live,yes,200,Online Casino ve Spor Bahisleri,,2026-08-14
anjouan,B,lugarbet.com,LugarBet,support@lugarbet.com,affiliate page,3-102-951260 SRL,ALSI-202603001-FI1,,2027-03-13,licence-matched,,DRAFT ONLY — NOT SENT,,live,yes,200,LugarBet,,2026-08-14
anjouan,B,bettogames.com,Bettogames,support@bettogames.com,affiliate page,3-102-954365 SRL,ALSI-202603002-FI1,,2027-03-13,licence-matched,,DRAFT ONLY — NOT SENT,,live,yes,200,Bettogames,,2026-08-14
anjouan,B,cosmoracasinos.com,Cosmoracasinos,support@cosmoracasinos.com,affiliate page,3-102-958311 SRL,ALSI-202604029-FI2,,2027-04-28,licence-matched,,DRAFT ONLY — NOT SENT,,live,yes,200,Cosmoracasinos,,2026-08-14
anjouan,C,fixbet.com,Fixbet,destek@fixbet.com,contact page,Galactic Infinity Ltd,ALSI-202511048-FI2,,2026-11-29,licence-matched,,DRAFT ONLY — NOT SENT,,live,yes,200,Fixbet Bahis ve Casino Sitesi | Fixbet Giriş | Fixbet Resmi Sitesi,,2026-08-14
anjouan,C,levabet.com,LevaBet,affiliate@levabet.com,affiliate page,Mistletoe Ltd,ALSI-202508061-FI2,,2026-08-28,licence-matched,,DRAFT ONLY — NOT SENT,,blocked,no,403,,HTTP 403,2026-08-14
anjouan,C,betpir.com,Betpir,affiliate@betpir.com,contact page,Mistletoe Ltd,ALSI-202508061-FI2,,2026-08-28,licence-matched,,DRAFT ONLY — NOT SENT,,blocked,no,403,,HTTP 403,2026-08-14
anjouan,C,matixbet.com,MatixBet,affiliate@matixbet.com,affiliate page,Mistletoe Ltd,ALSI-202508061-FI2,,2026-08-28,licence-matched,,DRAFT ONLY — NOT SENT,,blocked,no,403,,HTTP 403,2026-08-14
anjouan,C,ustabet.com,Ustabet,support@ustabet.com,affiliate page,Real Tech Ltd,ALSI-202601013-FI1,,2027-01-14,licence-matched,,DRAFT ONLY — NOT SENT,,live,yes,200,...,,2026-08-14
anjouan,C,betbeto.com,Betbeto,support@betbeto.com,affiliate page,Capitanos Games Ltd,ALSI-202509071-FI2,,2026-09-29,licence-matched,,DRAFT ONLY — NOT SENT,,live,yes,200,,,2026-08-14
anjouan,C,betmarino.com,Betmarino,chupurnov@gmail.com,affiliate page,Real Tech Ltd,ALSI-202601013-FI1,,2027-01-14,licence-matched,,DRAFT ONLY — NOT SENT,,blocked,no,403,,HTTP 403,2026-08-14
anjouan,C,fortunehub.io,Fortune HUB,support@fortunehub.io,contact page,Fortune HUB OÜ,ALSI-202512031-FI1,,2026-12-21,licence-matched,,DRAFT ONLY — NOT SENT,,live,yes,200,Fortune HUB | Licensed Gaming Operator,,2026-08-14
anjouan,C,betsmove.com,Betsmove,support@betsmove.com,contact page,Vesaro Limited,ALSI-202604046-FI2,,2027-04-28,licence-matched,,DRAFT ONLY — NOT SENT,,live,yes,200,Betsmove – Resmi Site ve Güncel Giriş | Betsmove.com,,2026-08-14
anjouan,C,betfal.com,Home,info@betfal.com,contact page,Anzal Ltd,ALSI-202510004-FI1,,2026-10-15,licence-matched,,DRAFT ONLY — NOT SENT,,live,yes,200,Betfal | Play Casino Games & Bet on Sports - Betfal,,2026-08-14
anjouan,C,caposino.com,Caposino,support@mangodorado.com,contact page,CONDOOR V.P. LIMITED,ALSI-202510026-FI1,,2026-10-15,licence-matched,,DRAFT ONLY — NOT SENT,,live,yes,200,...,,2026-08-14
anjouan,C,slotbaba.com,Slotbaba Official,info@slotbaba.com,contact page,IsleSoft Lab Ltd.,ALSI-202601011-FI1,,2027-01-14,licence-matched,,DRAFT ONLY — NOT SENT,,live,yes,200,Slotbaba Official - Slotbaba Güvenli Giriş | Ücretsiz Online Oyunlar,,2026-08-14
anjouan,C,oxy.casino,OXY,support@oxy.casino,contact page,Spiritus Limited,ALSI-202603056-FI2,,2027-03-30,licence-matched,,DRAFT ONLY — NOT SENT,,live,yes,200,OXY,,2026-08-14
anjouan,C,tonplay.com,Tonplay,info.partners@tonplay.com,affiliate page,Galaxy Byte Lab SRL,ALSI-202508040-FI2,,2026-08-28,licence-matched,,DRAFT ONLY — NOT SENT,,live,yes,200,TonPlay — Online Casino with TON Coin,,2026-08-14
anjouan,C,booty.casino,Booty,support@booty.casino,affiliate page,BMGruppe Ltd,ALSI-202510020-FI1,,2026-10-15,licence-matched,,DRAFT ONLY — NOT SENT,,live,yes,200,,,2026-08-14
anjouan,C,casinocrypto.io,CasinoCrypto,affiliates@casinocrypto.io,affiliate page,BMGruppe Ltd,ALSI-202510020-FI1,,2026-10-15,licence-matched,,DRAFT ONLY — NOT SENT,,live,yes,200,CasinoCrypto | Crypto Casino with Instant Withdrawals,,2026-08-14
anjouan,C,gold.casino,Gold,admin@gold.casino,affiliate page,3-102-944744 SRL,ALSI-202510061-FI2,,2026-10-28,licence-matched,,DRAFT ONLY — NOT SENT,,live,yes,200,Gold Casino,,2026-08-14
anjouan,C,robobet.com,Robobet,info@robobet.com,affiliate page,Aurevia Digital Ventures Ltd,ALSI-202510058-FI2,,2026-10-28,licence-matched,,DRAFT ONLY — NOT SENT,,live,yes,200,Robobet,,2026-08-14
anjouan,C,richevoslot.com,RICHEVO,support@game.com,contact page,Nuvorich Limited,ALSI-202509053-FI2,,2026-09-29,licence-matched,,DRAFT ONLY — NOT SENT,,live,yes,200,RICHEVO SLOT,,2026-08-14
anjouan,C,phonix.casino,Phonix,help@phonix.casino,contact page,3-102-939892 SRL,ALSI-202510006-FI1,,2026-10-15,licence-matched,,DRAFT ONLY — NOT SENT,,live,yes,200,Phonix Casino,,2026-08-14
anjouan,C,loonieplay.com,loonieplay.com,info@loonieplay.com,affiliate page,Kingside Push Ltd,ALSI-202509025-FI1,,2026-09-15,licence-matched,,DRAFT ONLY — NOT SENT,,live,yes,200,loonieplay.com,,2026-08-14
anjouan,C,spinay.com,Spinay,support@spinay.com,contact page,Oranox Ltd,ALSI-202601012-FI1,,2027-01-14,licence-matched,,DRAFT ONLY — NOT SENT,,live,yes,200,...,,2026-08-14
anjouan,C,graildraw.com,GrailDraw,you@email.com,contact page,Grail Technologies Ltd.,ALSI-202512005-FI1,,2026-12-14,licence-matched,,DRAFT ONLY — NOT SENT,,live,yes,200,GrailDraw · Provably Fair Luxury Watch Raffles,,2026-08-14
anjouan,C,redslot.com,Access Restricted,support@redslot.com,contact page,3-102-953088 SRL,ALSI-202603040-FI2,,2027-03-30,licence-matched,,DRAFT ONLY — NOT SENT,,live,yes,200,Access Restricted — Redslot,,2026-08-14
anjouan,C,vegasking.io,Vegasking,support@dragoon.dev,contact page,Royal Edge Holdings Limited,ALSI-202604013-FI1,,2027-04-13,licence-matched,,DRAFT ONLY — NOT SENT,,live,yes,200,Online Casino & Slots | EvaCasino,,2026-08-14
anjouan,C,slapperzz.com,Slapperzz,support@slapperzz.com,affiliate page,3-102-942611 SRL,ALSI-202509041-FI1,,2026-09-15,licence-matched,,DRAFT ONLY — NOT SENT,,live,yes,200,Slapperzz,,2026-08-14
anjouan,C,riskiiit.com,riskiiit,support@riskiiit.com,affiliate page,Overcooked Entertainment Ltd.,ALSI-202511044-FI2,,2026-11-29,licence-matched,,DRAFT ONLY — NOT SENT,,live,yes,200,"riskiiit | Online Crypto Casino with Bitcoin, Ethereum, USDC",,2026-08-14
anjouan,C,hyperwin.org,Hyperwin,support@hyperwin.org,affiliate page,3-102-948725 SRL,ALSI-202512016-FI1,,2026-12-14,licence-matched,,DRAFT ONLY — NOT SENT,,live,yes,200,Hyperwin | Fuel The Game Feel The Win,,2026-08-14
anjouan,C,ibitplay.com,air1bet,support@air1bet.com,affiliate page,Coderstuff Ltd.,ALSI-202601029-FI1,,2027-01-14,licence-matched,,DRAFT ONLY — NOT SENT,,live,yes,200,"air1bet | Crypto Casino Games, Slot Games and Crypto Gambling",,2026-08-14
anjouan,C,cola.com,Cola.com,cola@gmail.com,affiliate page,Desert Star Limited,ALSI-202602041-FI2,,2027-02-27,licence-matched,,DRAFT ONLY — NOT SENT,,live,yes,200,Cola.com,,2026-08-14
anjouan,C,enomocasino.com,Еномо Казино,support@enomocasino.com,affiliate page,3-102-944179 SRL,ALSI-202603016-FI1,,2027-02-28,licence-matched,,DRAFT ONLY — NOT SENT,,live,yes,200,"🎰 Еномо Казино | Enomo Casino — Официальный сайт, 12к+ игр, бонусы, регистрируйся на 🎯",,2026-08-14
anjouan,C,mollydice.com,Mollydice,support@mollydice.com,affiliate page,Satoshi Labs Ltd,ALSI-202605020-FI1,,2027-05-14,licence-matched,,DRAFT ONLY — NOT SENT,,live,yes,200,MollyDice Best No KYC Crypto Casino & Sportsbook Platform 2026,,2026-08-14
anjouan,A,slotin.com,Slotin,,,Obsidian Titan Limited,ALSI-202602052-FI2,,2027-02-27,licence-matched,,DRAFT ONLY — NOT SENT,,live,yes,200,Slotin,,2026-08-14
anjouan,A,baywin.com,Baywin,,,Obsidian Titan Limited,ALSI-202602052-FI2,,2027-02-27,licence-matched,,DRAFT ONLY — NOT SENT,,live,yes,200,Baywin - Baywin Giriş,,2026-08-14
anjouan,A,maltcasino.com,MaltCasino,,,Fortuna Digital Solutions FDS Limitada,ALSI-202509068-FI2,,2026-09-29,licence-matched,,DRAFT ONLY — NOT SENT,,live,yes,200,MaltCasino | Milyonerler kulübüne hoş geldiniz,,2026-08-14
anjouan,A,pinbahis.com,Pinbahis,,,Fortuna Digital Solutions FDS Limitada,ALSI-202509068-FI2,,2026-09-29,licence-matched,,DRAFT ONLY — NOT SENT,,live,yes,200,Pinbahis | Kazancı zirveye pinlemeye hoş geldiniz,,2026-08-14
anjouan,A,tipobet.com,Tipobet Adresi,,,Galactic Infinity Ltd,ALSI-202511048-FI2,,2026-11-29,licence-matched,,DRAFT ONLY — NOT SENT,,gone,no,,,TimeoutError,2026-08-14
anjouan,A,u2is.tech,U2IS,,,U2IS Limited,ALSI-202601056-FI2,,2027-01-30,licence-matched,,DRAFT ONLY — NOT SENT,,live,yes,200,U2IS - Ultimate Universal Integration System,,2026-08-14
anjouan,A,voodoo.casino,Voodoo,affiliates@heroicaffiliates.com,affcatalog:Heroic Affiliates,Novatrix SRL,ALSI-202508056-FI2,,2026-08-24,licence-matched,,DRAFT ONLY — NOT SENT,,live,yes,200,,,2026-08-14
anjouan,A,betticket.com,Betticket,support@betticket.com,site-contact-page,Riotorto Digital LTD,ALSI-202601035-FI1,,2027-01-14,licence-matched,,DRAFT ONLY — NOT SENT,,live,yes,200,Betting website,,2026-08-14
anjouan,A,grandbetting.com,Grandbetting,destek@grandbetting.com,site-contact-page,Riotorto Digital LTD,ALSI-202601035-FI1,,2027-01-14,licence-matched,,DRAFT ONLY — NOT SENT,,live,yes,200,Grandbetting Online Casino ve Spor Bahisleri Sitesi,,2026-08-14
anjouan,A,queenbet.com,Queenbet,support@queenbet.com,site-contact-page,Riotorto Digital LTD,ALSI-202601035-FI1,,2027-01-14,licence-matched,,DRAFT ONLY — NOT SENT,,live,yes,200,Queenbet Online Casino ve Spor Bahisleri Sitesi,,2026-08-14
anjouan,A,betlike.com,Betlike,support@betlike.com,site-contact-page,Riotorto Digital LTD,ALSI-202601035-FI1,,2027-01-14,licence-matched,,DRAFT ONLY — NOT SENT,,live,yes,200,Betting website,,2026-08-14
anjouan,A,betphoenix.ag,Betphoenix,promoters@betphoenix.ag,affcatalog:BetPhoenix Affiliates,International Radical Investment Ltd,ALSI-202509042-FI1,,2027-09-15,licence-matched,,DRAFT ONLY — NOT SENT,,live,yes,200,"Live Sports Betting Odds, Online Sportsbook, Casino, Racebook, BetPhoenix",,2026-08-14
anjouan,A,meritwin.com,Meritwin,,,Nowplatform Ltd.,ALSI-202509021-Fll,,2026-09-15,licence-matched,,DRAFT ONLY — NOT SENT,,live,yes,200,Meritwin,,2026-08-14
anjouan,A,wpk.com,WePoker官网,,,High Gaming IT Services Limited,ALSI-202603023-FI1,,2027-03-13,licence-matched,,DRAFT ONLY — NOT SENT,,live,yes,200,WePoker官网,,2026-08-14
anjouan,A,wepoker.com,WePoker官网,,,High Gaming IT Services Limited,ALSI-202603023-FI1,,2027-03-13,licence-matched,,DRAFT ONLY — NOT SENT,,live,yes,200,WePoker官网,,2026-08-14
anjouan,A,stack.bet,Stack.bet,,,3-102-936714 SRL,ALSI-202512010-FI1,,2026-12-14,licence-matched,,DRAFT ONLY — NOT SENT,,live,yes,200,Stack.bet — Skill-Based Crypto Stacking Game,,2026-08-14
anjouan,B,otobet.com,Otobet,,,Obsidian Titan Limited,ALSI-202602052-FI2,,2027-02-27,licence-matched,,DRAFT ONLY — NOT SENT,,live,yes,200,Otobet,,2026-08-14
anjouan,B,betpublic.com,SoloBet AMP,,,Obsidian Titan Limited,ALSI-202602052-FI2,,2027-02-27,licence-matched,,DRAFT ONLY — NOT SENT,,live,yes,200,SoloBet AMP,,2026-08-14
anjouan,B,bycasino.com,Bycasino,,,Obsidian Titan Limited,ALSI-202602052-FI2,,2027-02-27,licence-matched,,DRAFT ONLY — NOT SENT,,live,yes,200,Bycasino – Bycasino Giriş – Bycasino Güncel Giriş,,2026-08-14
anjouan,B,betira.com,Betira lic,,,Obsidian Titan Limited,ALSI-202602052-FI2,,2027-02-27,licence-matched,,DRAFT ONLY — NOT SENT,,live,yes,200,Betira lic,,2026-08-14
anjouan,B,northwin.com,Northwin lic,,,Obsidian Titan Limited,ALSI-202602052-FI2,,2027-02-27,licence-matched,,DRAFT ONLY — NOT SENT,,live,yes,200,Northwin lic,,2026-08-14
anjouan,B,solobet.com,SoloBet AMP,,,Obsidian Titan Limited,ALSI-202602052-FI2,,2027-02-27,licence-matched,,DRAFT ONLY — NOT SENT,,live,yes,200,SoloBet AMP,,2026-08-14
anjouan,B,yekbet.com,Yekbet,,,Fortuna Digital Solutions FDS Limitada,ALSI-202509068-FI2,,2026-09-29,licence-matched,,DRAFT ONLY — NOT SENT,,live,yes,200,Betting website,,2026-08-14
anjouan,B,asyabahis.com,Asyabahis,,,Fortuna Digital Solutions FDS Limitada,ALSI-202509068-FI2,,2026-09-29,licence-matched,,DRAFT ONLY — NOT SENT,,live,yes,200,Asyabahis - En İyi Spor Bahisleri ve Casino: Asyabahis giriş,,2026-08-14
anjouan,B,dumanbet.com,Dumanbet,,,Fortuna Digital Solutions FDS Limitada,ALSI-202509068-FI2,,2026-09-29,licence-matched,,DRAFT ONLY — NOT SENT,,live,yes,200,Dumanbet - En İyi Spor Bahisleri ve Casino: Dumanbet giriş,,2026-08-14
anjouan,B,tipobet365.com,Tipobet,,,Galactic Infinity Ltd,ALSI-202511048-FI2,,2026-11-29,licence-matched,,DRAFT ONLY — NOT SENT,,live,yes,200,Tipobet - Tipobet Resmi Giriş - Tipobet Güncel,,2026-08-14
anjouan,B,betturkey.com,Betturkey,marketing@betturkey.com,affcatalog:Betturkey Partners,Galactic Infinity Ltd,ALSI-202511048-FI2,,2026-11-29,licence-matched,,DRAFT ONLY — NOT SENT,,live,yes,200,Betturkey,,2026-08-14
anjouan,B,longtian.bet,LONG TIAN,,,U2IS Limited,ALSI-202601056-FI2,,2027-01-30,licence-matched,,DRAFT ONLY — NOT SENT,,live,yes,200,LONG TIAN – ELITE PLAY. ELITE REWARDS,,2026-08-14
anjouan,B,oncasi.com,ONCASI 最新ゲーム搭載オンカジ,,,U2IS Limited,ALSI-202601056-FI2,,2027-01-30,licence-matched,,DRAFT ONLY — NOT SENT,,live,yes,200,ONCASI 最新ゲーム搭載オンカジ,,2026-08-14
anjouan,B,a1slot.net,A1slot,,,U2IS Limited,ALSI-202601056-FI2,,2027-01-30,licence-matched,,DRAFT ONLY — NOT SENT,,live,yes,200,,,2026-08-14
anjouan,B,bizbet.io,Bizbet,support@bizbet.partners,affcatalog:Bizbet Partners,Gameway Global LLC,ALSI-202511025-FI2,,2026-11-29,licence-matched,,DRAFT ONLY — NOT SENT,,live,yes,200,Bizbet Login – Official Sports Betting & Casino Website | Bet Online,,2026-08-14
anjouan,B,bizbet-au.com,BizBet,,,Gameway Global LLC,ALSI-202511025-FI2,,2026-11-29,licence-matched,,DRAFT ONLY — NOT SENT,,live,yes,200,BizBet,,2026-08-14
anjouan,B,artcasino.io,ArtCasino.io,partners@mematogroup.com,affcatalog:Memato Group,Wild Blackfin Limited SRL,ALSI-202601043-FI2,,2027-01-30,licence-matched,,DRAFT ONLY — NOT SENT,,live,yes,200,ArtCasino.io - The Art of Winning!,,2026-08-14
anjouan,B,casinoorca.com,Casinoorca,partners@mematogroup.com,affcatalog:Memato Group,Wild Blackfin Limited SRL,ALSI-202601043-FI2,,2027-01-30,licence-matched,,DRAFT ONLY — NOT SENT,,live,yes,200,Casino Orca - Play Top Online Casino Games & Win Big!,,2026-08-14
anjouan,B,wett-bet.com,WETT BET,,,Wild Blackfin Limited SRL,ALSI-202601043-FI2,,2027-01-30,licence-matched,,DRAFT ONLY — NOT SENT,,live,yes,200,WETT BET,,2026-08-14
anjouan,B,lumibet.com,LumiBet,,,Wild Blackfin Limited SRL,ALSI-202601043-FI2,,2027-01-30,licence-matched,,DRAFT ONLY — NOT SENT,,live,yes,200,LumiBet,,2026-08-14
anjouan,B,winspin.ai,WinSpin,,,Wild Blackfin Limited SRL,ALSI-202601043-FI2,,2027-01-30,licence-matched,,DRAFT ONLY — NOT SENT,,live,yes,200,WinSpin: Online Casino & Sports Betting,,2026-08-14
anjouan,B,betcrush.com,Betcrush,,,Wild Blackfin Limited SRL,ALSI-202601043-FI2,,2027-01-30,licence-matched,,DRAFT ONLY — NOT SENT,,live,yes,200,Betcrush Casino,,2026-08-14
anjouan,B,howzitcasino.com,Howzit.com,partners@howzit.com,affcatalog:Howzit Partners,RegalTech Solutions Limitada,ALSI-202602046-FI2,,2027-02-27,licence-matched,,DRAFT ONLY — NOT SENT,,live,yes,200,Howzit.com,,2026-08-14
anjouan,B,mrcat.com,Mrcat,affiliates@mrcat.com,affcatalog:Mr Cat Affiliates,RegalTech Solutions Limitada,ALSI-202602046-FI2,,2027-02-27,licence-matched,,DRAFT ONLY — NOT SENT,,live,yes,200,,,2026-08-14
anjouan,B,trendbet.com,Trendbet,,,Maltech Ltd,ALSI-202603007-FI1,,2027-03-13,licence-matched,,DRAFT ONLY — NOT SENT,,live,yes,200,Trendbet | Türkiye'nin en güvenilir şans oyunları sitesi,,2026-08-14
anjouan,B,parobet.com,Parobet,,,Maltech Ltd,ALSI-202603007-FI1,,2027-03-13,licence-matched,,DRAFT ONLY — NOT SENT,,live,yes,200,Parobet,,2026-08-14
anjouan,B,cryptobosscasino.com,CryptoBoss,affiliates@combopartners.online,affcatalog:Combo Partners,3-102-937046 SRL,ALSI-202509033-FI1,,2026-09-15,licence-matched,,DRAFT ONLY — NOT SENT,,live,yes,200,CryptoBoss,,2026-08-14
anjouan,B,unlimcasino.com,Unlim казино официальный сайт,,,3-102-937046 SRL,ALSI-202509033-FI1,,2026-09-15,licence-matched,,DRAFT ONLY — NOT SENT,,live,yes,200,Unlim казино официальный сайт | Unlim,,2026-08-14
anjouan,B,casinohype.com,Hype казино официальный сайт,,,3-102-937046 SRL,ALSI-202509033-FI1,,2026-09-15,licence-matched,,DRAFT ONLY — NOT SENT,,live,yes,200,Hype казино официальный сайт | Hype,,2026-08-14
anjouan,B,aufcasino.com,Auf казино официальный сайт,,,3-102-937046 SRL,ALSI-202509033-FI1,,2026-09-15,licence-matched,,DRAFT ONLY — NOT SENT,,live,yes,200,Auf казино официальный сайт | Auf,,2026-08-14
anjouan,B,winbitcasino.com,winbitcasino,,,MOONSEEKER SRL,ALSI-202509006-FI1,,2026-09-15,licence-matched,,DRAFT ONLY — NOT SENT,,live,yes,200,winbitcasino,,2026-08-14
anjouan,B,bogartcasino.ag,Bogart,,,International Radical Investment Ltd,ALSI-202509042-FI1,,2027-09-15,licence-matched,,DRAFT ONLY — NOT SENT,,live,yes,200,Bogart Casino,,2026-08-14
anjouan,B,mondcasino.com,Mond,partners@mematogroup.com,affcatalog:Memato Group,MOONSEEKER SRL,ALSI-202509006-FI1,,2026-09-15,licence-matched,,DRAFT ONLY — NOT SENT,,live,yes,200,Mond Casino: Online Casino & Sports Betting,,2026-08-14
anjouan,B,casinostars.io,CasinoStars,partners@mematogroup.com,affcatalog:Memato Group,MOONSEEKER SRL,ALSI-202509006-FI1,,2026-09-15,licence-matched,,DRAFT ONLY — NOT SENT,,live,yes,200,CasinoStars: Premier Online Casino with Top Games & Bonuses,,2026-08-14
anjouan,B,betmania.ag,Betmania,,,International Radical Investment Ltd,ALSI-202509042-FI1,,2027-09-15,licence-matched,,DRAFT ONLY — NOT SENT,,live,yes,200,Betmania,,2026-08-14
anjouan,B,majorx.game,MajorX,,,Ay Information Technology LTD,ALSI-202511017-FI1,,2026-11-14,licence-matched,,DRAFT ONLY — NOT SENT,,live,yes,200,MajorX: Online Casino,,2026-08-14
anjouan,B,minorx.game,MinorX,,,Ay Information Technology LTD,ALSI-202511017-FI1,,2026-11-14,licence-matched,,DRAFT ONLY — NOT SENT,,live,yes,200,MinorX: Online Casino,,2026-08-14
anjouan,B,grandx.game,GrandX,,,Ay Information Technology LTD,ALSI-202511017-FI1,,2026-11-14,licence-matched,,DRAFT ONLY — NOT SENT,,live,yes,200,GrandX: Online Casino,,2026-08-14
anjouan,B,minix.game,MiniX,,,Ay Information Technology LTD,ALSI-202511017-FI1,,2026-11-14,licence-matched,,DRAFT ONLY — NOT SENT,,live,yes,200,MiniX: Online Casino,,2026-08-14
anjouan,B,avrupabet.com,Avrupa nın En Büyük,,,Real Tech Ltd,ALSI-202601013-FI1,,2027-01-14,licence-matched,,DRAFT ONLY — NOT SENT,,blocked,no,403,,HTTP 403,2026-08-14
anjouan,B,celtabet.com,Celtabet Türkiye,destek@celtabet.com,site-contact-page,3-102-952681 SRL,ALSI-202603008-FI1,,2027-03-13,licence-matched,,DRAFT ONLY — NOT SENT,,live,yes,200,Celtabet Türkiye | Canlı Bahis & Casino & Canlı Casino Sitesi,,2026-08-14
anjouan,B,parmabet.com,Parmabet,destek@parmabet.com,site-contact-page,3-102-952681 SRL,ALSI-202603008-FI1,,2027-03-13,licence-matched,,DRAFT ONLY — NOT SENT,,live,yes,200,Parmabet | Türkiyenin En Güvenilir Canlı Bahis & Canlı Casino & Slot Sitesi,,2026-08-14
anjouan,B,sportsduel.com,Sports Duel,,,Kitsilano Limitada,ALSI-202508065-FI2,,2026-08-28,licence-matched,,DRAFT ONLY — NOT SENT,,live,yes,200,Sports Duel,,2026-08-14
anjouan,B,squadduel.com,Squad Duel,,,Kitsilano Limitada,ALSI-202508065-FI2,,2026-08-28,licence-matched,,DRAFT ONLY — NOT SENT,,live,yes,200,Squad Duel,,2026-08-14
anjouan,B,betanic.com,Games,,,Kitsilano Limitada,ALSI-202508065-FI2,,2026-08-28,licence-matched,,DRAFT ONLY — NOT SENT,,live,yes,200,Games,,2026-08-14
anjouan,B,questjack.com,Questjack,,,QuestJack Ltd,ALSI-202508055-FI2,,2026-08-28,licence-matched,,DRAFT ONLY — NOT SENT,,live,yes,200,,,2026-08-14
anjouan,B,tibiablackjack.com,Tibiablackjack,,,QuestJack Ltd,ALSI-202508055-FI2,,2026-08-28,licence-matched,,DRAFT ONLY — NOT SENT,,live,yes,200,,,2026-08-14
anjouan,B,sierra.casino,Sierra,,,Mirella Ltd,ALSI-202509009-FI1,,2026-09-15,licence-matched,,DRAFT ONLY — NOT SENT,,live,yes,200,Play & Win Big with Exclusive Bonuses at Sierra Casino,,2026-08-14
anjouan,B,olipsbet.com,Olipsbet,,,Evoluxia Limitada,ALSI-202510013-FI1,,2026-10-15,licence-matched,,DRAFT ONLY — NOT SENT,,live,yes,200,"Avrupa'nın en kaliteli kadrosuyla sizlerin huzuruna çıkan Olipsbet, Bahis ve Casino dünyas",,2026-08-14
anjouan,B,freespinz.com,Freespinz,,,Pacific Odds SRL,ALSI-202510032-FI1,,2026-10-15,licence-matched,,DRAFT ONLY — NOT SENT,,live,yes,200,,,2026-08-14
anjouan,B,erc20play.com,Erc20Play,,,Fortune HUB OÜ,ALSI-202512031-FI1,,2026-12-21,licence-matched,,DRAFT ONLY — NOT SENT,,live,yes,200,Casino Platform,,2026-08-14
anjouan,B,tycoonwin.com,Tycoon,support@tycoonwin.com,site-contact-page,3-102-950476 LIMITADA,ALSI-202602013-FI1,,2027-02-15,licence-matched,,DRAFT ONLY — NOT SENT,,live,yes,200,Tycoon,,2026-08-14
anjouan,B,xbagh.casino,xBagh,,,Ingrex Tech LTD,ALSI-202602050-FI2,,2027-02-27,licence-matched,,DRAFT ONLY — NOT SENT,,live,yes,200,xBagh Casino – Best Online Casino in Bangladesh (BDT),,2026-08-14
anjouan,B,egebet.com,Egebet Web Sitesi,,,3-102-947593 SRL,ALSI-202603005-FI1,,2027-03-13,licence-matched,,DRAFT ONLY — NOT SENT,,live,yes,200,Egebet Resmi Web Sitesi | Güncel Giriş Adresi,,2026-08-14
anjouan,B,parolambet.com,Loading,,,3-102-952932 SRL,ALSI-202604027-FI2,,2027-04-28,licence-matched,,DRAFT ONLY — NOT SENT,,live,yes,200,Loading...,,2026-08-14
anjouan,B,spin.io,Spin.io,,,FunGame LLC,ALSI-202508063-FI2,,2026-08-28,licence-matched,,DRAFT ONLY — NOT SENT,,live,yes,200,Spin.io - Crypto Casino & Sportsbook | Spin and play,,2026-08-14
anjouan,B,betbeast.com,BetBeast,partners@thrillpartners.com,affcatalog:Thrill Partners,FunGame LLC,ALSI-202508063-FI2,,2026-08-28,licence-matched,,DRAFT ONLY — NOT SENT,,live,yes,200,BetBeast – Own The Thrill,,2026-08-14
anjouan,B,juegojoker.com,JuegoJoker,,,Nova Code Limitada,ALSI-202508064-FI2,,2026-08-28,licence-matched,,DRAFT ONLY — NOT SENT,,live,yes,200,"JuegoJoker | Casino Online Argentina - Slots, Casino en Vivo y Crash Games",,2026-08-14
anjouan,B,grbets.com,Grbets Adresi,,,Eagle Nobility LTD,ALSI-202509017-FI1,,2026-09-15,licence-matched,,DRAFT ONLY — NOT SENT,,live,yes,200,Grbets Resmi Giriş Adresi - Grbets Güncel ve Yeni Link 2026,,2026-08-14
anjouan,B,acarbet.com,Acarbet Adresi,,,Eagle Nobility LTD,ALSI-202509017-FI1,,2026-09-15,licence-matched,,DRAFT ONLY — NOT SENT,,live,yes,200,Acarbet Resmi Giriş Adresi - Acarbet Güncel ve Resmi Site,,2026-08-14
anjouan,B,cryptogaming.com,CryptoGaming,,,Digital Chain Ventures SRL,ALSI-202509004-FI1,,2026-09-15,licence-matched,,DRAFT ONLY — NOT SENT,,live,yes,200,CryptoGaming,,2026-08-14
anjouan,B,spassino.com,Spassino,,,Total Unlimited Marketing Ltd,ALSI-202509001-FI1,,2026-09-15,licence-matched,,DRAFT ONLY — NOT SENT,,live,yes,200,Spassino Casino,,2026-08-14
anjouan,B,zenobet.com,Zenobet,,,Zenobet Ltd,ALSI-202509034-FI1,,2026-09-15,licence-matched,,DRAFT ONLY — NOT SENT,,live,yes,200,Zenobet - Premium Online Casino & Sports Betting,,2026-08-14
anjouan,B,zenobet.gg,Zenobet,,,Zenobet Ltd,ALSI-202509034-FI1,,2026-09-15,licence-matched,,DRAFT ONLY — NOT SENT,,live,yes,200,Zenobet - Premium Online Crypto Casino,,2026-08-14
anjouan,B,madcasino.org,Mad,,,3-102-938906 SRL,ALSI-202510009-FI1,,2026-10-15,licence-matched,,DRAFT ONLY — NOT SENT,,live,yes,200,Mad Casino официальный сайт: регистрация и вход 2026,,2026-08-14
anjouan,B,mad.casino,Mad,,,3-102-938906 SRL,ALSI-202510009-FI1,,2026-10-15,licence-matched,,DRAFT ONLY — NOT SENT,,live,yes,200,Mad Casino официальный сайт: регистрация и вход 2026,,2026-08-14
anjouan,B,g4mbit.com,G4mbit,support@g4mbit.com,site-contact-page,CONDOOR V.P. LIMITED,ALSI-202510026-FI1,,2026-10-15,licence-matched,,DRAFT ONLY — NOT SENT,,live,yes,200,G4mbit: Online Casino | Play Slots & Win Real Money | Gambit Casino,,2026-08-14
anjouan,B,lavbet.co,LavBet,,,Lavbet Limitada,ALSI-202510027-FI1,,2026-10-15,licence-matched,,DRAFT ONLY — NOT SENT,,live,yes,200,LavBet,,2026-08-14
anjouan,B,lavbet.com,LavBet,support@lavbet.com,site-contact-page,Lavbet Limitada,ALSI-202510027-FI1,,2026-10-15,licence-matched,,DRAFT ONLY — NOT SENT,,live,yes,200,LavBet,,2026-08-14
anjouan,B,k1.game,K1 Game,,,3-102-938908 SRL,ALSI-202511053-FI2,,2026-11-29,licence-matched,,DRAFT ONLY — NOT SENT,,live,yes,200,K1 Game - Pakistan's #1 Online Casino | Free Spins & Real Money Wins,,2026-08-14
anjouan,B,lv33.com,LV33,,,3-102-945737 SRL,ALSI-202511032-FI2,,2026-11-29,licence-matched,,DRAFT ONLY — NOT SENT,,live,yes,200,LV33 : Online Casino & Sports Betting - Play & Bet Online,,2026-08-14
anjouan,B,lv33.io,LV33,,,3-102-945737 SRL,ALSI-202511032-FI2,,2026-11-29,licence-matched,,DRAFT ONLY — NOT SENT,,live,yes,200,LV33 : Online Casino & Sports Betting - Play & Bet Online,,2026-08-14
anjouan,B,xprobet.com,Xprobet,,,3-102-946386 SRL,ALSI-202512003-FI1,,2026-12-14,licence-matched,,DRAFT ONLY — NOT SENT,,live,yes,200,Xprobet,,2026-08-14
anjouan,B,gangabet.mx,GANGABET Apuestas y,,,OW Internacional Ltd,ALSI-202512013-FI1,,2026-12-14,licence-matched,,DRAFT ONLY — NOT SENT,,live,yes,200,GANGABET Apuestas y Casino Online,,2026-08-14
anjouan,B,spinrain.com,SpinRain,,,IsleSoft Lab Ltd.,ALSI-202601011-FI1,,2027-01-14,licence-matched,,DRAFT ONLY — NOT SENT,,live,yes,200,SpinRain,,2026-08-14
anjouan,B,stradabet.com,Stradabet,,,Luxora Interactive Limited,ALSI-202601032-FI1,,2027-01-14,licence-matched,,DRAFT ONLY — NOT SENT,,live,yes,200,Stradabet | Kazancın Adresi - Online Bahis ve Casino,,2026-08-14
anjouan,B,roulo.gg,Roulo,,,Roulo Interactive Games LLC,ALSI-202602053-FI2,,2027-02-15,licence-matched,,DRAFT ONLY — NOT SENT,,live,yes,200,Roulo: Online Casino - Play & Bet Online,,2026-08-14
anjouan,B,qqpk.com,QQPK,,,QQPOKER Technology Limited,ALSI-202603009-FI1,,2027-03-13,licence-matched,,DRAFT ONLY — NOT SENT,,live,yes,200,QQPK,,2026-08-14
anjouan,B,normal-game.com,Normal Game,affiliates@normal.game,site-contact-page,3-102-950813 LIMITADA,ALSI-202603038-FI2,,2027-03-30,licence-matched,,DRAFT ONLY — NOT SENT,,live,yes,200,,,2026-08-14
anjouan,B,normal.game,Normal,affiliates@normal.game,site-contact-page,3-102-950813 LIMITADA,ALSI-202603038-FI2,,2027-03-30,licence-matched,,DRAFT ONLY — NOT SENT,,live,yes,200,,,2026-08-14
anjouan,B,jackpot88.io,Jackpot88,,,3-102-950412 LIMITADA,ALSI-202603036-FI2,,2027-03-30,licence-matched,,DRAFT ONLY — NOT SENT,,live,yes,200,,,2026-08-14
anjouan,B,jp88.io,Jp88,,,3-102-950412 LIMITADA,ALSI-202603036-FI2,,2027-03-30,licence-matched,,DRAFT ONLY — NOT SENT,,live,yes,200,,,2026-08-14
anjouan,B,10x10bet.com,TEN by TEN BET 10x10bet,,,Normanhouse LTD,ALSI-202603050-FI2,,2027-03-30,licence-matched,,DRAFT ONLY — NOT SENT,,live,yes,200,TEN by TEN BET / 10x10bet,,2026-08-14
anjouan,B,10x10.bet,Home,,,Normanhouse LTD,ALSI-202603050-FI2,,2027-03-30,licence-matched,,DRAFT ONLY — NOT SENT,,live,yes,200,Home - 10x10-bet-crypto-18773316,,2026-08-14
anjouan,B,keyzino.com,Keyzino,support@keyzino.com,site-contact-page,Dexbay Ltd,ALSI-202604033-FI2,,2027-04-28,licence-matched,,DRAFT ONLY — NOT SENT,,live,yes,200,Keyzino,,2026-08-14
anjouan,B,stepsino.com,Stepsino,support@stepsino.com,site-contact-page,Dexbay Ltd,ALSI-202604033-FI2,,2027-04-28,licence-matched,,DRAFT ONLY — NOT SENT,,live,yes,200,Stepsino,,2026-08-14
anjouan,B,vamoplay.com,Vamo Play,,,3-102-938326 SRL,ALSI-202508062-FI2,,2026-08-28,licence-matched,,DRAFT ONLY — NOT SENT,,live,yes,200,Vamo Play | Crypto & Online Casino,,2026-08-14
anjouan,B,greatslots.com,Great,,,BrightSky Ltd,ALSI-202508057-FI2,,2026-08-28,licence-matched,,DRAFT ONLY — NOT SENT,,live,yes,200,Great Slot,,2026-08-14
anjouan,B,betmonks.com,Betmonks,support@betmonks.com,site-contact-page,Gamerly Holding Ltd,ALSI-202508059-FI2,,2026-08-28,licence-matched,,DRAFT ONLY — NOT SENT,,live,yes,200,,,2026-08-14
anjouan,B,betitor.com,Betitor,support@betitor.com,site-contact-page,3-102-941073 SRL,ALSI-202509018-FI1,,2026-09-15,licence-matched,,DRAFT ONLY — NOT SENT,,live,yes,200,Betitor,,2026-08-14
anjouan,B,dadastake.com,Dadastake,,,Fortaluna Ltd,ALSI-202509045-FI1,,2026-09-15,licence-matched,,DRAFT ONLY — NOT SENT,,live,yes,200,"Dadastake Casino – Slots, Live Casino & Echtgeld Spiele",,2026-08-14
anjouan,B,kikabet.com,Kikabet,,,Blackwave Ltd.,ALSI-202509019-FI1,,2026-09-15,licence-matched,,DRAFT ONLY — NOT SENT,,live,yes,200,Kikabet - Online Crypto Casino & Sport Betting Platform,,2026-08-14
anjouan,B,gameside.io,Gameside,,,Final Whistle Ltd,ALSI-202509022-FI1,,2026-09-15,licence-matched,,DRAFT ONLY — NOT SENT,,blocked,no,503,,HTTP 503,2026-08-14
anjouan,B,anubet.com,AnuBet,,,Hexiro Ltd,ALSI-202509043-FI1,,2026-09-15,licence-matched,,DRAFT ONLY — NOT SENT,,live,yes,200,AnuBet,,2026-08-14
anjouan,B,7red.com,7Red.com Online,,,Red Ace Limited,ALSI-202509030-FI1,,2026-09-15,licence-matched,,DRAFT ONLY — NOT SENT,,live,yes,200,7Red.com Online | The Best Online Casino,,2026-08-14
anjouan,B,warriorbet.io,Warriorbet,,,3-102-938960 SRL,ALSI-202509057-FI2,,2026-09-29,licence-matched,,DRAFT ONLY — NOT SENT,,live,yes,200,,,2026-08-14
anjouan,B,tucanbit.io,TucanBit,,,3-102-940901 SRL,ALSI-202509055-FI2,,2026-09-29,licence-matched,,DRAFT ONLY — NOT SENT,,live,yes,200,TucanBit: #1 Online Casino - Play & Win Online,,2026-08-14
anjouan,B,megasino.win,Megasino,,,Karthala Ventures Ltd,ALSI-202510014-FI1,,2026-10-08,licence-matched,,DRAFT ONLY — NOT SENT,,live,yes,200,Megasino - Gaming Platform,,2026-08-14
anjouan,B,welvura1.com,Welvura,,,3-102-943707 SRL,ALSI-202510019-FI1,,2026-10-15,licence-matched,,DRAFT ONLY — NOT SENT,,live,yes,200,Welvura | Вельвура - официальный сайт Велвура,,2026-08-14
anjouan,B,imperia.bet,IMPERIABET,,,3-102-939877 SRL,ALSI-202510024-FI1,,2026-10-15,licence-matched,,DRAFT ONLY — NOT SENT,,live,yes,200,IMPERIABET - Online Casino & Sports Betting,,2026-08-14
anjouan,B,americaloto.com,Jogue America Loto,,,Lucky AML Ltd,ALSI-202510001-FI1,,2026-10-15,licence-matched,,DRAFT ONLY — NOT SENT,,live,yes,200,Jogue America Loto: Powerball e Mega Millions online,,2026-08-14
anjouan,B,case-battle.com,Case,support@case-battle.com,site-contact-page,MILLENNIUM LIMITED,ALSI-202510003-FI1,,2026-10-15,licence-matched,,DRAFT ONLY — NOT SENT,,live,yes,200,Case-Battle :: Win epic CS2 skins here,,2026-08-14
anjouan,B,chance.net,Chance,affiliate@tipsport.cz,affcatalog:Tipsport Partners,Chance Ltd,ALSI-202510039-FI2,,2026-10-26,licence-matched,,DRAFT ONLY — NOT SENT,,live,yes,200,Chance,,2026-08-14
anjouan,B,buffalo-casino.com,BUFFALO,,,3-102-945833 SRL,ALSI-202510062-FI2,,2026-10-28,licence-matched,,DRAFT ONLY — NOT SENT,,live,yes,200,BUFFALO,,2026-08-14
anjouan,B,coolt.casino,Сoolt,,,Nuveau Ltd,ALSI-202510045-FI2,,2026-10-28,licence-matched,,DRAFT ONLY — NOT SENT,,live,yes,200,Сoolt Casino Online – Play Slots and Claim Bonuses,,2026-08-14
anjouan,B,tomcasino.net,Tomcasino,,,3-102-941391 SRL,ALSI-202511019-FI1,,2026-11-14,licence-matched,,DRAFT ONLY — NOT SENT,,live,yes,200,Casino - Online Gaming Platform,,2026-08-14
anjouan,B,dicey.com,Play,contact@dicey.com,site-contact-page,3-102-943011 SRL,ALSI-202511054-FI2,,2026-11-29,licence-matched,,DRAFT ONLY — NOT SENT,,live,yes,200,Play Casino Games with Crypto | Dicey Casino,,2026-08-14
anjouan,B,8win.com.my,8win,,,3-102-946565 SRL,ALSI-202511031-FI2,,2026-11-29,licence-matched,,DRAFT ONLY — NOT SENT,,live,yes,200,8win | Malaysia Official Website,,2026-08-14
anjouan,B,surewin168.com,sureWin,,,3-102-948637 SRL,ALSI-202511046-FI2,,2026-11-29,licence-matched,,DRAFT ONLY — NOT SENT,,live,yes,200,sureWin | World's Best Reviewed Online Casino,,2026-08-14
anjouan,B,bet502.com,Bet502,,,Netsolution Holding Ltd.,ALSI-202511057-FI2,,2026-11-29,licence-matched,,DRAFT ONLY — NOT SENT,,live,yes,200,Bet502,,2026-08-14
anjouan,B,kktcbet.com,Ana Sayfa,,,Nicosia Betting Ltd,ALSI-202512025-FI1,,2026-12-14,licence-matched,,DRAFT ONLY — NOT SENT,,live,yes,200,Ana Sayfa,,2026-08-14
anjouan,B,vegabro.com,VegaBro,,,Vega Technologies Holding Limited,ALSI-202512019-FI1,,2026-12-14,licence-matched,,DRAFT ONLY — NOT SENT,,live,yes,200,VegaBro Casino - космическое погружение в удачу! 🚀🔥🌌,,2026-08-14
anjouan,B,lukkly.com,LUKKLY,affilate@lukkly.com,affcatalog:Lukkly Partners,Nexluck Ltd,ALSI-202512012-FI1,,2026-12-14,licence-matched,,DRAFT ONLY — NOT SENT,,live,yes,200,LUKKLY Casino,,2026-08-14
anjouan,B,cs2skin.com,CS2SKIN,,,3-102-946905 SRL,ALSI-202512033-FI1,,2026-12-21,licence-matched,,DRAFT ONLY — NOT SENT,,live,yes,200,"CS2SKIN - Built for players, by players",,2026-08-14
anjouan,B,tubetrd.com,TuBetRD,,,3-102-948797 SRL,ALSI-202512037-FI1,,2026-12-21,licence-matched,,DRAFT ONLY — NOT SENT,,live,yes,200,TuBetRD,,2026-08-14
anjouan,B,scattr.com,SCATTR,,,Triglyph Technologies Ltd,ALSI-202512039-FI1,,2026-12-21,licence-matched,,DRAFT ONLY — NOT SENT,,live,yes,200,SCATTR – Kasino Terbukti Adil,,2026-08-14
anjouan,B,wilderbet.com,Wilderbet,,,VitaCore Limited,ALSI-202512038-FI1,,2026-12-21,licence-matched,,DRAFT ONLY — NOT SENT,,live,yes,200,Casino | WilderBet.com,,2026-08-14
anjouan,B,leclubbet.com,LeClubBet,,,LeClub Bet Ltd,ALSI-202601019-FI1,,2027-01-14,licence-matched,,DRAFT ONLY — NOT SENT,,live,yes,200,LeClubBet,,2026-08-14
anjouan,B,crash2x.com,Crash2x,,,Meta Jack Inc.,ALSI-202601024-FI1,,2027-01-14,licence-matched,,DRAFT ONLY — NOT SENT,,live,yes,200,Crash2x Casino,,2026-08-14
anjouan,B,artemisbet.com,Artemisbet,,,Star Moss Ltd,ALSI-202601004-FI1,,2027-01-14,licence-matched,,DRAFT ONLY — NOT SENT,,live,yes,200,Artemisbet - Yüksek Oranlı Spor Bahisleri ve Casino - Artemisbet Giriş,,2026-08-14
anjouan,B,winro.io,Winro,,,August Gaming Ltd,ALSI-202601039-FI2,,2027-01-23,licence-matched,,DRAFT ONLY — NOT SENT,,live,yes,200,Winro,,2026-08-14
anjouan,B,sweatbet.io,Sweatbet,,,3-102-944260 SRL,ALSI-202601052-FI2,,2027-01-30,licence-matched,,DRAFT ONLY — NOT SENT,,live,yes,200,"Sweatbet | Reimagining esports with elevated, skill-based wagering",,2026-08-14
anjouan,B,like.casino,LikeCasino,,,3-102-948639 SRL,ALSI-202601050-FI2,,2027-01-30,licence-matched,,DRAFT ONLY — NOT SENT,,live,yes,200,"LikeCasino – Top Online Casino Games, Live Dealers & Big Wins",,2026-08-14
anjouan,B,moon.com,Moon,,,Moon International Ltd,ALSI-202601063-FI2,,2027-01-30,licence-matched,,DRAFT ONLY — NOT SENT,,live,yes,200,"Moon.com: Betting Markets - Wager on Finance, Crypto & more",,2026-08-14
anjouan,B,roketbahis.com,Oyun Zamanı,support@roketbahis.com,site-contact-page,Laulani Investment Ltd,ALSI-202601057-FI2,,2027-01-30,licence-matched,,DRAFT ONLY — NOT SENT,,live,yes,200,Oyun Zamanı!,,2026-08-14
anjouan,B,gameslots.com,GameSlots,,,Solid X Ltd,ALSI-202602002-FI1,,2027-01-31,licence-matched,,DRAFT ONLY — NOT SENT,,live,yes,200,GameSlots,,2026-08-14
anjouan,B,betoriz.com,Betoriz lic,,,Kingslayer Entertainment Ltd,ALSI-202602006-FI1,,2027-02-05,licence-matched,,DRAFT ONLY — NOT SENT,,live,yes,200,Betoriz lic,,2026-08-14
anjouan,B,nolimit.com,Nolimit,affiliates@herogaming.com,affcatalog:Hero Partners,Fuego Mediatech Ltd,ALSI-202602003-FI1,,2027-02-05,licence-matched,,DRAFT ONLY — NOT SENT,,live,yes,200,"Nolimit Casino – Slots, Live Games and Sports Betting",,2026-08-14
anjouan,B,pokerjoker.com,Pokerjoker,,,PJK Trading Ltd,ALSI-202602001-FI1,,2027-02-15,licence-matched,,DRAFT ONLY — NOT SENT,,live,yes,200,Online Poker & Casino Thailand – Play with THB & Real Cash | PokerJoker,,2026-08-14
anjouan,B,sportifpro.com,SportifPro,info@sportifpro.com,site-contact-page,Ameriserv LLC,ALSI-202602034-FI2,,2027-02-27,licence-matched,,DRAFT ONLY — NOT SENT,,live,yes,200,SportifPro | Apuestas Deportivas y Casino Online en Chile,,2026-08-14
anjouan,B,craze.casino,Craze,,,Gridline Limited,ALSI-202602036-FI2,,2027-02-27,licence-matched,,DRAFT ONLY — NOT SENT,,live,yes,200,Craze Casino,,2026-08-14
anjouan,B,slotzula.com,Slotzula,,,Rambo Corp Limited,ALSI-202603015-FI1,,2027-03-13,licence-matched,,DRAFT ONLY — NOT SENT,,live,yes,200,Slotzula,,2026-08-14
anjouan,B,pokerclubhub.com,Play & Host Online Poker Clubs,,,3-102-953867 SRL,ALSI-202604005-FI1,,2027-04-13,licence-matched,,DRAFT ONLY — NOT SENT,,live,yes,200,Play & Host Online Poker Clubs | PokerClubHub – Licensed & Secure,,2026-08-14
anjouan,B,10x.win,Home 10xwin,support@10x.win,site-contact-page,Vantage Crest Ltd,ALSI-202603058-FI2,,2027-03-30,licence-matched,,DRAFT ONLY — NOT SENT,,live,yes,200,Home / 10xwin,,2026-08-14
anjouan,B,mybc.game,MYBC,,,AceQueen Limited,ALSI-202604006-FI1,,2027-04-13,licence-matched,,DRAFT ONLY — NOT SENT,,live,yes,200,"MYBC Casino — Crypto Casino & Sportsbook | Bitcoin, ETH, USDT",,2026-08-14
anjouan,B,hellocasino.io,HelloCasino,support@superflypartners.net,affcatalog:Superfly Partners,3-102-940372 SRL,ALSI-202604020-FI2,,2027-04-28,licence-matched,,DRAFT ONLY — NOT SENT,,live,yes,200,"HelloCasino – Online Casino, Crypto Slots & Live Games 2025",,2026-08-14
anjouan,B,kranz.top,Kranz Top,,,3-102-952153 SRL,ALSI-202604024-FI2,,2027-04-28,licence-matched,,DRAFT ONLY — NOT SENT,,live,yes,200,Kranz Top – Best casino in the World!,,2026-08-14
anjouan,B,reeljoy.com,Reeljoy,,,3-102-952820 SRL,ALSI-202604026-FI2,,2027-04-28,licence-matched,,DRAFT ONLY — NOT SENT,,blocked,no,403,,HTTP 403,2026-08-14
anjouan,B,legenddrop.com,LegendDrop,,,Legenddrop Ltd,ALSI-202604012-FI1,,2027-04-13,licence-matched,,DRAFT ONLY — NOT SENT,,live,yes,200,LegendDrop - Premium Mystery Boxes & Case Battles | Win Legendary Items,,2026-08-14
anjouan,B,ganare.com,Ganare,partners@ganare.com,site-contact-page,Born Champion Entertainment Ltd,ALSI-202604031-FI2,,2027-04-28,licence-matched,,DRAFT ONLY — NOT SENT,,live,yes,200,Ganare,,2026-08-14
anjouan,B,interwin.com,Interwin,,,3-102-959230 SRL,ALSI-202604030-FI2,,2027-04-28,licence-matched,,DRAFT ONLY — NOT SENT,,live,yes,200,Interwin | Trusted Online Casino Malaysia - Mega888 Slot Partner,,2026-08-14
anjouan,B,playandpredict.io,Play and Predict,,,Blackmere Ltd,ALSI-202605032-FI1,,2027-05-10,licence-matched,,DRAFT ONLY — NOT SENT,,live,yes,200,Play and Predict — Licensed casino and sportsbook inside Binance,,2026-08-14
anjouan,B,star.gg,STAR.GG,,,Skyborn Limited,ALSI-202605021-FI1,,2027-05-14,licence-matched,,DRAFT ONLY — NOT SENT,,live,yes,200,STAR.GG,,2026-08-14
anjouan,B,hype247.bet,Hype247,,,One Crane Studio Ltd,ALSI-202604043-FI2,,2027-04-28,licence-matched,,DRAFT ONLY — NOT SENT,,live,yes,200,Hype247 | Online Casino,,2026-08-14
anjouan,C,betewin.com,Betewin Adresi,,,Obsidian Titan Limited,ALSI-202602052-FI2,,2027-02-27,licence-matched,,DRAFT ONLY — NOT SENT,,live,yes,200,Betewin Güncel Giriş Adresi 2025 | Yeni Betewin Linki ve Resmi Site,,2026-08-14
anjouan,C,jasino.com,Jasino,,,Obsidian Titan Limited,ALSI-202602052-FI2,,2027-02-27,licence-matched,,DRAFT ONLY — NOT SENT,,live,yes,200,Jasino,,2026-08-14
anjouan,C,olabahis.com,Olabahis,,,Fortuna Digital Solutions FDS Limitada,ALSI-202509068-FI2,,2026-09-29,licence-matched,,DRAFT ONLY — NOT SENT,,live,yes,200,Olabahis - Bahsin OLA'y yerine hoş geldiniz: Olabahis giriş,,2026-08-14
anjouan,C,bahis.com,Bahis,,,Galactic Infinity Ltd,ALSI-202511048-FI2,,2026-11-29,licence-matched,,DRAFT ONLY — NOT SENT,,live,yes,200,Bahis.com,,2026-08-14
anjouan,C,sahabet.com,Sahabet,,,Galactic Infinity Ltd,ALSI-202511048-FI2,,2026-11-29,licence-matched,,DRAFT ONLY — NOT SENT,,live,yes,200,Sahabet | Sahabet Giriş & Güncel Adres ile Güvenli Bahis,,2026-08-14
anjouan,C,partybet.app,Partybet,,,On Read SRL,ALSI-202508060-FI2,,2026-08-28,licence-matched,,DRAFT ONLY — NOT SENT,,live,yes,200,Partybet,,2026-08-14
anjouan,C,winpeso.asia,Winpeso,,,U2IS Limited,ALSI-202601056-FI2,,2027-01-30,licence-matched,,DRAFT ONLY — NOT SENT,,live,yes,200,,,2026-08-14
anjouan,C,mn-bizbet.io,BizBet Mongolia,,,Gameway Global LLC,ALSI-202511025-FI2,,2026-11-29,licence-matched,,DRAFT ONLY — NOT SENT,,live,yes,200,BizBet Mongolia — Sports Betting & Casino Online | Bet in MNT,,2026-08-14
anjouan,C,kuzeycasino.com,nginx,,,Mistletoe Ltd,ALSI-202508061-FI2,,2026-08-28,licence-matched,,DRAFT ONLY — NOT SENT,,live,yes,200,Welcome to nginx!,,2026-08-14
anjouan,C,betixir.com,Betixir,,,Maltech Ltd,ALSI-202603007-FI1,,2027-03-13,licence-matched,,DRAFT ONLY — NOT SENT,,live,yes,200,Betixir: Turkey's Most Reliable Betting and Casino Site,,2026-08-14
anjouan,C,capitolbet.com,Capitolbet,,,Maltech Ltd,ALSI-202603007-FI1,,2027-03-13,licence-matched,,DRAFT ONLY — NOT SENT,,live,yes,200,Capitolbet: Turkey's Most Reliable Betting and Casino Site,,2026-08-14
anjouan,C,taksimbet.com,Taksimbet,,,Maltech Ltd,ALSI-202603007-FI1,,2027-03-13,licence-matched,,DRAFT ONLY — NOT SENT,,live,yes,200,Taksimbet: Turkey's Most Reliable Betting and Casino Site,,2026-08-14
anjouan,C,skybook.ag,Skybook,,,International Radical Investment Ltd,ALSI-202509042-FI1,,2027-09-15,licence-matched,,DRAFT ONLY — NOT SENT,,live,yes,200,"Skybook Sportsbook, Sports Betting, Racebook, Online Casino, Live Casino",,2026-08-14
anjouan,C,haydicasino.com,Haydicasino Adresi Güncellendi,,,Nowplatform Ltd.,ALSI-202509021-Fll,,2026-09-15,licence-matched,,DRAFT ONLY — NOT SENT,,live,yes,200,Haydicasino Giriş Adresi Güncellendi: Haydicasino319,,2026-08-14
anjouan,C,bahizz.com,Bahizz,,,High Gaming IT Services Limited,ALSI-202603023-FI1,,2027-03-13,licence-matched,,DRAFT ONLY — NOT SENT,,gone,no,200,,near-empty response,2026-08-14
anjouan,C,tibiadice.com,Tibia Dice,,,QuestJack Ltd,ALSI-202508055-FI2,,2026-08-28,licence-matched,,DRAFT ONLY — NOT SENT,,live,yes,200,Tibia Dice,,2026-08-14
anjouan,C,elipsbet.com,ElipsBet,,,Evoluxia Limitada,ALSI-202510013-FI1,,2026-10-15,licence-matched,,DRAFT ONLY — NOT SENT,,live,yes,200,"ElipsBet- Spor Bahisleri, Slot & Canlı Casino - Lisanslı Bahis Sitesi",,2026-08-14
anjouan,C,ebete.com,Ebete,,,Pacific Odds SRL,ALSI-202510032-FI1,,2026-10-15,licence-matched,,DRAFT ONLY — NOT SENT,,live,yes,200,,HTTP 525,2026-08-14
anjouan,C,ssplaywin.club,SSExchange,,,3-102-942786 SRL,ALSI-202512001-FI1,,2026-11-30,licence-matched,,DRAFT ONLY — NOT SENT,,live,yes,200,SSExchange – Best Reliable Sports Betting Exchange Site 2025,,2026-08-14
anjouan,C,ssexch.io,SSExchange,,,3-102-942786 SRL,ALSI-202512001-FI1,,2026-11-30,licence-matched,,DRAFT ONLY — NOT SENT,,live,yes,200,SSExchange – Best Reliable Sports Betting Exchange Site 2025,,2026-08-14
anjouan,C,satfair.in,Sportsexch,,,3-102-942786 SRL,ALSI-202512001-FI1,,2026-11-30,licence-matched,,DRAFT ONLY — NOT SENT,,live,yes,200,Satfair | Best Casino Online | Horse Racing,,2026-08-14
anjouan,C,kavbet.com,Kavbet,,,3-102-949697 SRL,ALSI-202602021-FI1,,2027-02-15,licence-matched,,DRAFT ONLY — NOT SENT,,live,yes,200,Kavbet,,2026-08-14
anjouan,C,mavibet.com,Mavibet,,,3-102-949697 SRL,ALSI-202602021-FI1,,2027-02-15,licence-matched,,DRAFT ONLY — NOT SENT,,live,yes,200,Mavibet,,2026-08-14
anjouan,C,nakitbahis.com,Nakitbahis,,,3-102-949697 SRL,ALSI-202602021-FI1,,2027-02-15,licence-matched,,DRAFT ONLY — NOT SENT,,live,yes,200,Nakitbahis: Resmi Erişim Adresi - Nakitbahis Giriş,,2026-08-14
anjouan,C,spingreen.casino,SpinGreen,affiliate@gamegrow.partners,affcatalog:GameGrow Partners,3-102-950476 LIMITADA,ALSI-202602013-FI1,,2027-02-15,licence-matched,,DRAFT ONLY — NOT SENT,,live,yes,200,SpinGreen Casino: Online Casino with Top Slots & Bonuses,,2026-08-14
anjouan,C,ampm.casino,Ampm,affiliate@gamegrow.partners,affcatalog:GameGrow Partners,3-102-950476 LIMITADA,ALSI-202602013-FI1,,2027-02-15,licence-matched,,DRAFT ONLY — NOT SENT,,live,yes,200,"The best online casino, a large selection of slots, mobile casino",,2026-08-14
anjouan,C,kheli.bet,Kheli,info@kheli.bet,site-contact-page,Ingrex Tech LTD,ALSI-202602050-FI2,,2027-02-27,licence-matched,,DRAFT ONLY — NOT SENT,,live,yes,200,,,2026-08-14
anjouan,C,tengri.casino,tengri,,,Ingrex Tech LTD,ALSI-202602050-FI2,,2027-02-27,licence-matched,,DRAFT ONLY — NOT SENT,,gone,no,,,DNS does not resolve,2026-08-14
anjouan,C,hotslot.com,Hotslot Site,,,3-102-947593 SRL,ALSI-202603005-FI1,,2027-03-13,licence-matched,,DRAFT ONLY — NOT SENT,,live,yes,200,Hotslot Resmi Site | Hotslot Güncel Giriş,,2026-08-14
anjouan,C,slotio.com,Slotio,,,3-102-947593 SRL,ALSI-202603005-FI1,,2027-03-13,licence-matched,,DRAFT ONLY — NOT SENT,,live,yes,200,Slotio 🎰 Canlı Casino & Slot Oyunlarında Büyük Kazan!,,2026-08-14
anjouan,C,casshiva.com,Loading,,,3-102-952932 SRL,ALSI-202604027-FI2,,2027-04-28,licence-matched,,DRAFT ONLY — NOT SENT,,live,yes,200,Loading...,,2026-08-14
anjouan,C,donebets.com,Loading,,,3-102-952932 SRL,ALSI-202604027-FI2,,2027-04-28,licence-matched,,DRAFT ONLY — NOT SENT,,live,yes,200,Loading...,,2026-08-14
anjouan,C,matbet.com,Matbet,,,Vesaro Limited,ALSI-202604046-FI2,,2027-04-28,licence-matched,,DRAFT ONLY — NOT SENT,,live,yes,200,Matbet: Resmi Giriş Adresi - Matbet Giriş,,2026-08-14
anjouan,C,elitcasino.com,Elitcasino,,,Vesaro Limited,ALSI-202604046-FI2,,2027-04-28,licence-matched,,DRAFT ONLY — NOT SENT,,blocked,no,403,,HTTP 403,2026-08-14
anjouan,C,80bet.com,80벳,,,88gaming B.V.,ALSI-202508037-FI1,,2026-08-19,licence-matched,,DRAFT ONLY — NOT SENT,,live,yes,200,"80벳 : 스포츠베팅, 라이브카지노, 슬롯, 라이브로또 - 80bet.com",,2026-08-14
anjouan,C,bet16.com,벳16,,,88gaming B.V.,ALSI-202508037-FI1,,2026-08-19,licence-matched,,DRAFT ONLY — NOT SENT,,live,yes,200,"벳16: 스포츠베팅, 라이브카지노, 슬롯, 라이브로또 - Bet16",,2026-08-14
anjouan,C,acespinz.com,Hello There,,,Flashpot Ltd,ALSI-202508053-FI2,,2026-08-28,licence-matched,,DRAFT ONLY — NOT SENT,,live,yes,200,Hello There!,,2026-08-14
anjouan,C,slash.bet,Hello There,support@slash.bet,site-contact-page,Flashpot Ltd,ALSI-202508053-FI2,,2026-08-28,licence-matched,,DRAFT ONLY — NOT SENT,,live,yes,200,Site Closed — Slash.bet,,2026-08-14
anjouan,C,tucasino.lat,TuCasino,,,Nova Code Limitada,ALSI-202508064-FI2,,2026-08-28,licence-matched,,DRAFT ONLY — NOT SENT,,live,yes,200,TuCasino,,2026-08-14
anjouan,C,funbahis.com,Funbahis,destek@funbahis.com,site-contact-page,Total Unlimited Marketing Ltd,ALSI-202509001-FI1,,2026-09-15,licence-matched,,DRAFT ONLY — NOT SENT,,live,yes,200,,,2026-08-14
anjouan,C,huhubet.com,Huhubet,,,3-102-946540 SRL,ALSI-202511024-FI2,,2026-11-29,licence-matched,,DRAFT ONLY — NOT SENT,,live,yes,200,"Huhubet Resmi ▷ Güncel Giriş Adresi 2025 - Canlı Spor Bahisleri, Canlı Casino ve Casino ba",,2026-08-14
anjouan,C,bufonbet.com,GANGABET Apuestas y,,,OW Internacional Ltd,ALSI-202512013-FI1,,2026-12-14,licence-matched,,DRAFT ONLY — NOT SENT,,live,yes,200,GANGABET Apuestas y Casino Online,,2026-08-14
anjouan,C,spin-betz.com,Spin Betz,,,Diamante Tech Ltd,ALSI-202601003-FI1,,2027-01-04,licence-matched,,DRAFT ONLY — NOT SENT,,gone,no,200,Sports Betting | Best Odds & Markets,parked / placeholder,2026-08-14
anjouan,C,theluckyspinz.com,Theluckyspinz,,,Diamante Tech Ltd,ALSI-202601003-FI1,,2027-01-04,licence-matched,,DRAFT ONLY — NOT SENT,,gone,no,200,Sports Betting | Best Odds & Markets,parked / placeholder,2026-08-14
anjouan,C,hojabet.com,Redirecting,,,Luxora Interactive Limited,ALSI-202601032-FI1,,2027-01-14,licence-matched,,DRAFT ONLY — NOT SENT,,live,yes,200,Redirecting...,,2026-08-14
anjouan,C,quokkasino.com,Quokkasino,,,GBO ASSETS LTD,ALSI-202601061-FI2,,2027-01-30,licence-matched,,DRAFT ONLY — NOT SENT,,live,yes,200,,,2026-08-14
anjouan,C,time4bets.com,Time4Bets,,,AWSLO Limited,ALSI-202603024-FI1,,2027-03-02,licence-matched,,DRAFT ONLY — NOT SENT,,live,yes,200,Betting website,,2026-08-14
anjouan,C,liqd.com,LIQD,,,LIQD LTD,ALSI-202603048-FI2,,2027-03-30,licence-matched,,DRAFT ONLY — NOT SENT,,live,yes,200,LIQD Crypto Casino,,2026-08-14
anjouan,C,liqd.gg,LIQD,,,LIQD LTD,ALSI-202603048-FI2,,2027-03-30,licence-matched,,DRAFT ONLY — NOT SENT,,live,yes,200,LIQD,,2026-08-14
anjouan,C,oktop.mx,OKTOP.MX,,,Novaspin Network Ltd,ALSI-202603051-FI2,,2027-03-30,licence-matched,,DRAFT ONLY — NOT SENT,,live,yes,200,OKTOP.MX,,2026-08-14
anjouan,C,bet303.com,Bet303,,,Play Fortune Entertainment Ltd,ALSI-202603053-FI2,,2027-03-30,licence-matched,,DRAFT ONLY — NOT SENT,,live,yes,200,سایت پیش بینی فوتبال معتبر بت ۳۰۳ Bet شرط بندی آنلاین,,2026-08-14
anjouan,C,stakevegas.com,Stake Vegas,,,PlayTrust Ltd,ALSI-202604044-FI2,,2027-04-28,licence-matched,,DRAFT ONLY — NOT SENT,,live,yes,200,"Stake Vegas | Online Crypto Casino, Sports Betting & Instant Payouts",,2026-08-14
anjouan,C,1xbetanj.com,1xbetanj,,,PRAECUS LLC,ALSI-202508048-FI2,,2026-09-28,licence-matched,,DRAFT ONLY — NOT SENT,,live,yes,203,,,2026-08-14
anjouan,C,xypoker1.com,Xypoker1,,,3-102-938312 SRL,ALSI-202509050-FI1,,2026-09-11,licence-matched,,DRAFT ONLY — NOT SENT,,live,yes,200,,,2026-08-14
anjouan,C,flush.com,Flush Crypto,,,Fordegens Limitada,ALSI-202509008-FI1,,2026-09-02,licence-matched,,DRAFT ONLY — NOT SENT,,live,yes,200,"Flush Crypto Casino | Sportsbook, Live Casino & Instant Withdrawals",,2026-08-14
anjouan,C,goldenclovercasino.com,Golden Clover,,,PC Play365 Ltd,ALSI-202509016-FI1,,2026-09-15,licence-matched,,DRAFT ONLY — NOT SENT,,live,yes,200,"Golden Clover Casino - Slots, Live Casino & Fast Payouts",,2026-08-14
anjouan,C,maxxcric.com,Exchange,,,Rich Able Developments Limited,ALSI-202510012-FI1,,2026-10-15,licence-matched,,DRAFT ONLY — NOT SENT,,live,yes,200,Exchange,,2026-08-14
anjouan,C,bkmwin.com,BkmWin,,,Asoftgame Limited,ALSI-202510043-FI2,,2026-10-28,licence-matched,,DRAFT ONLY — NOT SENT,,live,yes,200,BkmWin,,2026-08-14
anjouan,C,u.game,Loading,,,Aurora Soft Ltd,ALSI-202510044-FI2,,2026-10-28,licence-matched,,DRAFT ONLY — NOT SENT,,live,yes,200,Loading,,2026-08-14
anjouan,C,linebetglobal.com,Linebet,,,Savoska LLC,ALSI-202510056-FI2,,2026-10-28,licence-matched,,DRAFT ONLY — NOT SENT,,live,yes,200,Linebet,,2026-08-14
anjouan,C,lasbet486.com,라스벳,,,Qos Entertainment Ltd,ALSI-202511007-FI1,,2026-11-06,licence-matched,,DRAFT ONLY — NOT SENT,,live,yes,200,라스벳 - 2000여가지의 배팅게임을 즐기세요! - LASBET - Lasbet,,2026-08-14
anjouan,C,rumwin.com,Rumwin,,,3-102-939534 SRL,ALSI-202511010-FI1,,2026-11-07,licence-matched,,DRAFT ONLY — NOT SENT,,gone,no,404,,HTTP 404,2026-08-14
anjouan,C,angelspin.com,Angelspin,support@angelspin.com,site-contact-page,Fruitopia Limited,ALSI-202511011-FI1,,2026-11-14,licence-matched,,DRAFT ONLY — NOT SENT,,live,yes,200,,,2026-08-14
anjouan,C,rooksbet.com,Rooksbet,support@rooksbet.com,site-contact-page,Prontogabriela SRL,ALSI-202511020-FI1,,2026-11-14,licence-matched,,DRAFT ONLY — NOT SENT,,live,yes,200,ᐈ Casino Online and Mobile,,2026-08-14
anjouan,C,flex2bet.com,porkbun.com,,,Bright Entertainment Inc,ALSI-202511026-FI2,,2026-11-18,licence-matched,,DRAFT ONLY — NOT SENT,,live,yes,200,porkbun.com | parked domain,,2026-08-14
anjouan,C,blockchain.poker,Blockchain Poker,,,Highcard Software SRL,ALSI-202511029-FI2,,2026-11-29,licence-matched,,DRAFT ONLY — NOT SENT,,live,yes,200,Blockchain Poker,,2026-08-14
anjouan,C,lebull.com,Lebull,,,3-102-945060 SRL,ALSI-202512018-FI1,,2026-12-14,licence-matched,,DRAFT ONLY — NOT SENT,,live,yes,200,Lebull,,2026-08-14
anjouan,C,ohmywin.com,Nuevo Alojamiento,,,Liberty Walk Ltd,ALSI-202601002-FI1,,2027-01-04,licence-matched,,DRAFT ONLY — NOT SENT,,live,yes,200,Nuevo Alojamiento,,2026-08-14
anjouan,C,regal.casino,Hello There,,,Zenorix Limited,ALSI-202601037-FI1,,2027-01-21,licence-matched,,DRAFT ONLY — NOT SENT,,live,yes,200,Hello There!,,2026-08-14
anjouan,C,peakbet.io,Hello There,,,3-102-949997 SRL,ALSI-202601049-FI2,,2027-01-30,licence-matched,,DRAFT ONLY — NOT SENT,,live,yes,200,PeakBet — Back soon,,2026-08-14
anjouan,C,wildwin.io,Hello There,,,3-102-950481 Limitada,ALSI-202601048-FI2,,2027-01-30,licence-matched,,DRAFT ONLY — NOT SENT,,live,yes,200,Hello There!,,2026-08-14
anjouan,C,fixa.casino,Переход на новый сайт,,,FX Solutions Ltd,ALSI-202601058-FI2,,2027-01-30,licence-matched,,DRAFT ONLY — NOT SENT,,live,yes,200,Переход на новый сайт,,2026-08-14
anjouan,C,appleicasino.com,AppleiCasino,playersupport@appleicasino.com,site-contact-page,AIC Enterprises LLC,ALSI-202602038-FI2,,2027-02-27,licence-matched,,DRAFT ONLY — NOT SENT,,live,yes,200,AppleiCasino | Crypto Casino,,2026-08-14
anjouan,C,betss.com,Betss,,,Ceylonite Ltd,ALSI-202603025-FI1,,2027-03-13,licence-matched,,DRAFT ONLY — NOT SENT,,live,yes,200,Betss - Better Betss with Sporting Star,,2026-08-14
anjouan,C,betfuze.com,Betfuze,,,BET Fusion Ltd,ALSI-202603042-FI2,,2027-03-30,licence-matched,,DRAFT ONLY — NOT SENT,,live,yes,200,Betfuze – Next-Gen Crypto Casino | Instant & No-Limit Deposits & Withdrawals,,2026-08-14
anjouan,C,solstake.tv,Solstake.tv,,,SOLSTART LTD,ALSI-202603055-FI2,,2027-03-30,licence-matched,,DRAFT ONLY — NOT SENT,,live,yes,200,Solstake.tv | Token-Gated Livestreaming on Solana,,2026-08-14
anjouan,C,rolly.info,Platform,,,3-102-954977 SRL,ALSI-202604001-FI1,,2027-04-13,licence-matched,,DRAFT ONLY — NOT SENT,,live,yes,200,Platform,,2026-08-14
anjouan,C,placebet.partners,Place.bet Partners,partners@clubaffiliates.com,affcatalog:Club Affiliates,3-102-959375 SRL,ALSI-202604017-FI1,,2027-04-13,licence-matched,,DRAFT ONLY — NOT SENT,,live,yes,200,Place.bet Partners - Home,,2026-08-14
anjouan,C,2k.bet,2KBet,,,2K Services Ltd,ALSI-202604019-FI2,,2027-04-28,licence-matched,,DRAFT ONLY — NOT SENT,,live,yes,200,2k company,HTTP 503,2026-08-14
anjouan,C,gorillacasinos.com,Gorilla,info@gorillacasinos.com,site-contact-page,Luminous Interactive Solutions Ltd,ALSI-202604040-FI2,,2027-04-28,licence-matched,,DRAFT ONLY — NOT SENT,,live,yes,200,Gorilla Casino,,2026-08-14
anjouan,C,sinbet.co.com,Sinbet,,,GK INTERACTIVE LTD,ALSI-202604035-FI2,,2027-04-28,licence-matched,,DRAFT ONLY — NOT SENT,,live,yes,200,,,2026-08-14
anjouan,C,degenta.com,Degenta,,,Thornwick Ltd,ALSI-202605028-FI1,,2027-05-10,licence-matched,,DRAFT ONLY — NOT SENT,,live,yes,200,Degenta,,2026-08-14
curacao,,apolobet.com,apolobet,,,Trickless N.V,OGL/2024/139/0125,assessment in progress,"December 24, 2025",licence-matched,,not contacted,,live,yes,200,The premium domain name apolobet.com is for sale. Buy it now!,,2026-08-14
curacao,,azar365.com,azar,,,Trickless N.V,OGL/2024/139/0125,assessment in progress,"December 24, 2025",licence-matched,,not contacted,,live,yes,200,,,2026-08-14
curacao,,betjuve.com,Betjuve,destek@betjuve.com,site-contact-page,Trickless N.V,OGL/2024/139/0125,assessment in progress,"December 24, 2025",licence-matched,,not contacted,,live,yes,200,Betjuve,,2026-08-14
curacao,,neredebahis.com,Neredebahis,destek@neredebahis.com,site-contact-page,Trickless N.V,OGL/2024/139/0125,assessment in progress,"December 24, 2025",licence-matched,,not contacted,,live,yes,200,Neredebahis - Güncel Giriş Adresi,,2026-08-14
curacao,,tricobet.io,TricoBET,,,Trickless N.V,OGL/2024/139/0125,assessment in progress,"December 24, 2025",licence-matched,,not contacted,,live,yes,200,TricoBET — Casino,,2026-08-14
curacao,,1x2bet.co,1X2BET.CO,,,Trickless N.V,OGL/2024/139/0125,assessment in progress,"December 24, 2025",licence-matched,,not contacted,,live,yes,200,1X2BET.CO - Bienvenidos,,2026-08-14
curacao,,8bet.co.sz,co,,,Trickless N.V,OGL/2024/139/0125,assessment in progress,"December 24, 2025",licence-matched,,not contacted,,live,yes,200,"Play crash games, sports betting and more | 8Bet Eswatini",,2026-08-14
curacao,,apuestalos.com,APUESTALOS,,,Trickless N.V,OGL/2024/139/0125,assessment in progress,"December 24, 2025",licence-matched,,not contacted,,live,yes,200,APUESTALOS,,2026-08-14
curacao,,apuestaswin.com,ApuestasWin,,,Trickless N.V,OGL/2024/139/0125,assessment in progress,"December 24, 2025",licence-matched,,not contacted,,live,yes,200,"ApuestasWin | Deportes, Casino y más",,2026-08-14
curacao,,astrobet.ec,astrobet,,,Trickless N.V,OGL/2024/139/0125,assessment in progress,"December 24, 2025",licence-matched,,not contacted,,live,yes,200,,,2026-08-14
curacao,,bet593.online,Pronósticos deportivos,,,Trickless N.V,OGL/2024/139/0125,assessment in progress,"December 24, 2025",licence-matched,,not contacted,,live,yes,200,Pronósticos deportivos | Juegos Online | bet593.ec,URLError,2026-08-14
curacao,,betplatino.co,Betplatino,,,Trickless N.V,OGL/2024/139/0125,assessment in progress,"December 24, 2025",licence-matched,,not contacted,,live,yes,200,Betplatino,,2026-08-14
curacao,,betpro.hn,Betpro Honduras,,,Trickless N.V,OGL/2024/139/0125,assessment in progress,"December 24, 2025",licence-matched,,not contacted,,live,yes,200,Betpro Honduras | Apuestas Deportivas y Casino en Línea,,2026-08-14
curacao,,brmegas.com,brmegas,,,Trickless N.V,OGL/2024/139/0125,assessment in progress,"December 24, 2025",licence-matched,,not contacted,,live,yes,200,,,2026-08-14
curacao,,bwise365.com,Bwise365 Sportsbook,,,Trickless N.V,OGL/2024/139/0125,assessment in progress,"December 24, 2025",licence-matched,,not contacted,,live,yes,200,Bwise365 Sportsbook,,2026-08-14
curacao,,casinoencasa.com,CasinoEnCasa,,,Trickless N.V,OGL/2024/139/0125,assessment in progress,"December 24, 2025",licence-matched,,not contacted,,live,yes,200,CasinoEnCasa,,2026-08-14
curacao,,extrabet.games,extrabet,,,Trickless N.V,OGL/2024/139/0125,assessment in progress,"December 24, 2025",licence-matched,,not contacted,,live,yes,200,,,2026-08-14
curacao,,fixplay.pe,Betting website,soporte@fixplay.pe,site-contact-page,Trickless N.V,OGL/2024/139/0125,assessment in progress,"December 24, 2025",licence-matched,,not contacted,,live,yes,200,Betting website,,2026-08-14
curacao,,galeribet.com,Galeribet,,,Trickless N.V,OGL/2024/139/0125,assessment in progress,"December 24, 2025",licence-matched,,not contacted,,live,yes,200,Galeribet,,2026-08-14
curacao,,golbetting.com,Golbet,,,Trickless N.V,OGL/2024/139/0125,assessment in progress,"December 24, 2025",licence-matched,,not contacted,,live,yes,200,Golbet - Rakipsiz Online Bahis Sitesi,,2026-08-14
curacao,,juegaconelking.com,JUEGA CON EL KING,,,Trickless N.V,OGL/2024/139/0125,assessment in progress,"December 24, 2025",licence-matched,,not contacted,,live,yes,200,JUEGA CON EL KING – el mejor casino online de chile- el casino de arturo vidal,,2026-08-14
curacao,,kongocash.com,Ingreso,,,Trickless N.V,OGL/2024/139/0125,assessment in progress,"December 24, 2025",licence-matched,,not contacted,,live,yes,200,Ingreso,,2026-08-14
curacao,,listobet.com,listobet.com,,,Trickless N.V,OGL/2024/139/0125,assessment in progress,"December 24, 2025",licence-matched,,not contacted,,live,yes,200,listobet.com,,2026-08-14
curacao,,lotbet.vip,Lotbet Guatemala,,,Trickless N.V,OGL/2024/139/0125,assessment in progress,"December 24, 2025",licence-matched,,not contacted,,live,yes,200,Lotbet Guatemala | Apuestas deportivas y casino online,,2026-08-14
curacao,,loterianacional.ec,Loteria Nacional,,,Trickless N.V,OGL/2024/139/0125,assessment in progress,"December 24, 2025",licence-matched,,not contacted,,live,yes,200,Loteria Nacional,,2026-08-14
curacao,,mas1x2.com,Mas1x2,,,Trickless N.V,OGL/2024/139/0125,assessment in progress,"December 24, 2025",licence-matched,,not contacted,,live,yes,200,"Mas1x2 | Pronósticos deportivos, tragamonedas y casino online en Ecuador",,2026-08-14
curacao,,masterbets365.com,masterbets,,,Trickless N.V,OGL/2024/139/0125,assessment in progress,"December 24, 2025",licence-matched,,not contacted,,live,yes,200,Top Centro de Apuestas Deportivas Online en toda Latinoamerica,,2026-08-14
curacao,,petra.bet,petra,marketing@petra.bet,site-affiliate-page,Trickless N.V,OGL/2024/139/0125,assessment in progress,"December 24, 2025",licence-matched,,not contacted,,live,yes,200,Jordan's #1 Online Casino & Sports Betting - Petra.bet,,2026-08-14
curacao,,playred.com,Playred Casino Lobby,,,Trickless N.V,OGL/2024/139/0125,assessment in progress,"December 24, 2025",licence-matched,,not contacted,,live,yes,200,Playred Casino Lobby,,2026-08-14
curacao,,slotrix.net,slotrix,,,Trickless N.V,OGL/2024/139/0125,assessment in progress,"December 24, 2025",licence-matched,,not contacted,,live,yes,200,slotrix,,2026-08-14
curacao,,yinyangbet.com,Bienvenidos a YinYangBet.com,,,Trickless N.V,OGL/2024/139/0125,assessment in progress,"December 24, 2025",licence-matched,,not contacted,,live,yes,200,Bienvenidos a YinYangBet.com,,2026-08-14
curacao,,rocketrichescasino.com,rocketrichescasino,,,White Star B.V.,OGL/2023/159/0076,assessment in progress,"December 24, 2025",licence-matched,,not contacted,,live,yes,200,,,2026-08-14
curacao,,bigboost-in.com,bigboostin,,,White Star B.V.,OGL/2023/159/0076,assessment in progress,"December 24, 2025",licence-matched,,not contacted,,live,yes,200,,,2026-08-14
curacao,,bigboost.com,bigboost,affiliates@rhinoaffiliates.com,affcatalog:Rhino Affiliates,White Star B.V.,OGL/2023/159/0076,assessment in progress,"December 24, 2025",licence-matched,,not contacted,,live,yes,200,,,2026-08-14
curacao,,bigjeeto.com,CloudFront Test,,,White Star B.V.,OGL/2023/159/0076,assessment in progress,"December 24, 2025",licence-matched,,not contacted,,live,yes,200,CloudFront Test,,2026-08-14
curacao,,biglucky-in.com,bigluckyin,,,White Star B.V.,OGL/2023/159/0076,assessment in progress,"December 24, 2025",licence-matched,,not contacted,,live,yes,200,,,2026-08-14
curacao,,biglucky.com,biglucky,,,White Star B.V.,OGL/2023/159/0076,assessment in progress,"December 24, 2025",licence-matched,,not contacted,,live,yes,200,,,2026-08-14
curacao,,buustikasino.com,buustikasino,affiliates@rhinoaffiliates.com,affcatalog:Rhino Affiliates,White Star B.V.,OGL/2023/159/0076,assessment in progress,"December 24, 2025",licence-matched,,not contacted,,live,yes,200,,,2026-08-14
curacao,,casinokhajana.com,casinokhajana,support@casinokhajana.com,site-contact-page,White Star B.V.,OGL/2023/159/0076,assessment in progress,"December 24, 2025",licence-matched,,not contacted,,live,yes,200,,,2026-08-14
curacao,,clubcd.com,clubcd,,,White Star B.V.,OGL/2023/159/0076,assessment in progress,"December 24, 2025",licence-matched,,not contacted,,live,yes,200,,,2026-08-14
curacao,,jeetboost.com,jeetboost,support@jeetboost.com,site-contact-page,White Star B.V.,OGL/2023/159/0076,assessment in progress,"December 24, 2025",licence-matched,,not contacted,,live,yes,200,,,2026-08-14
curacao,,luckyspins-in.com,luckyspinsin,,,White Star B.V.,OGL/2023/159/0076,assessment in progress,"December 24, 2025",licence-matched,,not contacted,,live,yes,200,,,2026-08-14
curacao,,mastispins.com,mastispins,,,White Star B.V.,OGL/2023/159/0076,assessment in progress,"December 24, 2025",licence-matched,,not contacted,,live,yes,200,,,2026-08-14
curacao,,panosta.com,panosta,,,White Star B.V.,OGL/2023/159/0076,assessment in progress,"December 24, 2025",licence-matched,,not contacted,,live,yes,200,,,2026-08-14
curacao,,panostabet-no.com,panostabetno,,,White Star B.V.,OGL/2023/159/0076,assessment in progress,"December 24, 2025",licence-matched,,not contacted,,live,yes,200,,,2026-08-14
curacao,,panostabet.com,panostabet,,,White Star B.V.,OGL/2023/159/0076,assessment in progress,"December 24, 2025",licence-matched,,not contacted,,live,yes,200,,,2026-08-14
curacao,,paratiisi.com,paratiisi,,,White Star B.V.,OGL/2023/159/0076,assessment in progress,"December 24, 2025",licence-matched,,not contacted,,live,yes,200,,,2026-08-14
curacao,,playorbet.com,playorbet,,,White Star B.V.,OGL/2023/159/0076,assessment in progress,"December 24, 2025",licence-matched,,not contacted,,live,yes,200,,,2026-08-14
curacao,,raketti.com,raketti,affiliates@rhinoaffiliates.com,affcatalog:Rhino Affiliates,White Star B.V.,OGL/2023/159/0076,assessment in progress,"December 24, 2025",licence-matched,,not contacted,,live,yes,200,,,2026-08-14
curacao,,regalrush-no.com,regalrushno,,,White Star B.V.,OGL/2023/159/0076,assessment in progress,"December 24, 2025",licence-matched,,not contacted,,live,yes,200,,,2026-08-14
curacao,,regalrush.com,regalrush,,,White Star B.V.,OGL/2023/159/0076,assessment in progress,"December 24, 2025",licence-matched,,not contacted,,live,yes,200,,,2026-08-14
curacao,,rocketriches-india.in,rocketrichesindia,,,White Star B.V.,OGL/2023/159/0076,assessment in progress,"December 24, 2025",licence-matched,,not contacted,,live,yes,200,,,2026-08-14
curacao,,rocketriches.com,rocketriches,,,White Star B.V.,OGL/2023/159/0076,assessment in progress,"December 24, 2025",licence-matched,,not contacted,,live,yes,200,,,2026-08-14
curacao,,rr-in.in,rrin,,,White Star B.V.,OGL/2023/159/0076,assessment in progress,"December 24, 2025",licence-matched,,not contacted,,gone,no,200,,near-empty response,2026-08-14
curacao,,ruhtinas.com,ruhtinas,,,White Star B.V.,OGL/2023/159/0076,assessment in progress,"December 24, 2025",licence-matched,,not contacted,,live,yes,200,,,2026-08-14
curacao,,bettyspin.com,ᐈ Bettyspin,contact@winhubpartners.com,affcatalog:WinHub Partners,Terdersoft B.V.,OGL/2024/1126/0521,active,"March 26, 2026",licence-matched,,not contacted,,live,yes,200,ᐈ Bettyspin - Play Slots Online For Free or Real Money,,2026-08-14
curacao,,billionairespin.com,ᐈ Billionairespin,affiliates@ftdgallery.com,affcatalog:FTD Gallery Affiliates,Terdersoft B.V.,OGL/2024/1126/0521,active,"March 26, 2026",licence-matched,,not contacted,,live,yes,200,ᐈ Billionairespin - Play Slots Online For Free or Real Money,,2026-08-14
curacao,,candyspinz.com,ᐈ Candyspinz,support@candyspinz.com,site-contact-page,Terdersoft B.V.,OGL/2024/1126/0521,active,"March 26, 2026",licence-matched,,not contacted,,live,yes,200,ᐈ Candyspinz - Play Slots Online For Free or Real Money,,2026-08-14
curacao,,capospin.com,ᐈ Capospin,affiliates@caponetwork.com,affcatalog:Capo Network,Terdersoft B.V.,OGL/2024/1126/0521,active,"March 26, 2026",licence-matched,,not contacted,,live,yes,200,ᐈ Capospin - Play Slots Online For Free or Real Money,,2026-08-14
curacao,,casinaga.com,casinaga,,,Terdersoft B.V.,OGL/2024/1126/0521,active,"March 26, 2026",licence-matched,,not contacted,,live,yes,200,,URLError,2026-08-14
curacao,,didispin.com,didispin,,,Terdersoft B.V.,OGL/2024/1126/0521,active,"March 26, 2026",licence-matched,,not contacted,,gone,no,,,DNS does not resolve,2026-08-14
curacao,,dreamspinz.com,dreamspinz,,,Terdersoft B.V.,OGL/2024/1126/0521,active,"March 26, 2026",licence-matched,,not contacted,,live,yes,200,,,2026-08-14
curacao,,felixspin.com,ᐈ Felixspin,affiliates@7ladies.com,affcatalog:7Ladies Affiliates,Terdersoft B.V.,OGL/2024/1126/0521,active,"March 26, 2026",licence-matched,,not contacted,,live,yes,200,ᐈ Felixspin - Play Slots Online For Free or Real Money,,2026-08-14
curacao,,highflybet.com,ᐈ Highflybet,affiliates@shogunaffiliates.com,affcatalog:Shogun Affiliates,Terdersoft B.V.,OGL/2024/1126/0521,active,"March 26, 2026",licence-matched,,not contacted,,live,yes,200,ᐈ Highflybet - Play Slots Online For Free or Real Money,,2026-08-14
curacao,,honeybetz.com,ᐈ Honeybetz,affiliates@chinchinpartners.com,affcatalog:ChinChin Partners,Terdersoft B.V.,OGL/2024/1126/0521,active,"March 26, 2026",licence-matched,,not contacted,,live,yes,200,ᐈ Honeybetz - Play Slots Online For Free or Real Money,,2026-08-14
curacao,,jackpire.com,jackpire,,,Terdersoft B.V.,OGL/2024/1126/0521,active,"March 26, 2026",licence-matched,,not contacted,,live,yes,200,,URLError,2026-08-14
curacao,,jackpoleon.com,jackpoleon,,,Terdersoft B.V.,OGL/2024/1126/0521,active,"March 26, 2026",licence-matched,,not contacted,,live,yes,200,,URLError,2026-08-14
curacao,,liraspin.com,ᐈ Liraspin,affiliates@chinchinpartners.com,affcatalog:ChinChin Partners,Terdersoft B.V.,OGL/2024/1126/0521,active,"March 26, 2026",licence-matched,,not contacted,,live,yes,200,ᐈ Liraspin - Play Slots Online For Free or Real Money,,2026-08-14
curacao,,luckapone.com,luckapone,,,Terdersoft B.V.,OGL/2024/1126/0521,active,"March 26, 2026",licence-matched,,not contacted,,live,yes,200,,URLError,2026-08-14
curacao,,oscarspin.com,ᐈ Oscarspin,support@oscarspin.com,site-contact-page,Terdersoft B.V.,OGL/2024/1126/0521,active,"March 26, 2026",licence-matched,,not contacted,,live,yes,200,ᐈ Oscarspin - Play Slots Online For Free or Real Money,,2026-08-14
curacao,,playjonny.com,ᐈ Playjonny,affiliates@spartaaffiliates.com,affcatalog:Sparta Affiliates,Terdersoft B.V.,OGL/2024/1126/0521,active,"March 26, 2026",licence-matched,,not contacted,,live,yes,200,ᐈ Playjonny - Play Slots Online For Free or Real Money,,2026-08-14
curacao,,rockyspin.com,ᐈ Rockyspin,affiliates@hustle-partners.com,affcatalog:Hustle Partners,Terdersoft B.V.,OGL/2024/1126/0521,active,"March 26, 2026",licence-matched,,not contacted,,live,yes,200,ᐈ Rockyspin - Play Slots Online For Free or Real Money,,2026-08-14
curacao,,rolldorado.com,ᐈ Rolldorado,affiliates@affgems.com,affcatalog:AffGems,Terdersoft B.V.,OGL/2024/1126/0521,active,"March 26, 2026",licence-matched,,not contacted,,live,yes,200,ᐈ Rolldorado - Play Slots Online For Free or Real Money,,2026-08-14
curacao,,roulettino.com,ᐈ Roulettino,support@legionaffs.com,affcatalog:Legion Affs,Terdersoft B.V.,OGL/2024/1126/0521,active,"March 26, 2026",licence-matched,,not contacted,,live,yes,200,ᐈ Roulettino - Play Slots Online For Free or Real Money,,2026-08-14
curacao,,savaspin.com,ᐈ Savaspin,affiliates@tothemoonaffs.com,affcatalog:ToTheMoonAffs,Terdersoft B.V.,OGL/2024/1126/0521,active,"March 26, 2026",licence-matched,,not contacted,,live,yes,200,ᐈ Savaspin - Play Slots Online For Free or Real Money,,2026-08-14
curacao,,sloticorn.com,sloticorn,,,Terdersoft B.V.,OGL/2024/1126/0521,active,"March 26, 2026",licence-matched,,not contacted,,live,yes,200,,URLError,2026-08-14
curacao,,spingali.com,spingali,,,Terdersoft B.V.,OGL/2024/1126/0521,active,"March 26, 2026",licence-matched,,not contacted,,live,yes,200,,URLError,2026-08-14
curacao,,spinigma.com,spinigma,,,Terdersoft B.V.,OGL/2024/1126/0521,active,"March 26, 2026",licence-matched,,not contacted,,live,yes,200,,URLError,2026-08-14
curacao,,spinmacho.com,ᐈ Spinmacho,affiliates@tothemoonaffs.com,affcatalog:ToTheMoonAffs,Terdersoft B.V.,OGL/2024/1126/0521,active,"March 26, 2026",licence-matched,,not contacted,,live,yes,200,ᐈ Spinmacho - Play Slots Online For Free or Real Money,,2026-08-14
curacao,,spinogambino.com,ᐈ Spinogambino,affiliates@ftdgallery.com,affcatalog:FTD Gallery Affiliates,Terdersoft B.V.,OGL/2024/1126/0521,active,"March 26, 2026",licence-matched,,not contacted,,live,yes,200,ᐈ Spinogambino - Play Slots Online For Free or Real Money,,2026-08-14
curacao,,sweetyspin.com,ᐈ Sweetyspin,support@sweetyspin.com,site-contact-page,Terdersoft B.V.,OGL/2024/1126/0521,active,"March 26, 2026",licence-matched,,not contacted,,live,yes,200,ᐈ Sweetyspin - Play Slots Online For Free or Real Money,,2026-08-14
curacao,,tinatinbet.com,tinatinbet,,,Terdersoft B.V.,OGL/2024/1126/0521,active,"March 26, 2026",licence-matched,,not contacted,,gone,no,,,DNS does not resolve,2026-08-14
curacao,,turbowinz.com,ᐈ Turbowinz,support@turbowinz.com,site-contact-page,Terdersoft B.V.,OGL/2024/1126/0521,active,"March 26, 2026",licence-matched,,not contacted,,live,yes,200,ᐈ Turbowinz - Play Slots Online For Free or Real Money,,2026-08-14
curacao,,vincispin.com,ᐈ Vincispin,hello@betmenaffiliates.com,affcatalog:Betmen Affiliates,Terdersoft B.V.,OGL/2024/1126/0521,active,"March 26, 2026",licence-matched,,not contacted,,live,yes,200,ᐈ Vincispin - Play Slots Online For Free or Real Money,,2026-08-14
curacao,,bahisdeyiz.com,Betting website,,,Middle Kang B.V.,OGL/2024/2267/1181,assessment in progress,"December 24, 2025",licence-matched,,not contacted,,live,yes,200,Betting website,,2026-08-14
curacao,,betofgame.com,Betofgame,,,Middle Kang B.V.,OGL/2024/2267/1181,assessment in progress,"December 24, 2025",licence-matched,,not contacted,,live,yes,200,Betofgame,,2026-08-14
curacao,,cyprusslots3.com,Login,,,Middle Kang B.V.,OGL/2024/2267/1181,assessment in progress,"December 24, 2025",licence-matched,,not contacted,,live,yes,200,Login,,2026-08-14
curacao,,jungle7.com,jungle7,,,Middle Kang B.V.,OGL/2024/2267/1181,assessment in progress,"December 24, 2025",licence-matched,,not contacted,,live,yes,200,jungle7,,2026-08-14
curacao,,luckychico.com,Casino Games,,,Middle Kang B.V.,OGL/2024/2267/1181,assessment in progress,"December 24, 2025",licence-matched,,not contacted,,live,yes,200,Casino Games - Play & Win,,2026-08-14
curacao,,lukycricket.com,Casino,contact@lukycricket.com,site-contact-page,Middle Kang B.V.,OGL/2024/2267/1181,assessment in progress,"December 24, 2025",licence-matched,,not contacted,,live,yes,200,Casino | LukyCricket | Best Online Cricket Betting in India,,2026-08-14
curacao,,metaigaming.io,Meta System,,,Middle Kang B.V.,OGL/2024/2267/1181,assessment in progress,"December 24, 2025",licence-matched,,not contacted,,gone,no,,,URLError,2026-08-14
curacao,,ogbets.com,ogbets,,,Middle Kang B.V.,OGL/2024/2267/1181,assessment in progress,"December 24, 2025",licence-matched,,not contacted,,live,yes,200,The premium domain name ogbets.com is for sale. Buy it now!,,2026-08-14
curacao,,suratbet.com,"SüratBet Hızlı Oyun, Hızlı Kazanç",,,Middle Kang B.V.,OGL/2024/2267/1181,assessment in progress,"December 24, 2025",licence-matched,,not contacted,,live,yes,200,"SüratBet Hızlı Oyun, Hızlı Kazanç - Suratbet.com",,2026-08-14
curacao,,vegasoro.com,Casino Games,,,Middle Kang B.V.,OGL/2024/2267/1181,assessment in progress,"December 24, 2025",licence-matched,,not contacted,,live,yes,200,Casino Games - Play & Win,,2026-08-14
curacao,,wingobingo.tv,WingoBingo,,,Middle Kang B.V.,OGL/2024/2267/1181,assessment in progress,"December 24, 2025",licence-matched,,not contacted,,live,yes,200,"WingoBingo — Live Wingo & Bingo Games, Win Big! | WingoBingo",,2026-08-14
curacao,,latribet.ec,latribet,info@latribet.ec,site-affiliate-page,Media Entertainment N.V.,OGL/2024/1110/0512,active,"August 1, 2026",licence-matched,,not contacted,,live,yes,200,"Apuestas Deportivas, Pronósticos y Casino Online en Ecuador",,2026-08-14
curacao,,rojabet.cl,Rojabet Chile,afiliados@latribet.ec,affcatalog:Latamaffliate,Media Entertainment N.V.,OGL/2024/1110/0512,active,"August 1, 2026",licence-matched,,not contacted,,live,yes,200,Rojabet Chile: Apuestas Deportivas y Casino Online,,2026-08-14
curacao,,1bet4win.com,betwin,affiliate@1b4w.partners,affcatalog:1Bet 4Win Partners,Media Entertainment N.V.,OGL/2024/1110/0512,active,"August 1, 2026",licence-matched,,not contacted,,live,yes,200,,,2026-08-14
curacao,,apuestashouse.com,apuestashouse,,,Media Entertainment N.V.,OGL/2024/1110/0512,active,"August 1, 2026",licence-matched,,not contacted,,live,yes,200,,,2026-08-14
curacao,,apuesto.com,apuesto,soporte@apuesto.com,site-contact-page,Media Entertainment N.V.,OGL/2024/1110/0512,active,"August 1, 2026",licence-matched,,not contacted,,live,yes,200,,,2026-08-14
curacao,,betmartini.com,Scommesse online e scommesse da casinò,affiliates@betmartini.com,affcatalog:BetMartini Affiliates,Media Entertainment N.V.,OGL/2024/1110/0512,active,"August 1, 2026",licence-matched,,not contacted,,live,yes,200,,,2026-08-14
curacao,,btc2bet.com,Online Sports and Casino Betting,,,Media Entertainment N.V.,OGL/2024/1110/0512,active,"August 1, 2026",licence-matched,,not contacted,,live,yes,200,,,2026-08-14
curacao,,deporgram.com,Online Sports and Casino Betting,,,Media Entertainment N.V.,OGL/2024/1110/0512,active,"August 1, 2026",licence-matched,,not contacted,,live,yes,200,,,2026-08-14
curacao,,derbibet.com,Forvetbet,,,Media Entertainment N.V.,OGL/2024/1110/0512,active,"August 1, 2026",licence-matched,,not contacted,,live,yes,200,Forvetbet | Türkiye'nin Bahis Sitesi,,2026-08-14
curacao,,forvetbet.com,Forvetbet,,,Media Entertainment N.V.,OGL/2024/1110/0512,active,"August 1, 2026",licence-matched,,not contacted,,live,yes,200,Forvetbet | Türkiye'nin Bahis Sitesi,,2026-08-14
curacao,,isbet.com,isbet,,,Media Entertainment N.V.,OGL/2024/1110/0512,active,"August 1, 2026",licence-matched,,not contacted,,live,yes,200,,,2026-08-14
curacao,,kikobet.com,Online Sports and Casino Betting,affiliates@stakepartners.com,affcatalog:Stake Partners,Media Entertainment N.V.,OGL/2024/1110/0512,active,"August 1, 2026",licence-matched,,not contacted,,live,yes,200,,,2026-08-14
curacao,,megawin.cl,MegaWin Casino,info@megawin.cl,site-affiliate-page,Media Entertainment N.V.,OGL/2024/1110/0512,active,"August 1, 2026",licence-matched,,not contacted,,live,yes,200,MegaWin Casino - Juegos de Casino Online en Chile,,2026-08-14
curacao,,mundoapostas.com,Mundoapostas,,,Media Entertainment N.V.,OGL/2024/1110/0512,active,"August 1, 2026",licence-matched,,not contacted,,live,yes,200,Mundoapostas,,2026-08-14
curacao,,optimbet.com,Optimbet,affiliates@stakepartners.com,affcatalog:Stake Partners,Media Entertainment N.V.,OGL/2024/1110/0512,active,"August 1, 2026",licence-matched,,not contacted,,live,yes,200,Optimbet,,2026-08-14
curacao,,tornadobahis.com,Forvetbet,,,Media Entertainment N.V.,OGL/2024/1110/0512,active,"August 1, 2026",licence-matched,,not contacted,,live,yes,200,Forvetbet | Türkiye'nin Bahis Sitesi,,2026-08-14
curacao,,tornadobet.com,Tornadobet,affiliates@stakepartners.com,affcatalog:Stake Partners,Media Entertainment N.V.,OGL/2024/1110/0512,active,"August 1, 2026",licence-matched,,not contacted,,live,yes,200,Tornadobet,,2026-08-14
curacao,,wsbets.com,"Spor Bahisleri, Slotlar ve Canlı Casino",,,Media Entertainment N.V.,OGL/2024/1110/0512,active,"August 1, 2026",licence-matched,,not contacted,,live,yes,200,,,2026-08-14
curacao,,luxewin.bet,Luxewin,,,Famagousta B.V.,OGL/2023/155/0098,active,"June 4, 2026",licence-matched,,not contacted,,live,yes,200,Luxewin,,2026-08-14
curacao,,21bets.com,21Bets,info@infinitystarspartners.com,affcatalog:Infinity Stars Partners,Famagousta B.V.,OGL/2023/155/0098,active,"June 4, 2026",licence-matched,,not contacted,,live,yes,200,21Bets,,2026-08-14
curacao,,afkspin.com,ᐈ AFKspin,support@afkspin.com,site-contact-page,Neroblanko Tech N.V.,OGL/2024/790/0272,assessment in progress,"December 24, 2025",licence-matched,,not contacted,,live,yes,200,ᐈ AFKspin - Play Slots Online For Free or Real Money,,2026-08-14
curacao,,baxterbet.com,ᐈ Baxterbet,affiliates@rubyaffs.com,affcatalog:Ruby Affs,Neroblanko Tech N.V.,OGL/2024/790/0272,assessment in progress,"December 24, 2025",licence-matched,,not contacted,,live,yes,200,ᐈ Baxterbet - Play Slots Online For Free or Real Money,,2026-08-14
curacao,,boomsino.com,boomsino,,,Neroblanko Tech N.V.,OGL/2024/790/0272,assessment in progress,"December 24, 2025",licence-matched,,not contacted,,live,yes,200,,URLError,2026-08-14
curacao,,boomzino.com,ᐈ Boomzino,support@380.partners,affcatalog:380 Partners,Neroblanko Tech N.V.,OGL/2024/790/0272,assessment in progress,"December 24, 2025",licence-matched,,not contacted,,live,yes,200,ᐈ Boomzino - Play Slots Online For Free or Real Money,,2026-08-14
curacao,,casinobossy.com,ᐈ Casinobossy,affiliates@maggiorepartners.com,affcatalog:Maggiore Partners,Neroblanko Tech N.V.,OGL/2024/790/0272,assessment in progress,"December 24, 2025",licence-matched,,not contacted,,live,yes,200,ᐈ Casinobossy - Play Slots Online For Free or Real Money,,2026-08-14
curacao,,fortuzino.com,ᐈ Fortuzino,support@fortuzino.com,site-contact-page,Neroblanko Tech N.V.,OGL/2024/790/0272,assessment in progress,"December 24, 2025",licence-matched,,not contacted,,live,yes,200,ᐈ Fortuzino - Play Slots Online For Free or Real Money,,2026-08-14
curacao,,glitzbets.com,ᐈ Glitzbets,support@glitzbets.com,site-contact-page,Neroblanko Tech N.V.,OGL/2024/790/0272,assessment in progress,"December 24, 2025",licence-matched,,not contacted,,live,yes,200,ᐈ Glitzbets - Play Slots Online For Free or Real Money,,2026-08-14
curacao,,ivybet.io,ᐈ Casino Online and Mobile,affiliates@7ladies.com,affcatalog:7Ladies Affiliates,Neroblanko Tech N.V.,OGL/2024/790/0272,assessment in progress,"December 24, 2025",licence-matched,,not contacted,,live,yes,200,ᐈ Casino Online and Mobile,,2026-08-14
curacao,,luckycapone.com,ᐈ Luckycapone,affiliates@velvet.partners,affcatalog:Velvet Partners,Neroblanko Tech N.V.,OGL/2024/790/0272,assessment in progress,"December 24, 2025",licence-matched,,not contacted,,live,yes,200,ᐈ Luckycapone - Play Slots Online For Free or Real Money,,2026-08-14
curacao,,luckysheriff.com,ᐈ Luckysheriff,support@luckysheriff.com,site-contact-page,Neroblanko Tech N.V.,OGL/2024/790/0272,assessment in progress,"December 24, 2025",licence-matched,,not contacted,,live,yes,200,ᐈ Luckysheriff - Play Slots Online For Free or Real Money,,2026-08-14
curacao,,magneticslots.com,ᐈ Magneticslots,affiliates@coolaff.com,affcatalog:CoolAffs,Neroblanko Tech N.V.,OGL/2024/790/0272,assessment in progress,"December 24, 2025",licence-matched,,not contacted,,live,yes,200,ᐈ Magneticslots - Play Slots Online For Free or Real Money,,2026-08-14
curacao,,manekispin.com,ᐈ Manekispin,affiliates@hustle-partners.com,affcatalog:Hustle Partners,Neroblanko Tech N.V.,OGL/2024/790/0272,assessment in progress,"December 24, 2025",licence-matched,,not contacted,,live,yes,200,ᐈ Manekispin - Play Slots Online For Free or Real Money,,2026-08-14
curacao,,needforslots.com,ᐈ Needforslots,affiliates@padrinopartners.com,affcatalog:Padrino Partners,Neroblanko Tech N.V.,OGL/2024/790/0272,assessment in progress,"December 24, 2025",licence-matched,,not contacted,,live,yes,200,ᐈ Needforslots - Play Slots Online For Free or Real Money,,2026-08-14
curacao,,ringospin.com,ᐈ Ringospin,support@ringospin.com,site-contact-page,Neroblanko Tech N.V.,OGL/2024/790/0272,assessment in progress,"December 24, 2025",licence-matched,,not contacted,,live,yes,200,ᐈ Ringospin - Play Slots Online For Free or Real Money,,2026-08-14
curacao,,rodeoslot.com,ᐈ Rodeoslot,affiliates@shogunaffiliates.com,affcatalog:Shogun Affiliates,Neroblanko Tech N.V.,OGL/2024/790/0272,assessment in progress,"December 24, 2025",licence-matched,,not contacted,,live,yes,200,ᐈ Rodeoslot - Play Slots Online For Free or Real Money,,2026-08-14
curacao,,royalstiger.com,ᐈ Royalstiger,help@riventapartners.com,affcatalog:Riventa Partners,Neroblanko Tech N.V.,OGL/2024/790/0272,assessment in progress,"December 24, 2025",licence-matched,,not contacted,,live,yes,200,ᐈ Royalstiger - Play Slots Online For Free or Real Money,,2026-08-14
curacao,,slotrize.com,ᐈ Slotrize,partners@firstclass.partners,affcatalog:First Class Partners,Neroblanko Tech N.V.,OGL/2024/790/0272,assessment in progress,"December 24, 2025",licence-matched,,not contacted,,live,yes,200,ᐈ Slotrize - Play Slots Online For Free or Real Money,,2026-08-14
curacao,,slotsdj.com,ᐈ Slotsdj,support@slotsdj.com,site-contact-page,Neroblanko Tech N.V.,OGL/2024/790/0272,assessment in progress,"December 24, 2025",licence-matched,,not contacted,,live,yes,200,ᐈ Slotsdj - Play Slots Online For Free or Real Money,,2026-08-14
curacao,,spinania.com,ᐈ Spinania,affiliates@ftdgallery.com,affcatalog:FTD Gallery Affiliates,Neroblanko Tech N.V.,OGL/2024/790/0272,assessment in progress,"December 24, 2025",licence-matched,,not contacted,,live,yes,200,ᐈ Spinania - Play Slots Online For Free or Real Money,,2026-08-14
curacao,,spinsahara.com,ᐈ Spinsahara,affiliates@chinchinpartners.com,affcatalog:ChinChin Partners,Neroblanko Tech N.V.,OGL/2024/790/0272,assessment in progress,"December 24, 2025",licence-matched,,not contacted,,live,yes,200,ᐈ Spinsahara - Play Slots Online For Free or Real Money,,2026-08-14
curacao,,tesorcasino.com,ᐈ Tesorcasino,support@tesorcasino.com,site-contact-page,Neroblanko Tech N.V.,OGL/2024/790/0272,assessment in progress,"December 24, 2025",licence-matched,,not contacted,,live,yes,200,ᐈ Tesorcasino - Play Slots Online For Free or Real Money,,2026-08-14
curacao,,tonyspins.com,ᐈ Tonyspins,affiliates@shogunaffiliates.com,affcatalog:Shogun Affiliates,Neroblanko Tech N.V.,OGL/2024/790/0272,assessment in progress,"December 24, 2025",licence-matched,,not contacted,,live,yes,200,ᐈ Tonyspins - Play Slots Online For Free or Real Money,,2026-08-14
curacao,,winbeatz.com,ᐈ Winbeatz,affiliates@spartaaffiliates.com,affcatalog:Sparta Affiliates,Neroblanko Tech N.V.,OGL/2024/790/0272,assessment in progress,"December 24, 2025",licence-matched,,not contacted,,live,yes,200,ᐈ Winbeatz - Play Slots Online For Free or Real Money,,2026-08-14
curacao,,justcasino.io,justcasino,support@justcasino.io,site-affiliate-page,Just Entertainment B.V.,OGL/2024/164/0246,assessment in progress,"December 24, 2025",licence-matched,,not contacted,,live,yes,200,,,2026-08-14
curacao,,ajaxbet.com,AJAXBET,,,Red Lane B.V.,OGL/2024/1065/0847,active,"December 4, 2025",licence-matched,,not contacted,,live,yes,200,AJAXBET - Ajaxbet Türkiye'nin En Güvenilir Bahis Sitesi,,2026-08-14
curacao,,betlist.com,Betlist Giriş,,,Red Lane B.V.,OGL/2024/1065/0847,active,"December 4, 2025",licence-matched,,not contacted,,live,yes,200,Betlist Giriş | Betlist Güncel Oranlar ve Canlı Casino,,2026-08-14
curacao,,dellabet.com,Dellabet,,,Red Lane B.V.,OGL/2024/1065/0847,active,"December 4, 2025",licence-matched,,not contacted,,live,yes,200,Dellabet - Dellabet - Türkiye'nin En İyi Bahis Sitesi,,2026-08-14
curacao,,etabet.com,Etabet,,,Red Lane B.V.,OGL/2024/1065/0847,active,"December 4, 2025",licence-matched,,not contacted,,live,yes,200,Etabet - Türkiye'nin En Özel Canlı Casino Ve Bahis Sitesi -,,2026-08-14
curacao,,galaxybetting.com,galaxybetting,,,Red Lane B.V.,OGL/2024/1065/0847,active,"December 4, 2025",licence-matched,,not contacted,,live,yes,200,,URLError,2026-08-14
curacao,,herabet.com,Herabet Güncel Giriş,,,Red Lane B.V.,OGL/2024/1065/0847,active,"December 4, 2025",licence-matched,,not contacted,,blocked,no,403,,HTTP 403,2026-08-14
curacao,,holeybet.com,holeybet,,,Red Lane B.V.,OGL/2024/1065/0847,active,"December 4, 2025",licence-matched,,not contacted,,live,yes,200,,,2026-08-14
curacao,,hullbet.com,Hullbet,,,Red Lane B.V.,OGL/2024/1065/0847,active,"December 4, 2025",licence-matched,,not contacted,,live,yes,200,Hullbet - Hullbet.com Türkiye'nin En Güvenilir Bahis Şirketi,,2026-08-14
curacao,,locabet.com,locabet,,,Red Lane B.V.,OGL/2024/1065/0847,active,"December 4, 2025",licence-matched,,not contacted,,live,yes,200,Locabet Platformu » Locabet Giriş » 2026 Güncel Adres,,2026-08-14
curacao,,meritpremium.com,Merit Premium,,,Red Lane B.V.,OGL/2024/1065/0847,active,"December 4, 2025",licence-matched,,not contacted,,gone,no,,,DNS does not resolve,2026-08-14
curacao,,portobet.com,Portobet,,,Red Lane B.V.,OGL/2024/1065/0847,active,"December 4, 2025",licence-matched,,not contacted,,live,yes,200,Portobet,,2026-08-14
curacao,,slotella.com,Slotella,affiliate@slotella.com,affcatalog:Slotella,Red Lane B.V.,OGL/2024/1065/0847,active,"December 4, 2025",licence-matched,,not contacted,,live,yes,200,Slotella - En Güncel Giriş Adresi ve Bonus Fırsatları -,,2026-08-14
curacao,,slotrun.com,Slotrun,,,Red Lane B.V.,OGL/2024/1065/0847,active,"December 4, 2025",licence-matched,,not contacted,,live,yes,200,Slotrun - Online Oyun Platformu | Tarayıcı Tabanlı Multiplayer Oyunlar,,2026-08-14
curacao,,slotspor.com,Slotspor Giriş,,,Red Lane B.V.,OGL/2024/1065/0847,active,"December 4, 2025",licence-matched,,not contacted,,live,yes,200,Slotspor Giriş | Güncel Adres - 2026 Rehber,,2026-08-14
curacao,,suprabahis.com,Supra Bahis Giriş,,,Red Lane B.V.,OGL/2024/1065/0847,active,"December 4, 2025",licence-matched,,not contacted,,live,yes,200,"Supra Bahis Giriş – SupraBahis: Kazancın En Hızlı Hali, Güvenin Tek Adresi!",,2026-08-14
curacao,,vimobet.com,vimobet,,,Glory Multimedia B.V.,OGL/2024/1600/0861,assessment in progress,"January 14, 2026",licence-matched,,not contacted,,live,yes,200,,,2026-08-14
curacao,,africanobet.com,New Generation Betting Site,,,Glory Multimedia B.V.,OGL/2024/1600/0861,assessment in progress,"January 14, 2026",licence-matched,,not contacted,,live,yes,200,New Generation Betting Site-Live Betting-Sports Betting-Reliable Betting Site-Live Casino-,,2026-08-14
curacao,,arabbet24.com,Arabbet24,,,Glory Multimedia B.V.,OGL/2024/1600/0861,assessment in progress,"January 14, 2026",licence-matched,,not contacted,,gone,no,530,,HTTP 530,2026-08-14
curacao,,enebet.com,Enebet,,,Glory Multimedia B.V.,OGL/2024/1600/0861,assessment in progress,"January 14, 2026",licence-matched,,not contacted,,live,yes,200,Enebet - New Generation Betting Site-Live Betting-Sports Betting-Reliable Betting Site-Liv,,2026-08-14
curacao,,icombet.com,Betting website,,,Glory Multimedia B.V.,OGL/2024/1600/0861,assessment in progress,"January 14, 2026",licence-matched,,not contacted,,live,yes,200,Betting website,,2026-08-14
curacao,,ivobet.com,ivobet,,,Glory Multimedia B.V.,OGL/2024/1600/0861,assessment in progress,"January 14, 2026",licence-matched,,not contacted,,live,yes,200,,,2026-08-14
curacao,,lavabet.com,Lavabet,,,Glory Multimedia B.V.,OGL/2024/1600/0861,assessment in progress,"January 14, 2026",licence-matched,,not contacted,,live,yes,200,Lavabet | Best Online Betting & Casino Platform,,2026-08-14
curacao,,menabet.com,menabet,,,Glory Multimedia B.V.,OGL/2024/1600/0861,assessment in progress,"January 14, 2026",licence-matched,,not contacted,,live,yes,200,,,2026-08-14
curacao,,newbet216.com,Betting website,,,Glory Multimedia B.V.,OGL/2024/1600/0861,assessment in progress,"January 14, 2026",licence-matched,,not contacted,,live,yes,200,Betting website,,2026-08-14
curacao,,nicewinz.com,NiceWin,info@nicewinz.com,site-contact-page,Glory Multimedia B.V.,OGL/2024/1600/0861,assessment in progress,"January 14, 2026",licence-matched,,not contacted,,live,yes,200,"NiceWin – Online Casino, Live Casino & Sports Betting Platform - Nicewin",,2026-08-14
curacao,,vivabet24.com,vivabet,,,Glory Multimedia B.V.,OGL/2024/1600/0861,assessment in progress,"January 14, 2026",licence-matched,,not contacted,,live,yes,200,,URLError,2026-08-14
curacao,,wionbet.com,Wionbet,,,Glory Multimedia B.V.,OGL/2024/1600/0861,assessment in progress,"January 14, 2026",licence-matched,,not contacted,,live,yes,200,Wionbet - Betting Website - First Licensed Online Casino in Jordan | Anytime Cash Out & Vi,,2026-08-14
curacao,,zeabet777.com,ZeaBet,info@zeabet777.com,site-contact-page,Glory Multimedia B.V.,OGL/2024/1600/0861,assessment in progress,"January 14, 2026",licence-matched,,not contacted,,live,yes,200,"ZeaBet – Online Casino, Live Casino & Sports Betting Platform - ZeaBet",,2026-08-14
curacao,,herculescasino.com,herculescasino,,,Modern World Entertainment B.V.,OGL/2024/1335/0780,assessment in progress,"December 24, 2025",licence-matched,,not contacted,,live,yes,200,,,2026-08-14
curacao,,aajogo.com,AAJogo,,,Pistis Trade N.V.,OGL/2024/1670/1153,active,"November 9, 2025",licence-matched,,not contacted,,live,yes,200,"AAJogo | Online Casino,Jogos de Criptografia Hash,Cassino Justo Rastreável",,2026-08-14
curacao,,betfiery.com,BetFiery,,,Pistis Trade N.V.,OGL/2024/1670/1153,active,"November 9, 2025",licence-matched,,not contacted,,live,yes,200,"BetFiery | Online Casino,Jogos de Criptografia Hash,Cassino Justo Rastreável",,2026-08-14
curacao,,betmxs.com,BETMXS,,,Pistis Trade N.V.,OGL/2024/1670/1153,active,"November 9, 2025",licence-matched,,not contacted,,live,yes,200,BETMXS,,2026-08-14
curacao,,blue.game,blue,,,Pistis Trade N.V.,OGL/2024/1670/1153,active,"November 9, 2025",licence-matched,,not contacted,,live,yes,200,,HTTP 526,2026-08-14
curacao,,brazspin.com,brazspin,,,Pistis Trade N.V.,OGL/2024/1670/1153,active,"November 9, 2025",licence-matched,,not contacted,,live,yes,200,,,2026-08-14
curacao,,brazstar.com,brazstar,,,Pistis Trade N.V.,OGL/2024/1670/1153,active,"November 9, 2025",licence-matched,,not contacted,,live,yes,200,,,2026-08-14
curacao,,evogam.com,evogam,,,Pistis Trade N.V.,OGL/2024/1670/1153,active,"November 9, 2025",licence-matched,,not contacted,,live,yes,200,,,2026-08-14
curacao,,gaming-panda.com,Gaming Panda,,,Pistis Trade N.V.,OGL/2024/1670/1153,active,"November 9, 2025",licence-matched,,not contacted,,live,yes,200,"Gaming Panda – Access to Slot, Scratch & Other High-Quality Games",,2026-08-14
curacao,,hoy777.com,Hoy777,,,Pistis Trade N.V.,OGL/2024/1670/1153,active,"November 9, 2025",licence-matched,,not contacted,,live,yes,200,Hoy777,,2026-08-14
curacao,,hoywin.com,HOYWIN,,,Pistis Trade N.V.,OGL/2024/1670/1153,active,"November 9, 2025",licence-matched,,not contacted,,live,yes,200,HOYWIN,,2026-08-14
curacao,,kklion.com,KK LION,,,Pistis Trade N.V.,OGL/2024/1670/1153,active,"November 9, 2025",licence-matched,,not contacted,,live,yes,200,KK LION,,2026-08-14
curacao,,loco777.com,LOCO777,,,Pistis Trade N.V.,OGL/2024/1670/1153,active,"November 9, 2025",licence-matched,,not contacted,,live,yes,200,LOCO777,,2026-08-14
curacao,,mars.bingo,mars.bingo,,,Pistis Trade N.V.,OGL/2024/1670/1153,active,"November 9, 2025",licence-matched,,not contacted,,live,yes,200,mars.bingo,,2026-08-14
curacao,,mexboss.com,MEXBOSS,,,Pistis Trade N.V.,OGL/2024/1670/1153,active,"November 9, 2025",licence-matched,,not contacted,,live,yes,200,MEXBOSS,,2026-08-14
curacao,,mexlucky.com,MexLucky,,,Pistis Trade N.V.,OGL/2024/1670/1153,active,"November 9, 2025",licence-matched,,not contacted,,live,yes,200,"MexLucky | Casino en línea, juegos de cifrado hash, casino justo rastreableo",,2026-08-14
curacao,,mexswin.com,Mexswin,,,Pistis Trade N.V.,OGL/2024/1670/1153,active,"November 9, 2025",licence-matched,,not contacted,,live,yes,200,Mexswin,,2026-08-14
curacao,,mx7k.com,MX7K,,,Pistis Trade N.V.,OGL/2024/1670/1153,active,"November 9, 2025",licence-matched,,not contacted,,live,yes,200,MX7K,,2026-08-14
curacao,,philucky.com,philucky,,,Pistis Trade N.V.,OGL/2024/1670/1153,active,"November 9, 2025",licence-matched,,not contacted,,live,yes,200,"Invite friends to join Philucky and participate in free activities, you can receive 200PHP",,2026-08-14
curacao,,psewin.com,PSEWIN,,,Pistis Trade N.V.,OGL/2024/1670/1153,active,"November 9, 2025",licence-matched,,not contacted,,live,yes,200,"PSEWIN | Online Casino,Hash Encryption Games,Traceable Fair Casino",,2026-08-14
curacao,,vbet.kg,Betting website,affiliates@vbet.com,affcatalog:Vbet Affiliates,Radon B.V.,OGL/2024/802/0282,assessment in progress,"December 24, 2025",licence-matched,,not contacted,,live,yes,200,Betting website,,2026-08-14
curacao,,allinn.com,allinn.com,,,Radon B.V.,OGL/2024/802/0282,assessment in progress,"December 24, 2025",licence-matched,,not contacted,,live,yes,200,allinn.com,,2026-08-14
curacao,,fantasticbet.com,Betting website,,,Radon B.V.,OGL/2024/802/0282,assessment in progress,"December 24, 2025",licence-matched,,not contacted,,live,yes,200,Betting website,,2026-08-14
curacao,,grombet.com,grombet,support@grombet.com,site-contact-page,Radon B.V.,OGL/2024/802/0282,assessment in progress,"December 24, 2025",licence-matched,,not contacted,,live,yes,200,"Онлайн Казино, Ставки на Спорт, Ставки на Кіберспорт, Лайв Казино, Покер | grombet",,2026-08-14
curacao,,horusbet.cl,Home,,,Radon B.V.,OGL/2024/802/0282,assessment in progress,"December 24, 2025",licence-matched,,not contacted,,live,yes,200,Home - Horusbet,,2026-08-14
curacao,,odarobet.com,ODAROBET,,,Radon B.V.,OGL/2024/802/0282,assessment in progress,"December 24, 2025",licence-matched,,not contacted,,live,yes,200,"ODAROBET — Online Casino, Slots & Sports Betting",,2026-08-14
curacao,,vivaro.me,Feed,,,Radon B.V.,OGL/2024/802/0282,assessment in progress,"December 24, 2025",licence-matched,,not contacted,,live,yes,200,Feed - Vivaro.me,,2026-08-14
curacao,,jokacasino.com,jokacasino,,,Swervy International B.V.,OGL/2024/1340/0996,active,"June 6, 2026",licence-matched,,not contacted,,live,yes,200,,,2026-08-14
curacao,,betja.com,betja,,,Swervy International B.V.,OGL/2024/1340/0996,active,"June 6, 2026",licence-matched,,not contacted,,live,yes,200,,,2026-08-14
curacao,,betya.com,betya,,,Swervy International B.V.,OGL/2024/1340/0996,active,"June 6, 2026",licence-matched,,not contacted,,live,yes,200,,,2026-08-14
curacao,,jackpotjill.com,jackpotjill,docs@jackpotjill.com,site-contact-page,Swervy International B.V.,OGL/2024/1340/0996,active,"June 6, 2026",licence-matched,,not contacted,,live,yes,200,"Top Online Casino for Real Money Play 2026 | $7,500 Bonus +100 FS - Jackpot Jill",,2026-08-14
curacao,,wildcardcity.com,wildcardcity,,,Swervy International B.V.,OGL/2024/1340/0996,active,"June 6, 2026",licence-matched,,not contacted,,live,yes,200,,,2026-08-14
curacao,,azerbet.com,Azerbet lic,,,Elfy Interactive B.V.,OGL/2024/1279/0531,assessment in progress,"December 24, 2025",licence-matched,,not contacted,,live,yes,200,Azerbet lic,,2026-08-14
curacao,,beinbet.com,Beinbet lic,,,Elfy Interactive B.V.,OGL/2024/1279/0531,assessment in progress,"December 24, 2025",licence-matched,,not contacted,,live,yes,200,Beinbet lic,,2026-08-14
curacao,,betim.com,Betim,,,Elfy Interactive B.V.,OGL/2024/1279/0531,assessment in progress,"December 24, 2025",licence-matched,,not contacted,,live,yes,200,Betim,,2026-08-14
curacao,,betpin.com,Betpin lic,,,Elfy Interactive B.V.,OGL/2024/1279/0531,assessment in progress,"December 24, 2025",licence-matched,,not contacted,,live,yes,200,Betpin lic,,2026-08-14
curacao,,casimo.com,Casimo lic,,,Elfy Interactive B.V.,OGL/2024/1279/0531,assessment in progress,"December 24, 2025",licence-matched,,not contacted,,live,yes,200,Casimo lic,,2026-08-14
curacao,,casinoda.com,Casinoda lic,,,Elfy Interactive B.V.,OGL/2024/1279/0531,assessment in progress,"December 24, 2025",licence-matched,,not contacted,,live,yes,200,Casinoda lic,,2026-08-14
curacao,,jackpotz.com,Jackpotz lic,,,Elfy Interactive B.V.,OGL/2024/1279/0531,assessment in progress,"December 24, 2025",licence-matched,,not contacted,,live,yes,200,Jackpotz lic,,2026-08-14
curacao,,jokeras.com,Jokeras lic,,,Elfy Interactive B.V.,OGL/2024/1279/0531,assessment in progress,"December 24, 2025",licence-matched,,not contacted,,live,yes,200,Jokeras lic,,2026-08-14
curacao,,onlyspin.com,OnlySpin Giriş,,,Elfy Interactive B.V.,OGL/2024/1279/0531,assessment in progress,"December 24, 2025",licence-matched,,not contacted,,live,yes,200,OnlySpin Giriş — Çevrimiçi Multiplayer Official Oyun Platformu,,2026-08-14
curacao,,rigobet.com,Rigobet lic,,,Elfy Interactive B.V.,OGL/2024/1279/0531,assessment in progress,"December 24, 2025",licence-matched,,not contacted,,live,yes,200,Rigobet lic,,2026-08-14
curacao,,sortebet.com,Sortebet lic,,,Elfy Interactive B.V.,OGL/2024/1279/0531,assessment in progress,"December 24, 2025",licence-matched,,not contacted,,live,yes,200,Sortebet lic,,2026-08-14
curacao,,winover.com,Winover lic,,,Elfy Interactive B.V.,OGL/2024/1279/0531,assessment in progress,"December 24, 2025",licence-matched,,not contacted,,live,yes,200,Winover lic,,2026-08-14
curacao,,4mybet.com,Welcome to nginx!,,,Casiworx N.V.,OGL/2024/1278/0497,active,"May 23, 2026",licence-matched,,not contacted,,live,yes,200,Welcome to nginx!,HTTP 521,2026-08-14
curacao,,freakybillion.com,freakybillion,support@freakybillion.com,site-affiliate-page,Casiworx N.V.,OGL/2024/1278/0497,active,"May 23, 2026",licence-matched,,not contacted,,live,yes,200,,,2026-08-14
curacao,,gambleverse.casino,Ölüdeniz Hostel,,,Casiworx N.V.,OGL/2024/1278/0497,active,"May 23, 2026",licence-matched,,not contacted,,live,yes,200,Ölüdeniz Hostel | Direct Booking,,2026-08-14
curacao,,intellectbet.com,intellectbet,support@intellectbet.com,site-affiliate-page,Casiworx N.V.,OGL/2024/1278/0497,active,"May 23, 2026",licence-matched,,not contacted,,live,yes,200,,,2026-08-14
curacao,,norsewin.com,norsewin,affiliates@casiworx.partners,affcatalog:Casiworx Partners,Casiworx N.V.,OGL/2024/1278/0497,active,"May 23, 2026",licence-matched,,not contacted,,live,yes,200,,,2026-08-14
curacao,,pokerbetcasino.com,pokerbetcasino,support@pokerbetcasino.com,site-affiliate-page,Casiworx N.V.,OGL/2024/1278/0497,active,"May 23, 2026",licence-matched,,not contacted,,live,yes,200,,,2026-08-14
curacao,,rockstarwin.com,rockstarwin,support@rockstarwin.com,site-affiliate-page,Casiworx N.V.,OGL/2024/1278/0497,active,"May 23, 2026",licence-matched,,not contacted,,live,yes,200,,,2026-08-14
curacao,,slotobit.io,slotobit,support@slotobit.io,site-affiliate-page,Casiworx N.V.,OGL/2024/1278/0497,active,"May 23, 2026",licence-matched,,not contacted,,live,yes,200,,,2026-08-14
curacao,,slotorush.com,slotorush,support@slotorush.com,site-affiliate-page,Casiworx N.V.,OGL/2024/1278/0497,active,"May 23, 2026",licence-matched,,not contacted,,live,yes,200,,,2026-08-14
curacao,,slotystake.com,slotystake,support@slotystake.com,site-affiliate-page,Casiworx N.V.,OGL/2024/1278/0497,active,"May 23, 2026",licence-matched,,not contacted,,live,yes,200,,,2026-08-14
curacao,,stakebro.com,stakebro,support@stakebro.com,site-affiliate-page,Casiworx N.V.,OGL/2024/1278/0497,active,"May 23, 2026",licence-matched,,not contacted,,live,yes,200,,,2026-08-14
curacao,,stakemania.com,stakemania,support@stakemania.com,site-affiliate-page,Casiworx N.V.,OGL/2024/1278/0497,active,"May 23, 2026",licence-matched,,not contacted,,live,yes,200,,,2026-08-14
curacao,,vipcasino.online,vipcasino,support@vipcasino.online,site-affiliate-page,Casiworx N.V.,OGL/2024/1278/0497,active,"May 23, 2026",licence-matched,,not contacted,,live,yes,200,,,2026-08-14
curacao,,wincraft.casino,wincraft,support@wincraft.casino,site-affiliate-page,Casiworx N.V.,OGL/2024/1278/0497,active,"May 23, 2026",licence-matched,,not contacted,,live,yes,200,,,2026-08-14
curacao,,bateubet.bet,bateubet.bet,,,Victoria Games Solutions B.V.,OGL/2024/746/0204,active,"April 3, 2026",licence-matched,,not contacted,,live,yes,200,bateubet.bet,,2026-08-14
curacao,,betinha.com,betinha,,,Victoria Games Solutions B.V.,OGL/2024/746/0204,active,"April 3, 2026",licence-matched,,not contacted,,live,yes,200,The premium domain name betinha.com is for sale. Buy it now!,,2026-08-14
curacao,,fizabet.com,fiz a bet,,,Victoria Games Solutions B.V.,OGL/2024/746/0204,active,"April 3, 2026",licence-matched,,not contacted,,gone,no,200,fiz a bet | fiz a bet,parked / placeholder,2026-08-14
curacao,,gramado.bet,Jogadores Anônimos,,,Victoria Games Solutions B.V.,OGL/2024/746/0204,active,"April 3, 2026",licence-matched,,not contacted,,live,yes,200,Jogadores Anônimos,,2026-08-14
curacao,,jetbet365.com,Loading...,,,Victoria Games Solutions B.V.,OGL/2024/746/0204,active,"April 3, 2026",licence-matched,,not contacted,,live,yes,200,Loading...,HTTP 401,2026-08-14
curacao,,ragnar.bet,RAGNAR.BET,,,Victoria Games Solutions B.V.,OGL/2024/746/0204,active,"April 3, 2026",licence-matched,,not contacted,,live,yes,200,RAGNAR.BET,,2026-08-14
curacao,,sortebet777.com,sortebet777.com,,,Victoria Games Solutions B.V.,OGL/2024/746/0204,active,"April 3, 2026",licence-matched,,not contacted,,live,yes,200,sortebet777.com,,2026-08-14
curacao,,zilionz.com,zilionz,,,Victoria Games Solutions B.V.,OGL/2024/746/0204,active,"April 3, 2026",licence-matched,,not contacted,,live,yes,200,,URLError,2026-08-14
curacao,,betorspin.com,Betorspin global,affiliates@betorspin.com,site-affiliate-page,Mill Interactive B.V.,OGL/2024/1282/0539,assessment in progress,"December 24, 2025",licence-matched,,not contacted,,live,yes,200,Betorspin global,,2026-08-14
curacao,,fyffecasino.com,fyffecasino,,,Fruity Entertainment N.V.,OGL/2024/1487/0729,assessment in progress,"December 24, 2025",licence-matched,,not contacted,,live,yes,200,,URLError,2026-08-14
curacao,,kaahaus.com,Tervetuloa Kaahaus Kasinolle,contact@fruitypartners.com,affcatalog:Fruity Partners,Fruity Entertainment N.V.,OGL/2024/1487/0729,assessment in progress,"December 24, 2025",licence-matched,,not contacted,,live,yes,200,Tervetuloa Kaahaus Kasinolle - Uusi Nettikasino | Kaahaus,,2026-08-14
curacao,,kiekka.com,Kiekka pikakasino,u003eloyalty@kiekka.com,site-contact-page,Fruity Entertainment N.V.,OGL/2024/1487/0729,assessment in progress,"December 24, 2025",licence-matched,,not contacted,,live,yes,200,Kiekka pikakasino - Ilmaiskierroksia & Jackpot voittoja | Kiekka,,2026-08-14
curacao,,spinnair.com,Spinnair Casino,loyalty@spinnair.com,site-contact-page,Fruity Entertainment N.V.,OGL/2024/1487/0729,assessment in progress,"December 24, 2025",licence-matched,,not contacted,,live,yes,200,Spinnair Casino - Luotettava pikakasino & lennokkaat voitot | Spinnair,,2026-08-14
curacao,,spinnaus.com,Spinnaus Kasino,contact@fruitypartners.com,affcatalog:Fruity Partners,Fruity Entertainment N.V.,OGL/2024/1487/0729,assessment in progress,"December 24, 2025",licence-matched,,not contacted,,live,yes,200,Spinnaus Kasino - Pikakasino suomalaiseen makuun | Spinnaus,,2026-08-14
curacao,,titaani.com,Titaani Casino,loyalty@titaani.com,site-contact-page,Fruity Entertainment N.V.,OGL/2024/1487/0729,assessment in progress,"December 24, 2025",licence-matched,,not contacted,,live,yes,200,Titaani Casino - Uusi pikakasino välittömillä kotiutuksilla | Titaani,,2026-08-14
curacao,,tykitys.com,Tykitys Casino,support@tykitys.com,site-contact-page,Fruity Entertainment N.V.,OGL/2024/1487/0729,assessment in progress,"December 24, 2025",licence-matched,,not contacted,,live,yes,200,Tykitys Casino – Turvallinen suomalainen nettikasino | Tykitys,,2026-08-14
curacao,,xwin.so,Xwin Casino,,,Bridge Technologies B.V.,OGL/2024/431/0231,active,"June 6, 2026",licence-matched,,not contacted,,live,yes,200,Xwin Casino - Login and Authentication | Recharge Rewards up to 360%,,2026-08-14
curacao,,6ense.vip,ense,,,Bridge Technologies B.V.,OGL/2024/431/0231,active,"June 6, 2026",licence-matched,,not contacted,,live,yes,200,,,2026-08-14
curacao,,8bmf8.com,Games Lobby,support@8bmf8.com,site-contact-page,Bridge Technologies B.V.,OGL/2024/431/0231,active,"June 6, 2026",licence-matched,,not contacted,,live,yes,200,Games Lobby : : BMF,,2026-08-14
curacao,,hanzbet.com,HanzBet,,,Bridge Technologies B.V.,OGL/2024/431/0231,active,"June 6, 2026",licence-matched,,not contacted,,live,yes,200,HanzBet — Región no disponible,,2026-08-14
curacao,,k25.ai,K25,,,Bridge Technologies B.V.,OGL/2024/431/0231,active,"June 6, 2026",licence-matched,,not contacted,,live,yes,200,K25 | Watch-to-Predict,,2026-08-14
curacao,,luckybear.live,LuckyBear Casino,cooperation@luckybear.partners,affcatalog:LuckyBear Partners,Bridge Technologies B.V.,OGL/2024/431/0231,active,"June 6, 2026",licence-matched,,not contacted,,live,yes,200,LuckyBear Casino - Login and Authentication | Recharge Rewards up to 360%,,2026-08-14
curacao,,riodeorocasino.com,riodeorocasino,,,Bridge Technologies B.V.,OGL/2024/431/0231,active,"June 6, 2026",licence-matched,,not contacted,,live,yes,200,,,2026-08-14
curacao,,secure100.com,Secure100,,,Bridge Technologies B.V.,OGL/2024/431/0231,active,"June 6, 2026",licence-matched,,not contacted,,live,yes,200,Secure100,,2026-08-14
curacao,,six-seven.bet,Six Seven Bet,,,Bridge Technologies B.V.,OGL/2024/431/0231,active,"June 6, 2026",licence-matched,,not contacted,,live,yes,200,Six Seven Bet,,2026-08-14
curacao,,win777live.com,Win777 Casino,,,Bridge Technologies B.V.,OGL/2024/431/0231,active,"June 6, 2026",licence-matched,,not contacted,,live,yes,200,Win777 Casino | Sportsbook & Live Betting,,2026-08-14
curacao,,1xbet.com,xbet,,,Caecus N.V.,OGL/2024/1262/0493,assessment in progress,"December 24, 2025",licence-matched,,not contacted,,live,yes,203,,,2026-08-14
curacao,,1x001.com,x,,,Caecus N.V.,OGL/2024/1262/0493,assessment in progress,"December 24, 2025",licence-matched,,not contacted,,live,yes,203,,,2026-08-14
curacao,,1xcasino-af.com,xcasinoaf,,,Caecus N.V.,OGL/2024/1262/0493,assessment in progress,"December 24, 2025",licence-matched,,not contacted,,live,yes,203,,,2026-08-14
curacao,,1xcasino-ar.com,xcasinoar,info@1xcasino.com,site-contact-page,Caecus N.V.,OGL/2024/1262/0493,assessment in progress,"December 24, 2025",licence-matched,,not contacted,,live,yes,203,,,2026-08-14
curacao,,1xcasino-asia.com,xcasinoasia,info@1xcasino.com,site-contact-page,Caecus N.V.,OGL/2024/1262/0493,assessment in progress,"December 24, 2025",licence-matched,,not contacted,,live,yes,203,,,2026-08-14
curacao,,1xcasino-bangladesh.com,xcasinobangladesh,info@1xcasino.com,site-contact-page,Caecus N.V.,OGL/2024/1262/0493,assessment in progress,"December 24, 2025",licence-matched,,not contacted,,live,yes,203,,,2026-08-14
curacao,,1xcasino-bd.com,xcasinobd,,,Caecus N.V.,OGL/2024/1262/0493,assessment in progress,"December 24, 2025",licence-matched,,not contacted,,live,yes,203,,,2026-08-14
curacao,,1xcasino-kr.com,xcasinokr,info@1xcasino.com,site-contact-page,Caecus N.V.,OGL/2024/1262/0493,assessment in progress,"December 24, 2025",licence-matched,,not contacted,,live,yes,203,,,2026-08-14
curacao,,1xcasino-latam.com,xcasinolatam,info@1xcasino.com,site-contact-page,Caecus N.V.,OGL/2024/1262/0493,assessment in progress,"December 24, 2025",licence-matched,,not contacted,,live,yes,203,,,2026-08-14
curacao,,1xcasino-sng.com,xcasinosng,support-en@1xcasino.com,site-contact-page,Caecus N.V.,OGL/2024/1262/0493,assessment in progress,"December 24, 2025",licence-matched,,not contacted,,live,yes,203,,,2026-08-14
curacao,,1xcasino-st.com,xcasinost,,,Caecus N.V.,OGL/2024/1262/0493,assessment in progress,"December 24, 2025",licence-matched,,not contacted,,live,yes,203,,,2026-08-14
curacao,,1xcasino.com,xcasino,info@1xcasino.com,site-contact-page,Caecus N.V.,OGL/2024/1262/0493,assessment in progress,"December 24, 2025",licence-matched,,not contacted,,live,yes,203,,,2026-08-14
curacao,,blockbet.gg,BlockBet,,,Entretenimiento Rojo B.V.,OGL/2024/1100/0505,assessment in progress,"December 24, 2025",licence-matched,,not contacted,,live,yes,200,,,2026-08-14
curacao,,instantsports.com,Instant Sports,,,Entretenimiento Rojo B.V.,OGL/2024/1100/0505,assessment in progress,"December 24, 2025",licence-matched,,not contacted,,live,yes,200,Instant Sports,,2026-08-14
curacao,,reelcypto.com,Parking Page,,,Entretenimiento Rojo B.V.,OGL/2024/1100/0505,assessment in progress,"December 24, 2025",licence-matched,,not contacted,,live,yes,200,Parking Page,URLError,2026-08-14
curacao,,xtp.com,XTP,,,Entretenimiento Rojo B.V.,OGL/2024/1100/0505,assessment in progress,"December 24, 2025",licence-matched,,not contacted,,live,yes,200,XTP,,2026-08-14
curacao,,betistar.com,betistar,,,Final Enterprises N.V.,OGL/2024/420/0675,active,"August 8, 2026",licence-matched,,not contacted,,live,yes,200,BetiStar Online Sports Betting & Live Casino,,2026-08-14
curacao,,betmoon.com,betmoon,,,Silvertech N.V.,OGL/2024/1541/0763,assessment in progress,"December 24, 2025",licence-matched,,not contacted,,live,yes,200,betmoon,,2026-08-14
curacao,,darkbet.com,Darkbet Giriş,,,Silvertech N.V.,OGL/2024/1541/0763,assessment in progress,"December 24, 2025",licence-matched,,not contacted,,live,yes,200,"Darkbet Giriş | Güncel Adres, Yüksek Oranlar ve Deneme Bonusu (2026)",,2026-08-14
curacao,,golegol.com,golegol,,,Silvertech N.V.,OGL/2024/1541/0763,assessment in progress,"December 24, 2025",licence-matched,,not contacted,,live,yes,200,golegol,,2026-08-14
curacao,,maximabet.net,Maxima Bet,,,Superjogos N.V.,OGL/2024/1130/0520,active,"March 26, 2026",licence-matched,,not contacted,,live,yes,200,Maxima Bet | Cassino e Apostas Esportivas | Saques instantâneos. Cashback Diário,,2026-08-14
curacao,,meugreen.com,Apostas Esportivas e Cassino,,,Superjogos N.V.,OGL/2024/1130/0520,active,"March 26, 2026",licence-matched,,not contacted,,live,yes,200,Apostas Esportivas e Cassino | Bet Autorizada. Saque instantâneo. | Suprema Bet,,2026-08-14
curacao,,supremabet.com,Apostas Esportivas e Cassino,,,Superjogos N.V.,OGL/2024/1130/0520,active,"March 26, 2026",licence-matched,,not contacted,,live,yes,200,Apostas Esportivas e Cassino | Bet Autorizada. Saque instantâneo. | Suprema Bet,,2026-08-14
curacao,,unicagames.bet,unicagames.bet,,,Superjogos N.V.,OGL/2024/1130/0520,active,"March 26, 2026",licence-matched,,not contacted,,live,yes,200,unicagames.bet,,2026-08-14
curacao,,beepbeepcasino.com,beepbeepcasino,,,WoT N.V.,OGL/2024/452/0687,assessment in progress,"December 24, 2025",licence-matched,,not contacted,,live,yes,200,No deposit bonus at BeepBeep online casino - $20 for new players,,2026-08-14
curacao,,bonanzagame.com,Online Casino,affiliate@affarea.com,affcatalog:AffArea Affiliates,WoT N.V.,OGL/2024/452/0687,assessment in progress,"December 24, 2025",licence-matched,,not contacted,,live,yes,200,Online Casino | Play Online Slots and Get 150% Bonus | BonanzaGame.com,,2026-08-14
curacao,,candy.casino,Candy Casino,,,WoT N.V.,OGL/2024/452/0687,assessment in progress,"December 24, 2025",licence-matched,,not contacted,,live,yes,200,Candy Casino – Best Online Casino with Top Slots & Mobile Play | CandyCasino,,2026-08-14
curacao,,dendycasino.com,Candy Casino,,,WoT N.V.,OGL/2024/452/0687,assessment in progress,"December 24, 2025",licence-matched,,not contacted,,live,yes,200,Candy Casino – Best Online Casino with Top Slots & Mobile Play | CandyCasino,,2026-08-14
curacao,,gdfplay.com,gdfplay,,,WoT N.V.,OGL/2024/452/0687,assessment in progress,"December 24, 2025",licence-matched,,not contacted,,live,yes,200,Online Gaming with Exciting Games & Rewards: $15 Welcome Bonus | Good Day For Play,,2026-08-14
curacao,,bahsine.com,Bahsine Giriş,,,Momo Entertainment B.V.,OGL/2024/940/0485,active,"January 3, 2026",licence-matched,,not contacted,,blocked,no,403,,HTTP 403,2026-08-14
curacao,,betitbet.com,betitbet,,,Momo Entertainment B.V.,OGL/2024/940/0485,active,"January 3, 2026",licence-matched,,not contacted,,live,yes,200,The premium domain name betitbet.com is for sale. Buy it now!,,2026-08-14
curacao,,bovbet.com,Bovbet Resmi Giriş,support@bovbet.com,site-contact-page,Momo Entertainment B.V.,OGL/2024/940/0485,active,"January 3, 2026",licence-matched,,not contacted,,live,yes,200,Bovbet Resmi Giriş | Güncel ve Engelsiz Erişim Giriş Adresi,,2026-08-14
curacao,,casimono.com,Casimono,,,Momo Entertainment B.V.,OGL/2024/940/0485,active,"January 3, 2026",licence-matched,,not contacted,,live,yes,200,Casimono,,2026-08-14
curacao,,flukyone.com,FlukyOne,,,Momo Entertainment B.V.,OGL/2024/940/0485,active,"January 3, 2026",licence-matched,,not contacted,,live,yes,200,FlukyOne,,2026-08-14
curacao,,hadibet.com,HadiBet,,,Momo Entertainment B.V.,OGL/2024/940/0485,active,"January 3, 2026",licence-matched,,not contacted,,live,yes,200,HadiBet - Güvenilir Bahisin Adresi,,2026-08-14
curacao,,handikap.com,Handikap Giriş,,,Momo Entertainment B.V.,OGL/2024/940/0485,active,"January 3, 2026",licence-matched,,not contacted,,live,yes,200,"Handikap Giriş | Güncel Adres, Üyelik ve Hızlı Erişim",,2026-08-14
curacao,,kazansana.com,Kazansana Giriş (Güncel),,,Momo Entertainment B.V.,OGL/2024/940/0485,active,"January 3, 2026",licence-matched,,not contacted,,live,yes,200,Kazansana Giriş (Güncel) | Yeni Adres ve Hızlı Erişim,,2026-08-14
curacao,,newbahis.com,Newbahis Giriş,,,Momo Entertainment B.V.,OGL/2024/940/0485,active,"January 3, 2026",licence-matched,,not contacted,,live,yes,200,Newbahis Giriş | Güncel Yeni Adres ve Hızlı Erişim,,2026-08-14
curacao,,pasgol.com,Pasgol Güncel Giriş,,,Momo Entertainment B.V.,OGL/2024/940/0485,active,"January 3, 2026",licence-matched,,not contacted,,live,yes,200,Pasgol Güncel Giriş | Yeni Adres ve Güvenli Erişim,,2026-08-14
curacao,,yazitura.com,yazitura,,,Momo Entertainment B.V.,OGL/2024/940/0485,active,"January 3, 2026",licence-matched,,not contacted,,live,yes,200,Parked Domain name on Hostinger DNS system,URLError,2026-08-14
curacao,,betsomnia.com,Betsomnia,,,FairGame G.P. N.V.,OGL/2024/1673/0915,active,"June 4, 2026",licence-matched,,not contacted,,live,yes,200,Betsomnia,,2026-08-14
curacao,,betzard.com,Betzard Casino,,,FairGame G.P. N.V.,OGL/2024/1673/0915,active,"June 4, 2026",licence-matched,,not contacted,,live,yes,200,Betzard Casino: Play Games with Sign Up Bonus up to 250% + 350 Free Spins | Betzard,,2026-08-14
curacao,,bm.bet,Bm.bet,,,FairGame G.P. N.V.,OGL/2024/1673/0915,active,"June 4, 2026",licence-matched,,not contacted,,live,yes,200,Bm.bet,,2026-08-14
curacao,,corgislot.com,CorgiSlot,affiliate@corgipartners.com,affcatalog:Corgi Partners,FairGame G.P. N.V.,OGL/2024/1673/0915,active,"June 4, 2026",licence-matched,,not contacted,,live,yes,200,CorgiSlot,,2026-08-14
curacao,,fgfox.com,fgfox,,,FairGame G.P. N.V.,OGL/2024/1673/0915,active,"June 4, 2026",licence-matched,,not contacted,,live,yes,200,Best Casino Games In One Place ⭐ Free Play Online,,2026-08-14
curacao,,jacktop.com,Jacktop,,,FairGame G.P. N.V.,OGL/2024/1673/0915,active,"June 4, 2026",licence-matched,,not contacted,,live,yes,200,Jacktop,,2026-08-14
curacao,,monixbet.com,Monixbet,,,FairGame G.P. N.V.,OGL/2024/1673/0915,active,"June 4, 2026",licence-matched,,not contacted,,live,yes,200,Monixbet,,2026-08-14
curacao,,rakoocasino.com,Rakoo,,,FairGame G.P. N.V.,OGL/2024/1673/0915,active,"June 4, 2026",licence-matched,,not contacted,,live,yes,200,Rakoo,,2026-08-14
curacao,,vespercasino.com,Vesper,,,FairGame G.P. N.V.,OGL/2024/1673/0915,active,"June 4, 2026",licence-matched,,not contacted,,live,yes,200,Vesper,,2026-08-14
curacao,,wizebets.com,wizebets,,,FairGame G.P. N.V.,OGL/2024/1673/0915,active,"June 4, 2026",licence-matched,,not contacted,,live,yes,200,Best Casino Games In One Place ⭐ Free Play Online,,2026-08-14
curacao,,bayspin.com,Bayspin,marketing@bayspin.com,site-affiliate-page,Feel So Good B.V.,OGL/2024/1297/0532,assessment in progress,"December 24, 2025",licence-matched,,not contacted,,live,yes,200,Translations Admin,HTTP 500,2026-08-14
curacao,,betine.com,Betine,,,Feel So Good B.V.,OGL/2024/1297/0532,assessment in progress,"December 24, 2025",licence-matched,,not contacted,,live,yes,200,Betine - Betine Giriş,,2026-08-14
curacao,,betkom.com,Anasayfa,,,Feel So Good B.V.,OGL/2024/1297/0532,assessment in progress,"December 24, 2025",licence-matched,,not contacted,,live,yes,200,Anasayfa | Betkom,,2026-08-14
curacao,,betmatik.com,betmatik,,,Feel So Good B.V.,OGL/2024/1297/0532,assessment in progress,"December 24, 2025",licence-matched,,not contacted,,live,yes,200,The premium domain name betmatik.com is for sale. Buy it now!,,2026-08-14
curacao,,kralbet.com,Kralbet,,,Feel So Good B.V.,OGL/2024/1297/0532,assessment in progress,"December 24, 2025",licence-matched,,not contacted,,live,yes,200,"Kralbet — Sports Betting, Live Odds, Online Games",,2026-08-14
curacao,,kupabet.com,kupabet,,,Feel So Good B.V.,OGL/2024/1297/0532,assessment in progress,"December 24, 2025",licence-matched,,not contacted,,live,yes,200,,,2026-08-14
curacao,,mariobet.com,Mariobet Giriş,,,Feel So Good B.V.,OGL/2024/1297/0532,assessment in progress,"December 24, 2025",licence-matched,,not contacted,,live,yes,200,Mariobet Giriş | Mariobet,,2026-08-14
curacao,,tarafbet.com,Tarafbet.com,,,Feel So Good B.V.,OGL/2024/1297/0532,assessment in progress,"December 24, 2025",licence-matched,,not contacted,,live,yes,200,Tarafbet.com | Tarafbet,,2026-08-14
curacao,,annacasino.ai,Anna Casino,,,Geeker Technology N.V.,OGL/2024/251/0130,active,"August 28, 2026",licence-matched,,not contacted,,live,yes,200,"Anna Casino – Best Online Casino for Slots, Live Games & Bonuses",,2026-08-14
curacao,,beturo.com,Beturo,,,Geeker Technology N.V.,OGL/2024/251/0130,active,"August 28, 2026",licence-matched,,not contacted,,live,yes,200,"Beturo – Best Online Casino for Slots, Live Games & Bonuses",,2026-08-14
curacao,,vawzengaming.com,Vawzen Gaming,,,Geeker Technology N.V.,OGL/2024/251/0130,active,"August 28, 2026",licence-matched,,not contacted,,live,yes,200,"Vawzen Gaming – Best Online Casino for Slots, Live Games & Bonuses",,2026-08-14
curacao,,weezybet.com,Weezybet,affiliates@affilaites-paradise.com,affcatalog:Affiliates Paradise,Geeker Technology N.V.,OGL/2024/251/0130,active,"August 28, 2026",licence-matched,,not contacted,,live,yes,200,Weezybet | Your world of instant wins,,2026-08-14
curacao,,casinojamboree.com,カジノジャンボリー リアルカジノ感覚、高速出金のオンラインカジノ,support@dodonpartners.com,affcatalog:Dodon Partners,Osmila N.V.,OGL/2024/1276/0583,active,"April 15, 2026",licence-matched,,not contacted,,live,yes,200,カジノジャンボリー リアルカジノ感覚、高速出金のオンラインカジノ,,2026-08-14
curacao,,dafa888.com,Restricted Territory,,,Osmila N.V.,OGL/2024/1276/0583,active,"April 15, 2026",licence-matched,,not contacted,,live,yes,200,Restricted Territory,,2026-08-14
curacao,,dafabc.net,Restricted Territory,,,Osmila N.V.,OGL/2024/1276/0583,active,"April 15, 2026",licence-matched,,not contacted,,live,yes,200,Restricted Territory,,2026-08-14
curacao,,elysium-dfbt.com,Restricted Territory,,,Osmila N.V.,OGL/2024/1276/0583,active,"April 15, 2026",licence-matched,,not contacted,,live,yes,200,Restricted Territory,URLError,2026-08-14
curacao,,nextbet.com,Restricted Territory,affiliates@nextbet.com,affcatalog:Nextbet Affiliates,Osmila N.V.,OGL/2024/1276/0583,active,"April 15, 2026",licence-matched,,not contacted,,live,yes,200,Restricted Territory,,2026-08-14
curacao,,sportdafa.net,Restricted Territory,,,Osmila N.V.,OGL/2024/1276/0583,active,"April 15, 2026",licence-matched,,not contacted,,live,yes,200,Restricted Territory,,2026-08-14
curacao,,zipangcasino.com,ジパングカジノ｜24時間日本語サポートのオンラインカジノ,support@dodonpartners.com,affcatalog:Dodon Partners,Osmila N.V.,OGL/2024/1276/0583,active,"April 15, 2026",licence-matched,,not contacted,,live,yes,200,ジパングカジノ｜24時間日本語サポートのオンラインカジノ,,2026-08-14
curacao,,777baby.com,オンラインカジノ・ラッキーベイビー 777Baby日本語ネットカジノ,,,Osmila N.V.,OGL/2024/1276/0583,active,"April 15, 2026",licence-matched,,not contacted,,live,yes,200,オンラインカジノ・ラッキーベイビー 777Baby日本語ネットカジノ,,2026-08-14
curacao,,ftvclub.com,ftvclub,,,Osmila N.V.,OGL/2024/1276/0583,active,"April 15, 2026",licence-matched,,not contacted,,live,yes,200,,,2026-08-14
curacao,,betbuta.com,betbuta,,,Ryker B.V.,OGL/2024/1800/1049,assessment in progress,"December 24, 2025",licence-matched,,not contacted,,live,yes,200,,,2026-08-14
curacao,,betpriz.com,betpriz,,,Ryker B.V.,OGL/2024/1800/1049,assessment in progress,"December 24, 2025",licence-matched,,not contacted,,live,yes,200,,,2026-08-14
curacao,,flex-bet.com,Aftermarket.eu,,,Ryker B.V.,OGL/2024/1800/1049,assessment in progress,"December 24, 2025",licence-matched,,not contacted,,gone,no,,,DNS does not resolve,2026-08-14
curacao,,tamambet.com,tamambet,,,Ryker B.V.,OGL/2024/1800/1049,assessment in progress,"December 24, 2025",licence-matched,,not contacted,,live,yes,200,,,2026-08-14
curacao,,xturka.com,xturka,,,Ryker B.V.,OGL/2024/1800/1049,assessment in progress,"December 24, 2025",licence-matched,,not contacted,,live,yes,200,,,2026-08-14
curacao,,betpas.com,betpas,,,Better World N.V.,OGL/2024/836/0401,assessment in progress,"December 24, 2025",licence-matched,,not contacted,,live,yes,200,betpas,,2026-08-14
curacao,,gizabet.com,Gizabet Giriş,,,Better World N.V.,OGL/2024/836/0401,assessment in progress,"December 24, 2025",licence-matched,,not contacted,,live,yes,200,Gizabet Giriş - Gizabet Bahis Sitesi - Gizabet Giriş - Gizabet Bahis Sitesi 2026,,2026-08-14
curacao,,goldenbahis.com,Goldenbahis,,,Better World N.V.,OGL/2024/836/0401,assessment in progress,"December 24, 2025",licence-matched,,not contacted,,live,yes,200,Goldenbahis - Goldenbahis | goldenbahis.com Resmi,,2026-08-14
curacao,,interbahis.com,İnterbahis Resmi Sitesi,,,Better World N.V.,OGL/2024/836/0401,assessment in progress,"December 24, 2025",licence-matched,,not contacted,,live,yes,200,İnterbahis Resmi Sitesi | 2026 Giriş | Mobil Deneyim,,2026-08-14
curacao,,restbet.com,restbet,,,Better World N.V.,OGL/2024/836/0401,assessment in progress,"December 24, 2025",licence-matched,,not contacted,,live,yes,200,restbet,,2026-08-14
curacao,,tulipbet.com,tulipbet,,,Better World N.V.,OGL/2024/836/0401,assessment in progress,"December 24, 2025",licence-matched,,not contacted,,live,yes,200,tulipbet,,2026-08-14
curacao,,bahibi.com,Sportsbetting,,,Blue Pepper B.V.,OGL/2024/351/0124,assessment in progress,"December 24, 2025",licence-matched,,not contacted,,live,yes,200,Sportsbetting - Bet now online at Bahibi,,2026-08-14
curacao,,jackpot-town.com,Jackpot,affiliation@revenuehaven.com,affcatalog:Revenue Haven Affiliates,Yentel Investments B.V.,OGL/2024/1349/0997,active,"August 1, 2026",licence-matched,,not contacted,,live,yes,200,Jackpot-Town — Service Unavailable,,2026-08-14
curacao,,vegasreelz.com,Welcome to the casino,,,Yentel Investments B.V.,OGL/2024/1349/0997,active,"August 1, 2026",licence-matched,,not contacted,,live,yes,200,Welcome to the casino | Vegasreelz online casino,,2026-08-14
curacao,,wild-jokers.com,Wild Jokers,wjservices@wild-jokers.com,site-contact-page,Yentel Investments B.V.,OGL/2024/1349/0997,active,"August 1, 2026",licence-matched,,not contacted,,live,yes,200,Wild Jokers — Service Unavailable,,2026-08-14
curacao,,icebet.casino,404 Not Found,,,Altacore N.V.,OGL/2023/109/0075,assessment in progress,"December 24, 2025",licence-matched,,not contacted,,live,yes,200,404 Not Found,,2026-08-14
curacao,,wazobet.com,Online Casino India 2026,,,AzRa678 N.V.,OGL/2024/183/0195,active,"May 9, 2026",licence-matched,,not contacted,,live,yes,200,Online Casino India 2026 | Best Casino Sites,,2026-08-14
curacao,,guruplay.io,guruplay,,,Chancier B.V.,OGL/2024/364/0157,assessment in progress,"December 24, 2025",licence-matched,,not contacted,,live,yes,200,The premium domain name guruplay.com is for sale. Buy it now!,,2026-08-14
curacao,,hellspin.vip,Loading...,affiliates@hellpartners.com,affcatalog:HELL Partners,Latcas B.V.,OGL/2024/1676/0905,active,"May 19, 2026",licence-matched,,not contacted,,live,yes,200,Loading...,,2026-08-14
curacao,,hellwinz.net,Loading...,,,Latcas B.V.,OGL/2024/1676/0905,active,"May 19, 2026",licence-matched,,not contacted,,live,yes,200,Loading...,,2026-08-14
curacao,,ivibet.game,Ivibet,affiliates@hellpartners.com,affcatalog:HELL Partners,Latcas B.V.,OGL/2024/1676/0905,active,"May 19, 2026",licence-matched,,not contacted,,live,yes,200,Ivibet,,2026-08-14
curacao,,iviwin.net,Ivibet,,,Latcas B.V.,OGL/2024/1676/0905,active,"May 19, 2026",licence-matched,,not contacted,,live,yes,200,Ivibet,,2026-08-14
curacao,,slotsgem.com,Loading...,affiliates@hellpartners.com,affcatalog:HELL Partners,Latcas B.V.,OGL/2024/1676/0905,active,"May 19, 2026",licence-matched,,not contacted,,live,yes,200,Loading...,,2026-08-14
curacao,,tritonslots.com,Loading...,,,Latcas B.V.,OGL/2024/1676/0905,active,"May 19, 2026",licence-matched,,not contacted,,live,yes,200,Loading...,,2026-08-14
curacao,,vavegame.com,Loading...,,,Latcas B.V.,OGL/2024/1676/0905,active,"May 19, 2026",licence-matched,,not contacted,,live,yes,200,Loading...,,2026-08-14
curacao,,bet7k.cl,Bet7k,info@7k.partners,affcatalog:7kPartners,NovaWave Technology N.V.,OGL/2024/547/0446,active,"February 12, 2026",licence-matched,,not contacted,,live,yes,200,Bet7k - Casa de Apuestas y Casino Online,,2026-08-14
curacao,,e20.bet,AceleraBet,,,NovaWave Technology N.V.,OGL/2024/547/0446,active,"February 12, 2026",licence-matched,,not contacted,,live,yes,200,AceleraBet,,2026-08-14
curacao,,nolimit.bet,UnlimitedBet,affiliates@herogaming.com,affcatalog:Hero Partners,NovaWave Technology N.V.,OGL/2024/547/0446,active,"February 12, 2026",licence-matched,,not contacted,,live,yes,200,UnlimitedBet,,2026-08-14
curacao,,unlimited.bet,UnlimitedBet,,,NovaWave Technology N.V.,OGL/2024/547/0446,active,"February 12, 2026",licence-matched,,not contacted,,live,yes,200,UnlimitedBet,,2026-08-14
curacao,,x2b.bet,x2b,,,NovaWave Technology N.V.,OGL/2024/547/0446,active,"February 12, 2026",licence-matched,,not contacted,,live,yes,200,x2b - Casa de Apuestas Online y Casino,,2026-08-14
curacao,,zona7.bet,AceleraBet,,,NovaWave Technology N.V.,OGL/2024/547/0446,active,"February 12, 2026",licence-matched,,not contacted,,live,yes,200,AceleraBet,,2026-08-14
curacao,,orobet.cl,Orobet,,,SUVYD B.V.,OGL/2024/846/0501,assessment in progress,"December 24, 2025",licence-matched,,not contacted,,live,yes,200,Orobet,,2026-08-14
curacao,,hertzbetz.com,HERTZBETZ,,,SUVYD B.V.,OGL/2024/846/0501,assessment in progress,"December 24, 2025",licence-matched,,not contacted,,live,yes,200,HERTZBETZ,,2026-08-14
curacao,,kikicasino.com,KIKI casino,,,SUVYD B.V.,OGL/2024/846/0501,assessment in progress,"December 24, 2025",licence-matched,,not contacted,,live,yes,200,KIKI casino,,2026-08-14
curacao,,kraken.casino,Kraken casino,support@krollbit.partners,affcatalog:Krollbit Partners,SUVYD B.V.,OGL/2024/846/0501,assessment in progress,"December 24, 2025",licence-matched,,not contacted,,live,yes,200,Kraken casino,,2026-08-14
curacao,,orobetar.com,Orobet,,,SUVYD B.V.,OGL/2024/846/0501,assessment in progress,"December 24, 2025",licence-matched,,not contacted,,live,yes,200,Orobet,,2026-08-14
curacao,,slotorado.casino,SLOTORADO,,,SUVYD B.V.,OGL/2024/846/0501,assessment in progress,"December 24, 2025",licence-matched,,not contacted,,live,yes,200,SLOTORADO,,2026-08-14
curacao,,tombriches.com,Tombriches,affiliates@kingbilly.partners,affcatalog:King Billy Partners,SUVYD B.V.,OGL/2024/846/0501,assessment in progress,"December 24, 2025",licence-matched,,not contacted,,live,yes,200,Tombriches,,2026-08-14
curacao,,topbet100.com,TOPBET casino,,,SUVYD B.V.,OGL/2024/846/0501,assessment in progress,"December 24, 2025",licence-matched,,not contacted,,live,yes,200,TOPBET casino,,2026-08-14
curacao,,10sports.io,sports,,,Superstars Entertainment B.V.,OGL/2024/1296/0547,active,"March 28, 2026",licence-matched,,not contacted,,live,yes,200,"10Sports India: Cricket Exchange, IPL Betting + Casino",,2026-08-14
curacao,,lottotoo.com,Lottotoo,,,Superstars Entertainment B.V.,OGL/2024/1296/0547,active,"March 28, 2026",licence-matched,,not contacted,,live,yes,200,Lottotoo,,2026-08-14
curacao,,race365.com,Race365,partner@race365.com,site-affiliate-page,Superstars Entertainment B.V.,OGL/2024/1296/0547,active,"March 28, 2026",licence-matched,,not contacted,,live,yes,200,Race365,,2026-08-14
curacao,,raced.io,Raced.io,,,Superstars Entertainment B.V.,OGL/2024/1296/0547,active,"March 28, 2026",licence-matched,,not contacted,,gone,no,,,DNS does not resolve,2026-08-14
curacao,,swordbet.io,SwordBet.io,support@swordbet.io,site-affiliate-page,Superstars Entertainment B.V.,OGL/2024/1296/0547,active,"March 28, 2026",licence-matched,,not contacted,,live,yes,200,SwordBet.io,,2026-08-14
curacao,,latamwin.com,Latamwin,,,W&C N.V.,OGL/2024/922/0638,active,"August 19, 2026",licence-matched,,not contacted,,live,yes,200,"Latamwin | Sabes, Apuestas, Ganas | latamwin.com",,2026-08-14
curacao,,casinoenchile.com,casinoenchile,,,W&C N.V.,OGL/2024/922/0638,active,"August 19, 2026",licence-matched,,not contacted,,live,yes,200,,,2026-08-14
curacao,,ganalucas.com,Spotless Serenity Stays Inc.,,,W&C N.V.,OGL/2024/922/0638,active,"August 19, 2026",licence-matched,,not contacted,,live,yes,200,Spotless Serenity Stays Inc. – Professional Airbnb Cleaning & Property Management,,2026-08-14
curacao,,pokerenchile.com,Sitio no disponible para tu país,,,W&C N.V.,OGL/2024/922/0638,active,"August 19, 2026",licence-matched,,not contacted,,live,yes,200,Sitio no disponible para tu país,,2026-08-14
curacao,,winchile.com,winchile,,,W&C N.V.,OGL/2024/922/0638,active,"August 19, 2026",licence-matched,,not contacted,,live,yes,200,,,2026-08-14
curacao,,bibubet.com,Bibubet Resmi Giriş 2026,,,Webforce Entertainment N.V.,OGL/2024/781/0368,assessment in progress,"December 24, 2025",licence-matched,,not contacted,,live,yes,200,Bibubet Resmi Giriş 2026 | Canlı Bahis ve Casino Deneyimi,,2026-08-14
curacao,,gorabet.com,Gorabet 2026,,,Webforce Entertainment N.V.,OGL/2024/781/0368,assessment in progress,"December 24, 2025",licence-matched,,not contacted,,live,yes,200,Gorabet 2026 – Yeni Güncel Giriş Adresi,,2026-08-14
curacao,,lidyabet.com,Lidyabet Giriş,,,Webforce Entertainment N.V.,OGL/2024/781/0368,assessment in progress,"December 24, 2025",licence-matched,,not contacted,,live,yes,200,Lidyabet Giriş – 2026 Güncel Kampanyaları ve Bilgiler,,2026-08-14
curacao,,nerobet.com,nerobet,,,Webforce Entertainment N.V.,OGL/2024/781/0368,assessment in progress,"December 24, 2025",licence-matched,,not contacted,,live,yes,200,nerobet,,2026-08-14
curacao,,pulibet.com,Pulibet Resmi Giriş Adresi 2026,,,Webforce Entertainment N.V.,OGL/2024/781/0368,assessment in progress,"December 24, 2025",licence-matched,,not contacted,,live,yes,200,Pulibet Resmi Giriş Adresi 2026 | Güvenilir Canlı Bahis,,2026-08-14
curacao,,allrightcasino.com,Site unavailable,support-jp@jimpartners.com,affcatalog:Jim Partners,Atlantic Management B.V.,OGL/2024/1060/0472,active,"August 12, 2026",licence-matched,,not contacted,,live,yes,200,The Allrightcasino is a home of licensed slots!,,2026-08-14
curacao,,luckybirdcasino.com,Site unavailable,support-jp@jimpartners.com,affcatalog:Jim Partners,Atlantic Management B.V.,OGL/2024/1060/0472,active,"August 12, 2026",licence-matched,,not contacted,,live,yes,200,Site unavailable,,2026-08-14
curacao,,slottyway.com,Slottyway Casino,support-jp@jimpartners.com,affcatalog:Jim Partners,Atlantic Management B.V.,OGL/2024/1060/0472,active,"August 12, 2026",licence-matched,,not contacted,,live,yes,200,Slottyway Casino,,2026-08-14
curacao,,spinamba.com,Spinamba Casino,support-jp@jimpartners.com,affcatalog:Jim Partners,Atlantic Management B.V.,OGL/2024/1060/0472,active,"August 12, 2026",licence-matched,,not contacted,,live,yes,200,Spinamba Casino,,2026-08-14
curacao,,spinbounty.com,SpinBounty Casino,,,Atlantic Management B.V.,OGL/2024/1060/0472,active,"August 12, 2026",licence-matched,,not contacted,,live,yes,200,SpinBounty Casino,,2026-08-14
curacao,,supercatcasino77.com,SuperCat Casino,,,Atlantic Management B.V.,OGL/2024/1060/0472,active,"August 12, 2026",licence-matched,,not contacted,,live,yes,200,SuperCat Casino,,2026-08-14
curacao,,viks.com,Viks,,,Atlantic Management B.V.,OGL/2024/1060/0472,active,"August 12, 2026",licence-matched,,not contacted,,live,yes,200,Viks,,2026-08-14
curacao,,pingwincasino.com,Pingwin Casino,support@pingwin.games,site-contact-page,Entertainment Art B.V.,OGL/2024/995/0478,active,"July 1, 2026",licence-matched,,not contacted,,gone,no,451,,HTTP 451,2026-08-14
curacao,,sunpuraplay.com,GBWin,,,Entertainment Art B.V.,OGL/2024/995/0478,active,"July 1, 2026",licence-matched,,not contacted,,live,yes,200,GBWin,,2026-08-14
curacao,,casinoclic.com,Casino en Ligne France 2026,,,Galactic Investments B.V.,OGL/2024/1323/0734,active,"March 12, 2026",licence-matched,,not contacted,,live,yes,200,Casino en Ligne France 2026 : Bonus de 300€ - Casino Clic,,2026-08-14
curacao,,larivieracasino.com,Lariviera Casino,,,Galactic Investments B.V.,OGL/2024/1323/0734,active,"March 12, 2026",licence-matched,,not contacted,,live,yes,200,Lariviera Casino,,2026-08-14
curacao,,majesticslotsclub.net,Meilleur Casino en Ligne Français,,,Galactic Investments B.V.,OGL/2024/1323/0734,active,"March 12, 2026",licence-matched,,not contacted,,live,yes,200,Meilleur Casino en Ligne Français | 600€ Bonus | Casino en Ligne,,2026-08-14
curacao,,robinroo.com,robinroo.com,,,Galactic Investments B.V.,OGL/2024/1323/0734,active,"March 12, 2026",licence-matched,,not contacted,,live,yes,200,robinroo.com,URLError,2026-08-14
curacao,,turbobet.bet,Turbobet,,,Great Star N.V.,OGL/2024/689/0696,active,"August 22, 2026",licence-matched,,not contacted,,live,yes,200,Turbobet | Pronosticos Deportivos Y Casino Online,,2026-08-14
curacao,,elexbet.com,elexbet,,,Longterm Interactive N.V.,OGL/2024/1417/0637,assessment in progress,"December 24, 2025",licence-matched,,not contacted,,live,yes,200,elexbet,,2026-08-14
curacao,,imajbet.com,imajbet,,,Longterm Interactive N.V.,OGL/2024/1417/0637,assessment in progress,"December 24, 2025",licence-matched,,not contacted,,live,yes,200,imajbet,,2026-08-14
curacao,,savoybetting.com,savoybetting,,,Longterm Interactive N.V.,OGL/2024/1417/0637,assessment in progress,"December 24, 2025",licence-matched,,not contacted,,live,yes,200,"Savoybetting Giriş , Savoy Casino , Savoy Güncel Giriş Adresi",,2026-08-14
curacao,,slotexpress.com,SlotExpress,support@slotexpress.com,site-affiliate-page,Novatech Solutions N.V.,OGL/2024/1790/1062,assessment in progress,"December 24, 2025",licence-matched,,not contacted,,live,yes,200,SlotExpress,,2026-08-14
curacao,,betnella.com,ᐈ Betnella,support@betnella.com,site-contact-page,Rocket Play B.V.,OGL/2024/2413/1228,active,"June 9, 2026",licence-matched,,not contacted,,live,yes,200,ᐈ Betnella - Play Slots Online For Free or Real Money,,2026-08-14
curacao,,betsamuro.com,ᐈ Betsamuro,support@betsamuro.com,site-contact-page,Rocket Play B.V.,OGL/2024/2413/1228,active,"June 9, 2026",licence-matched,,not contacted,,live,yes,200,ᐈ Betsamuro - Play Slots Online For Free or Real Money,,2026-08-14
curacao,,bonuskong.com,ᐈ Bonuskong,affiliates@shogunaffiliates.com,affcatalog:Shogun Affiliates,Rocket Play B.V.,OGL/2024/2413/1228,active,"June 9, 2026",licence-matched,,not contacted,,live,yes,200,ᐈ Bonuskong - Play Slots Online For Free or Real Money,,2026-08-14
curacao,,cowboyspin.com,ᐈ Cowboyspin,support@cowboyspin.com,site-contact-page,Rocket Play B.V.,OGL/2024/2413/1228,active,"June 9, 2026",licence-matched,,not contacted,,live,yes,200,ᐈ Cowboyspin - Play Slots Online For Free or Real Money,,2026-08-14
curacao,,gamblerina.com,ᐈ Gamblerina,support@gamblerina.com,site-contact-page,Rocket Play B.V.,OGL/2024/2413/1228,active,"June 9, 2026",licence-matched,,not contacted,,live,yes,200,ᐈ Gamblerina - Play Slots Online For Free or Real Money,,2026-08-14
curacao,,liraluck.com,ᐈ Liraluck,support@liraluck.com,site-contact-page,Rocket Play B.V.,OGL/2024/2413/1228,active,"June 9, 2026",licence-matched,,not contacted,,live,yes,200,ᐈ Liraluck - Play Slots Online For Free or Real Money,,2026-08-14
curacao,,scizino.com,ᐈ Scizino,support@scizino.com,site-contact-page,Rocket Play B.V.,OGL/2024/2413/1228,active,"June 9, 2026",licence-matched,,not contacted,,live,yes,200,ᐈ Scizino - Play Slots Online For Free or Real Money,,2026-08-14
curacao,,thorfortune.com,ᐈ Thorfortune,support@thorfortune.com,site-contact-page,Rocket Play B.V.,OGL/2024/2413/1228,active,"June 9, 2026",licence-matched,,not contacted,,live,yes,200,ᐈ Thorfortune - Play Slots Online For Free or Real Money,,2026-08-14
curacao,,misterxargent.com,Home MisterXArgent,,,TGI Entertainment N.V.,OGL/2024/428/0397,active,"March 26, 2026",licence-matched,,not contacted,,live,yes,200,Home MisterXArgent - Best Casino Online,,2026-08-14
curacao,,misterxor.com,Home MisterXor,,,TGI Entertainment N.V.,OGL/2024/428/0397,active,"March 26, 2026",licence-matched,,not contacted,,live,yes,200,Home MisterXor - Best Casino Online,,2026-08-14
curacao,,misterxplatinum.com,Home MisterXPlatinum,,,TGI Entertainment N.V.,OGL/2024/428/0397,active,"March 26, 2026",licence-matched,,not contacted,,live,yes,200,Home MisterXPlatinum - Best Casino Online,,2026-08-14
curacao,,misterxvip.com,Home MisterXvip,,,TGI Entertainment N.V.,OGL/2024/428/0397,active,"March 26, 2026",licence-matched,,not contacted,,live,yes,200,Home MisterXvip - Best Casino Online,,2026-08-14
curacao,,mrsbet.com,mrsbet,,,TGI Entertainment N.V.,OGL/2024/428/0397,active,"March 26, 2026",licence-matched,,not contacted,,live,yes,200,,,2026-08-14
curacao,,mrxbet.bet,Mrxbet,,,TGI Entertainment N.V.,OGL/2024/428/0397,active,"March 26, 2026",licence-matched,,not contacted,,live,yes,200,Mrxbet,,2026-08-14
curacao,,evospin.com,evospin,support@evospin.com,site-contact-page,Bets Entertainment N.V.,OGL/2024/1178/0479,assessment in progress,"December 24, 2025",licence-matched,,not contacted,,live,yes,200,,,2026-08-14
curacao,,betbaba.com,Betbaba,partners@betbabaaffiliates.com,site-affiliate-page,Continental Solutions Limited B.V.,OGL/2024/1208/0715,active,"March 26, 2026",licence-matched,,not contacted,,live,yes,200,Betbaba | Türkiye'nin en güvenilir şans oyunları sitesi | Anasayfa,,2026-08-14
curacao,,betivo.com,Betivo,partners@betivoaffiliates.com,site-affiliate-page,Continental Solutions Limited B.V.,OGL/2024/1208/0715,active,"March 26, 2026",licence-matched,,not contacted,,live,yes,200,Betivo | Play Smarter | Home,,2026-08-14
curacao,,casinomega.com,Casino,affiliates@kingrevenue.com,affcatalog:King Revenue Partners,Continental Solutions Limited B.V.,OGL/2024/1208/0715,active,"March 26, 2026",licence-matched,,not contacted,,live,yes,200,Casino,,2026-08-14
curacao,,zora.bet,...,,,Cre8 B.V.,OGL/2024/375/0657,assessment in progress,"December 24, 2025",licence-matched,,not contacted,,live,yes,200,...,,2026-08-14
curacao,,ra.bet,Spin Pin,,,Cre8 B.V.,OGL/2024/375/0657,assessment in progress,"December 24, 2025",licence-matched,,not contacted,,live,yes,200,Spin Pin,,2026-08-14
curacao,,top.casino,Online betting,,,Cre8 B.V.,OGL/2024/375/0657,assessment in progress,"December 24, 2025",licence-matched,,not contacted,,live,yes,200,Online betting | Best sports betting site,,2026-08-14
curacao,,bitzamo-casino.org,bitzamocasino,support@bitzamo-casino.org,site-affiliate-page,Elsikora N.V.,OGL/2024/345/0210,active,"March 26, 2026",licence-matched,,not contacted,,live,yes,200,"Битзамо официальный сайт ✔️ Войти и играть онлайн на деньги в bitzamo.com, скачать автомат",,2026-08-14
curacao,,blitz-casino.biz,blitzcasino,support@blitz-casino.biz,site-affiliate-page,Elsikora N.V.,OGL/2024/345/0210,active,"March 26, 2026",licence-matched,,not contacted,,live,yes,200,"Блитз официальный сайт ✔️ Войти и играть онлайн на деньги в blitz.red, скачать автоматы бе",,2026-08-14
curacao,,bounty-casino.info,bountycasino,support@bounty-casino.info,site-affiliate-page,Elsikora N.V.,OGL/2024/345/0210,active,"March 26, 2026",licence-matched,,not contacted,,gone,no,,,DNS does not resolve,2026-08-14
curacao,,brillx-casino.com,brillxcasino,support@brillx-casino.com,site-affiliate-page,Elsikora N.V.,OGL/2024/345/0210,active,"March 26, 2026",licence-matched,,not contacted,,live,yes,200,"Брилкс официальный сайт ✔️ Войти и играть онлайн на деньги в brillx.gg, скачать автоматы б",,2026-08-14
curacao,,friends-casino.vg,friendscasino,support@friends-casino.vg,site-affiliate-page,Elsikora N.V.,OGL/2024/345/0210,active,"March 26, 2026",licence-matched,,not contacted,,live,yes,200,"Френдс официальный сайт ✔️ Войти и играть онлайн на деньги в friends-casino.com, скачать а",,2026-08-14
curacao,,turbo-casino.plus,turbocasino,support@turbo-casino.plus,site-affiliate-page,Elsikora N.V.,OGL/2024/345/0210,active,"March 26, 2026",licence-matched,,not contacted,,live,yes,200,"Турбо официальный сайт ✔️ Войти и играть онлайн на деньги в turbo-casino.gg, скачать автом",,2026-08-14
curacao,,jugabet.com.ec,com,support@growe.partners,affcatalog:Growe Partners,Gladia N.V.,OGL/2024/378/0652,assessment in progress,"December 24, 2025",licence-matched,,not contacted,,live,yes,200,,,2026-08-14
curacao,,evolvebets.com,EvolveBets Casino,,,HNA Gaming B.V.,OGL/2024/1191/0663,active,"March 12, 2026",licence-matched,,not contacted,,live,yes,200,EvolveBets Casino: Online Casino & Sports Betting,,2026-08-14
curacao,,hugobets.io,HugoBets Casino,,,HNA Gaming B.V.,OGL/2024/1191/0663,active,"March 12, 2026",licence-matched,,not contacted,,live,yes,200,"HugoBets Casino – Online Slots, Live Dealers & Sports",,2026-08-14
curacao,,simsinos.io,Simsinos,affiliates@simsinos.com,affcatalog:Simsino Partners,HNA Gaming B.V.,OGL/2024/1191/0663,active,"March 12, 2026",licence-matched,,not contacted,,live,yes,200,Simsinos: Online Casino & Sports Betting - Wager Free Bonuses,,2026-08-14
curacao,,vibebet.com,vibebet,,,HNA Gaming B.V.,OGL/2024/1191/0663,active,"March 12, 2026",licence-matched,,not contacted,,live,yes,200,,,2026-08-14
curacao,,viggoslots.io,Online Casino & Live Casino,affiliates@viggoslots.com,affcatalog:Viggo Partners,HNA Gaming B.V.,OGL/2024/1191/0663,active,"March 12, 2026",licence-matched,,not contacted,,live,yes,200,Online Casino & Live Casino | Play to Win | ViggoSlots,,2026-08-14
curacao,,lotosena.com,lotosena,,,Legacy Eight Curacao N.V.,OGL/2024/956/0417,active,"February 7, 2026",licence-matched,,not contacted,,live,yes,200,Win millions online with our lotteries and casino games,,2026-08-14
curacao,,trilhardario.com,Apuestas en Línea,,,Legacy Eight Curacao N.V.,OGL/2024/956/0417,active,"February 7, 2026",licence-matched,,not contacted,,live,yes,200,Apuestas en Línea - Lotería Online y Juegos de Casino,,2026-08-14
curacao,,trillonario.co.cr,Apuestas en Línea,affiliates@lottoelite.com,affcatalog:LottoElite Affiliates,Legacy Eight Curacao N.V.,OGL/2024/956/0417,active,"February 7, 2026",licence-matched,,not contacted,,live,yes,200,Apuestas en Línea - Lotería Online y Juegos de Casino,,2026-08-14
curacao,,trillonario.com.mx,Apuestas en Línea,affiliates@lottoelite.com,affcatalog:LottoElite Affiliates,Legacy Eight Curacao N.V.,OGL/2024/956/0417,active,"February 7, 2026",licence-matched,,not contacted,,live,yes,200,Apuestas en Línea - Lotería Online y Juegos de Casino,,2026-08-14
curacao,,wintrillions.com,Apuestas en Línea,affiliates@lottoelite.com,affcatalog:LottoElite Affiliates,Legacy Eight Curacao N.V.,OGL/2024/956/0417,active,"February 7, 2026",licence-matched,,not contacted,,live,yes,200,Apuestas en Línea - Lotería Online y Juegos de Casino,,2026-08-14
curacao,,mgc88.cc,mgc,,,Novisoft N.V.,OGL/2024/1394/0725,assessment in progress,"December 24, 2025",licence-matched,,not contacted,,live,yes,200,,,2026-08-14
curacao,,willbet.ai,WillBet,affiliate@willbet.com,affcatalog:WillBet Partners,Novisoft N.V.,OGL/2024/1394/0725,assessment in progress,"December 24, 2025",licence-matched,,not contacted,,live,yes,200,"WillBet: Sports, Casino & Crypto Games - Global Online Entertainment",,2026-08-14
curacao,,katon.ai,WillBet,,,Novisoft N.V.,OGL/2024/1394/0725,assessment in progress,"December 24, 2025",licence-matched,,not contacted,,gone,no,502,,HTTP 502,2026-08-14
curacao,,cryptobet535.com,cryptobet,,,OnlineGaming Soft B.V.,OGL/2024/825/1106,active,"March 7, 2026",licence-matched,,not contacted,,live,yes,200,,,2026-08-14
curacao,,cybercitycasino.com,Cyber City,,,Play Smart ENT B.V.,OGL/2024/649/0442,active,"April 3, 2026",licence-matched,,not contacted,,live,yes,200,cybercity,,2026-08-14
curacao,,karhusino.com,karhusino,,,Play Smart ENT B.V.,OGL/2024/649/0442,active,"April 3, 2026",licence-matched,,not contacted,,live,yes,200,karhusino,,2026-08-14
curacao,,pelaanyt.com,Pelaanyt,moi@pelaanyt.com,site-contact-page,Play Smart ENT B.V.,OGL/2024/649/0442,active,"April 3, 2026",licence-matched,,not contacted,,live,yes,200,Pelaanyt,,2026-08-14
curacao,,pikapotti.com,Pikapotti,,,Play Smart ENT B.V.,OGL/2024/649/0442,active,"April 3, 2026",licence-matched,,not contacted,,live,yes,200,Pikapotti – Fast Finnish Online Casino,,2026-08-14
curacao,,spinni.com,SPINNI Casino,info@casimba-affiliates.com,affcatalog:Casimba Affiliates,Play Smart ENT B.V.,OGL/2024/649/0442,active,"April 3, 2026",licence-matched,,not contacted,,live,yes,200,SPINNI Casino | Play the Best Online Casino Games & Slots,,2026-08-14
curacao,,vivospin.io,vivospin,,,Play Smart ENT B.V.,OGL/2024/649/0442,active,"April 3, 2026",licence-matched,,not contacted,,live,yes,200,,TimeoutError,2026-08-14
curacao,,atlantivegas.com,Atlantivegas,support@atlantivegassupport.com,site-contact-page,SG International N.V.,OGL/2024/379/0174,assessment in progress,"December 24, 2025",licence-matched,,not contacted,,live,yes,200,Atlantivegas,,2026-08-14
curacao,,kilobet.com,KiloBet,support@kilobetsupport.com,site-affiliate-page,SG International N.V.,OGL/2024/379/0174,assessment in progress,"December 24, 2025",licence-matched,,not contacted,,live,yes,200,KiloBet,,2026-08-14
curacao,,vegas.salon,Vegas,manager@kng.partners,affcatalog:King Partners,SG International N.V.,OGL/2024/379/0174,assessment in progress,"December 24, 2025",licence-matched,,not contacted,,blocked,no,403,,HTTP 403,2026-08-14
curacao,,rolletto.cc,rolletto,,,Santeda International B.V.,OGL/2024/1798/1048,assessment in progress,"December 24, 2025",licence-matched,,not contacted,,live,yes,200,"Sports & eSports Online Betting, Live Casino, Slots & Table Game | Rolletto",,2026-08-14
curacao,,megajeet.com,megajeet,support@megajeet.com,site-affiliate-page,Santeda International B.V.,OGL/2024/1798/1048,assessment in progress,"December 24, 2025",licence-matched,,not contacted,,live,yes,200,,,2026-08-14
curacao,,zizobet.com,zizobet,affiliate@zizobet.com,site-affiliate-page,Santeda International B.V.,OGL/2024/1798/1048,assessment in progress,"December 24, 2025",licence-matched,,not contacted,,live,yes,200,,,2026-08-14
curacao,,purecasino.co,Home,,,Windward Circle B.V.,OGL/2024/1135/0484,active,"August 14, 2026",licence-matched,,not contacted,,live,yes,200,Home,,2026-08-14
curacao,,oddjusta.com,OddJusta,suporte@oddjusta.com,site-affiliate-page,A2F B.V.,OGL/2024/298/0109,active,"April 14, 2026",licence-matched,,not contacted,,live,yes,200,OddJusta - Premier Betting Exchange Platform,,2026-08-14
curacao,,punterplay.com,punterplay,,,A2F B.V.,OGL/2024/298/0109,active,"April 14, 2026",licence-matched,,not contacted,,live,yes,200,,,2026-08-14
curacao,,superodds88.com,superodds88,,,A2F B.V.,OGL/2024/298/0109,active,"April 14, 2026",licence-matched,,not contacted,,live,yes,200,superodds88 - Best-In-Class Sports Trading Platform for Professional Betting,,2026-08-14
curacao,,tradeball.com,Tradeball,,,A2F B.V.,OGL/2024/298/0109,active,"April 14, 2026",licence-matched,,not contacted,,live,yes,200,Tradeball,,2026-08-14
curacao,,ok9.pro,ok,,,Cyber Labs B.V.,OGL/2024/1696/1055,active,"March 13, 2026",licence-matched,,not contacted,,live,yes,200,,,2026-08-14
curacao,,jun88.id,Jun88 Trang chủ chính thức Jun88.com,,,Cyber Labs B.V.,OGL/2024/1696/1055,active,"March 13, 2026",licence-matched,,not contacted,,live,yes,200,Jun88 Trang chủ chính thức Jun88.com,,2026-08-14
curacao,,789bet.sc,789BET,,,Cyber Labs B.V.,OGL/2024/1696/1055,active,"March 13, 2026",licence-matched,,not contacted,,live,yes,200,"789BET - Đăng Ký, Đăng Nhập Trang Chủ 789BET.COM #1 Châu Á",,2026-08-14
curacao,,c168.biz,C168,,,Cyber Labs B.V.,OGL/2024/1696/1055,active,"March 13, 2026",licence-matched,,not contacted,,live,yes,200,"C168 - Đăng Ký, Đăng Nhập Trang Chủ C168.COM Uy Tín #1 Châu Á",,2026-08-14
curacao,,cm88.com,CM88,,,Cyber Labs B.V.,OGL/2024/1696/1055,active,"March 13, 2026",licence-matched,,not contacted,,live,yes,200,"CM88 - Đăng Ký, Đăng Nhập Trang Chủ CM88, Giới Thiệu Bạn +200K",,2026-08-14
curacao,,sc88.co,SC88,,,Cyber Labs B.V.,OGL/2024/1696/1055,active,"March 13, 2026",licence-matched,,not contacted,,gone,no,,,DNS does not resolve,2026-08-14
curacao,,spark.casino,spark,,,Fun Fusion N.V.,OGL/2024/750/0202,assessment in progress,"December 24, 2025",licence-matched,,not contacted,,live,yes,200,,URLError,2026-08-14
curacao,,mrtilt.com,MrTilt,,,GP Holding B.V.,OGL/2024/1326/0684,active,"April 17, 2026",licence-matched,,not contacted,,live,yes,200,MrTilt,,2026-08-14
curacao,,pec.bet,PEC.BET,affiliate@pec.bet,site-affiliate-page,GP Holding B.V.,OGL/2024/1326/0684,active,"April 17, 2026",licence-matched,,not contacted,,live,yes,200,PEC.BET | Online Casino & Sports Betting,,2026-08-14
curacao,,reipas.com,Reipas Kasino,,,GP Holding B.V.,OGL/2024/1326/0684,active,"April 17, 2026",licence-matched,,not contacted,,live,yes,200,Reipas Kasino | Nettikasino,,2026-08-14
curacao,,keeponwin.com,Keep On Win,support@keeponwin.com,site-contact-page,Keep On Entertainment N.V.,OGL/2024/2279/1202,active,"February 22, 2026",licence-matched,,not contacted,,live,yes,200,Keep On Win - Ana Sayfa,,2026-08-14
curacao,,kktcroyal.com,kktcroyal,,,Keep On Entertainment N.V.,OGL/2024/2279/1202,active,"February 22, 2026",licence-matched,,not contacted,,live,yes,200,En güvenilir ve kaliteli Casino KKTC Royal,,2026-08-14
curacao,,kazancasino.com,Kazan Casino,,,Novi B.V.,OGL/2024/1288/0542,assessment in progress,"December 24, 2025",licence-matched,,not contacted,,live,yes,200,Kazan Casino | Best Online Casino Games and Bonuses,,2026-08-14
curacao,,miki.com,Miki Casino,affiliates@vlpartners.com,affcatalog:VL Partners,Novi B.V.,OGL/2024/1288/0542,assessment in progress,"December 24, 2025",licence-matched,,not contacted,,live,yes,200,Miki Casino | Best Online Casino Games and Bonuses,,2026-08-14
curacao,,olimposcasino.com,olimposcasino,,,Novi B.V.,OGL/2024/1288/0542,assessment in progress,"December 24, 2025",licence-matched,,not contacted,,live,yes,200,Krallar gibi oyna Olimpos'un şansını yakala!,,2026-08-14
curacao,,casino-x.com,Region restrictions,support@poshfriends.com,affcatalog:PoshFriends,Pomadorro N.V.,OGL/2024/863/0412,assessment in progress,"December 24, 2025",licence-matched,,not contacted,,live,yes,200,Region restrictions,,2026-08-14
curacao,,ramenbet.com,Region restrictions,support@poshfriends.com,affcatalog:PoshFriends,Pomadorro N.V.,OGL/2024/863/0412,assessment in progress,"December 24, 2025",licence-matched,,not contacted,,live,yes,200,Region restrictions,,2026-08-14
curacao,,letsgocasino.com,Best Online Casino Canada,partners@letsgocasino.com,affcatalog:Letsgo Affiliate Partners,Progress Path Co N.V.,OGL/2024/1113/0517,active,"July 24, 2026",licence-matched,,not contacted,,live,yes,200,Best Online Casino Canada - Let’s Go Casino | Hit the Jackpot,,2026-08-14
curacao,,vipletsgocasino.com,Best Online Casino Canada,,,Progress Path Co N.V.,OGL/2024/1113/0517,active,"July 24, 2026",licence-matched,,not contacted,,live,yes,200,Best Online Casino Canada - Let’s Go Casino | Hit the Jackpot,,2026-08-14
curacao,,winthrone.com,Online Casino Canada,,,Progress Path Co N.V.,OGL/2024/1113/0517,active,"July 24, 2026",licence-matched,,not contacted,,live,yes,200,Online Casino Canada | Winthrone Casino,,2026-08-14
curacao,,betto.com,BETTO,,,Rail Solutions Group B.V.,OGL/2024/788/0550,assessment in progress,"December 24, 2025",licence-matched,,not contacted,,live,yes,200,BETTO | New place for betting,,2026-08-14
curacao,,chokwin.com,chokwin,,,Rail Solutions Group B.V.,OGL/2024/788/0550,assessment in progress,"December 24, 2025",licence-matched,,not contacted,,live,yes,200,,,2026-08-14
curacao,,coinebet.com,coinebet,,,Rail Solutions Group B.V.,OGL/2024/788/0550,assessment in progress,"December 24, 2025",licence-matched,,not contacted,,live,yes,200,,,2026-08-14
curacao,,novero.io,novero,,,Rail Solutions Group B.V.,OGL/2024/788/0550,assessment in progress,"December 24, 2025",licence-matched,,not contacted,,live,yes,200,,,2026-08-14
curacao,,betper.com,Betper,,,SXM Management N.V.,OGL/2024/777/0365,assessment in progress,"December 24, 2025",licence-matched,,not contacted,,live,yes,200,Betper - En İyi Spor Bahisleri Oranları ve Canlı Casino - Betper Giriş,,2026-08-14
curacao,,klasbahis.com,klasbahis,,,SXM Management N.V.,OGL/2024/777/0365,assessment in progress,"December 24, 2025",licence-matched,,not contacted,,live,yes,200,"Klasbahis Giriş, Klasbahis Yeni ve Güncel Adresi - Klasbahis",,2026-08-14
curacao,,perabet.com,Perabet,support@perabet.com,site-affiliate-page,SXM Management N.V.,OGL/2024/777/0365,assessment in progress,"December 24, 2025",licence-matched,,not contacted,,live,yes,200,Perabet - Top Bitcoin & Crypto Casino!,,2026-08-14
curacao,,truvabet.com,truvabet,,,SXM Management N.V.,OGL/2024/777/0365,assessment in progress,"December 24, 2025",licence-matched,,not contacted,,live,yes,200,,,2026-08-14
curacao,,venusbet.com,venusbet,,,SXM Management N.V.,OGL/2024/777/0365,assessment in progress,"December 24, 2025",licence-matched,,not contacted,,live,yes,200,venusbet,,2026-08-14
curacao,,kitcasinos.com,kitcasinos,,,Scores55 Tech N.V.,OGL/2024/1307/0748,assessment in progress,"December 24, 2025",licence-matched,,not contacted,,live,yes,200,,,2026-08-14
curacao,,globalbahis.com,Loading...,,,TC Entertainment N.V.,OGL/2024/419/0348,assessment in progress,"December 24, 2025",licence-matched,,not contacted,,live,yes,200,Loading...,,2026-08-14
curacao,,lordspoker.com,lordspoker,,,TC Entertainment N.V.,OGL/2024/419/0348,assessment in progress,"December 24, 2025",licence-matched,,not contacted,,live,yes,200,,,2026-08-14
curacao,,22bit.com,bit,support-en@22bit.com,site-contact-page,Techwave B.V.,OGL/2024/1653/0930,active,"April 16, 2026",licence-matched,,not contacted,,live,yes,203,,,2026-08-14
curacao,,22casino.com,casino,support@22betpartners.com,affcatalog:22Bet Partners,Techwave B.V.,OGL/2024/1653/0930,active,"April 16, 2026",licence-matched,,not contacted,,live,yes,203,,,2026-08-14
curacao,,betlabel.com,betlabel,support@22betpartners.com,affcatalog:22Bet Partners,Techwave B.V.,OGL/2024/1653/0930,active,"April 16, 2026",licence-matched,,not contacted,,live,yes,203,,,2026-08-14
curacao,,royalxo.com,RoyalXO,,,Techwave B.V.,OGL/2024/1653/0930,active,"April 16, 2026",licence-matched,,not contacted,,live,yes,200,RoyalXO,,2026-08-14
curacao,,safecasino.com,Safecasino,support@22betpartners.com,affcatalog:22Bet Partners,Techwave B.V.,OGL/2024/1653/0930,active,"April 16, 2026",licence-matched,,not contacted,,live,yes,200,Safecasino,,2026-08-14
curacao,,gemwin.ing,GEMWIN,,,Amadeus Technology B.V,OGL/2024/1272/1143,active,"May 18, 2026",licence-matched,,not contacted,,live,yes,200,GEMWIN - Tải App Game Bài Đổi Thưởng Đại Phú Quý 2025,,2026-08-14
curacao,,nhatvip.bar,Nhatvip,,,Amadeus Technology B.V,OGL/2024/1272/1143,active,"May 18, 2026",licence-matched,,not contacted,,live,yes,200,Nhatvip - Thiên đường cờ bạc hàng đầu Việt Nam | Link tải Nhatvip,,2026-08-14
curacao,,sunwin.info,Sunwin,,,Amadeus Technology B.V,OGL/2024/1272/1143,active,"May 18, 2026",licence-matched,,not contacted,,live,yes,200,Sunwin – Official Online Entertainment Platform,,2026-08-14
curacao,,tipclub.sbs,Tipclub,,,Amadeus Technology B.V,OGL/2024/1272/1143,active,"May 18, 2026",licence-matched,,not contacted,,live,yes,200,"Tipclub | Tải Game Tip Club, Game Bài Đổi Thưởng Uy Tín Số 1 Châu Á",,2026-08-14
curacao,,zowin.cab,ZOWIN,,,Amadeus Technology B.V,OGL/2024/1272/1143,active,"May 18, 2026",licence-matched,,not contacted,,live,yes,200,ZOWIN - Tải Game Bài Đổi Thưởng Zowin Ios/Android/APK 2026,,2026-08-14
curacao,,kurdbet.net,Kurdbet,,,Arena Sports Entertainment N.V.,OGL/2024/833/1005,active,"May 23, 2026",licence-matched,,not contacted,,live,yes,200,Kurdbet,,2026-08-14
curacao,,mosulbet.com,Mosulbet,,,Arena Sports Entertainment N.V.,OGL/2024/833/1005,active,"May 23, 2026",licence-matched,,not contacted,,live,yes,200,Mosulbet,,2026-08-14
curacao,,sportarenabet.com,Sport Arena Bet,,,Arena Sports Entertainment N.V.,OGL/2024/833/1005,active,"May 23, 2026",licence-matched,,not contacted,,live,yes,200,Sport Arena Bet,,2026-08-14
curacao,,ttbetarena.com,TT Bet Arena,,,Arena Sports Entertainment N.V.,OGL/2024/833/1005,active,"May 23, 2026",licence-matched,,not contacted,,live,yes,200,TT Bet Arena,,2026-08-14
curacao,,dale-bets.com,...,,,Bespinex N.V.,OGL/2024/1563/0831,assessment in progress,"December 24, 2025",licence-matched,,not contacted,,live,yes,200,...,,2026-08-14
curacao,,fuego.casino,...,,,Bespinex N.V.,OGL/2024/1563/0831,assessment in progress,"December 24, 2025",licence-matched,,not contacted,,live,yes,200,...,,2026-08-14
curacao,,joinbet.com,...,,,Bespinex N.V.,OGL/2024/1563/0831,assessment in progress,"December 24, 2025",licence-matched,,not contacted,,gone,no,451,,HTTP 451,2026-08-14
curacao,,bison.win,bison,support@playbison.com,site-affiliate-page,Betelgeuse Entertainment B.V.,OGL/2024/1062/0475,active,"March 17, 2026",licence-matched,,not contacted,,live,yes,200,,,2026-08-14
curacao,,fireball.casino,fireball,support@fireball.casino,site-affiliate-page,Betelgeuse Entertainment B.V.,OGL/2024/1062/0475,active,"March 17, 2026",licence-matched,,not contacted,,live,yes,200,,,2026-08-14
curacao,,meteoro.casino,meteoro,,,Betelgeuse Entertainment B.V.,OGL/2024/1062/0475,active,"March 17, 2026",licence-matched,,not contacted,,live,yes,200,,,2026-08-14
curacao,,playbison.com,playbison,support@playbison.com,site-affiliate-page,Betelgeuse Entertainment B.V.,OGL/2024/1062/0475,active,"March 17, 2026",licence-matched,,not contacted,,gone,no,451,,HTTP 451,2026-08-14
curacao,,betwiz.com,betwiz,info@betwiz.com,site-affiliate-page,Blueinic B.V.,OGL/2024/314/1090,active,"June 16, 2026",licence-matched,,not contacted,,live,yes,200,,,2026-08-14
curacao,,bookielink.com,BookieLink,,,Blueinic B.V.,OGL/2024/314/1090,active,"June 16, 2026",licence-matched,,not contacted,,live,yes,200,BookieLink | One Account for Betting in Italy & Albania,,2026-08-14
curacao,,betzy.io,Betzy,,,Blueinic B.V.,OGL/2024/314/1090,active,"June 16, 2026",licence-matched,,not contacted,,live,yes,200,"Betzy - Sports Betting, Casino, and More on One Platform",,2026-08-14
curacao,,96odds.com,Odds96,,,Breakout Group B.V.,OGL/2024/391/0299,assessment in progress,"December 24, 2025",licence-matched,,not contacted,,live,yes,200,Odds96,,2026-08-14
curacao,,o96.vip,Odds96,,,Breakout Group B.V.,OGL/2024/391/0299,assessment in progress,"December 24, 2025",licence-matched,,not contacted,,live,yes,200,Odds96,,2026-08-14
curacao,,grandz.com,GrandZ Casino,financial@peakgamble.com,affcatalog:Peak Gamble Affiliates,Brightstar N.V.,OGL/2024/1455/0790,assessment in progress,"December 24, 2025",licence-matched,,not contacted,,live,yes,200,GrandZ Casino | Online Casino 2026,,2026-08-14
curacao,,grandzrace.com,GrandZ Casino,,,Brightstar N.V.,OGL/2024/1455/0790,assessment in progress,"December 24, 2025",licence-matched,,not contacted,,live,yes,200,GrandZ Casino | Online Casino 2026,,2026-08-14
curacao,,789club.online,789Club,,,DG Innovations B.V.,OGL/2024/1273/1142,active,"May 25, 2026",licence-matched,,not contacted,,live,yes,200,789Club – Official Online Platform | Operated by DG Innovations B.V.,,2026-08-14
curacao,,hitclub.hm,Hitclub,,,DG Innovations B.V.,OGL/2024/1273/1142,active,"May 25, 2026",licence-matched,,not contacted,,live,yes,200,Hitclub – Official Online Platform | Operated by DG Innovations B.V.,,2026-08-14
curacao,,kclub.fit,KCLUB,,,DG Innovations B.V.,OGL/2024/1273/1142,active,"May 25, 2026",licence-matched,,not contacted,,live,yes,200,KCLUB - Cổng game giải trí hàng đầu châu Á!,,2026-08-14
curacao,,rikvip.mba,Rikvip,,,DG Innovations B.V.,OGL/2024/1273/1142,active,"May 25, 2026",licence-matched,,not contacted,,live,yes,200,Rikvip – Official Online Platform | Operated by DG Innovations B.V.,,2026-08-14
curacao,,top88.ing,TOP88,support@top88.ing,site-contact-page,DG Innovations B.V.,OGL/2024/1273/1142,active,"May 25, 2026",licence-matched,,not contacted,,live,yes,200,"TOP88 - Link tải game Top 88, đăng ký, đăng nhập chính thức",,2026-08-14
curacao,,kingonbet.com,kingonbet,,,Digibet N.V.,OGL/2024/1312/0525,active,"March 3, 2026",licence-matched,,not contacted,,live,yes,200,,,2026-08-14
curacao,,racetan.com,racetan,,,Digibet N.V.,OGL/2024/1312/0525,active,"March 3, 2026",licence-matched,,not contacted,,live,yes,200,,,2026-08-14
curacao,,indi3.club,Cricket Betting,,,Evelnex B.V.,OGL/2024/921/0845,assessment in progress,"December 24, 2025",licence-matched,,not contacted,,live,yes,200,Cricket Betting - Login to INDIBET #1 Cricket Betting Site & App,,2026-08-14
curacao,,pb007.co,Coming Soon,,,Evelnex B.V.,OGL/2024/921/0845,assessment in progress,"December 24, 2025",licence-matched,,not contacted,,live,yes,200,Coming Soon,,2026-08-14
curacao,,pb77exch.com,pbexch,ask@pb77.co,site-contact-page,Evelnex B.V.,OGL/2024/921/0845,assessment in progress,"December 24, 2025",licence-matched,,not contacted,,live,yes,200,,,2026-08-14
curacao,,pb77india.com,pbindia,ask@pb77.co,site-contact-page,Evelnex B.V.,OGL/2024/921/0845,assessment in progress,"December 24, 2025",licence-matched,,not contacted,,live,yes,200,,,2026-08-14
curacao,,pboffers.co,pboffers,,,Evelnex B.V.,OGL/2024/921/0845,assessment in progress,"December 24, 2025",licence-matched,,not contacted,,live,yes,200,,,2026-08-14
curacao,,betx360.live,WebClientV3,,,GB Tech Services N.V.,OGL/2024/114/0135,assessment in progress,"December 24, 2025",licence-matched,,not contacted,,live,yes,200,WebClientV3,,2026-08-14
curacao,,dragonslots.com,Loading...,affiliates@playamopartners.com,affcatalog:Playamo Partners,Innovex B.V.,OGL/2024/1769/1016,assessment in progress,"December 24, 2025",licence-matched,,not contacted,,live,yes,200,Loading...,,2026-08-14
curacao,,20bet.tech,Loading...,affiliates@playamopartners.com,affcatalog:Playamo Partners,Innovex B.V.,OGL/2024/1769/1016,assessment in progress,"December 24, 2025",licence-matched,,not contacted,,live,yes,200,Loading...,,2026-08-14
curacao,,granawin.com,Loading...,affiliates@playamopartners.com,affcatalog:Playamo Partners,Innovex B.V.,OGL/2024/1769/1016,assessment in progress,"December 24, 2025",licence-matched,,not contacted,,live,yes,200,Loading...,,2026-08-14
curacao,,nationalcasino.dev,Loading...,affiliates@playamopartners.com,affcatalog:Playamo Partners,Innovex B.V.,OGL/2024/1769/1016,assessment in progress,"December 24, 2025",licence-matched,,not contacted,,live,yes,200,Loading...,,2026-08-14
curacao,,slotrave.com,Slotrave,support@slotrave.com,site-contact-page,Innovex B.V.,OGL/2024/1769/1016,assessment in progress,"December 24, 2025",licence-matched,,not contacted,,live,yes,200,Slotrave,,2026-08-14
curacao,,gralive.win,Сайт GRA недоступний в твоєму регіоні,,,Kallila N.V.,OGL/2024/398/0495,assessment in progress,"January 14, 2026",licence-matched,,not contacted,,live,yes,200,Сайт GRA недоступний в твоєму регіоні,,2026-08-14
curacao,,stawki.win,stawki,info@win-offers.com,affcatalog:Win-Offers,Kallila N.V.,OGL/2024/398/0495,assessment in progress,"January 14, 2026",licence-matched,,not contacted,,live,yes,200,Сайт Stawki недоступний в твоєму регіоні,,2026-08-14
curacao,,yep.casino,Yep Casino Official,,,Nixxe B.V.,OGL/2024/1363/0705,active,"April 14, 2026",licence-matched,,not contacted,,live,yes,200,"Yep Casino Official | €3,000 Bonus + 300 Free Spins",,2026-08-14
curacao,,eddybetcasino.com,Play lovable Games For Money,,,Palau Holdings N.V.,OGL/2024/197/0481,active,"January 24, 2026",licence-matched,,not contacted,,live,yes,200,Play lovable Games For Money,,2026-08-14
curacao,,melbet-ca.com,melbetca,,,Pelican Entertainment B.V.,OGL/2024/561/0554,assessment in progress,"December 24, 2025",licence-matched,,not contacted,,gone,no,451,,HTTP 451,2026-08-14
curacao,,melbet-canada.com,melbetcanada,,,Pelican Entertainment B.V.,OGL/2024/561/0554,assessment in progress,"December 24, 2025",licence-matched,,not contacted,,live,yes,203,,,2026-08-14
curacao,,melbetghana.com,melbetghana,info-en@melbetghana.com,site-contact-page,Pelican Entertainment B.V.,OGL/2024/561/0554,assessment in progress,"December 24, 2025",licence-matched,,not contacted,,gone,no,451,,HTTP 451,2026-08-14
curacao,,bet-40.vip,bet,support@bet-40.vip,site-contact-page,R. Bostock Enterprises B.V.,OGL/2024/1067/0640,active,"April 21, 2026",licence-matched,,not contacted,,live,yes,200,Bet40 - Sportsbook and Casino,,2026-08-14
curacao,,elitebet.io,elitebet,,,R. Bostock Enterprises B.V.,OGL/2024/1067/0640,active,"April 21, 2026",licence-matched,,not contacted,,live,yes,200,Elite Bet,,2026-08-14
curacao,,puntersvip.io,puntersvip,,,R. Bostock Enterprises B.V.,OGL/2024/1067/0640,active,"April 21, 2026",licence-matched,,not contacted,,live,yes,200,,,2026-08-14
curacao,,rocketbet.com,Rocketbet Crypto Casino,partners@newgenaffiliates.com,affcatalog:Newgen Affiliates,R. Bostock Enterprises B.V.,OGL/2024/1067/0640,active,"April 21, 2026",licence-matched,,not contacted,,live,yes,200,"Rocketbet Crypto Casino | Sportsbook, Live Casino & Instant Withdrawals",,2026-08-14
curacao,,ukingbet.com,ukingbet,,,R. Bostock Enterprises B.V.,OGL/2024/1067/0640,active,"April 21, 2026",licence-matched,,not contacted,,live,yes,200,ukingbet,,2026-08-14
curacao,,20bet.com,Loading...,affiliates@playamopartners.com,affcatalog:Playamo Partners,TechSolutions Group B.V.,OGL/2024/590/0758,active,"April 14, 2026",licence-matched,,not contacted,,live,yes,200,Loading...,,2026-08-14
curacao,,bizzocasino.com,Loading...,affiliates@playamopartners.com,affcatalog:Playamo Partners,TechSolutions Group B.V.,OGL/2024/590/0758,active,"April 14, 2026",licence-matched,,not contacted,,live,yes,200,Loading...,,2026-08-14
curacao,,bizzocassino.com,Loading...,,,TechSolutions Group B.V.,OGL/2024/590/0758,active,"April 14, 2026",licence-matched,,not contacted,,live,yes,200,Loading...,,2026-08-14
curacao,,nationalcasino.com,Loading...,affiliates@playamopartners.com,affcatalog:Playamo Partners,TechSolutions Group B.V.,OGL/2024/590/0758,active,"April 14, 2026",licence-matched,,not contacted,,live,yes,200,Loading...,,2026-08-14
curacao,,nationallcasino.com,Loading...,,,TechSolutions Group B.V.,OGL/2024/590/0758,active,"April 14, 2026",licence-matched,,not contacted,,live,yes,200,Loading...,,2026-08-14
curacao,,slotoro.bet,Slotoro Official Online Casino,support@slotoro.bet,site-affiliate-page,Wiraon B.V.,OGL/2024/686/0183,active,"April 14, 2026",licence-matched,,not contacted,,live,yes,200,"Slotoro Official Online Casino | €2,500 Bonus + 250 Free Spins",,2026-08-14
curacao,,verdecasino.com,Verde Casino,support@verdecasino.com,site-affiliate-page,Wiraon B.V.,OGL/2024/686/0183,active,"April 14, 2026",licence-matched,,not contacted,,gone,no,451,,HTTP 451,2026-08-14
curacao,,batery.in,batery,support@baterypartners.com,affcatalog:Batery Partners,YouGMedia B.V.,OGL/2024/107/0914,active,"March 7, 2026",licence-matched,,not contacted,,live,yes,200,,,2026-08-14
curacao,,batery-bet.in,baterybet,support@baterypartners.com,affcatalog:Batery Partners,YouGMedia B.V.,OGL/2024/107/0914,active,"March 7, 2026",licence-matched,,not contacted,,live,yes,200,,,2026-08-14
curacao,,abcfortunazone.com,Fortunazone Slots,support@fortunazone.com,site-affiliate-page,Altan N.V.,OGL/2024/596/0252,active,"April 14, 2026",licence-matched,,not contacted,,live,yes,200,Fortunazone Slots,,2026-08-14
curacao,,atomfortuna.com,Fortunazone Slots,,,Altan N.V.,OGL/2024/596/0252,active,"April 14, 2026",licence-matched,,not contacted,,live,yes,200,Fortunazone Slots,,2026-08-14
curacao,,fortunazone.com,Fortunazone Slots,support@fortunazone.com,site-affiliate-page,Altan N.V.,OGL/2024/596/0252,active,"April 14, 2026",licence-matched,,not contacted,,live,yes,200,Fortunazone Slots,,2026-08-14
curacao,,linebet.com,linebet,b2b@linebet.com,affcatalog:Linebet Partners,Aspro N.V.,OGL/2024/565/0553,assessment in progress,"December 24, 2025",licence-matched,,not contacted,,gone,no,451,,HTTP 451,2026-08-14
curacao,,xparibet.com,xparibet,b2b@xparibet.com,affcatalog:Xparibet Partners,Aspro N.V.,OGL/2024/565/0553,assessment in progress,"December 24, 2025",licence-matched,,not contacted,,gone,no,451,,HTTP 451,2026-08-14
curacao,,kultcasino.com,kultcasino,,,Bluestream N.V.,OGL/2024/1452/0706,assessment in progress,"December 24, 2025",licence-matched,,not contacted,,live,yes,200,,,2026-08-14
curacao,,sultan-wins.com,...,,,Bluestream N.V.,OGL/2024/1452/0706,assessment in progress,"December 24, 2025",licence-matched,,not contacted,,live,yes,200,...,,2026-08-14
curacao,,play.verajohn.net,Vera&John,info@vjgroupaffiliation.com,affcatalog:VJ Group Affiliation,Breckenridge Curaçao B.V.,OGL/2024/175/0182,assessment in progress,"December 24, 2025",licence-matched,,not contacted,,live,yes,200,Vera&John | The number 1! Fun online casino!,,2026-08-14
curacao,,play.casinosecret.net,CasinoSecret,affiliates@casinosecretgroup.com,affcatalog:CasinoSecret Affiliates,Breckenridge Curaçao B.V.,OGL/2024/175/0182,assessment in progress,"December 24, 2025",licence-matched,,not contacted,,live,yes,200,CasinoSecret | The number 1! Fun online casino!,,2026-08-14
curacao,,play.intercasino.net,InterCasino,,,Breckenridge Curaçao B.V.,OGL/2024/175/0182,assessment in progress,"December 24, 2025",licence-matched,,not contacted,,live,yes,200,InterCasino | Welcome to InterCasino,,2026-08-14
curacao,,play.yuugado.net,Yuugado,info@vjgroupaffiliation.com,affcatalog:VJ Group Affiliation,Breckenridge Curaçao B.V.,OGL/2024/175/0182,assessment in progress,"December 24, 2025",licence-matched,,not contacted,,live,yes,200,Yuugado | Where you get the big wins,,2026-08-14
curacao,,katanaspin.com,ᐈ Katanaspin,support@katanaspin.com,site-contact-page,Caishxn Holding B.V.,OGL/2024/1546/0828,assessment in progress,"December 24, 2025",licence-matched,,not contacted,,live,yes,200,ᐈ Katanaspin - Play Slots Online For Free or Real Money,,2026-08-14
curacao,,richroger.com,richroger,,,Caishxn Holding B.V.,OGL/2024/1546/0828,assessment in progress,"December 24, 2025",licence-matched,,not contacted,,live,yes,200,,URLError,2026-08-14
curacao,,spinbuddha.com,ᐈ Casino Online and Mobile,support@spinbuddha.com,site-contact-page,Caishxn Holding B.V.,OGL/2024/1546/0828,assessment in progress,"December 24, 2025",licence-matched,,not contacted,,live,yes,200,ᐈ Casino Online and Mobile,,2026-08-14
curacao,,betgcc.com,BetGCC,,,Cetus Technology N.V.,OGL/2024/408/0128,assessment in progress,"December 24, 2025",licence-matched,,not contacted,,live,yes,200,"BetGCC – Online Casino, Live Games, & Big Prizes in the Gulf",,2026-08-14
curacao,,energiekasino.com,EnergieKasino,support_de@energiekasino.com,site-contact-page,Forwell Investments B.V.,OGL/2024/1054/0509,active,"August 21, 2026",licence-matched,,not contacted,,live,yes,200,EnergieKasino,,2026-08-14
curacao,,b52club.info,B52,,,Gladiator Holding N.V.,OGL/2024/1756/0979,assessment in progress,"December 24, 2025",licence-matched,,not contacted,,live,yes,200,B52 – Official Online Platform | Operated by Gladiator Holding N.V.,,2026-08-14
curacao,,iwin.ceo,iWin,,,Gladiator Holding N.V.,OGL/2024/1756/0979,assessment in progress,"December 24, 2025",licence-matched,,not contacted,,live,yes,200,"iWin | iWin Club - Sòng Bạc Thượng Lưu 2025, Tải Game +50K",,2026-08-14
curacao,,nohu.gd,NOHUWIN,,,Gladiator Holding N.V.,OGL/2024/1756/0979,assessment in progress,"December 24, 2025",licence-matched,,not contacted,,live,yes,200,NOHUWIN - Thiên Đường Nổ Hũ Đổi Thưởng Uy Tín Nhất Hiện Nay,,2026-08-14
curacao,,win79.online,Win79,,,Gladiator Holding N.V.,OGL/2024/1756/0979,assessment in progress,"December 24, 2025",licence-matched,,not contacted,,live,yes,200,Win79 – Official Online Platform | Operated by Gladiator Holding N.V.,,2026-08-14
curacao,,playfortuna.com,playfortuna,support@gamblingcraft.com,affcatalog:Gambling Craft,Globonet B.V.,OGL/2024/367/0690,active,"April 17, 2026",licence-matched,,not contacted,,live,yes,200,,,2026-08-14
curacao,,booi.com,booi,support@gamblingcraft.com,affcatalog:Gambling Craft,Globonet B.V.,OGL/2024/367/0690,active,"April 17, 2026",licence-matched,,not contacted,,live,yes,200,Access to the website is restricted in your country,,2026-08-14
curacao,,jozz.com,jozz,support@gamblingcraft.com,affcatalog:Gambling Craft,Globonet B.V.,OGL/2024/367/0690,active,"April 17, 2026",licence-matched,,not contacted,,live,yes,200,,,2026-08-14
curacao,,iwildcasino.com,iwildcasino,,,Goodwin N.V.,OGL/2024/758/0228,active,"January 24, 2026",licence-matched,,not contacted,,live,yes,200,,,2026-08-14
curacao,,lussurio.com,lussurio,,,Goodwin N.V.,OGL/2024/758/0228,active,"January 24, 2026",licence-matched,,not contacted,,live,yes,200,,,2026-08-14
curacao,,snatchcasino.com,snatchcasino,info@iwildpartners.com,affcatalog:iWild Partners,Goodwin N.V.,OGL/2024/758/0228,active,"January 24, 2026",licence-matched,,not contacted,,live,yes,200,,,2026-08-14
curacao,,bet-ibc.com,betibc,support@bet-ibc.com,site-affiliate-page,IBC Broker B.V.,OGL/2024/1230/1099,active,"May 19, 2026",licence-matched,,not contacted,,live,yes,200,"The best betting Agent in the business, welcome to BET-IBC",,2026-08-14
curacao,,betspider.com,HOME,,,IBC Broker B.V.,OGL/2024/1230/1099,active,"May 19, 2026",licence-matched,,not contacted,,live,yes,200,HOME - BETSPIDER™,,2026-08-14
curacao,,bettingsoftware.com,BettingSoftware.com,,,IBC Broker B.V.,OGL/2024/1230/1099,active,"May 19, 2026",licence-matched,,not contacted,,live,yes,200,BettingSoftware.com,,2026-08-14
curacao,,vip-ibc.com,VIP,support@vip-ibc.com,site-contact-page,IBC Broker B.V.,OGL/2024/1230/1099,active,"May 19, 2026",licence-matched,,not contacted,,live,yes,200,VIP-IBC,,2026-08-14
curacao,,speeen.com,Server Default Page,,,JER-Team N.V.,OGL/2024/600/0262,assessment in progress,"January 14, 2026",licence-matched,,not contacted,,live,yes,200,Server Default Page,,2026-08-14
curacao,,hornetbet.io,Hornetbet,affiliate@hornetbet.com,affcatalog:Hornetbet Partners,Jay Services B.V.,OGL/2024/1118/0773,active,"December 4, 2025",licence-matched,,not contacted,,live,yes,200,Hornetbet,,2026-08-14
curacao,,hornet.bet,Hornetbet,affiliate@hornetbet.com,affcatalog:Hornetbet Partners,Jay Services B.V.,OGL/2024/1118/0773,active,"December 4, 2025",licence-matched,,not contacted,,live,yes,200,Hornetbet,,2026-08-14
curacao,,wwetten.com,Hornetbet,,,Jay Services B.V.,OGL/2024/1118/0773,active,"December 4, 2025",licence-matched,,not contacted,,live,yes,200,Hornetbet,,2026-08-14
curacao,,caddebet.com,Caddebet,,,Moonlight N.V.,OGL/2024/551/0622,assessment in progress,"January 17, 2026",licence-matched,,not contacted,,live,yes,200,Caddebet - Caddebet Giriş - Caddebet Bahis Ve Casino,,2026-08-14
curacao,,hayalbahis.com,Hayalbahis,,,Moonlight N.V.,OGL/2024/551/0622,assessment in progress,"January 17, 2026",licence-matched,,not contacted,,live,yes,200,Hayalbahis - Hayalbahis,,2026-08-14
curacao,,pokerklas.com,pokerklas,,,Moonlight N.V.,OGL/2024/551/0622,assessment in progress,"January 17, 2026",licence-matched,,not contacted,,live,yes,200,"Pokerklas Giriş, Pokerklas Güncel ve Yeni Adresi - Pokerklas - Pokerklas Giriş",,2026-08-14
curacao,,luckera.casino,luckera,,,Orange Entertainment B.V.,OGL/2024/1111/0488,active,"March 18, 2026",licence-matched,,not contacted,,live,yes,200,,,2026-08-14
curacao,,belugabahis.com,belugabahis,,,Pinbit N.V.,OGL/2024/601/0623,assessment in progress,"January 17, 2026",licence-matched,,not contacted,,live,yes,200,belugabahis,,2026-08-14
curacao,,jestbahis.com,Jestbahis Yeni ve Güncel Giriş Adresi,,,Pinbit N.V.,OGL/2024/601/0623,assessment in progress,"January 17, 2026",licence-matched,,not contacted,,live,yes,200,Jestbahis Yeni ve Güncel Giriş Adresi - Jestbahis - Jestbahis Giriş,,2026-08-14
curacao,,limanbet.com,Limanbet,,,Pinbit N.V.,OGL/2024/601/0623,assessment in progress,"January 17, 2026",licence-matched,,not contacted,,live,yes,200,Limanbet - Resmi Giriş Adresi Limanbet.com,,2026-08-14
curacao,,lotto247.io,lotto,,,Play UK Internet N.V.,OGL/2024/1404/0617,active,"June 4, 2026",licence-matched,,not contacted,,live,yes,200,,,2026-08-14
curacao,,grandesloterias.com,grandesloterias,,,Play UK Internet N.V.,OGL/2024/1404/0617,active,"June 4, 2026",licence-matched,,not contacted,,live,yes,200,,,2026-08-14
curacao,,playhugelottos.com,playhugelottos,,,Play UK Internet N.V.,OGL/2024/1404/0617,active,"June 4, 2026",licence-matched,,not contacted,,live,yes,200,,,2026-08-14
curacao,,betmac.com,Betmac Casino,info@hodl.partners.com,affcatalog:Hodl Partners,Sefiarray B.V.,OGL/2024/842/0350,active,"July 25, 2026",licence-matched,,not contacted,,live,yes,200,Betmac Casino | Fast Withdrawals - Official site 2025,,2026-08-14
curacao,,betti.com,Sportsbook & Casino Online,support@betti1.com,site-affiliate-page,Sefiarray B.V.,OGL/2024/842/0350,active,"July 25, 2026",licence-matched,,not contacted,,live,yes,200,"Sportsbook & Casino Online | Betting, Live Casino, 3000+ Slots",,2026-08-14
curacao,,truststake.com,TrustStake Casino,,,Sefiarray B.V.,OGL/2024/842/0350,active,"July 25, 2026",licence-matched,,not contacted,,live,yes,200,"TrustStake Casino - Online Slots, Live Casino & Promotions",,2026-08-14
curacao,,boomzy.com,boomzy,,,TH Gambling N.V.,OGL/2024/1468/1024,assessment in progress,"December 24, 2025",licence-matched,,not contacted,,live,yes,200,,,2026-08-14
curacao,,casinovibes.com,casinovibes,affiliates@arcanebet.com,affcatalog:EZY Gaming,TH Gambling N.V.,OGL/2024/1468/1024,assessment in progress,"December 24, 2025",licence-matched,,not contacted,,live,yes,200,,,2026-08-14
curacao,,tuhti.com,TUHTI Casino,,,Trivico B.V.,OGL/2024/799/0255,active,"July 31, 2026",licence-matched,,not contacted,,live,yes,200,TUHTI Casino - Coming Soon,,2026-08-14
curacao,,amelhorvida.com,Melhor Vida,,,Zerone B.V.,OGL/2024/738/0549,assessment in progress,"December 24, 2025",licence-matched,,not contacted,,live,yes,200,Melhor Vida,,2026-08-14
curacao,,jogobet.com,Domain Is No Longer Listed,,,Zerone B.V.,OGL/2024/738/0549,assessment in progress,"December 24, 2025",licence-matched,,not contacted,,live,yes,200,Domain Is No Longer Listed | Efty,,2026-08-14
curacao,,dicebet.com,Dicebet,partners@dicebet.com,affcatalog:DiceBet Partners,Advanced Sports Entertainment N.V.,OGL/2024/635/0818,active,"June 4, 2026",licence-matched,,not contacted,,live,yes,200,Dicebet,,2026-08-14
curacao,,dicebet-play.com,Geo Blocked,,,Advanced Sports Entertainment N.V.,OGL/2024/635/0818,active,"June 4, 2026",licence-matched,,not contacted,,live,yes,200,Geo Blocked,,2026-08-14
curacao,,dicebet-win.com,Geo Blocked,,,Advanced Sports Entertainment N.V.,OGL/2024/635/0818,active,"June 4, 2026",licence-matched,,not contacted,,live,yes,200,Geo Blocked,,2026-08-14
curacao,,viparabclub.com,VipArabClub,,,Alt.Bet. Exchange B.V.,OGL/2024/785/0229,active,"April 21, 2026",licence-matched,,not contacted,,live,yes,200,VipArabClub,,2026-08-14
curacao,,barawin.com,VipArabClub,,,Alt.Bet. Exchange B.V.,OGL/2024/785/0229,active,"April 21, 2026",licence-matched,,not contacted,,live,yes,200,VipArabClub,,2026-08-14
curacao,,tuskcasino.com,🥇 Online Casino Play Online & Win,,,Alt.Bet. Exchange B.V.,OGL/2024/785/0229,active,"April 21, 2026",licence-matched,,not contacted,,gone,no,451,,HTTP 451,2026-08-14
curacao,,pixcartela.com,Pix Cartela Online,,,Azung B.V.,OGL/2024/835/0400,assessment in progress,"December 24, 2025",licence-matched,,not contacted,,live,yes,200,Pix Cartela Online,,2026-08-14
curacao,,pixreal.bet,PIX REAL ONLINE,,,Azung B.V.,OGL/2024/835/0400,assessment in progress,"December 24, 2025",licence-matched,,not contacted,,live,yes,200,PIX REAL ONLINE,,2026-08-14
curacao,,13spins.com,13Spins,affiliates@13aff.com,affcatalog:13aff Partners,Boom Line B.V.,OGL/2024/599/0274,active,"March 24, 2026",licence-matched,,not contacted,,gone,no,,,TimeoutError,2026-08-14
curacao,,gangsta.casino,Gangsta Online Casino,affiliates@13aff.com,affcatalog:13aff Partners,Boom Line B.V.,OGL/2024/599/0274,active,"March 24, 2026",licence-matched,,not contacted,,live,yes,200,"Gangsta Online Casino | Gangsta Casino Games: blackjack, roulette, baccarat, and more",,2026-08-14
curacao,,egabe.net,Побеждай с EGB,,,Exedra N.V.,OGL/2024/1277/0496,active,"May 23, 2026",licence-matched,,not contacted,,gone,no,451,,HTTP 451,2026-08-14
curacao,,egb.com,"Rush the Game, Win with EGB",support@egbaffiliates.com,affcatalog:eGamingBets Affiliates,Exedra N.V.,OGL/2024/1277/0496,active,"May 23, 2026",licence-matched,,not contacted,,gone,no,451,,HTTP 451,2026-08-14
curacao,,egbs.live,Побеждай с EGB,roman@egb.com,site-affiliate-page,Exedra N.V.,OGL/2024/1277/0496,active,"May 23, 2026",licence-matched,,not contacted,,gone,no,451,,HTTP 451,2026-08-14
curacao,,casinofriday.com,CasinoFriday,affiliates@funnz.partners,affcatalog:Funnz Partners,Far Up Entertainment N.V.,OGL/2024/361/0119,assessment in progress,"December 24, 2025",licence-matched,,not contacted,,gone,no,451,,HTTP 451,2026-08-14
curacao,,betfriday.com,BetFriday,support@betfriday.com,site-contact-page,Far Up Entertainment N.V.,OGL/2024/361/0119,assessment in progress,"December 24, 2025",licence-matched,,not contacted,,live,yes,200,BetFriday | #thatfeeling,,2026-08-14
curacao,,fav.casino,Online Casino LopeBet Casino,,,Favorit United N.V.,OGL/2024/300/0596,active,"May 23, 2026",licence-matched,,not contacted,,live,yes,200,Online Casino LopeBet Casino,URLError,2026-08-14
curacao,,lope.bet,Online Casino LopeBet Casino,,,Favorit United N.V.,OGL/2024/300/0596,active,"May 23, 2026",licence-matched,,not contacted,,live,yes,200,Online Casino LopeBet Casino,,2026-08-14
curacao,,jurassino.com,jurassino,,,GTW B.V.,OGL/2024/250/0115,assessment in progress,"December 24, 2025",licence-matched,,not contacted,,live,yes,200,,,2026-08-14
curacao,,b1tstarz42.com,Bitcoin Casino,,,Gareton B.V.,OGL/2024/165/0185,assessment in progress,"December 24, 2025",licence-matched,,not contacted,,live,yes,200,Bitcoin Casino - Multi-award Winning Crypto Casino | BitStarz,HTTP 502,2026-08-14
curacao,,bitstarz.com,Bitcoin Casino,affiliates@bitstarz.com,affcatalog:Bitstarz Affiliates,Gareton B.V.,OGL/2024/165/0185,assessment in progress,"December 24, 2025",licence-matched,,not contacted,,gone,no,451,,HTTP 451,2026-08-14
curacao,,cashy.com,Cashy,,,Gareton B.V.,OGL/2024/165/0185,assessment in progress,"December 24, 2025",licence-matched,,not contacted,,live,yes,200,Cashy | Online Crypto Casino | No Wagering & Fast Payouts,,2026-08-14
curacao,,9winz.com,winz,aff@9winz.com,affcatalog:9Winz Affiliates,Globis N.V.,OGL/2024/1194/0723,active,"February 12, 2026",licence-matched,,not contacted,,live,yes,200,Online Casino 9winz ✓ Play different games,,2026-08-14
curacao,,go88.hm,Go88,,,Green Stream Technology B.V.,OGL/2024/1264/1125,active,"April 9, 2026",licence-matched,,not contacted,,live,yes,200,Go88 – Official Online Platform | Operated by Green Stream Technology B.V.,,2026-08-14
curacao,,manclub.mba,ManClub Chính Thức,,,Green Stream Technology B.V.,OGL/2024/1264/1125,active,"April 9, 2026",licence-matched,,not contacted,,live,yes,200,ManClub Chính Thức - Trang Chủ Game Bài Đổi Thưởng Man Club,,2026-08-14
curacao,,yo88.zip,Yo88,,,Green Stream Technology B.V.,OGL/2024/1264/1125,active,"April 9, 2026",licence-matched,,not contacted,,live,yes,200,Yo88 - Link Tải Yo88 Tài Xỉu Chính Thức 2026,,2026-08-14
curacao,,f7casino.com,ᐈ F7casino,support@f7casino.com,site-contact-page,Investan N.V.,OGL/2024/1630/1008,assessment in progress,"December 24, 2025",licence-matched,,not contacted,,live,yes,200,ᐈ F7casino - Play Slots Online For Free or Real Money,,2026-08-14
curacao,,fridaywave.com,fridaywave,,,Investan N.V.,OGL/2024/1630/1008,assessment in progress,"December 24, 2025",licence-matched,,not contacted,,live,yes,200,,URLError,2026-08-14
curacao,,gekipachi.com,アツパチ,,,Lucifer N.V.,OGL/2024/1635/0968,active,"May 9, 2026",licence-matched,,not contacted,,live,yes,200,アツパチ|日本.1オンラインパチンコ|pachinko|pachislot,,2026-08-14
curacao,,hw.vip,HWYL.COM 好玩娱乐,,,Lucifer N.V.,OGL/2024/1635/0968,active,"May 9, 2026",licence-matched,,not contacted,,live,yes,200,HWYL.COM 好玩娱乐,,2026-08-14
curacao,,u.vip,U.VIP,,,Lucifer N.V.,OGL/2024/1635/0968,active,"May 9, 2026",licence-matched,,not contacted,,live,yes,200,U.VIP,,2026-08-14
curacao,,bet4.cl,bet4,,,Media4 Curaçao N.V.,OGL/2024/1510/0839,active,"March 26, 2026",licence-matched,,not contacted,,live,yes,200,bet4 - Bono de Bienvenida,,2026-08-14
curacao,,betmexico.mx,Betmexico,partners@betmexico.mx,site-contact-page,Media4 Curaçao N.V.,OGL/2024/1510/0839,active,"March 26, 2026",licence-matched,,not contacted,,live,yes,200,Betmexico | Apuestas y casino en línea con bonos de bienvenida,,2026-08-14
curacao,,meucassino.com,MeuCassino,,,Mic Group Entertainment N.V.,OGL/2024/1580/0801,assessment in progress,"January 14, 2026",licence-matched,,not contacted,,live,yes,200,MeuCassino,,2026-08-14
curacao,,hotbet.bet,Cargando...,,,Misterio Vacio B.V.,OGL/2024/1334/1038,active,"May 23, 2026",licence-matched,,not contacted,,live,yes,200,Cargando...,,2026-08-14
curacao,,pngbet.com,Redirecting...,,,Misterio Vacio B.V.,OGL/2024/1334/1038,active,"May 23, 2026",licence-matched,,not contacted,,live,yes,200,Redirecting...,,2026-08-14
curacao,,casinolevant.com,Casinolevant Güncel Giriş Adresi 2026,info@casinolevant.com,site-contact-page,Nova Data Solutions B.V.,OGL/2024/1220/0573,active,"July 5, 2026",licence-matched,,not contacted,,live,yes,200,Casinolevant Güncel Giriş Adresi 2026 | Casinolevant Resmi Yeni Giriş Linki | Kesintisiz C,,2026-08-14
curacao,,sanscasino.com,Şans Casino Giriş Yap,,,Nova Data Solutions B.V.,OGL/2024/1220/0573,active,"July 5, 2026",licence-matched,,not contacted,,live,yes,200,Şans Casino Giriş Yap - En Çok Kazandıran Slot Sitesi,,2026-08-14
curacao,,vidobet.com,Vidobet Para Yatırma ve Çekme,,,Nova Data Solutions B.V.,OGL/2024/1220/0573,active,"July 5, 2026",licence-matched,,not contacted,,live,yes,200,"Vidobet Para Yatırma ve Çekme: Papara, Kripto ve Havale",,2026-08-14
curacao,,r7.bet,R7.BET,,,One Internet B.V.,OGL/2024/1053/0486,active,"May 23, 2026",licence-matched,,not contacted,,blocked,no,403,,HTTP 403,2026-08-14
curacao,,paripesa.com,paripesa,partners@paripesapartners.org,affcatalog:Paripesa Partners,Optim Development B.V.,OGL/2024/225/0601,assessment in progress,"January 16, 2026",licence-matched,,not contacted,,live,yes,203,,,2026-08-14
curacao,,tedbet.com,Region restrictions,support@bons.partners,affcatalog:Bons Partners,Owl In N.V.,OGL/2024/774/0362,active,"March 7, 2026",licence-matched,,not contacted,,live,yes,200,Region restrictions,,2026-08-14
curacao,,betsat.com,Betsat Giriş,,,Poligon Entertainment N.V.,OGL/2024/815/0653,active,"March 7, 2026",licence-matched,,not contacted,,live,yes,200,Betsat Giriş — Betsat Güncel Giriş Adresi 2026,,2026-08-14
curacao,,turkbet.io,Turkbet Bahis Sitesi,,,Poligon Entertainment N.V.,OGL/2024/815/0653,active,"March 7, 2026",licence-matched,,not contacted,,live,yes,200,Turkbet Bahis Sitesi - Türkiye'nin Bahis Sitesi,,2026-08-14
curacao,,cassinopix.com,Cassino BET,,,Superbet88 International N.V.,OGL/2024/1619/0872,active,"March 9, 2026",licence-matched,,not contacted,,live,yes,200,Cassino BET | Plataforma Online no Brasil | Pix e Segurança - Cassino.Bet.Br,,2026-08-14
curacao,,aztecspinz.com,Aztec Spins,,,SureWin B.V.,OGL/2024/1341/0995,active,"May 23, 2026",licence-matched,,not contacted,,live,yes,200,Aztec Spins,,2026-08-14
curacao,,ninecasino.com,ninecasino,support@ninecasino.com,site-contact-page,Uno Digital Media B.V.,OGL/2024/1267/0760,active,"November 9, 2025",licence-matched,,not contacted,,live,yes,200,Nine Casino Official Site ᐉ Ninecasino Login,,2026-08-14
curacao,,elitbahis.com,Elitbahis Giriş Ve Kayıt,,,Venus International B.V.,OGL/2024/1127/0766,active,"April 29, 2026",licence-matched,,not contacted,,live,yes,200,Elitbahis Giriş Ve Kayıt - Elitbahis Güncel Giriş Adresi,,2026-08-14
curacao,,metrobahis.com,Metrobahis,,,Venus International B.V.,OGL/2024/1127/0766,active,"April 29, 2026",licence-matched,,not contacted,,live,yes,200,Metrobahis - Metrobahis - Giriş - Güncel - 2026,,2026-08-14
curacao,,v.vegas,V Vegas Casino Online,support@v.vegas,site-affiliate-page,Whitebox B.V.,OGL/2024/822/0338,active,"April 14, 2026",licence-matched,,not contacted,,live,yes,200,"V Vegas Casino Online | Slots, Bonuses & Fast Payouts",,2026-08-14
curacao,,wrbet.me,Wrbet Kenya casino online,,,Zeno Club B.V.,OGL/2024/401/0680,active,"March 5, 2026",licence-matched,,not contacted,,live,yes,200,Wrbet Kenya casino online| up to 100% bonus,,2026-08-14
curacao,,324bet.com,324bet,,,50 Gold B.V.,OGL/2024/1144/0972,active,"March 30, 2026",licence-matched,,not contacted,,live,yes,200,324bet,,2026-08-14
curacao,,betzillocasino.com,Online Casino for Real Money,info@betzillocasino.com,site-contact-page,AMNM B.V.,OGL/2024/1149/0634,active,"January 3, 2026",licence-matched,,not contacted,,live,yes,200,Online Casino for Real Money | Betzillo,,2026-08-14
curacao,,voltacasino.com,Play online for money,,,Agenics N.V.,OGL/2024/1309/0602,active,"November 9, 2025",licence-matched,,not contacted,,live,yes,200,Play online for money | Casino Volta,,2026-08-14
curacao,,vostokcasino.com,Play online for money,,,Agenics N.V.,OGL/2024/1309/0602,active,"November 9, 2025",licence-matched,,not contacted,,live,yes,200,Play online for money | Casino Volta,,2026-08-14
curacao,,winwin.bet,winwin,,,Alasia Soft B.V.,OGL/2024/433/0399,assessment in progress,"December 24, 2025",licence-matched,,not contacted,,gone,no,451,,HTTP 451,2026-08-14
curacao,,ww-bet.com,wwbet,,,Alasia Soft B.V.,OGL/2024/433/0399,assessment in progress,"December 24, 2025",licence-matched,,not contacted,,live,yes,203,,,2026-08-14
curacao,,slots.lv,SlotsLV,,,Arbol Media B.V.,OGL/2024/670/0711,active,"July 14, 2026",licence-matched,,not contacted,,live,yes,200,SlotsLV | Online Slots | Real money slots,,2026-08-14
curacao,,cafecasino.lv,Online Casino,,,Arbol Media B.V.,OGL/2024/670/0711,active,"July 14, 2026",licence-matched,,not contacted,,live,yes,200,Online Casino | Real Money Games | Cafe Casino,,2026-08-14
curacao,,arrowexch.com,Arrow Exchange,,,Arrow Wood N.V.,OGL/2024/2289/1184,active,"March 28, 2026",licence-matched,,not contacted,,live,yes,200,Arrow Exchange,,2026-08-14
curacao,,thearrowwood.com,Arrow Wood,,,Arrow Wood N.V.,OGL/2024/2289/1184,active,"March 28, 2026",licence-matched,,not contacted,,live,yes,200,Arrow Wood,,2026-08-14
curacao,,jonbet.io,jonbet,partners@jonbet.com,site-affiliate-page,Ascend Entertainment N.V.,OGL/2024/1467/0728,assessment in progress,"December 24, 2025",licence-matched,,not contacted,,live,yes,200,,,2026-08-14
curacao,,jon.bet,jon,partners@jonbet.com,site-affiliate-page,Ascend Entertainment N.V.,OGL/2024/1467/0728,assessment in progress,"December 24, 2025",licence-matched,,not contacted,,live,yes,200,,,2026-08-14
curacao,,betgr8.com,Betgr8,,,BG8 Entertainment N.V.,OGL/2024/1657/1069,active,"April 14, 2026",licence-matched,,not contacted,,live,yes,200,Betgr8 | Join today | High Sports Betting Odds | Large Betting Markets,,2026-08-14
curacao,,betgreat.com,Betgr8,,,BG8 Entertainment N.V.,OGL/2024/1657/1069,active,"April 14, 2026",licence-matched,,not contacted,,live,yes,200,Betgr8 | Join today | High Sports Betting Odds | Large Betting Markets,,2026-08-14
curacao,,fantasino.com,Hello There!,,,Bamla Limited N.V.,OGL/2024/1258/0552,active,"April 16, 2026",licence-matched,,not contacted,,live,yes,200,Hello There!,,2026-08-14
curacao,,rioplay.com,Hello There!,partners@baltent.com,affcatalog:RioPlay Affiliates,Bamla Limited N.V.,OGL/2024/1258/0552,active,"April 16, 2026",licence-matched,,not contacted,,live,yes,200,Hello There!,,2026-08-14
curacao,,gogoroyal.com,GOGOROYAL,,,Bet n Play Solution B.V.,OGL/2024/927/1070,active,"April 21, 2026",licence-matched,,not contacted,,live,yes,200,GOGOROYAL :: Bienvenid@,,2026-08-14
curacao,,betsala.com,betsala,soporte@betsala.com,site-contact-page,Betsala B.V.,OGL/2024/1506/0854,assessment in progress,"December 24, 2025",licence-matched,,not contacted,,live,yes,200,Apuestas Deportivas y Casino online en Chile | Betsala,,2026-08-14
curacao,,playsala.com,PlaySala Chile,,,Betsala B.V.,OGL/2024/1506/0854,assessment in progress,"December 24, 2025",licence-matched,,not contacted,,live,yes,200,PlaySala Chile - El Casino más divertido de Chile.,,2026-08-14
curacao,,banger.casino,Casino,support@glory.bet,affcatalog:Glory Partners,Bettor IO N.V.,OGL/2024/1699/1163,active,"March 23, 2026",licence-matched,,not contacted,,live,yes,200,Casino | Real Money Casino Games | Best Online Slot,,2026-08-14
curacao,,glory.casino,Casino,support@glory.bet,affcatalog:Glory Partners,Bettor IO N.V.,OGL/2024/1699/1163,active,"March 23, 2026",licence-matched,,not contacted,,live,yes,200,Casino | Real Money Casino Games | Best Online Slot,,2026-08-14
curacao,,betandreas.com,betandreas,,,Bizbon N.V.,OGL/2024/597/0249,active,"March 23, 2026",licence-matched,,not contacted,,live,yes,200,,,2026-08-14
curacao,,mostbet.com,Mostbet official website,help@mostbet.partners,affcatalog:MostBet Partners,Bizbon N.V.,OGL/2024/597/0249,active,"March 23, 2026",licence-matched,,not contacted,,live,yes,200,Mostbet official website,,2026-08-14
curacao,,lil.bet,lil,,,Blackbelt N.V.,OGL/2024/131/0296,assessment in progress,"December 24, 2025",licence-matched,,not contacted,,live,yes,203,,,2026-08-14
curacao,,a360.bet,a,support-en@a360.bet,site-contact-page,Borondoso B.V.,OGL/2024/1041/0856,assessment in progress,"December 24, 2025",licence-matched,,not contacted,,live,yes,203,,,2026-08-14
curacao,,apuesta360.com,apuesta,,,Borondoso B.V.,OGL/2024/1041/0856,assessment in progress,"December 24, 2025",licence-matched,,not contacted,,live,yes,203,,,2026-08-14
curacao,,bodog.io,Yoyocasino.com,,,Caravan Media B.V.,OGL/2024/674/0714,assessment in progress,"December 27, 2025",licence-matched,,not contacted,,live,yes,200,Yoyocasino.com: Online Casino and Slots Games for Real Money,,2026-08-14
curacao,,ozoon.eu,ozoon,,,Caravan Media B.V.,OGL/2024/674/0714,assessment in progress,"December 27, 2025",licence-matched,,not contacted,,live,yes,200,"Sportsbook, Casino and Poker at Ozoon Canada",,2026-08-14
curacao,,pincowins.com,pincowins,,,Carlitta N.V.,OGL/2024/1516/0841,assessment in progress,"December 24, 2025",licence-matched,,not contacted,,live,yes,200,,,2026-08-14
curacao,,dongamble.com,401,,,Code Harbor N.V.,OGL/2024/486/0261,assessment in progress,"December 24, 2025",licence-matched,,not contacted,,live,yes,201,401 - Unauthorized,,2026-08-14
curacao,,betone.com,betone,,,Continent Gaming N.V.,OGL/2024/1332/0669,assessment in progress,"December 24, 2025",licence-matched,,not contacted,,live,yes,200,Online Crypto Casino & Sports Betting 💎 CHEXX,,2026-08-14
curacao,,chexx.bet,chexx,,,Continent Gaming N.V.,OGL/2024/1332/0669,assessment in progress,"December 24, 2025",licence-matched,,not contacted,,live,yes,200,Online Crypto Casino & Sports Betting 💎 CHEXX,,2026-08-14
curacao,,grandelix.com,grandelix,,,Disrupt Entertainment Limited N.V.,OGL/2024/668/0844,active,"January 1, 2026",licence-matched,,not contacted,,live,yes,200,,,2026-08-14
curacao,,slots99.io,slots,,,Disrupt Entertainment Limited N.V.,OGL/2024/668/0844,active,"January 1, 2026",licence-matched,,not contacted,,live,yes,200,,,2026-08-14
curacao,,spinado.com,Spinado Casino,support-jp@jimpartners.com,affcatalog:Jim Partners,Double Entertainment N.V.,OGL/2024/1650/0921,active,"January 23, 2026",licence-matched,,not contacted,,live,yes,200,Spinado Casino,,2026-08-14
curacao,,twistercasino.com,Twister Casino,customercare@twistercasino.email,site-contact-page,Double Entertainment N.V.,OGL/2024/1650/0921,active,"January 23, 2026",licence-matched,,not contacted,,live,yes,200,Twister Casino,,2026-08-14
curacao,,bigwin.com,Bigwin,,,EastPoint Operations B.V.,OGL/2024/1093/0504,active,"April 28, 2026",licence-matched,,not contacted,,live,yes,200,Bigwin | Aina voi voittaa,,2026-08-14
curacao,,bigwins.com,Big Wins,contact@moonrocketaffiliates.com,affcatalog:Moonrocket Affiliates,EastPoint Operations B.V.,OGL/2024/1093/0504,active,"April 28, 2026",licence-matched,,not contacted,,live,yes,200,Big Wins – Parhaat nettikasinot 2025 – voittajien valinnat,,2026-08-14
curacao,,pokerplanets.com,PokerPlanets ᐈ Official Site,support@pokerplanets.com,site-contact-page,Entertainment Planets B.V.,OGL/2024/1469/0855,assessment in progress,"December 24, 2025",licence-matched,,not contacted,,live,yes,200,PokerPlanets ᐈ Official Site,,2026-08-14
curacao,,coldbet.com,coldbet,support@coldbet.partners,affcatalog:Coldbet Partners,Game2Net B.V.,OGL/2024/296/1093,active,"August 2, 2026",licence-matched,,not contacted,,live,yes,203,,,2026-08-14
curacao,,sprutcasino.com,Ласкаво просимо,,,Game2Net B.V.,OGL/2024/296/1093,active,"August 2, 2026",licence-matched,,not contacted,,live,yes,200,Ласкаво просимо,,2026-08-14
curacao,,fridayspin.com,ᐈ fridayspin,,,Gaminara N.V.,OGL/2024/2173/1161,active,"April 3, 2026",licence-matched,,not contacted,,live,yes,200,ᐈ fridayspin - Play Slots Online For Free or Real Money,,2026-08-14
curacao,,rollambia.com,ᐈ Rollambia,support@rollambia.com,site-contact-page,Gaminara N.V.,OGL/2024/2173/1161,active,"April 3, 2026",licence-matched,,not contacted,,live,yes,200,ᐈ Rollambia - Play Slots Online For Free or Real Money,,2026-08-14
curacao,,gameszapped.com,gameszapped,,,Get Zapped Gaming N.V.,OGL/2024/1592/0901,active,"August 19, 2026",licence-matched,,not contacted,,blocked,no,403,,HTTP 403,2026-08-14
curacao,,spinza.co.za,co,support@spinza.co.za,site-contact-page,Gleneagles B.V.,OGL/2024/1242/0772,active,"April 3, 2026",licence-matched,,not contacted,,live,yes,200,Get A 200% Welcome Bonus at South Africa's Largest Casino | Spinza,,2026-08-14
curacao,,golden-winners.com,goldenwinners,,,Gleneagles B.V.,OGL/2024/1242/0772,active,"April 3, 2026",licence-matched,,not contacted,,live,yes,200,,,2026-08-14
curacao,,betssen.com,BETSSEN,partners@betssen.com,affcatalog:BETSSEN Partners,Great BDG Randon Entertainment N.V.,OGL/2024/544/0557,active,"April 28, 2026",licence-matched,,not contacted,,live,yes,200,BETSSEN - Sportsbook | Casino | Live Games | Poker,,2026-08-14
curacao,,baocasino.com,Online Casino BAO Casino,,,Highbet B.V.,OGL/2024/295/0600,assessment in progress,"January 21, 2026",licence-matched,,not contacted,,live,yes,200,Online Casino BAO Casino,,2026-08-14
curacao,,grandzbet.com,Grandz Bet,financial@peakgamble.com,affcatalog:Peak Gamble Affiliates,Inovaplay B.V.,OGL/2024/221/0534,active,"August 12, 2026",licence-matched,,not contacted,,live,yes,200,Grandz Bet: Sports Betting and Online Casino,,2026-08-14
curacao,,spacefortuna.com,spacefortuna,financial@peakgamble.com,affcatalog:Peak Gamble Affiliates,Inovaplay B.V.,OGL/2024/221/0534,active,"August 12, 2026",licence-matched,,not contacted,,live,yes,200,🚀 Space Fortuna™ ▷ Enjoy The Best Games & Bonuses Online!,,2026-08-14
curacao,,fan-sport.com,fansport,info@fanpartners.bet,affcatalog:FANPARTNERS,Interactive Betting N.V.,OGL/2024/537/0691,assessment in progress,"December 24, 2025",licence-matched,,not contacted,,live,yes,203,,,2026-08-14
curacao,,top-bet.com,topbet,affiliates@topbet.co.za,affcatalog:Topbet Affiliates,Interactive Betting N.V.,OGL/2024/537/0691,assessment in progress,"December 24, 2025",licence-matched,,not contacted,,live,yes,203,,,2026-08-14
curacao,,betongame.com,betongame,support@betongame.partners,affcatalog:Betongame Partners,Kromstex B.V.,OGL/2024/313/0337,assessment in progress,"December 24, 2025",licence-matched,,not contacted,,live,yes,203,,,2026-08-14
curacao,,funpari.com,funpari,support@funpari.partners,affcatalog:FunPari Partners,Kromstex B.V.,OGL/2024/313/0337,assessment in progress,"December 24, 2025",licence-matched,,not contacted,,live,yes,203,,,2026-08-14
curacao,,sportsbits.com,Duelbits,,,Liquid Entertainment N.V.,OGL/2024/1507/0838,assessment in progress,"December 24, 2025",licence-matched,,not contacted,,live,yes,200,Duelbits: Online Sports Betting & Crypto Casino - Live odds BTC Casino,,2026-08-14
curacao,,1king.com,...,contact@pmaffiliates.com,affcatalog:Parimatch Affiliates,Losartez B.V.,OGL/2024/1441/0693,active,"January 31, 2026",licence-matched,,not contacted,,live,yes,200,...,,2026-08-14
curacao,,lukscasino.com,...,,,Losartez B.V.,OGL/2024/1441/0693,active,"January 31, 2026",licence-matched,,not contacted,,live,yes,200,...,,2026-08-14
curacao,,luckytony.com,Lucky Tony Casino,,,Magic Stones N.V.,OGL/2024/566/0462,active,"March 26, 2026",licence-matched,,not contacted,,live,yes,200,Lucky Tony Casino,,2026-08-14
curacao,,magic365.com,Magic365 Casino,en_support@magic365.email,site-contact-page,Magic Stones N.V.,OGL/2024/566/0462,active,"March 26, 2026",licence-matched,,not contacted,,live,yes,200,Magic365 Casino,,2026-08-14
curacao,,samogon.bet,SAMOGON,,,Mamba Edge B.V.,OGL/2024/976/0894,assessment in progress,"December 24, 2025",licence-matched,,not contacted,,live,yes,200,SAMOGON,,2026-08-14
curacao,,vodka.bet,VODKA,,,Mamba Edge B.V.,OGL/2024/976/0894,assessment in progress,"December 24, 2025",licence-matched,,not contacted,,live,yes,200,VODKA,,2026-08-14
curacao,,csgoempire.gg,The most trusted Counter,,,Moonrail Limited B.V.,OGL/2024/1183/0869,active,"March 30, 2026",licence-matched,,not contacted,,live,yes,200,The most trusted Counter-Strike Skin Gambling Site,,2026-08-14
curacao,,csgoempirev2.com,The most trusted Counter,,,Moonrail Limited B.V.,OGL/2024/1183/0869,active,"March 30, 2026",licence-matched,,not contacted,,live,yes,200,The most trusted Counter-Strike Skin Gambling Site,,2026-08-14
curacao,,fastpari-afro.com,FastPari,,,Mystic Glitter B.V.,OGL/2024/997/0945,assessment in progress,"December 24, 2025",licence-matched,,not contacted,,live,yes,200,FastPari,,2026-08-14
curacao,,fastpari.com,fastpari,support@fastpari.partners,affcatalog:FastPari Partners,Mystic Glitter B.V.,OGL/2024/997/0945,assessment in progress,"December 24, 2025",licence-matched,,not contacted,,live,yes,200,FastPari ᐉ Online Sports Betting ᐉ FastPari Online Bookmaker Log In ᐉ fastpari.com,,2026-08-14
curacao,,betbuq.com,Betbuq Sportbook,,,NewGenx N.V.,OGL/2024/1234/0896,active,"June 6, 2026",licence-matched,,not contacted,,live,yes,200,Betbuq Sportbook,,2026-08-14
curacao,,vivafortuna.casino,Vivafortuna,,,NewGenx N.V.,OGL/2024/1234/0896,active,"June 6, 2026",licence-matched,,not contacted,,live,yes,200,Vivafortuna,,2026-08-14
curacao,,rocket.run,Rocket.run,partners@newgenaffiliates.com,affcatalog:Newgen Affiliates,Ninetynine N.V.,OGL/2023/166/0071,assessment in progress,"December 24, 2025",licence-matched,,not contacted,,live,yes,200,Rocket.run | Easy Winning Crypto Gambling | ★Get Lucky★,,2026-08-14
curacao,,wayyy.com,Wayyy,,,Ninetynine N.V.,OGL/2023/166/0071,assessment in progress,"December 24, 2025",licence-matched,,not contacted,,live,yes,200,Wayyy: Premier Crypto Casino & Sports Betting,,2026-08-14
curacao,,wild.io,Wild.io,affiliates@wild.io,affcatalog:WildPartners,Nonce Gaming B.V.,OGL/2024/210/0198,active,"April 14, 2026",licence-matched,,not contacted,,live,yes,200,Wild.io - Bitcoin & Crypto Casino with Instant Withdrawals,,2026-08-14
curacao,,odds4sports.com,Odds4Sports,,,Ole Group International B.V.,OGL/2024/1358/1233,active,"July 25, 2026",licence-matched,,not contacted,,live,yes,200,Odds4Sports | Best Bookmakers & Exchanges in one Platform,,2026-08-14
curacao,,jvspin.com,Access to website is restricted,partners@jvspinbet.com,affcatalog:JVSpin Partners,Orakum N.V.,OGL/2024/586/0786,active,"March 28, 2026",licence-matched,,not contacted,,live,yes,203,Access to website is restricted,,2026-08-14
curacao,,boostwin.com,BoostWin,support@boostwin.com,site-contact-page,Playora B.V.,OGL/2024/456/0257,assessment in progress,"December 24, 2025",licence-matched,,not contacted,,live,yes,200,BoostWin,,2026-08-14
curacao,,go-habibi.com,GoHabibi,,,Playora B.V.,OGL/2024/456/0257,assessment in progress,"December 24, 2025",licence-matched,,not contacted,,live,yes,200,GoHabibi,,2026-08-14
curacao,,jackpotraider.com,ᐈ JackpotRaider,support@jackpotraider.com,site-contact-page,Pointissimo B.V.,OGL/2024/969/1019,active,"March 26, 2026",licence-matched,,not contacted,,live,yes,200,ᐈ JackpotRaider - Play Slots Online For Free or Real Money,,2026-08-14
curacao,,ninewin.com,ᐈ Casino Online and Mobile,support@ninewin.com,site-contact-page,Pointissimo B.V.,OGL/2024/969/1019,active,"March 26, 2026",licence-matched,,not contacted,,live,yes,200,ᐈ Casino Online and Mobile,,2026-08-14
curacao,,blaze.com,Blaze,partners@blaze.com,site-affiliate-page,Prolific Trade N.V.,OGL/2024/1415/0636,assessment in progress,"December 24, 2025",licence-matched,,not contacted,,live,yes,200,Blaze - The Most Exclusive Online Gaming Platform!,,2026-08-14
curacao,,blaze.bet.br,Blaze,,,Prolific Trade N.V.,OGL/2024/1415/0636,assessment in progress,"December 24, 2025",licence-matched,,not contacted,,live,yes,200,Blaze - The Most Exclusive Online Gaming Platform!,,2026-08-14
curacao,,dreamroyale.com,Dream Royale,,,Raeen Exchange N.V.,OGL/2024/1743/0960,active,"January 22, 2026",licence-matched,,not contacted,,live,yes,200,Dream Royale | Fastest Withdrawals & Trusted Crypto Casino,,2026-08-14
curacao,,realreelscasino.com,realreelscasino,,,River Entertainment B.V.,OGL/2024/688/0234,active,"April 14, 2026",licence-matched,,not contacted,,live,yes,200,,,2026-08-14
curacao,,kilogram.club,Kilogram Club,affilate@snowdunes.org,affcatalog:Snow Dunes Partners,Snowdunes B.V.,OGL/2024/604/0267,active,"April 28, 2026",licence-matched,,not contacted,,live,yes,200,"Kilogram Club — онлайн-казино, слоты и бонусы каждый день",,2026-08-14
curacao,,marsbahis.com,Marsbahis Giriş,,,Stella Tech B.V.,OGL/2024/1292/0546,assessment in progress,"December 24, 2025",licence-matched,,not contacted,,live,yes,200,Marsbahis Giriş - Marsbahis Güncel Adres ve Üyelik,,2026-08-14
curacao,,apuesterapido.com,Apuesta Rápido Bet,,,Twins Games N.V.,OGL/2024/1681/0917,active,"March 3, 2026",licence-matched,,not contacted,,live,yes,200,Apuesta Rápido Chile | Casino y deportes +18,,2026-08-14
curacao,,bonkersbet.com,BonkersBet.com,support@bonkersbet.com,site-contact-page,Velorum Corporation N.V.,OGL/2024/1384/0627,active,"June 4, 2026",licence-matched,,not contacted,,live,yes,200,BonkersBet.com,,2026-08-14
curacao,,star7.casino,Star7,,,Velorum Corporation N.V.,OGL/2024/1384/0627,active,"June 4, 2026",licence-matched,,not contacted,,live,yes,200,Star7 | Sports & In-Play | Casino & Live-Casino,,2026-08-14
curacao,,bboro.com,Sports betting,,,Webmedia Development N.V.,OGL/2024/884/0471,active,"March 5, 2026",licence-matched,,not contacted,,live,yes,200,Sports betting|Premier league betting odds,,2026-08-14
curacao,,betjordan.com,BetJordan™,,,Y Enterprises B.V.,OGL/2024/1123/0641,active,"January 3, 2026",licence-matched,,not contacted,,live,yes,200,BetJordan™ | Your LIMITLESS Online Casino & Sports Betting,,2026-08-14
curacao,,qizilbilet.com,qizilbilet.com,,,Yungmetro B.V.,OGL/2024/1038/0879,assessment in progress,"December 24, 2025",licence-matched,,not contacted,,live,yes,200,qizilbilet.com,URLError,2026-08-14
curacao,,yohoho.bet,yohoho,support@yohoho.partners,affcatalog:Yohoho Partners,Yungmetro B.V.,OGL/2024/1038/0879,assessment in progress,"December 24, 2025",licence-matched,,not contacted,,live,yes,200,"Online sports YoHoHo betting, casino and slots ᐉ Yohohobet online bookmaker log in ᐉ yohoh",,2026-08-14
curacao,,jb.com,JB.GAME,business@jb.com,site-affiliate-page,Zozo Technology B.V.,OGL/2024/1519/0809,assessment in progress,"December 24, 2025",licence-matched,,not contacted,,live,yes,200,JB.GAME: Crypto Casino Games & Casino Slot Games - Crypto Gambling,,2026-08-14
curacao,,zozo.fan,ZOZO FAN,,,Zozo Technology B.V.,OGL/2024/1519/0809,assessment in progress,"December 24, 2025",licence-matched,,not contacted,,live,yes,200,ZOZO FAN,,2026-08-14
curacao,,123loterias.com,loterias,,,123 Global Media B.V.,OGL/2024/911/0710,assessment in progress,"December 24, 2025",licence-matched,,not contacted,,live,yes,200,123loterias ∙ Juega tus loterías favoritas por internet,,2026-08-14
curacao,,8xbet.com,8Xbet,,,978 Tech N.V.,OGL/2024/1261/0718,active,"August 22, 2026",licence-matched,,not contacted,,live,yes,200,8Xbet – Trusted Online Betting Brand with Teddy Sheringham & Premier League Partnerships,,2026-08-14
curacao,,efbet.net,efbet,,,AE Group B.V.,OGL/2024/216/0606,active,"August 21, 2026",licence-matched,,not contacted,,live,yes,200,"Online Sports Betting, Live Casino, Games and More | efbet",,2026-08-14
curacao,,sbx.com,SBX,,,Aftermath B.V.,OGL/2024/2082/1136,active,"July 22, 2026",licence-matched,,not contacted,,live,yes,200,SBX — Coming Soon,,2026-08-14
curacao,,roboroll.io,RoboRoll,,,Amaterasu N.V.,OGL/2024/1594/0956,active,"January 22, 2026",licence-matched,,not contacted,,live,yes,200,"RoboRoll | Crypto Casino, Sports Betting & Prediction Markets",,2026-08-14
curacao,,scarletcasino.com,"Best Online Casino with a $10,000 Bonus",,,Apex Analytica N.V.,OGL/2024/762/0569,assessment in progress,"January 17, 2026",licence-matched,,not contacted,,live,yes,200,"Best Online Casino with a $10,000 Bonus | Scarlet Casino Casino",,2026-08-14
curacao,,slotclover.com,slotclover,,,Aspera Operations B.V.,OGL/2024/1068/0572,assessment in progress,"December 24, 2025",licence-matched,,not contacted,,live,yes,200,,,2026-08-14
curacao,,malibuclubcasino.io,Malibu Club,affiliates@zoomaffiliates.io,affcatalog:Zoom Affiliates,Audeo N.V.,OGL/2024/1534/0834,active,"January 22, 2026",licence-matched,,not contacted,,live,yes,200,Malibu Club,,2026-08-14
curacao,,pg-play.com,Country blocked,,,Axum B.V.,OGL/2024/196/0574,active,"July 22, 2026",licence-matched,,not contacted,,live,yes,200,Country blocked,,2026-08-14
curacao,,beastone.co,Beastone,general@beastone.co,site-affiliate-page,Beastone N.V.,OGL/2024/390/0122,assessment in progress,"December 24, 2025",licence-matched,,not contacted,,live,yes,200,Beastone,,2026-08-14
curacao,,ubet.io,UBET.io,partner@ubet.kz,affcatalog:Ubet Partners,BetU Curacao B.V.,OGL/2024/1064/0761,active,"April 28, 2026",licence-matched,,not contacted,,live,yes,200,UBET.io — Fast Crypto Casino Games & Instant Deposits,,2026-08-14
curacao,,betjam.com,betjam,,,Betquest B.V.,OGL/2024/832/0423,assessment in progress,"December 24, 2025",licence-matched,,not contacted,,live,yes,203,,,2026-08-14
curacao,,satoshihero.com,Satoshi Hero,support@satoshihero.com,site-affiliate-page,Bitplay Global B.V.,OGL/2024/201/0270,active,"April 14, 2026",licence-matched,,not contacted,,live,yes,200,"Satoshi Hero — Bitcoin & Crypto Casino, 5,000+ Games",,2026-08-14
curacao,,bk8br.com,bkbr,,,Black Hawk Technology B.V.,OGL/2024/132/1011,active,"May 19, 2026",licence-matched,,not contacted,,live,yes,200,,,2026-08-14
curacao,,bethype.com,BetHype Casino,,,Boost Gaming N.V.,OGL/2024/906/0375,assessment in progress,"December 24, 2025",licence-matched,,not contacted,,live,yes,200,BetHype Casino | Top Crypto Slots & Table Games,,2026-08-14
curacao,,bumbet.com,bumbet,suporte@bumbet.com,site-contact-page,Brindisa Media N.V.,OGL/2024/698/0579,assessment in progress,"December 24, 2025",licence-matched,,not contacted,,live,yes,200,Melhor casino e apostas esportivas online do Brasil | Bumbet,,2026-08-14
curacao,,tigerbet247.com,Online Casino,support@tigerbet247.com,site-affiliate-page,CW Investments N.V.,OGL/2024/285/0330,active,"June 9, 2026",licence-matched,,not contacted,,live,yes,200,Online Casino – 200% Bonus up to $500 + Fast Payouts | TigerBet247,,2026-08-14
curacao,,parimatchs1.com,...,,,Castianes B.V.,OGL/2024/1329/0629,assessment in progress,"December 27, 2025",licence-matched,,not contacted,,live,yes,200,...,,2026-08-14
curacao,,fairpari.com,fairpari,support@fairpari.partners,affcatalog:Fairpari Partners,Centrald B.V.,OGL/2024/1143/0865,assessment in progress,"December 24, 2025",licence-matched,,not contacted,,live,yes,203,,,2026-08-14
curacao,,centrum-global.com,CENTRUM GLOBAL,,,Centrum Global B.V.,OGL/2024/1046/0451,active,"April 9, 2026",licence-matched,,not contacted,,live,yes,200,CENTRUM GLOBAL,,2026-08-14
curacao,,betnimbus.com,betnimbus,,,City Limit B.V.,OGL/2024/1286/0529,assessment in progress,"December 24, 2025",licence-matched,,not contacted,,live,yes,200,,,2026-08-14
curacao,,xolotto.com,xolotto,hello@xolotto.com,site-affiliate-page,Clubhouse Media N.V.,OGL/2024/821/1033,active,"February 5, 2026",licence-matched,,not contacted,,live,yes,200,,,2026-08-14
curacao,,livebetline.com,LiveBetLine,,,Complex Technologies B.V.,OGL/2024/334/0243,assessment in progress,"December 24, 2025",licence-matched,,not contacted,,live,yes,200,LiveBetLine,,2026-08-14
curacao,,ignitionpoker.com,Ignition Poker,,,Connaught Media B.V.,OGL/2024/625/0719,assessment in progress,"January 7, 2026",licence-matched,,not contacted,,live,yes,200,Ignition Poker - Your place to play online,,2026-08-14
curacao,,cosmosbett.com,Cosmos Casino,,,Cosmos Interactive Entertainment N.V.,OGL/2024/1748/0967,active,"January 3, 2026",licence-matched,,not contacted,,live,yes,200,Cosmos Casino,,2026-08-14
curacao,,winebet.com,winebet,,,Cupwin B.V.,OGL/2024/834/0422,assessment in progress,"December 24, 2025",licence-matched,,not contacted,,live,yes,203,,,2026-08-14
curacao,,keint.co,KE International Limited N.V.,,,KE International Limited N.V.,OGL/2024/769/0571,active,"May 19, 2026",licence-matched,,not contacted,,live,yes,200,KE International Limited N.V.,,2026-08-14
curacao,,dazard.club,dazard,affiliates@brofist.partners,affcatalog:Brofist Partners,Dama N.V.,OGL/2023/174/0082,assessment in progress,"December 24, 2025",licence-matched,,not contacted,,live,yes,200,,URLError,2026-08-14
curacao,,sporttyp.com,Sporttyp,,,Delphin Blue Ocean B.V.,OGL/2024/657/0248,active,"July 31, 2026",licence-matched,,not contacted,,live,yes,200,Sporttyp,,2026-08-14
curacao,,portebet.com,portebet,,,Doubled B.V.,OGL/2024/1015/0870,assessment in progress,"December 24, 2025",licence-matched,,not contacted,,live,yes,203,,,2026-08-14
curacao,,bet-football.com,Bet Football,,,Dynamik Marketing B.V.,OGL/2024/1313/0727,active,"March 3, 2026",licence-matched,,not contacted,,live,yes,200,Bet Football - Register now to Official Orbit Exchange Platform - EXCLUSIVE BETTING SERVIC,,2026-08-14
curacao,,tg6.com,Redirecting...,,,Edge Five Entertainment B.V.,OGL/2024/938/1131,active,"March 27, 2026",licence-matched,,not contacted,,live,yes,200,Redirecting...,,2026-08-14
curacao,,mostbet88.com,Mostbet88,,,Evolut Interactive N.V.,OGL/2024/421/0223,active,"March 26, 2026",licence-matched,,not contacted,,live,yes,200,Mostbet88,,2026-08-14
curacao,,wlscasino.com,wlscasino,,,Faraday Online N.V.,OGL/2024/943/0431,active,"March 17, 2026",licence-matched,,not contacted,,live,yes,200,,,2026-08-14
curacao,,betpari.com,betpari,support-tr@betpari.com,site-contact-page,G2 Tech B.V.,OGL/2024/987/0597,assessment in progress,"December 24, 2025",licence-matched,,not contacted,,live,yes,203,,,2026-08-14
curacao,,casinoglory.com,Casino Glory,support@casinoglory.com,site-contact-page,GMFY Tech N.V.,OGL/2024/1586/0788,active,"June 11, 2026",licence-matched,,not contacted,,live,yes,200,Casino Glory - Play Free Casino Games Online | No Download Required,,2026-08-14
curacao,,gambulls.com,Gambulls Crypto Casino,,,Gambulls N.V.,OGL/2024/453/0439,active,"July 25, 2026",licence-matched,,not contacted,,live,yes,200,"Gambulls Crypto Casino | Slots, Live Casino & Sports Betting",,2026-08-14
curacao,,bz.com,bz,,,Genco Pura B.V.,OGL/2024/1496/0934,active,"May 9, 2026",licence-matched,,not contacted,,live,yes,200,,,2026-08-14
curacao,,howl.gg,Howl,partnerships@howl.gg,site-affiliate-page,Genius Touch B.V.,OGL/2024/1638/1028,active,"February 28, 2026",licence-matched,,not contacted,,live,yes,200,Howl - Open a Free Daily Case | Gamble Crypto On Slots,,2026-08-14
curacao,,vippari.bet,vippari,,,Geosix B.V.,OGL/2024/316/0598,assessment in progress,"December 24, 2025",licence-matched,,not contacted,,live,yes,203,,,2026-08-14
curacao,,godbunny.com,GodBunny,,,Godbunny B.V.,OGL/2024/199/0868,active,"July 3, 2026",licence-matched,,not contacted,,live,yes,200,GodBunny,,2026-08-14
curacao,,callibet.com,...,,,Green Point Technology N.V.,OGL/2024/256/0304,assessment in progress,"December 24, 2025",licence-matched,,not contacted,,live,yes,200,...,,2026-08-14
curacao,,ppwin.com,PPWIN,,,Greenwich N.V.,OGL/2024/1385/0658,assessment in progress,"December 24, 2025",licence-matched,,not contacted,,live,yes,200,PPWIN,,2026-08-14
curacao,,cloudbet.com,Cloudbet,affiliates@cloudbet.com,affcatalog:Cloudbet Affiliates,Halcyon Super Holdings B.V.,OGL/2024/328/0599,active,"May 23, 2026",licence-matched,,not contacted,,live,yes,200,Cloudbet: Play on the Best Online Crypto Casino & Sportsbook,,2026-08-14
curacao,,instaslots.com,Instaslots,hey@instaslots.com,site-contact-page,High Seas N.V.,OGL/2024/1533/0769,assessment in progress,"December 24, 2025",licence-matched,,not contacted,,live,yes,200,Instaslots - A New Online Casino With Weekly Cashback,,2026-08-14
curacao,,zumibet.com,Zumibet,,,ILP Trading B.V.,OGL/2024/1119/0593,active,"December 11, 2025",licence-matched,,not contacted,,live,yes,200,Zumibet,,2026-08-14
curacao,,timelesstech.io,Timeless Tech,,,Innova Hub B.V.,OGL/2024/368/0697,active,"August 13, 2026",licence-matched,,not contacted,,live,yes,200,"Timeless Tech - Empowering Your iGaming Journey, Beyond Time",,2026-08-14
curacao,,casinonavy.com,Homepage,support@casinonavy.com,site-affiliate-page,JMS Investment Group N.V.,OGL/2024/675/0939,active,"July 1, 2026",licence-matched,,not contacted,,live,yes,200,Homepage | CasinoNavy,,2026-08-14
curacao,,tar.la,tar,,,Jazz Business Solutions B.V.,OGL/2024/400/0824,assessment in progress,"December 24, 2025",licence-matched,,not contacted,,live,yes,200,,,2026-08-14
curacao,,jetton.online,JetTon Games,info.partners@jetton.games,site-affiliate-page,JetTon Games B.V.,OGL/2024/2287/1195,active,"August 26, 2026",licence-matched,,not contacted,,live,yes,200,JetTon Games: Immerse yourself in unique adventures and exciting games,,2026-08-14
curacao,,poker8.io,Poker with passion,,,Joyeux B.V.,OGL/2024/1603/0850,assessment in progress,"January 9, 2026",licence-matched,,not contacted,,live,yes,200,Poker with passion | Poker8,,2026-08-14
curacao,,kanggiten.com,kanggiten,,,Kanggiten B.V.,OGL/2024/971/0703,active,"March 26, 2026",licence-matched,,not contacted,,live,yes,200,Kanggiten iGaming Platform with Modular Infrastructure,,2026-08-14
curacao,,pongbet88.com,pongbet,,,Krevetka B.V.,OGL/2024/937/0857,assessment in progress,"December 24, 2025",licence-matched,,not contacted,,live,yes,203,,,2026-08-14
curacao,,luckybet.co,LuckyBet,,,LBC Enterprises B.V.,OGL/2024/1221/0500,assessment in progress,"December 24, 2025",licence-matched,,not contacted,,live,yes,200,LuckyBet,,2026-08-14
curacao,,igcbet.com,igcbet,,,LGE Entertainment Limited N.V.,OGL/2024/567/0911,active,"May 9, 2026",licence-matched,,not contacted,,live,yes,200,IGC BET,,2026-08-14
curacao,,caratcasino.com,CaratCasino,,,Leopard B.V.,OGL/2024/793/0757,active,"February 22, 2026",licence-matched,,not contacted,,live,yes,200,CaratCasino – Online Casino & Sportsbook,,2026-08-14
curacao,,livegames.io,LiveGames,partners@live-partners.org,affcatalog:LiveGames,Livetech Software Solutions N.V.,OGL/2024/845/0407,assessment in progress,"December 24, 2025",licence-matched,,not contacted,,live,yes,200,LiveGames – Experience the future of iGaming with our innovative features.,,2026-08-14
curacao,,clickpari.com,clickpari,,,Lotostorm B.V.,OGL/2024/303/300,assessment in progress,"January 14, 2026",licence-matched,,not contacted,,live,yes,203,,,2026-08-14
curacao,,betwinner.llc,BetWinner,support@betwinneraffiliates.com,affcatalog:Betwinner Affiliates,Luckyroo N.V.,OGL/2024/1371/0694,assessment in progress,"December 24, 2025",licence-matched,,not contacted,,live,yes,200,BetWinner,,2026-08-14
curacao,,007casinoroyal.com,007CasinoRoyal.com,,,MCG Technologies N.V.,OGL/2024/1698/0936,active,"August 12, 2026",licence-matched,,not contacted,,live,yes,200,007CasinoRoyal.com,,2026-08-14
curacao,,juegaplus.com,Maintenance,,,Media 21 B.V.,OGL/2024/1339/0864,active,"January 22, 2026",licence-matched,,not contacted,,live,yes,200,Maintenance,,2026-08-14
curacao,,sgslot.com,SG Slot,info@sgslot.com,site-affiliate-page,Meta Tech Innovations B.V.,OGL/2024/325/0187,assessment in progress,"December 24, 2025",licence-matched,,not contacted,,live,yes,200,SG Slot | Asia Top Online Slot Games,,2026-08-14
curacao,,auro777.win,auro,,,Mirth B.V.,OGL/2024/1124/0444,active,"November 9, 2025",licence-matched,,not contacted,,gone,no,200,,near-empty response,2026-08-14
curacao,,monotech.group,Monotech,info@monotech.group,site-affiliate-page,Monotech Solutions B.V.,OGL/2024/1672/0923,assessment in progress,"December 24, 2025",licence-matched,,not contacted,,live,yes,200,"Monotech - New Generation iGaming Platform, Casino and Sportsbook Solutions - iGaming Plat",,2026-08-14
curacao,,crypto.games,CryptoGames,,,MuchGaming B.V.,OGL/2024/1336/1047,active,"August 13, 2026",licence-matched,,not contacted,,live,yes,200,"CryptoGames: Bet and play with Bitcoin, Ethereum, USDT,...",,2026-08-14
curacao,,shuffle.com,Shuffle,partnerships@shuffle.com,affcatalog:Shuffle Affiliates,Natural Nine B.V.,OGL/2024/1337/0628,assessment in progress,"December 24, 2025",licence-matched,,not contacted,,live,yes,200,Shuffle | Crypto Casino & Bitcoin Casino with Sportsbook,,2026-08-14
curacao,,dixy.com,Best CSGO Gaming Site,support@dixy.com,site-affiliate-page,New Age N.V.,OGL/2024/1409/0649,active,"June 6, 2026",licence-matched,,not contacted,,live,yes,200,Best CSGO Gaming Site: Play Best CSGO/CS2 Unboxing Games | dixy.com,,2026-08-14
curacao,,cocobet.com,cocobet,affiliate@cocobet.com,site-affiliate-page,NewEra Information Technology N.V.,OGL/2024/135/0139,assessment in progress,"December 24, 2025",licence-matched,,not contacted,,live,yes,200,,,2026-08-14
curacao,,fujifortunecasino.com,富士フォーチュンカジノ,,,Niollo B.V.,OGL/2024/529/0346,assessment in progress,"December 24, 2025",licence-matched,,not contacted,,live,yes,200,富士フォーチュンカジノ - 富士の恵みで大勝利,,2026-08-14
curacao,,catwin.com,catwin,,,Notica B.V.,OGL/2024/274/0420,assessment in progress,"December 24, 2025",licence-matched,,not contacted,,live,yes,203,,,2026-08-14
curacao,,novagaming88.com,novagaming,,,NovaGaming N.V.,OGL/2024/1671/0916,active,"May 9, 2026",licence-matched,,not contacted,,live,yes,200,,,2026-08-14
curacao,,rolsbet.com,rolsbet,,,Numereto B.V.,OGL/2024/315/0489,assessment in progress,"December 24, 2025",licence-matched,,not contacted,,live,yes,203,,,2026-08-14
curacao,,onion.casino,onion,,,Omega Entertainment N.V.,OGL/2024/558/0973,active,"June 4, 2026",licence-matched,,not contacted,,live,yes,200,,,2026-08-14
curacao,,oponento.com,oponento,,,Opo-Net N.V.,OGL/2024/535/0922,active,"August 22, 2026",licence-matched,,not contacted,,live,yes,200,Online betting on a wide offer of sporting events,,2026-08-14
curacao,,wgmgames.com,wgmgames,support@wgmgames.com,site-contact-page,Overseas Gaming Management B.V.,OGL/2024/2162/1156,active,"April 14, 2026",licence-matched,,not contacted,,live,yes,200,wgmgames,,2026-08-14
curacao,,bitsler.com,Crypto Casino & Sportsbook,partners@bitsler.com,affcatalog:Bitsler Partners,Oyine N.V.,OGL/2024/930/0387,assessment in progress,"December 24, 2025",licence-matched,,not contacted,,live,yes,200,Crypto Casino & Sportsbook | 200% Offers | 7000+ Slots,,2026-08-14
curacao,,oysterbet.com,Oysterbet.com,,,Oyster Media N.V.,OGL/2024/1745/0962,active,"July 5, 2026",licence-matched,,not contacted,,live,yes,200,Oysterbet.com,,2026-08-14
curacao,,shock.com,Shock.com,,,PR Entertainment N.V.,OGL/2024/1320/0958,active,"March 13, 2026",licence-matched,,not contacted,,live,yes,200,"Shock.com – The Best Crypto Casino | Win Big with Slots, Live Casino, & Game Shows",,2026-08-14
curacao,,pegas21.com,Азино777,,,Pegasus 19 B.V.,OGL/2023/187/0094,active,"March 2, 2026",licence-matched,,not contacted,,gone,no,200,Coming Soon,parked / placeholder,2026-08-14
curacao,,waspbet.live,Waspbet TH,,,Platinum Technology N.V.,OGL/2024/137/0132,assessment in progress,"December 24, 2025",licence-matched,,not contacted,,live,yes,200,Waspbet TH - คาสิโนออนไลน์ที่ดีที่สุดในประเทศไทย 2025,,2026-08-14
curacao,,slotszer.com,slotszer,,,Playvision Group B.V.,OGL/2024/968/0753,active,"March 25, 2026",licence-matched,,not contacted,,live,yes,200,slotszer,,2026-08-14
curacao,,7spin.com,7SPIN,service@7spin.com,site-contact-page,Plustar N.V.,OGL/2024/138/0289,active,"May 19, 2026",licence-matched,,not contacted,,live,yes,200,7SPIN | Top Online Casino in Philippines | Free Bonus 100,,2026-08-14
curacao,,betwinner.com,betwinner,support@betwinneraffiliates.com,affcatalog:Betwinner Affiliates,Prevailer B.V.,OGL/2024/341/0759,active,"March 28, 2026",licence-matched,,not contacted,,live,yes,203,,,2026-08-14
curacao,,mintdice.com,MintDice Bitcoin Casino 2.0,,,Prism Sentinel N.V.,OGL/2024/1739/0965,active,"July 22, 2026",licence-matched,,not contacted,,live,yes,200,MintDice Bitcoin Casino 2.0,,2026-08-14
curacao,,kirgo.io,KIRGO,support@kirgo.io,site-affiliate-page,Raining Games N.V.,OGL/2024/2252/1179,active,"February 22, 2026",licence-matched,,not contacted,,live,yes,200,KIRGO | Online Casino & Sportsbook,,2026-08-14
curacao,,red777.com,Red777,,,Red777 N.V.,OGL/2024/948/0661,assessment in progress,"December 24, 2025",licence-matched,,not contacted,,live,yes,200,Red777,,2026-08-14
curacao,,joefortune.com,Joe Fortune,,,Ridley Media N.V.,OGL/2024/676/0726,active,"July 14, 2026",licence-matched,,not contacted,,live,yes,200,"Joe Fortune: Online Casino Australia - $5,000 Welcome Bonus",,2026-08-14
curacao,,beatbet.com,beatbet,affiliates@iceaffiliates.com,affcatalog:ICE Affiliates,Royal Bonanza B.V.,OGL/2024/304/0398,assessment in progress,"December 24, 2025",licence-matched,,not contacted,,live,yes,203,,,2026-08-14
curacao,,estelarbet.cl,estelarbet,,,S3 Tech N.V.,OGL/2024/1347/0683,active,"March 3, 2026",licence-matched,,not contacted,,live,yes,200,"Casino online, apuesta y gana en Estelarbet - Estelarbet",,2026-08-14
curacao,,op7.io,op,,,SKY Sports N.V.,OGL/2024/434/0469,active,"November 19, 2025",licence-matched,,not contacted,,live,yes,200,OP7,,2026-08-14
curacao,,slotmill.com,Slotmill,hr@slotmill.com,site-affiliate-page,SM Tech B.V.,OGL/2024/1293/0543,active,"February 12, 2026",licence-matched,,not contacted,,live,yes,200,Slotmill,,2026-08-14
curacao,,selector-casino.net,selectorcasino,support@selector-casino.net,site-affiliate-page,Selector Group N.V.,OGL/2024/755/0908,active,"April 14, 2026",licence-matched,,not contacted,,live,yes,200,"Селектор официальный сайт ✔️ Войти и играть онлайн на деньги в selector.gg, скачать автома",,2026-08-14
curacao,,paripulse.com,paripulse,affsupport@paripulsepartners.com,affcatalog:PariPulse Partners,Seventoria B.V.,OGL/2024/301/0477,assessment in progress,"December 24, 2025",licence-matched,,not contacted,,live,yes,203,,,2026-08-14
curacao,,oddsgate.com,Oddsgate,,,Shapefy B.V.,OGL/2024/232/0307,active,"March 10, 2026",licence-matched,,not contacted,,live,yes,200,Oddsgate,,2026-08-14
curacao,,bullchance.com,bullchance,,,Softclub N.V.,OGL/2024/2327/1196,active,"August 14, 2026",licence-matched,,not contacted,,live,yes,200,,,2026-08-14
curacao,,plazaplay.com,PlazaPlay is closing,contact@netopartners.com,affcatalog:NetoPartners,Sort Services B.V.,OGL/2024/1305/0545,assessment in progress,"December 24, 2025",licence-matched,,not contacted,,live,yes,200,PlazaPlay is closing,,2026-08-14
curacao,,luckngo.com,luckngo.com online casino,support@luckngo.com,site-contact-page,Spinola ventures B.V.,OGL/2024/2086/1138,active,"June 4, 2026",licence-matched,,not contacted,,live,yes,200,luckngo.com online casino,,2026-08-14
curacao,,db-bet.com,dbbet,support@partnersdbbet.com,affcatalog:DBbet Partners,Sport Tech N.V.,OGL/2024/574/0913,assessment in progress,"December 24, 2025",licence-matched,,not contacted,,live,yes,203,,,2026-08-14
curacao,,moonspin.com,Gaming denied,,,Swivel B.V.,OGL/2024/634/0590,active,"March 30, 2026",licence-matched,,not contacted,,live,yes,200,Gaming denied,,2026-08-14
curacao,,top-x-go.com,topxgo,,,Topxgo N.V.,OGL/2024/496/0781,active,"November 23, 2025",licence-matched,,not contacted,,live,yes,200,,,2026-08-14
curacao,,slots.com,slots,,,Torero Media B.V.,OGL/2024/669/0816,active,"March 24, 2026",licence-matched,,not contacted,,live,yes,200,,,2026-08-14
curacao,,777spins.online,spins,,,Turn1 B.V.,OGL/2024/236/0117,active,"May 9, 2026",licence-matched,,not contacted,,live,yes,200,,,2026-08-14
curacao,,bet4win.net,BET4WIN,,,UnityBet B.V.,OGL/2024/1994/1120,assessment in progress,"December 27, 2025",licence-matched,,not contacted,,live,yes,200,BET4WIN,,2026-08-14
curacao,,vivardocasino.com,Vivardo Casino,,,Vivardo N.V.,OGL/2024/1383/0619,active,"March 3, 2026",licence-matched,,not contacted,,live,yes,200,Vivardo Casino,,2026-08-14
curacao,,patersonbet.com,patersonbet,partners@patersonbet.com,site-affiliate-page,Winholding B.V.,OGL/2024/1290/0515,active,"May 25, 2026",licence-matched,,not contacted,,live,yes,200,,,2026-08-14
curacao,,winity.com,winity,support@gamblingcraft.com,affcatalog:Gambling Craft,Winlink B.V.,OGL/2024/886/0978,active,"May 9, 2026",licence-matched,,not contacted,,live,yes,200,,,2026-08-14
curacao,,fachaigaming.com,Top Online Casino Game Provider,,,WiselnNet Technologies B.V.,OGL/2024/1184/1010,active,"February 22, 2026",licence-matched,,not contacted,,live,yes,200,Top Online Casino Game Provider - FA CHAI Gaming,,2026-08-14
curacao,,casongo.com,casongo,,,XZ Solutions B.V.,OGL/2024/609/0253,assessment in progress,"December 24, 2025",licence-matched,,not contacted,,live,yes,200,Jouez Maintenant ! Paris sportifs et Casino sur CASONGO par Paridirect,,2026-08-14
curacao,,sekabet.com,Sekabet Giriş,,,ZConsulting B.V.,OGL/2024/1248/0716,active,"May 23, 2026",licence-matched,,not contacted,,live,yes,200,Sekabet Giriş | En İyi Spor Bahisleri ve Casino Sitesi,,2026-08-14
curacao,,zenith-crest.com,zenithcrest,,,Zenith Crest B.V.,OGL/2023/134/0063,assessment in progress,"December 24, 2025",licence-matched,,not contacted,,live,yes,200,,,2026-08-14
curacao,,shangrila.com,shangrila,support@shangrilalive.com,affcatalog:Shangri La Affiliates,InterStorm (Curaçao) N.V,OGL/2024/106/0170,revoked,,licence-matched,"DO NOT EMAIL — revoked licence, public page only (see AGENTS.md)",not contacted,,live,yes,200,,,2026-08-14
curacao,,kml55.com,Domain Information,,,InterStorm (Curaçao) N.V,OGL/2024/106/0170,revoked,,licence-matched,"DO NOT EMAIL — revoked licence, public page only (see AGENTS.md)",not contacted,,live,yes,200,Domain Information,,2026-08-14
curacao,,sfg51.com,"paٷΨһҳ,Ӯһ",,,InterStorm (Curaçao) N.V,OGL/2024/106/0170,revoked,,licence-matched,"DO NOT EMAIL — revoked licence, public page only (see AGENTS.md)",not contacted,,live,yes,200,"paٷΨһҳ,Ӯһ",,2026-08-14
curacao,,shangrilalive.com,shangrilalive,support@shangrilalive.com,affcatalog:Shangri La Affiliates,InterStorm (Curaçao) N.V,OGL/2024/106/0170,revoked,,licence-matched,"DO NOT EMAIL — revoked licence, public page only (see AGENTS.md)",not contacted,,live,yes,200,,,2026-08-14
curacao,,shangrilavip.com,shangrilavip,,,InterStorm (Curaçao) N.V,OGL/2024/106/0170,revoked,,licence-matched,"DO NOT EMAIL — revoked licence, public page only (see AGENTS.md)",not contacted,,live,yes,200,,,2026-08-14
curacao,,betoffice.com,Betoffice,,,Hit Entertainment B.V.,OGL/2024/495/0689,revoked,,licence-matched,"DO NOT EMAIL — revoked licence, public page only (see AGENTS.md)",not contacted,,live,yes,200,Betoffice - Betoffice Giriş 2026 | Resmi ve Güncel Adres,,2026-08-14
curacao,,galabet.com,Galabet,,,Hit Entertainment B.V.,OGL/2024/495/0689,revoked,,licence-matched,"DO NOT EMAIL — revoked licence, public page only (see AGENTS.md)",not contacted,,live,yes,200,Galabet - Galabet Giriş - En Yüksek Oranlar - Canlı Bahis ve Casino,,2026-08-14
curacao,,kolaybet.com,KOLAYBET,,,Hit Entertainment B.V.,OGL/2024/495/0689,revoked,,licence-matched,"DO NOT EMAIL — revoked licence, public page only (see AGENTS.md)",not contacted,,blocked,no,429,,HTTP 429,2026-08-14
curacao,,scratchmania.com,Scratchmania Casino,contact@netopartners.com,affcatalog:NetoPartners,Twino Trading N.V.,OGL/2024/882/0440,revoked,,licence-matched,"DO NOT EMAIL — revoked licence, public page only (see AGENTS.md)",not contacted,,live,yes,200,Scratchmania Casino | Enjoy a Generous Welcome Bonus,,2026-08-14
curacao,,winorama.com,Winorama Casino Online,contact@netopartners.com,affcatalog:NetoPartners,Twino Trading N.V.,OGL/2024/882/0440,revoked,,licence-matched,"DO NOT EMAIL — revoked licence, public page only (see AGENTS.md)",not contacted,,live,yes,200,Winorama Casino Online | Top Games & Great Bonuses,,2026-08-14
curacao,,winspark.com,Winspark Casino Online,contact@netopartners.com,affcatalog:NetoPartners,Twino Trading N.V.,OGL/2024/882/0440,revoked,,licence-matched,"DO NOT EMAIL — revoked licence, public page only (see AGENTS.md)",not contacted,,live,yes,200,Winspark Casino Online | Generous Welcome Bonus,,2026-08-14
curacao,,leon.net,Online Casino & Sportsbook,affiliates@r2d.partners,affcatalog:R2D Partners,Moonlite N.V.,OGL/2024/356/0288,revoked,,licence-matched,"DO NOT EMAIL — revoked licence, public page only (see AGENTS.md)",not contacted,,live,yes,200,Online Casino & Sportsbook | Quick & Easy Sports Bets at Leon,,2026-08-14
curacao,,juliuscasino.com,Access Restricted,,,Red Digital N.V.,OGL/2024/1275/0771,revoked,,licence-matched,"DO NOT EMAIL — revoked licence, public page only (see AGENTS.md)",not contacted,,live,yes,200,Access Restricted,,2026-08-14
curacao,,double8.bet,Domain parked by OnlyDomains,,,Unlimited Solutions B.V.,OGL/2024/607/0254,revoked,,licence-matched,"DO NOT EMAIL — revoked licence, public page only (see AGENTS.md)",not contacted,,live,yes,200,Domain parked by OnlyDomains,URLError,2026-08-14
curacao,,8.io,8.io Exclusive Crypto Casino Club,,,Adda Entertainment NV,OGL/2023/142/0073,revoked,,licence-matched,"DO NOT EMAIL — revoked licence, public page only (see AGENTS.md)",not contacted,,live,yes,200,8.io Exclusive Crypto Casino Club - Members Only,,2026-08-14
curacao,,lotteryworld.com,Buy Lottery Online,,,Go East B.V.,OGL/2024/1044/0452,revoked,,licence-matched,"DO NOT EMAIL — revoked licence, public page only (see AGENTS.md)",not contacted,,live,yes,200,Buy Lottery Online | LotteryWorld,,2026-08-14
curacao,,betflash24.com,betflash,info@betflash24.com,affcatalog:Betflash24 Partners,Loka IT Solutions N.V.,OGL/2024/770/0226,revoked,,licence-matched,"DO NOT EMAIL — revoked licence, public page only (see AGENTS.md)",not contacted,,live,yes,200,,,2026-08-14
cryptolists,,luckycoin.com,Lucky Coin Casino,affiliates@luckycoin.com,site-affiliate-page,,,,,high,,not contacted,,live,yes,200,Lucky Coin: The Casino With Zero to Hide,,2026-08-14
cryptolists,,blockspins.com,Blockspins Casino,,,,,,,high,,not contacted,,live,yes,200,,,2026-08-14
cryptolists,,luckyanon.com,Lucky Anon Casino,support@luckyanon.com,site-affiliate-page,,,,,high,,not contacted,,live,yes,200,Lucky Anon Casino - Anonymous Crypto Casino | Official Site,,2026-08-14
cryptolists,,betfury.ac,Bet Fury Casino,affiliate@betfury.com,affcatalog:BetFury Affiliates,BetFury Affiliates,,,,high,,not contacted,,live,yes,200,BetFury – Crypto Casino & Sportsbook | 590% Bonus & 225 Free Spins,,2026-08-14
cryptolists,,parimatch.page,Parimatch Casino,support@affter.com,affcatalog:Affter,Affter,,,,high,,not contacted,,live,yes,200,Parimatch,,2026-08-14
cryptolists,,ltccas.xyz,LTC Casino,,,,,,,high,,not contacted,,live,yes,200,,,2026-08-14
cryptolists,,thestakehouse.io,The Stake House,partners@thestakehouse.io,site-affiliate-page,The Stake House Affiliates,,,,high,,not contacted,,live,yes,200,The Stakehouse Online Casino,,2026-08-14
cryptolists,,slotneo-rdr.com,Slot Neo Casino,support@slotneo.com,site-contact-page,,,,,high,,not contacted,,live,yes,200,Loading...,,2026-08-14
cryptolists,,playmojo.live,Play Mojo Casino,,,,,,,high,,not contacted,,live,yes,200,,,2026-08-14
cryptolists,,rollxo.co,Rollxo Casino,affiliates@n1.partners,affcatalog:N1 Partners,N1 Partners,,,,high,,not contacted,,live,yes,200,,,2026-08-14
cryptolists,,welle.casino,Welle Casino,support@wellepartners.com,affcatalog:Welle Partners,Welle Partners,,,,high,,not contacted,,live,yes,200,Welle Casino,,2026-08-14
cryptolists,,winz1.me,Winz Casino Homepage,,,,,,,high,,not contacted,,live,yes,200,,,2026-08-14
cryptolists,,visit-bonanzacity.com,Bonanza City Casino,,,,,,,high,,not contacted,,live,yes,200,肌ケアをもっと深く知るためのエステ情報,,2026-08-14
cryptolists,,rocketspin.live,Rocket Spin Casino,contact@roosterpartners.com,affcatalog:Rooster Partners,Rooster Partners,,,,high,,not contacted,,live,yes,200,,,2026-08-14
cryptolists,,lucky7even.org,Lucky 7 Even,contact@roosterpartners.com,affcatalog:Rooster Partners,Rooster Partners,,,,high,,not contacted,,live,yes,200,,,2026-08-14
cryptolists,,playfinago.com,Playfina Casino,,,,,,,high,,not contacted,,live,yes,200,,,2026-08-14
cryptolists,,lets777.com,Lets 777 Casino,,,,,,,high,,not contacted,,live,yes,200,"LETS777 – Online Casino | Slots, Jackpots & Bonuses",,2026-08-14
cryptolists,,rollchain.io,Rollchain Casino,affiliate@rollchain.io,affcatalog:Rollchain Partners,Rollchain Partners,,,,high,,not contacted,,live,yes,200,Rollchain: Crypto Casino - Play Directly from Your Wallet,,2026-08-14
cryptolists,,rollero.live,Rollero Casino,,,,,,,high,,not contacted,,live,yes,200,,,2026-08-14
cryptolists,,anonymous-casino.com,Anonymous Casino,affiliate@anonymous-casino.com,affcatalog:Anonymous Casino Partners,Anonymous Casino Partners,,,,high,,not contacted,,live,yes,200,,,2026-08-14
cryptolists,,foxslots.com,Fox Slots Casino,affiliates@foxslots.com,site-contact-page,,,,,high,,not contacted,,live,yes,200,FoxSlots Casino: Play Best Online Crypto Casino with Bitcoin (BTC) | Foxslots,,2026-08-14
cryptolists,,spingreen3.casino,Spin Green Casino,,,,,,,high,,not contacted,,live,yes,200,SpinGreen Casino: Online Casino with Top Slots & Bonuses,,2026-08-14
cryptolists,,spinsup.live,Spins Up Casino,contact@roosterpartners.com,affcatalog:Rooster Partners,Rooster Partners,,,,high,,not contacted,,live,yes,200,,,2026-08-14
cryptolists,,starzspins.com,Starz Spins Casino,,,,,,,high,,not contacted,,live,yes,200,Starzspins,,2026-08-14
cryptolists,,milkyway8.casino,Milky Way Casino,,,,,,,high,,not contacted,,live,yes,200,"MilkyWay Casino - the best online casino, a great selection of slots, mobile casino",,2026-08-14
cryptolists,,rooster-bet.win,Rooster Bet,contact@roosterpartners.com,affcatalog:Rooster Partners,Rooster Partners,,,,high,,not contacted,,live,yes,200,,,2026-08-14
cryptolists,,eternalslots.com,Eternalslots,affiliate@eternalslots.com,site-affiliate-page,,,,,high,,not contacted,,live,yes,200,"Eternal Slots Casino | Free Spins, Crypto Games & Fast Wins",,2026-08-14
cryptolists,,blitz.playtraff.com,Blitz Casino,,,,,,,high,,not contacted,,live,yes,200,Casino - Play Online Casino Games | Blitz,,2026-08-14
cryptolists,,lama.playtraff.com,Lama Bet Casino,,,,,,,high,,not contacted,,live,yes,200,Online Casino | Weekly Cashback up to 15% | VIP Program | Lamabet,,2026-08-14
cryptolists,,playbetiolayer.io,Playbet Casino,,,,,,,high,,not contacted,,live,yes,200,,,2026-08-14
cryptolists,,casin0x.com,Casin0x,,,,,,,high,,not contacted,,live,yes,200,Casin0x - #1 Crypto Casino | Instant Withdrawals & Provably Fair Games,,2026-08-14
cryptolists,,lucky-vibe.io,Lucky Vibe Casino,,,,,,,high,,not contacted,,live,yes,200,,,2026-08-14
cryptolists,,spinjo.live,Spinjo Casino,contact@roosterpartners.com,affcatalog:Rooster Partners,Rooster Partners,,,,high,,not contacted,,live,yes,200,,,2026-08-14
cryptolists,,xsbets.com,XS Bets,,,,,,,high,,not contacted,,live,yes,200,XsBets.com: 🚀 Best Crypto & Bitcoin Casino for Online Gambling,,2026-08-14
cryptolists,,spinbit.com,Spinbit,,,,,,,high,,not contacted,,live,yes,200,SpinBit Online Casino,,2026-08-14
cryptolists,,casinoorca1.com,Casino Orca,,,,,,,high,,not contacted,,live,yes,200,Casino Orca - Play Top Online Casino Games & Win Big!,,2026-08-14
cryptolists,,wolf.io,Wolf IO Casino,support@wolf.io,site-contact-page,,,,,high,,not contacted,,live,yes,200,Wolf.io: The Best Bitcoin & Crypto Casino for 2026,,2026-08-14
cryptolists,,fortuneplay.co,Fortune Play,contact@roosterpartners.com,affcatalog:Rooster Partners,Rooster Partners,,,,high,,not contacted,,live,yes,200,,,2026-08-14
cryptolists,,coinbets777.com,Coinbets,affiliates@coinbets777.com,site-affiliate-page,Coinbets777 Affiliates,,,,high,,not contacted,,live,yes,200,Coinbets777 Casino - Best Online Casino,,2026-08-14
cryptolists,,betovix.com,Betovix -,,,,,,,high,,not contacted,,live,yes,200,,,2026-08-14
cryptolists,,avocasino37.com,Avo Casino,support@avocasino.com,site-contact-page,,,,,high,,not contacted,,live,yes,200,Avocasino,,2026-08-14
cryptolists,,ampm7.casino,AMPM Casino,,,,,,,high,,not contacted,,live,yes,200,"The best online casino, a large selection of slots, mobile casino",,2026-08-14
cryptolists,,limewin.online,Lime Win Casino,affiliates@playamopartners.com,affcatalog:Playamo Partners,Playamo Partners,,,,high,,not contacted,,live,yes,200,Online Casino Games & Slots - Experience Premium Gaming | LimeWin,,2026-08-14
cryptolists,,royalen.io,Royalen,,,,,,,high,,not contacted,,live,yes,200,,,2026-08-14
cryptolists,,billy.bfplay.link,Billy Billion Casino,,,,,,,high,,not contacted,,live,yes,200,Billy Billion Online Casino | Billy Billion,,2026-08-14
cryptolists,,rake.com,Rake Casino,info@rake.com,site-affiliate-page,,,,,high,,not contacted,,live,yes,200,Rake.com - Best Online Casino & Sportsbook 2025 | Instant Crypto Withdrawals | Casino Game,,2026-08-14
cryptolists,,spinbetcasino.com,Spin Bet Casino,,,,,,,high,,not contacted,,live,yes,200,SpinBet Casino | SpinBet Login & Official Online Slots,,2026-08-14
cryptolists,,spinarium4.com,Spinarium Casino,,,,,,,high,,not contacted,,live,yes,200,Online Casino | Play Casino for Real Money at Spinarium,,2026-08-14
cryptolists,,slot.playlink.me,Slot Rush Casino,,,,,,,high,,not contacted,,live,yes,200,Casino - Play Online Casino Games | Slotrush 1,,2026-08-14
cryptolists,,fatfruit.io,Fat Fruit Casino,,,,,,,high,,not contacted,,live,yes,200,,,2026-08-14
cryptolists,,blazespins.com,Blaze Spins Casino,partners@blazeaffiliates.com,affcatalog:Blaze Spins Affiliates,Blaze Spins Affiliates,,,,high,,not contacted,,live,yes,200,Blaze Spins,,2026-08-14
cryptolists,,spin3grande.com,Spin Grande Casino -,,,,,,,high,,not contacted,,live,yes,200,SpinGrande | Your Online Casino for Big Wins,,2026-08-14
cryptolists,,letslucky.casino,Lets Lucky Casino,info@fortunate.partners,affcatalog:Fortunate Partners,Fortunate Partners,,,,high,,not contacted,,live,yes,200,,,2026-08-14
cryptolists,,luckyones.online,Lucky Ones Casino -,info@fortunate.partners,affcatalog:Fortunate Partners,Fortunate Partners,,,,high,,not contacted,,live,yes,200,,,2026-08-14
cryptolists,,50crowns.com,50 Crowns Casino,,,,,,,high,,not contacted,,live,yes,200,,,2026-08-14
cryptolists,,xbet.playtraff.com,0Xbet,,,,,,,high,,not contacted,,live,yes,200,Safest Online Casino 0x.bet 🎖️ Fast Withdrawal & Safe Online Casino,,2026-08-14
cryptolists,,therickycasino.com,Ricky Casino,,,,,,,high,,not contacted,,live,yes,200,,,2026-08-14
cryptolists,,luckydreams.io,Lucky Dreams Casino,info@fortunate.partners,affcatalog:Fortunate Partners,Fortunate Partners,,,,high,,not contacted,,live,yes,200,,,2026-08-14
cryptolists,,beti.playtraff.com,Beti Bet,,,,,,,high,,not contacted,,live,yes,200,Best Online Casino Site ⭐ Daily Cashback up to 20% | BetiBet,,2026-08-14
cryptolists,,casino4u.tech,Casino 4U,affiliates@fastpay-casino.com,affcatalog:Fastpay Affiliates,Fastpay Affiliates,,,,high,,not contacted,,live,yes,200,,,2026-08-14
cryptolists,,gobohocasino.com,Boho Casino,,,,,,,high,,not contacted,,live,yes,200,-> Bohocasino,,2026-08-14
cryptolists,,zota.playtraff.com,Zota Bet,,,,,,,high,,not contacted,,live,yes,200,ZotaBet Online Casino ✔️ Best Casino Site 2026 | ZotaBet,,2026-08-14
cryptolists,,1royspins1.com,Royspins,,,,,,,high,,not contacted,,live,yes,200,Royspins Online Casino,,2026-08-14
cryptolists,,a5.winvegasplus-line.com,WinVegasPlus Casino,,,,,,,high,,not contacted,,live,yes,200,Win Vegas Plus,,2026-08-14
cryptolists,,windice.io,Win Dice Casino -,support@windice.io,site-affiliate-page,Windice Affiliates,,,,high,,not contacted,,live,yes,200,"WINDICE - Bitcoin/Cryptocurrency Casino Games (Dice, Roulette & Slots) with Faucet",,2026-08-14
cryptolists,,cobber-casino.tech,Cobber Casino,affiliates@fastpay-casino.com,affcatalog:Fastpay Affiliates,Fastpay Affiliates,,,,high,,not contacted,,live,yes,200,,,2026-08-14
cryptolists,,casoo46.com,Casoo Casino,help@casoo.com,site-contact-page,,,,,high,,not contacted,,live,yes,200,Casoo | Online Casino. A Galaxy of Fun Awaits,,2026-08-14
cryptolists,,slotastic.ag,Slotastic,support@affiliatecapital.com,affcatalog:Affiliate Capital,Affiliate Capital,,,,high,,not contacted,,live,yes,200,Slotastic | Most Fun Online Casino | 250% Welcome Bonus,,2026-08-14
cryptolists,,mond1casino.com,Mond Casino,,,,,,,high,,not contacted,,live,yes,200,Mond Casino: Online Casino & Sports Betting,,2026-08-14
cryptolists,,gomblingo.casino,Gomblingo Casino,support@affshares.com,affcatalog:AffShares Partners,AffShares Partners,,,,high,,not contacted,,live,yes,200,Redirecting...,,2026-08-14
cryptolists,,hellspin222.com,Hell Spin Casino,support@hellspin.com,site-contact-page,,,,,high,,not contacted,,live,yes,200,Loading...,,2026-08-14
cryptolists,,ivibetx.com,Ivibet Casino,support@ivibet.com,site-contact-page,,,,,high,,not contacted,,live,yes,200,Ivibet,,2026-08-14
cryptolists,,amokcasino.io,Amok Casino -,,,,,,,high,,not contacted,,live,yes,200,"Amok Casino > 100 Free Spins > 3,000+ Games",,2026-08-14
cryptolists,,pelicancasino10.games,Pelican Casino,support@pelicancasino.games,site-contact-page,,,,,high,,not contacted,,live,yes,200,Pelican Casino: Online Casino with Top Slots & Bonuses,,2026-08-14
cryptolists,,winawinplay.com,Win a Win Casino,,,,,,,high,,not contacted,,live,yes,200,,,2026-08-14
cryptolists,,betcoin.ag,Betcoin Casino,,,,,,,high,,not contacted,,live,yes,200,Betcoin: Bitcoin Casino & Sportsbook,,2026-08-14
cryptolists,,luckybonanza.ag,Lucky Bonanza Casino,,,,,,,high,,not contacted,,live,yes,200,LuckyBonanza | Closure Notice,,2026-08-14
cryptolists,,bitvest.io,Bitvest Casino -,,,,,,,high,,not contacted,,live,yes,200,Bitvest Bitcoin Casino: Play or Invest,,2026-08-14
cryptolists,,neo.playlink.me,Neospin Casino,,,,,,,high,,not contacted,,live,yes,200,Neospin Online Casino | Up to 20% cashback daily | Neospin.com,,2026-08-14
cryptolists,,guns.playlink.me,GunsBet Casino,,,,,,,high,,not contacted,,live,yes,200,"Online Casino | 335% up to €1,675 | Play Casino Online",,2026-08-14
cryptolists,,koning.playtraff.com,Koningbet Casino,,,,,,,high,,not contacted,,live,yes,200,By using our website you are accepting our Cookie Policy.,,2026-08-14
cryptolists,,theonlinecasino.com,The Online Casino,affiliates@income-network.com,affcatalog:Income Network,Income Network,,,,high,,not contacted,,live,yes,200,Best Online Casino Games for Real Money | TheOnlineCasino,,2026-08-14
cryptolists,,landingstool.eu,Saga Spins Casino,,,,,,,low,verify this is really the casino before contacting — redirect confidence is low,not contacted,,gone,no,404,,HTTP 404,2026-08-14
cryptolists,,koraly7.com,Spin Mama Casino,,,,,,,low,verify this is really the casino before contacting — redirect confidence is low,not contacted,,live,yes,200,loading...,,2026-08-14
cryptolists,,rdr-reels.com,Reelsio,,,,,,,low,verify this is really the casino before contacting — redirect confidence is low,not contacted,,live,yes,200,Loading...,,2026-08-14
cryptolists,,nexono4.com,AFK Spin Casino,,,,,,,low,verify this is really the casino before contacting — redirect confidence is low,not contacted,,live,yes,200,loading...,,2026-08-14
cryptolists,,anoncas.xyz,Cryptocasinocc,,,,,,,low,verify this is really the casino before contacting — redirect confidence is low,not contacted,,live,yes,200,,,2026-08-14
cryptolists,,betpanda.partners,Bet Panda IO,,,,,,,low,verify this is really the casino before contacting — redirect confidence is low,not contacted,,live,yes,200,,,2026-08-14
cryptolists,,7starpartners.com,Only Spins Casino,,,,,,,low,verify this is really the casino before contacting — redirect confidence is low,not contacted,,live,yes,200,7StarsPartners: A multi brand gambling affiliate program,,2026-08-14
cryptolists,,cyrazo6.com,Goldzino,,,,,,,low,verify this is really the casino before contacting — redirect confidence is low,not contacted,,live,yes,200,loading...,,2026-08-14
cryptolists,,kenovia6.com,Win Airlines Casino,,,,,,,low,verify this is really the casino before contacting — redirect confidence is low,not contacted,,live,yes,200,loading...,,2026-08-14
cryptolists,,bcgame-freespin.com,BC Game,,,,,,,low,verify this is really the casino before contacting — redirect confidence is low,not contacted,,live,yes,200,download,,2026-08-14
cryptolists,,bexaiq5.com,Vinci Spin,,,,,,,low,verify this is really the casino before contacting — redirect confidence is low,not contacted,,live,yes,200,loading...,,2026-08-14
cryptolists,,plenaco2.com,Crypto Leo,,,,,,,low,verify this is really the casino before contacting — redirect confidence is low,not contacted,,live,yes,200,loading...,,2026-08-14
cryptolists,,bexavia3.com,Billionaire Spin,,,,,,,low,verify this is really the casino before contacting — redirect confidence is low,not contacted,,live,yes,200,loading...,,2026-08-14
cryptolists,,bexazo2.com,Spino Gambino Casino,,,,,,,low,verify this is really the casino before contacting — redirect confidence is low,not contacted,,live,yes,200,loading...,,2026-08-14
cryptolists,,roostake.com,Roo Stake Casino,,,,,,,low,verify this is really the casino before contacting — redirect confidence is low,not contacted,,live,yes,200,"Roostake | Online Casino, Slots & Live Casino",,2026-08-14
cryptolists,,promogb.com,Gold Bet Casino,,,,,,,low,verify this is really the casino before contacting — redirect confidence is low,not contacted,,live,yes,200,,,2026-08-14
cryptolists,,zentrofy2.com,BDM Bet,,,,,,,low,verify this is really the casino before contacting — redirect confidence is low,not contacted,,live,yes,200,loading...,,2026-08-14
cryptolists,,pizzacamp.org,Spin Space Casino,,,,,,,low,verify this is really the casino before contacting — redirect confidence is low,not contacted,,live,yes,200,Online Casinos in Australia – Fast Payout and Instant Withdrawal Casinos,,2026-08-14
cryptolists,,ethtopcas.xyz,Eth Casino,,,,,,,low,verify this is really the casino before contacting — redirect confidence is low,not contacted,,live,yes,200,,,2026-08-14
cryptolists,,gobets.io,Betsio Casino,,,,,,,low,verify this is really the casino before contacting — redirect confidence is low,not contacted,,live,yes,200,Online Casino & Sports Betting | Real Money Games at Betsio.com,,2026-08-14
cryptolists,,betrepublic1.com,Bet Republic,,,,,,,low,verify this is really the casino before contacting — redirect confidence is low,not contacted,,gone,no,200,,near-empty response,2026-08-14
cryptolists,,flagman-way-six.com,Flagman Casino,,,,,,,low,verify this is really the casino before contacting — redirect confidence is low,not contacted,,live,yes,200,Welcome,,2026-08-14
cryptolists,,bepal.partners,Betospin,,,,,,,low,verify this is really the casino before contacting — redirect confidence is low,not contacted,,live,yes,200,,,2026-08-14
cryptolists,,justcasinoplay.io,Just Casino IO,,,,,,,low,verify this is really the casino before contacting — redirect confidence is low,not contacted,,live,yes,200,,,2026-08-14
cryptolists,,lumica5.com,Felix Spin,,,,,,,low,verify this is really the casino before contacting — redirect confidence is low,not contacted,,live,yes,200,loading...,,2026-08-14
cryptolists,,loot24.run,Lootrun,,,,,,,low,verify this is really the casino before contacting — redirect confidence is low,not contacted,,live,yes,200,,,2026-08-14
cryptolists,,fairpari.com:443,Fair Pari Casino,support@fairpari.partners,affcatalog:Fairpari Partners,Fairpari Partners,,,,low,verify this is really the casino before contacting — redirect confidence is low,not contacted,,gone,no,,,DNS does not resolve,2026-08-14
cryptolists,,alw01cm.lpmediastorage.com,Ala Win Casino,,,,,,,low,verify this is really the casino before contacting — redirect confidence is low,not contacted,,live,yes,200,,,2026-08-14
cryptolists,,rwn-irrs10.com,Irwin Casino,,,,,,,low,verify this is really the casino before contacting — redirect confidence is low,not contacted,,live,yes,200,Welcome,,2026-08-14
cryptolists,,realspin.club,Real Spin,affiliates@realspinpartners.com,affcatalog:RealSpin Partners,RealSpin Partners,,,,low,verify this is really the casino before contacting — redirect confidence is low,not contacted,,live,yes,200,RealSpin,,2026-08-14
cryptolists,,monrocasino.life,Monro Casino,,,,,,,low,verify this is really the casino before contacting — redirect confidence is low,not contacted,,live,yes,200,Welcome,,2026-08-14
cryptolists,,bet25.com,Bet 25,,,,,,,low,verify this is really the casino before contacting — redirect confidence is low,not contacted,,live,yes,200,Welcome to Loyalty Path,,2026-08-14
cryptolists,,casinocat.com,Casino Cat,,,,,,,low,verify this is really the casino before contacting — redirect confidence is low,not contacted,,live,yes,200,CasinoCat - VPN Access,,2026-08-14
cryptolists,,slotlounge.live,Slot Lounge Casino,affiliates@n1.partners,affcatalog:N1 Partners,N1 Partners,,,,low,verify this is really the casino before contacting — redirect confidence is low,not contacted,,live,yes,200,,,2026-08-14
cryptolists,,clarira8.com,Coolzino Casino,,,,,,,low,verify this is really the casino before contacting — redirect confidence is low,not contacted,,live,yes,200,loading...,,2026-08-14
cryptolists,,brav0play11.casino,Bravo Play Casino,,,,,,,low,verify this is really the casino before contacting — redirect confidence is low,not contacted,,live,yes,200,Home Page | BravoPlay,,2026-08-14
cryptolists,,velzom.com,Spin Better Casino,,,,,,,low,verify this is really the casino before contacting — redirect confidence is low,not contacted,,gone,no,404,,HTTP 404,2026-08-14
cryptolists,,8543209mp.pro,Megapari Casino,,,,,,,low,verify this is really the casino before contacting — redirect confidence is low,not contacted,,live,yes,203,,,2026-08-14
cryptolists,,betmac3.com,Bet Mac Casino,,,,,,,low,verify this is really the casino before contacting — redirect confidence is low,not contacted,,live,yes,200,Betmac Casino | Fast Withdrawals - Official site 2025,,2026-08-14
cryptolists,,betkudos.com,Bet Kudos,partners@betkudos.com,affcatalog:BetKudos Partners,BetKudos Partners,,,,low,verify this is really the casino before contacting — redirect confidence is low,not contacted,,live,yes,200,Casino | BetKudos.com,,2026-08-14
cryptolists,,snatchcasino.io,Snatch Casino,info@iwildpartners.com,affcatalog:iWild Partners,iWild Partners,,,,low,verify this is really the casino before contacting — redirect confidence is low,not contacted,,live,yes,200,,,2026-08-14
cryptolists,,korucasino.live,Koru Casino,,,,,,,low,verify this is really the casino before contacting — redirect confidence is low,not contacted,,live,yes,200,,,2026-08-14
cryptolists,,goldexcasino.live,Goldex Casino,affiliates@n1.partners,affcatalog:N1 Partners,N1 Partners,,,,low,verify this is really the casino before contacting — redirect confidence is low,not contacted,,live,yes,200,,,2026-08-14
cryptolists,,koraex2.com,Spin Winera Casino,,,,,,,low,verify this is really the casino before contacting — redirect confidence is low,not contacted,,live,yes,200,loading...,,2026-08-14
cryptolists,,melbet.org:443,Melbet,support@melbetaffiliates.com,affcatalog:Melbet Partners,Melbet Partners,,,,low,verify this is really the casino before contacting — redirect confidence is low,not contacted,,gone,no,,,DNS does not resolve,2026-08-14
cryptolists,,crypva6.com,Magnetic Slots Casino,,,,,,,low,verify this is really the casino before contacting — redirect confidence is low,not contacted,,live,yes,200,loading...,,2026-08-14
cryptolists,,gizbo-way-eight.com,Gizbo Casino,,,,,,,low,verify this is really the casino before contacting — redirect confidence is low,not contacted,,live,yes,200,Welcome,,2026-08-14
cryptolists,,regspindo.com,Spinando Casino -,,,,,,,low,verify this is really the casino before contacting — redirect confidence is low,not contacted,,live,yes,200,,,2026-08-14
cryptolists,,crypco6.com,Oscar Spin Casino,,,,,,,low,verify this is really the casino before contacting — redirect confidence is low,not contacted,,live,yes,200,loading...,,2026-08-14
cryptolists,,kenoro7.com,Corgi Bet,,,,,,,low,verify this is really the casino before contacting — redirect confidence is low,not contacted,,live,yes,200,loading...,,2026-08-14
cryptolists,,zenobet.io,Zenobet,,,,,,,low,verify this is really the casino before contacting — redirect confidence is low,not contacted,,live,yes,200,Zenobet,,2026-08-14
cryptolists,,cdn.aff.gold,Lucky Kong Casino,,,,,,,low,verify this is really the casino before contacting — redirect confidence is low,not contacted,,live,yes,200,,,2026-08-14
cryptolists,,cashpurecasino.co,Pure Casino,,,,,,,low,verify this is really the casino before contacting — redirect confidence is low,not contacted,,live,yes,200,Home,,2026-08-14
cryptolists,,promotions.funkyjackpot.com,Funky Jackpot,,,,,,,low,verify this is really the casino before contacting — redirect confidence is low,not contacted,,gone,no,404,,HTTP 404,2026-08-14
cryptolists,,respin.bet,Respin Casino,partners@sisugroup.com,affcatalog:Sisu Partners,Sisu Partners,,,,low,verify this is really the casino before contacting — redirect confidence is low,not contacted,,live,yes,200,Respin Casino,,2026-08-14
cryptolists,,casinowinner.live,Casino Winner,,,,,,,low,verify this is really the casino before contacting — redirect confidence is low,not contacted,,live,yes,200,"CasinoWinner — Online Slots, Live Casino & Euro Cashier | casinowinner.live",,2026-08-14
cryptolists,,bigwinpromos.com,Casinoist,,,,,,,low,verify this is really the casino before contacting — redirect confidence is low,not contacted,,gone,no,404,,HTTP 404,2026-08-14
cryptolists,,invofy5.com,Nine Casino,,,,,,,low,verify this is really the casino before contacting — redirect confidence is low,not contacted,,live,yes,200,loading...,,2026-08-14
cryptolists,,nationalcasinolp.com,National Casino,,,,,,,low,verify this is really the casino before contacting — redirect confidence is low,not contacted,,blocked,no,403,,HTTP 403,2026-08-14
cryptolists,,jtct.live,Jeet City Casino,,,,,,,low,verify this is really the casino before contacting — redirect confidence is low,not contacted,,live,yes,200,,,2026-08-14
cryptolists,,redirect-promo.com,Slotoro Casino,,,,,,,low,verify this is really the casino before contacting — redirect confidence is low,not contacted,,gone,no,200,,near-empty response,2026-08-14
cryptolists,,orbino4.com,F7 Casino,,,,,,,low,verify this is really the casino before contacting — redirect confidence is low,not contacted,,live,yes,200,loading...,,2026-08-14
cryptolists,,sptn01cm.lpmediastorage.com,Sportuna,,,,,,,low,verify this is really the casino before contacting — redirect confidence is low,not contacted,,live,yes,200,,,2026-08-14
cryptolists,,mrrlist.com,Master Play,,,,,,,low,verify this is really the casino before contacting — redirect confidence is low,not contacted,,live,yes,200,Հայաստանի օնլայն կազինոների թարմացված ցուցակ,,2026-08-14
cryptolists,,play.onlinecasinogames.com,Online Casino Games,affiliates@surebetpartners.com,affcatalog:SureBet Partners,SureBet Partners,,,,low,verify this is really the casino before contacting — redirect confidence is low,not contacted,,live,yes,200,,,2026-08-14
cryptolists,,win1mega.com,Win Mega Casino,,,,,,,low,verify this is really the casino before contacting — redirect confidence is low,not contacted,,live,yes,200,Welcome to nginx!,HTTP 500,2026-08-14
cryptolists,,prismcampaignpro.com,Prism Casino,,,,,,,low,verify this is really the casino before contacting — redirect confidence is low,not contacted,,live,yes,200,Prism Casino,,2026-08-14
cryptolists,,ttcpromos.com,Tik Tok Casino,,,,,,,low,verify this is really the casino before contacting — redirect confidence is low,not contacted,,live,yes,200,,,2026-08-14
cryptolists,,l.betwhale.ag,Bet Whale Casino Uncapped,,,,,,,low,verify this is really the casino before contacting — redirect confidence is low,not contacted,,blocked,no,403,,HTTP 403,2026-08-14
cryptolists,,bwredir.com,Bet Winner,,,,,,,low,verify this is really the casino before contacting — redirect confidence is low,not contacted,,gone,no,404,,HTTP 404,2026-08-14
cryptolists,,dreamscampaigns.com,Dreams Casino,,,,,,,low,verify this is really the casino before contacting — redirect confidence is low,not contacted,,live,yes,200,Welcome to Dreams,,2026-08-14
cryptolists,,travico9.com,Jackpot Raider,,,,,,,low,verify this is really the casino before contacting — redirect confidence is low,not contacted,,gone,no,,,DNS does not resolve,2026-08-14
cryptolists,,bitkingzredirect.com,Bit Kingz,,,,,,,low,verify this is really the casino before contacting — redirect confidence is low,not contacted,,live,yes,200,,,2026-08-14
cryptolists,,laclasificacionlydia.xyz,Cactus Casino,,,,,,,low,verify this is really the casino before contacting — redirect confidence is low,not contacted,,live,yes,200,Cactus Casino,,2026-08-14
cryptolists,,22bit1.com,22 Bit Casino,,,,,,,low,verify this is really the casino before contacting — redirect confidence is low,not contacted,,live,yes,203,,,2026-08-14
cryptolists,,betride.com,31 Bets Casino,,,,,,,low,verify this is really the casino before contacting — redirect confidence is low,not contacted,,live,yes,200,,,2026-08-14
cryptolists,,7.bet,7 Bet,,,,,,,low,verify this is really the casino before contacting — redirect confidence is low,not contacted,,live,yes,200,,,2026-08-14
cryptolists,,theclubhousecasino4.com,The Clubhouse Casino,,,,,,,low,verify this is really the casino before contacting — redirect confidence is low,not contacted,,live,yes,200,Best Online Casino | $5000 Welcome Bonus | The Clubhouse Casino,,2026-08-14
cryptolists,,web.willbet.io,Willbet Casino,affiliate@willbet.com,affcatalog:WillBet Partners,WillBet Partners,,,,low,verify this is really the casino before contacting — redirect confidence is low,not contacted,,live,yes,200,"WillBet: Sports, Casino & Crypto Games - Global Online Entertainment",,2026-08-14
cryptolists,,yourwin24.info,Your Win 24,,,,,,,low,verify this is really the casino before contacting — redirect confidence is low,not contacted,,live,yes,200,"YourWin24 — Official Site | Online Slots, Live Casino & Sportsbook",,2026-08-14
cryptolists,,crypto-games.io,Crypto-Games IO,,,,,,,low,verify this is really the casino before contacting — redirect confidence is low,not contacted,,live,yes,200,Crypto-Games: Premier Destination for the Ultimate Online Crypto Casino Experience,,2026-08-14
cryptolists,,atlasrouteops.com,Cosmo Bet Casino,,,,,,,low,verify this is really the casino before contacting — redirect confidence is low,not contacted,,live,yes,200,Home | AtlasRoute Operations,,2026-08-14
cryptolists,,rp494.casino,Rich Prize Casino,,,,,,,low,verify this is really the casino before contacting — redirect confidence is low,not contacted,,live,yes,200,Rich Prize Casino,,2026-08-14
cryptolists,,cryply5.com,Roman Casino,,,,,,,low,verify this is really the casino before contacting — redirect confidence is low,not contacted,,live,yes,200,loading...,,2026-08-14
cryptolists,,imperialwins.com,Imperial Wins,,,,,,,low,verify this is really the casino before contacting — redirect confidence is low,not contacted,,live,yes,200,Imperial Wins,,2026-08-14
cryptolists,,kinara4.com,Kinghills Casino,,,,,,,low,verify this is really the casino before contacting — redirect confidence is low,not contacted,,live,yes,200,loading...,,2026-08-14
cryptolists,,app.brokerstorm.com,Broker Storm - Sports,,,,,,,low,verify this is really the casino before contacting — redirect confidence is low,not contacted,,live,yes,200,"Betfair Broker & Betfair Alternative, Brokerstorm.com",,2026-08-14
cryptolists,,glorbet.com,Glorbet Casino,,,,,,,low,verify this is really the casino before contacting — redirect confidence is low,not contacted,,live,yes,200,Glorbet - No KYC Crypto Casino,,2026-08-14
cryptolists,,sapphirebet.com:443,Sapphire Bet Casino,partner@sapphirebet.com,affcatalog:Sapphirebet Partners,Sapphirebet Partners,,,,low,verify this is really the casino before contacting — redirect confidence is low,not contacted,,gone,no,,,DNS does not resolve,2026-08-14
cryptolists,,20winlp.com,20 Bet Casino,,,,,,,low,verify this is really the casino before contacting — redirect confidence is low,not contacted,,blocked,no,403,,HTTP 403,2026-08-14
cryptolists,,casinobello.info,Casino Bello,info@blitzaffiliates.com,affcatalog:Blitz Affiliates,Blitz Affiliates,,,,low,verify this is really the casino before contacting — redirect confidence is low,not contacted,,live,yes,200,Bello,,2026-08-14
cryptolists,,casino.satospins.com,Sato Spins Casino -,affiliates@surebetpartners.com,affcatalog:SureBet Partners,SureBet Partners,,,,low,verify this is really the casino before contacting — redirect confidence is low,not contacted,,live,yes,200,IIS Windows Server,HTTP 404,2026-08-14
cryptolists,,rollspace.com,Rollspace,,,,,,,low,verify this is really the casino before contacting — redirect confidence is low,not contacted,,gone,no,521,,HTTP 521,2026-08-14
cryptolists,,retrobet.co,Retro Bet -,affiliates@n1.partners,affcatalog:N1 Partners,N1 Partners,,,,low,verify this is really the casino before contacting — redirect confidence is low,not contacted,,live,yes,200,,,2026-08-14
cryptolists,,pubs.com,Pubs Casino,,,,,,,low,verify this is really the casino before contacting — redirect confidence is low,not contacted,,live,yes,200,"PUBS.com | Crypto Casino, Slots & Online Sportsbook",,2026-08-14
cryptolists,,happylukepromo.com,Happy Luke Casino -,,,,,,,low,verify this is really the casino before contacting — redirect confidence is low,not contacted,,live,yes,200,"Happyluke – Best Online Casino | Slots, Live Casino & Big Bonuses",,2026-08-14
cryptolists,,spinfever.live,Spin Fever Casino,affiliates@deeplogic.partners,affcatalog:DeepLogic Partners,DeepLogic Partners,,,,low,verify this is really the casino before contacting — redirect confidence is low,not contacted,,live,yes,200,,,2026-08-14
cryptolists,,shambalacasino.media,Shambala Casino,affiliates@partners.casino,affcatalog:Partners Casino,Partners Casino,,,,low,verify this is really the casino before contacting — redirect confidence is low,not contacted,,live,yes,200,shambalacasino.media,,2026-08-14
cryptolists,,sgcasinopromo.com,Slots Gallery Btc Bonus,,,,,,,low,verify this is really the casino before contacting — redirect confidence is low,not contacted,,gone,no,404,,HTTP 404,2026-08-14
cryptolists,,asinoplay.com,Asino Casino,,,,,,,low,verify this is really the casino before contacting — redirect confidence is low,not contacted,,live,yes,200,,,2026-08-14
cryptolists,,preloadup.com,BetSofa Crypto Bonus,,,,,,,low,verify this is really the casino before contacting — redirect confidence is low,not contacted,,live,yes,200,Redirecting...,,2026-08-14
cryptolists,,kpochatc.com,Lucky Reels,,,,,,,low,verify this is really the casino before contacting — redirect confidence is low,not contacted,,live,yes,200,Best Fast Withdrawal Online Casino Australia 2026,,2026-08-14
cryptolists,,metaspinscasino.live,Metaspins Welcome offer is,partners@3rdwaveaffiliates.com,affcatalog:3rd Wave Affiliates,3rd Wave Affiliates,,,,low,verify this is really the casino before contacting — redirect confidence is low,not contacted,,live,yes,200,,,2026-08-14
cryptolists,,wooreg.com,Woo Casino,,,,,,,low,verify this is really the casino before contacting — redirect confidence is low,not contacted,,live,yes,200,Online Casino | Best Casino Site to Play for Real Money | WooCasino,,2026-08-14
cryptolists,,spinupload.online,GoSpin Casino,,,,,,,low,verify this is really the casino before contacting — redirect confidence is low,not contacted,,live,yes,200,,,2026-08-14
cryptolists,,gs.aff2go.link,Golden Star Casino,,,,,,,low,verify this is really the casino before contacting — redirect confidence is low,not contacted,,live,yes,200,Casino Online | Welcome Bonus | Top casino | GoldenStar Casino,,2026-08-14
cryptolists,,betti1.com,Betti Casino,,,,,,,low,verify this is really the casino before contacting — redirect confidence is low,not contacted,,live,yes,200,"Sportsbook & Casino Online | Betting, Live Casino, 3000+ Slots",,2026-08-14
cryptolists,,promo.vegazcasino.com,Vegaz Casino,marketing@vegazcasino.com,affcatalog:Vegaz Casino Affiliates,Vegaz Casino Affiliates,,,,low,verify this is really the casino before contacting — redirect confidence is low,not contacted,,gone,no,,,DNS does not resolve,2026-08-14
cryptolists,,cryptoslots.com,Crypto Slots,program@slotlandaffiliates.com,affcatalog:Slotland Affiliates,Slotland Affiliates,,,,low,verify this is really the casino before contacting — redirect confidence is low,not contacted,,live,yes,200,CryptoSlots Casino | Provably Fair Originals & $1M Jackpot,,2026-08-14
cryptolists,,solcasino.life,Solcasino Homepage,,,,,,,low,verify this is really the casino before contacting — redirect confidence is low,not contacted,,live,yes,200,Welcome,,2026-08-14
cryptolists,,pelikaani.com,Big Wins Casino,,,,,,,low,verify this is really the casino before contacting — redirect confidence is low,not contacted,,live,yes,200,Pelikaani | Lennokas kasino ilman rekisteröitymistä,,2026-08-14
cryptolists,,gangstacasino777.com,Gangsta Casino,,,,,,,low,verify this is really the casino before contacting — redirect confidence is low,not contacted,,live,yes,200,Redirecting,,2026-08-14
cryptolists,,dundeeslotz.com,Dundee Slots,,,,,,,low,verify this is really the casino before contacting — redirect confidence is low,not contacted,,live,yes,200,,,2026-08-14
cryptolists,,m.revolutionaffiliates.com,Revolution Casino,support@revolutionaffiliates.com,affcatalog:Revolution Affiliates,Revolution Affiliates,,,,low,verify this is really the casino before contacting — redirect confidence is low,not contacted,,blocked,no,403,,HTTP 403,2026-08-14
cryptolists,,zeslots.info,Zeslots Casino,,,,,,,low,verify this is really the casino before contacting — redirect confidence is low,not contacted,,live,yes,200,"Zeslots Online Casino — Slots, Live Dealers & Fun Play Demos | zeslots.info",,2026-08-14
cryptolists,,vavelp.com,Vave Casino,,,,,,,low,verify this is really the casino before contacting — redirect confidence is low,not contacted,,live,yes,200,Website vavelp.com is ready. The content is to be added,,2026-08-14
cryptolists,,vegasaces.com,Vegas Aces,affiliate@revmasters.com,affcatalog:RevMasters,RevMasters,,,,low,verify this is really the casino before contacting — redirect confidence is low,not contacted,,live,yes,200,VegasAces,,2026-08-14
cryptolists,,winadaycasino.eu,Winaday 25 Usd Free,program@slotlandaffiliates.com,affcatalog:Slotland Affiliates,Slotland Affiliates,,,,low,verify this is really the casino before contacting — redirect confidence is low,not contacted,,live,yes,200,Home | Winaday Casino,,2026-08-14
cryptolists,,slotsparadise.com,Slots Paradise,affiliate@revmasters.com,affcatalog:RevMasters,RevMasters,,,,low,verify this is really the casino before contacting — redirect confidence is low,not contacted,,live,yes,200,SlotsParadise,,2026-08-14
cryptolists,,luckytreasurecampaign.com,Lucky Treasure,,,,,,,low,verify this is really the casino before contacting — redirect confidence is low,not contacted,,live,yes,200,Lucky Treasure,,2026-08-14
cryptolists,,iwildcasino3.io,iWild Casino,,,,,,,low,verify this is really the casino before contacting — redirect confidence is low,not contacted,,live,yes,200,,,2026-08-14
cryptolists,,joocasino.live,Joo Casino,affiliates@n1.partners,affcatalog:N1 Partners,N1 Partners,,,,low,verify this is really the casino before contacting — redirect confidence is low,not contacted,,live,yes,200,,,2026-08-14
cryptolists,,offers.dolfwin.com,Dolf Win Casino,affiliates@dolfwin.com,affcatalog:Dolfwin Partners,Dolfwin Partners,,,,low,verify this is really the casino before contacting — redirect confidence is low,not contacted,,gone,no,404,,HTTP 404,2026-08-14
cryptolists,,aff-ads.woopaffiliates.com,Woop Win,,,,,,,low,verify this is really the casino before contacting — redirect confidence is low,not contacted,,live,yes,200,Gofiliate Administration Platform,,2026-08-14
cryptolists,,fastpay-acess.com,Fast Pay Casino,,,,,,,low,verify this is really the casino before contacting — redirect confidence is low,not contacted,,live,yes,200,,,2026-08-14
cryptolists,,wl1bet.adsrv.eacdn.com,1Bet Casino,,,,,,,low,verify this is really the casino before contacting — redirect confidence is low,not contacted,,gone,no,200,,near-empty response,2026-08-14
cryptolists,,thequeenspins.com,Queen Spins Casino,,,,,,,low,verify this is really the casino before contacting — redirect confidence is low,not contacted,,live,yes,200,,,2026-08-14
cryptolists,,slotsempirebonuses.com,Slots Empire,,,,,,,low,verify this is really the casino before contacting — redirect confidence is low,not contacted,,live,yes,200,,,2026-08-14
cryptolists,,get2me.pro,Bons Casino,,,,,,,low,verify this is really the casino before contacting — redirect confidence is low,not contacted,,live,yes,200,get2me.pro,,2026-08-14
cryptolists,,dripcasino.life,Drip Casino,,,,,,,low,verify this is really the casino before contacting — redirect confidence is low,not contacted,,live,yes,200,Welcome,,2026-08-14
cryptolists,,playaxecasino.com,Axe Casino,,,,,,,low,verify this is really the casino before contacting — redirect confidence is low,not contacted,,live,yes,200,,,2026-08-14
cryptolists,,zodiac1bet.com,Zodiac Bet Casino,,,,,,,low,verify this is really the casino before contacting — redirect confidence is low,not contacted,,live,yes,200,ZodiacBet,,2026-08-14
cryptolists,,bluechip.io,Bluechip Casino,hello@bluechip.partners,affcatalog:Bluechip Partners,Bluechip Partners,,,,low,verify this is really the casino before contacting — redirect confidence is low,not contacted,,live,yes,200,Lobby | BlueChip,,2026-08-14
cryptolists,,get.winbig21.com,Win Big 21 Casino,,,,,,,low,verify this is really the casino before contacting — redirect confidence is low,not contacted,,live,yes,200,,,2026-08-14
cryptolists,,n1bet.live,N1 Bet Casino,affiliates@n1.partners,affcatalog:N1 Partners,N1 Partners,,,,low,verify this is really the casino before contacting — redirect confidence is low,not contacted,,live,yes,200,,,2026-08-14
cryptolists,,exclusive.america777.com,America 777,info@affiliateslots.com,affcatalog:Affiliate Slots,Affiliate Slots,,,,low,verify this is really the casino before contacting — redirect confidence is low,not contacted,,gone,no,502,,HTTP 502,2026-08-14
cryptolists,,luckland.com,Casino Midas,support@affilistars.com,affcatalog:Affilistars,Affilistars,,,,low,verify this is really the casino before contacting — redirect confidence is low,not contacted,,live,yes,200,Online Casino Reviews & Welcome Bonus Ratings | LuckLand,,2026-08-14
cryptolists,,simsinos.com,Simsino Casino,affiliates@simsinos.com,affcatalog:Simsino Partners,Simsino Partners,,,,low,verify this is really the casino before contacting — redirect confidence is low,not contacted,,live,yes,200,Simsinos: Online Casino & Sports Betting - Wager Free Bonuses,,2026-08-14
cryptolists,,jtfr-itsokarsn.com,Jet Casino,,,,,,,low,verify this is really the casino before contacting — redirect confidence is low,not contacted,,live,yes,200,Welcome,,2026-08-14
cryptolists,,oshiplay.com,Oshi Casino,,,,,,,low,verify this is really the casino before contacting — redirect confidence is low,not contacted,,live,yes,200,,,2026-08-14
cryptolists,,land3.yyy-net.com,YYY Casino,,,,,,,low,verify this is really the casino before contacting — redirect confidence is low,not contacted,,live,yes,200,This Website is not available in your country.,,2026-08-14
cryptolists,,offers.vegasland.com,VegasLand Casino,support@mrplaypartners.com,affcatalog:MrPlay Partners,MrPlay Partners,,,,low,verify this is really the casino before contacting — redirect confidence is low,not contacted,,live,yes,200,VegasLand,,2026-08-14
cryptolists,,cryptolists.com,Bet And You,,,,,,,low,verify this is really the casino before contacting — redirect confidence is low,not contacted,,gone,no,,,TimeoutError,2026-08-14
cryptolists,,promo.rocketplay-bonuses.club,Rocket Play Casino,,,,,,,low,verify this is really the casino before contacting — redirect confidence is low,not contacted,,gone,no,404,,HTTP 404,2026-08-14
cryptolists,,jpgame77.com,Hachi Slot,,,,,,,low,verify this is really the casino before contacting — redirect confidence is low,not contacted,,live,yes,200,LCH - Your Biggest Live Casino in Asia,,2026-08-14
cryptolists,,lemon.casino,Lemon Casino,affiliates@lemon.partners,affcatalog:Lemon Partners,Lemon Partners,,,,low,verify this is really the casino before contacting — redirect confidence is low,not contacted,,live,yes,200,,,2026-08-14
cryptolists,,play.mystino-1.net,Mystino Casino,,,,,,,low,verify this is really the casino before contacting — redirect confidence is low,not contacted,,live,yes,200,Mystino | The Best Online Casino & Sportsbook in Japan,,2026-08-14
cryptolists,,lokocampaign.com,Crypto Loko,,,,,,,low,verify this is really the casino before contacting — redirect confidence is low,not contacted,,live,yes,200,Crypto Loko,,2026-08-14
cryptolists,,casinopurple.info,Casino Purple,,,,,,,low,verify this is really the casino before contacting — redirect confidence is low,not contacted,,live,yes,200,CasinoPurple — Play Online Slots & Live Casino Games | casinopurple.info,,2026-08-14
cryptolists,,cherryjackpot.com,Cherry Jackpot,managers@legendaffiliates.com,affcatalog:Legend Affiliates,Legend Affiliates,,,,low,verify this is really the casino before contacting — redirect confidence is low,not contacted,,live,yes,200,,,2026-08-14
cryptolists,,dzrd.bfplay.link,Dazard Casino,,,,,,,low,verify this is really the casino before contacting — redirect confidence is low,not contacted,,live,yes,200,Play Dazard online casino live blackjack and slots in Canada or AU,,2026-08-14
cryptolists,,spstrd.com,Spinch,,,,,,,low,verify this is really the casino before contacting — redirect confidence is low,not contacted,,live,yes,200,Spinch Online Casino | Up to 20% cashback daily | Spinch.com,,2026-08-14
cryptolists,,rockwingo.com,Rockwin Casino,,,,,,,low,verify this is really the casino before contacting — redirect confidence is low,not contacted,,live,yes,200,,,2026-08-14
cryptolists,,onrdrct.com,OnLuck Casino,,,,,,,low,verify this is really the casino before contacting — redirect confidence is low,not contacted,,live,yes,200,Online Casino & Sports Betting – 120% Bonus up to €3000,,2026-08-14
cryptolists,,livecasinohouse.shop,Live Casino House,info@income88.com,affcatalog:Income88 Affiliates,Income88 Affiliates,,,,low,verify this is really the casino before contacting — redirect confidence is low,not contacted,,live,yes,200,Live Casino House – Best Online Casino | Live Dealer & Big Bonuses,,2026-08-14
cryptolists,,dynaco3.com,B7 Casino,,,,,,,low,verify this is really the casino before contacting — redirect confidence is low,not contacted,,live,yes,200,loading...,,2026-08-14
cryptolists,,pribet.club,Pribet Casino,support@zpartners.com,affcatalog:Z Partners,Z Partners,,,,low,verify this is really the casino before contacting — redirect confidence is low,not contacted,,live,yes,200,PriBet,,2026-08-14
cryptolists,,1rrdrct.com,1Red Casino,,,,,,,low,verify this is really the casino before contacting — redirect confidence is low,not contacted,,live,yes,200,1RED Casino,,2026-08-14
cryptolists,,trredir.com,Tomb Riches,,,,,,,low,verify this is really the casino before contacting — redirect confidence is low,not contacted,,live,yes,200,Loading...,,2026-08-14
cryptolists,,games.fortunemobilecasino.co.uk,Fortune Mobile Casino,samson.rosarey@galaxyaffiliates.com,affcatalog:Galaxy Affiliates,Galaxy Affiliates,,,,low,verify this is really the casino before contacting — redirect confidence is low,not contacted,,live,yes,200,Fortune Mobile Casino,,2026-08-14
cryptolists,,fresh-sfgjhyrt02.com,Fresh Casino,,,,,,,low,verify this is really the casino before contacting — redirect confidence is low,not contacted,,live,yes,200,Welcome,,2026-08-14
cryptolists,,stardacasino.life,Starda Casino,,,,,,,low,verify this is really the casino before contacting — redirect confidence is low,not contacted,,live,yes,200,Welcome,,2026-08-14
cryptolists,,zonexa3.com,Memo Casino,,,,,,,low,verify this is really the casino before contacting — redirect confidence is low,not contacted,,live,yes,200,loading...,,2026-08-14
cryptolists,,clarizo4.com,Joka Bet,,,,,,,low,verify this is really the casino before contacting — redirect confidence is low,not contacted,,live,yes,200,loading...,,2026-08-14
cryptolists,,lexafy6.com,Bet Sixty,,,,,,,low,verify this is really the casino before contacting — redirect confidence is low,not contacted,,live,yes,200,loading...,,2026-08-14
cryptolists,,redirect-fieryplay.com,Vulkan Spiele,,,,,,,low,verify this is really the casino before contacting — redirect confidence is low,not contacted,,gone,no,200,,near-empty response,2026-08-14
cryptolists,,zentroex7.com,Nine Win Casino,,,,,,,low,verify this is really the casino before contacting — redirect confidence is low,not contacted,,live,yes,200,loading...,,2026-08-14
cryptolists,,linktocandyspinz.com,Candy Spinz Casino,,,,,,,low,verify this is really the casino before contacting — redirect confidence is low,not contacted,,live,yes,200,loading...,TimeoutError,2026-08-14
cryptolists,,jacky-net.co,Hidden Jack Casino,,,,,,,low,verify this is really the casino before contacting — redirect confidence is low,not contacted,,live,yes,200,,,2026-08-14
