brand,domain,site,operator,licence,issued,expiry,already_listed,contact_url_guess,contact_email,status,contacted_on,notes
Coin88,coin88.io,https://coin88.io,3-102-944439 SRL,ALSI-202607032-FI2,2026-07-31,2027-07-30,yes,https://coin88.io/contact,,not contacted,,
Fairmatch,fairmatch.us,https://fairmatch.us,3-102-951548 SRL,ALSI-202607033-FI2,2026-07-31,2027-07-30,yes,https://fairmatch.us/contact,,not contacted,,
Lottosway,lottosway.com,https://lottosway.com,3-102-953460 SRL,ALSI-202607034-FI2,2026-07-31,2027-07-30,yes,https://lottosway.com/contact,,not contacted,,
Spinbetter,spinbetter.com,https://spinbetter.com,3-102-955890 LIMITADA,ALSI-202607036-FI2,2026-07-31,2027-07-30,yes,https://spinbetter.com/contact,,not contacted,,
Lionluck,lionluck.casino,https://lionluck.casino,3-102-961212 SRL,ALSI-202607037-FI2,2026-07-31,2027-07-30,yes,https://lionluck.casino/contact,,not contacted,,
Orionsfortune,orionsfortune.com,https://orionsfortune.com,3-102-962044 SRL,ALSI-202607038-FI2,2026-07-31,2027-07-30,yes,https://orionsfortune.com/contact,,not contacted,,
Orionsfortune,orionsfortune.casino,https://orionsfortune.casino,3-102-962044 SRL,ALSI-202607038-FI2,2026-07-31,2027-07-30,yes,https://orionsfortune.casino/contact,,not contacted,,
Luckybit,luckybit.com,https://luckybit.com,3-102-963341 SRL,ALSI-202607039-FI2,2026-07-31,2027-07-30,yes,https://luckybit.com/contact,,not contacted,,
Gannar,gannar.com,https://gannar.com,3-102-964320 SRL,ALSI-202607040-FI2,2026-07-31,2027-07-30,yes,https://gannar.com/contact,,not contacted,,
Slotoy,slotoy.com,https://slotoy.com,IMPECCASOFT LTD,ALSI-202607046-FI2,2026-07-31,2027-07-30,yes,https://slotoy.com/contact,,not contacted,,
Acrpoker,acrpoker.eu,https://acrpoker.eu,International Processing Services SA,ALSI-202607066-FI2,2026-07-31,2027-07-30,yes,https://acrpoker.eu/contact,,not contacted,,
Betacr,betacr.eu,https://betacr.eu,International Processing Services SA,ALSI-202607066-FI2,2026-07-31,2027-07-30,yes,https://betacr.eu/contact,,not contacted,,
Blackchippoker,blackchippoker.io,https://blackchippoker.io,International Processing Services SA,ALSI-202607066-FI2,2026-07-31,2027-07-30,yes,https://blackchippoker.io/contact,,not contacted,,
Truepoker,truepoker.eu,https://truepoker.eu,International Processing Services SA,ALSI-202607066-FI2,2026-07-31,2027-07-30,yes,https://truepoker.eu/contact,,not contacted,,
Yapoker,yapoker.com,https://yapoker.com,International Processing Services SA,ALSI-202607066-FI2,2026-07-31,2027-07-30,yes,https://yapoker.com/contact,,not contacted,,
Redstone777,redstone777.com,https://redstone777.com,Redstone 22 Ltd,ALSI-202607050-FI2,2026-07-31,2027-07-30,yes,https://redstone777.com/contact,,not contacted,,
Stoked,stoked.bet,https://stoked.bet,S22 Holdings Corporation,ALSI-202607051-FI2,2026-07-31,2027-07-30,yes,https://stoked.bet/contact,,not contacted,,
Onda Bet,onda-bet.com,https://onda-bet.com,Solenmist Corp,ALSI-202607053-FI2,2026-07-31,2027-07-30,yes,https://onda-bet.com/contact,,not contacted,,
Onda,onda.bet,https://onda.bet,Solenmist Corp,ALSI-202607053-FI2,2026-07-31,2027-07-30,yes,https://onda.bet/contact,,not contacted,,
Winigreat,winigreat.com,https://winigreat.com,VinniGreat Limited,ALSI-202607054-FI2,2026-07-31,2027-07-30,yes,https://winigreat.com/contact,,not contacted,,
Legendz,legendz.io,https://legendz.io,3-102-936132 SRL,ALSI-202607001-FI1,2026-07-15,2027-07-14,yes,https://legendz.io/contact,,not contacted,,
Betpositivo,betpositivo.com,https://betpositivo.com,3-102-947340 SRL,ALSI-202607003-FI1,2026-07-15,2027-07-14,yes,https://betpositivo.com/contact,,not contacted,,
Magicmarkets,magicmarkets.com,https://magicmarkets.com,3-102-947650 SRL,ALSI-202607031-FI1,2026-07-15,2027-07-14,yes,https://magicmarkets.com/contact,,not contacted,,
Rivertidecasino,rivertidecasino.com,https://rivertidecasino.com,3-102-949728 SRL,ALSI-202607004-FI1,2026-07-15,2027-07-14,yes,https://rivertidecasino.com/contact,,not contacted,,
Spartaspins,spartaspins.com,https://spartaspins.com,3-102-950573 SRL,ALSI-202607005-FI1,2026-07-15,2027-07-14,yes,https://spartaspins.com/contact,,not contacted,,
Crypto Backgammon,crypto-backgammon.online,https://crypto-backgammon.online,3-102-957650 SRL,ALSI-202607006-FI1,2026-07-15,2027-07-14,yes,https://crypto-backgammon.online/contact,,not contacted,,
Luckyriches,luckyriches.com,https://luckyriches.com,3-102-959342 SRL,ALSI-202607007-FI1,2026-07-15,2027-07-14,yes,https://luckyriches.com/contact,,not contacted,,
Winnowlotto,winnowlotto.com,https://winnowlotto.com,3-102-959952 SRL,ALSI-202607008-FI1,2026-07-15,2027-07-14,yes,https://winnowlotto.com/contact,,not contacted,,
Highstack,highstack.com,https://highstack.com,3-102-960819 SRL,ALSI-202607009-FI1,2026-07-15,2027-07-14,yes,https://highstack.com/contact,,not contacted,,
Tuplaa,tuplaa.com,https://tuplaa.com,3-102-962728 SRL,ALSI-202607010-FI1,2026-07-15,2027-07-14,yes,https://tuplaa.com/contact,,not contacted,,
Pelaa,pelaa.io,https://pelaa.io,3-102-962728 SRL,ALSI-202607010-FI1,2026-07-15,2027-07-14,yes,https://pelaa.io/contact,,not contacted,,
Trevolbet,trevolbet.mx,https://trevolbet.mx,3-102-962962 SRL,ALSI-202607011-FI1,2026-07-15,2027-07-14,yes,https://trevolbet.mx/contact,,not contacted,,
Trevol,trevol.bet,https://trevol.bet,3-102-962962 SRL,ALSI-202607011-FI1,2026-07-15,2027-07-14,yes,https://trevol.bet/contact,,not contacted,,
Iqpokies,iqpokies.com,https://iqpokies.com,3-102-964836 SRL,ALSI-202607013-FI1,2026-07-15,2027-07-14,yes,https://iqpokies.com/contact,,not contacted,,
Bobercasino,bobercasino.com,https://bobercasino.com,3-102-964836 SRL,ALSI-202607013-FI1,2026-07-15,2027-07-14,yes,https://bobercasino.com/contact,,not contacted,,
Fungabet,fungabet.com,https://fungabet.com,3-102-965384 Limitada,ALSI-202607014-FI1,2026-07-15,2027-07-14,yes,https://fungabet.com/contact,,not contacted,,
Gansobet,gansobet.com,https://gansobet.com,3-102-965760 SRL,ALSI-202607016-FI1,2026-07-15,2027-07-14,yes,https://gansobet.com/contact,,not contacted,,
Ganso,ganso.bet,https://ganso.bet,3-102-965760 SRL,ALSI-202607016-FI1,2026-07-15,2027-07-14,yes,https://ganso.bet/contact,,not contacted,,
Gansowin,gansowin.com,https://gansowin.com,3-102-965760 SRL,ALSI-202607016-FI1,2026-07-15,2027-07-14,yes,https://gansowin.com/contact,,not contacted,,
Joi Rush,joi-rush.com,https://joi-rush.com,JRB Solutions Limited,ALSI-202607021-FI1,2026-07-15,2027-07-14,yes,https://joi-rush.com/contact,,not contacted,,
Stellacasino,stellacasino.online,https://stellacasino.online,Kaveh Ltd,ALSI-202607022-FI1,2026-07-15,2027-07-14,yes,https://stellacasino.online/contact,,not contacted,,
Stellacasino,stellacasino.com,https://stellacasino.com,Kaveh Ltd,ALSI-202607022-FI1,2026-07-15,2027-07-14,yes,https://stellacasino.com/contact,,not contacted,,
Swoobz,swoobz.com,https://swoobz.com,Knaack LLC,ALSI-202607023-FI1,2026-07-15,2027-07-14,yes,https://swoobz.com/contact,,not contacted,,
Shaftkings,shaftkings.gg,https://shaftkings.gg,Maximumedge LLC,ALSI-202607024-FI1,2026-07-15,2027-07-14,yes,https://shaftkings.gg/contact,,not contacted,,
Chocospin,chocospin.com,https://chocospin.com,Orion Edge SRL,ALSI-202607025-FI1,2026-07-15,2027-07-14,yes,https://chocospin.com/contact,,not contacted,,
Totemcasino,totemcasino.com,https://totemcasino.com,Rastech Ltd,ALSI-202607026-FI1,2026-07-15,2027-07-14,yes,https://totemcasino.com/contact,,not contacted,,
Rastgele,rastgele.com,https://rastgele.com,Rastech Ltd,ALSI-202607026-FI1,2026-07-15,2027-07-14,yes,https://rastgele.com/contact,,not contacted,,
Travelodds,travelodds.com,https://travelodds.com,TRAVEL ODDS INTERNATIONAL LIMITED,ALSI-202607028-FI1,2026-07-15,2027-07-14,yes,https://travelodds.com/contact,,not contacted,,
Luckylime,luckylime.net,https://luckylime.net,TRAVEL ODDS INTERNATIONAL LIMITED,ALSI-202607028-FI1,2026-07-15,2027-07-14,yes,https://luckylime.net/contact,,not contacted,,
Champagnebets,champagnebets.com,https://champagnebets.com,TRAVEL ODDS INTERNATIONAL LIMITED,ALSI-202607028-FI1,2026-07-15,2027-07-14,yes,https://champagnebets.com/contact,,not contacted,,
Kizzy,kizzy.io,https://kizzy.io,Vintaro Limited,ALSI-202607029-FI1,2026-07-15,2027-07-14,yes,https://kizzy.io/contact,,not contacted,,
Pasino,pasino.com,https://pasino.com,3-102-944648 SRL,ALSI-202606042-FI2,2026-06-30,2027-06-29,yes,https://pasino.com/contact,,not contacted,,
Pasino,pasino.io,https://pasino.io,3-102-944648 SRL,ALSI-202606042-FI2,2026-06-30,2027-06-29,yes,https://pasino.io/contact,,not contacted,,
Pampas,pampas.casino,https://pampas.casino,3-102-947776 Limitada,ALSI-202606043-FI2,2026-06-30,2027-06-29,yes,https://pampas.casino/contact,,not contacted,,
Pampas,pampas.bet,https://pampas.bet,3-102-947776 Limitada,ALSI-202606043-FI2,2026-06-30,2027-06-29,yes,https://pampas.bet/contact,,not contacted,,
Audia6,audia6.casino,https://audia6.casino,3-102-956791 SRL,ALSI-202606044-FI2,2026-06-30,2027-06-29,yes,https://audia6.casino/contact,,not contacted,,
Drawzilla,drawzilla.com,https://drawzilla.com,3-102-958035 SRL,ALSI-202606045-FI2,2026-06-30,2027-06-29,yes,https://drawzilla.com/contact,,not contacted,,
4rabet,4rabet.com,https://4rabet.com,3-102-958036 SRL,ALSI-202606046-FI2,2026-06-30,2027-06-29,yes,https://4rabet.com/contact,,not contacted,,
Sekabet,sekabet.com,https://sekabet.com,3-102-958495 SRL,ALSI-202606047-FI2,2026-06-30,2027-06-29,yes,https://sekabet.com/contact,,not contacted,,
Reroll,reroll.gg,https://reroll.gg,3-102-958716 SRL,ALSI-202606070-FI2,2026-06-30,2027-06-29,yes,https://reroll.gg/contact,,not contacted,,
Metaspins,metaspins.com,https://metaspins.com,3-102-959384 SRL,ALSI-202606048-FI2,2026-06-30,2027-06-29,yes,https://metaspins.com/contact,,not contacted,,
Nonnaspin,nonnaspin.co,https://nonnaspin.co,3-102-959531 SRL,ALSI-202606049-FI2,2026-06-30,2027-06-29,yes,https://nonnaspin.co/contact,,not contacted,,
Katana,katana.game,https://katana.game,3-102-960204 SRL,ALSI-202606041-FI2,2026-06-30,2027-06-29,yes,https://katana.game/contact,,not contacted,,
Vaultbet,vaultbet.com,https://vaultbet.com,3-102-961134 SRL,ALSI-202606050-FI2,2026-06-30,2027-06-29,yes,https://vaultbet.com/contact,,not contacted,,
Nebulacasinos,nebulacasinos.com,https://nebulacasinos.com,3-102-963007 SRL,ALSI-202606053-FI2,2026-06-30,2027-06-29,yes,https://nebulacasinos.com/contact,,not contacted,,
Rollion,rollion.bet,https://rollion.bet,3-102-963320 SRL,ALSI-202606054-FI2,2026-06-30,2027-06-29,yes,https://rollion.bet/contact,,not contacted,,
Spingeek,spingeek.com,https://spingeek.com,3-102-964420 SRL,ALSI-202606055-FI2,2026-06-30,2027-06-29,yes,https://spingeek.com/contact,,not contacted,,
Primeroll,primeroll.xyz,https://primeroll.xyz,Altaprime Holding SRL,ALSI-202606062-FI2,2026-06-30,2027-06-29,yes,https://primeroll.xyz/contact,,not contacted,,
Bwinners,bwinners.com,https://bwinners.com,Better Place Ltd,ALSI-202606066-FI2,2026-06-30,2027-06-29,yes,https://bwinners.com/contact,,not contacted,,
Litbit,litbit.com,https://litbit.com,Digital Systems Ltd,ALSI-202606033-FI2,2026-06-30,2027-06-29,yes,https://litbit.com/contact,,not contacted,,
Putki,putki.com,https://putki.com,Dravecourt Ltd,ALSI-202606065-FI2,2026-06-30,2027-06-29,yes,https://putki.com/contact,,not contacted,,
Asianconnect88,asianconnect88.com,https://asianconnect88.com,KageBridge Ltd,ALSI-202606034-FI2,2026-06-30,2027-06-29,yes,https://asianconnect88.com/contact,,not contacted,,
Asianodds88,asianodds88.com,https://asianodds88.com,KageBridge Ltd,ALSI-202606034-FI2,2026-06-30,2027-06-29,yes,https://asianodds88.com/contact,,not contacted,,
Ncc,ncc.bet,https://ncc.bet,Luminex Synergy Collective Ltd,ALSI-202606035-FI2,2026-06-30,2027-06-29,yes,https://ncc.bet/contact,,not contacted,,
Newcasino,newcasino.bet,https://newcasino.bet,Luminex Synergy Collective Ltd,ALSI-202606035-FI2,2026-06-30,2027-06-29,yes,https://newcasino.bet/contact,,not contacted,,
Yaru,yaru.bet,https://yaru.bet,Novaltrix Global Ventures Ltd,ALSI-202606037-FI2,2026-06-30,2027-06-29,yes,https://yaru.bet/contact,,not contacted,,
Vagosbet,vagosbet.io,https://vagosbet.io,Playage Tech LTD,ALSI-202606069-FI2,2026-06-30,2027-06-29,yes,https://vagosbet.io/contact,,not contacted,,
Anybetx,anybetx.com,https://anybetx.com,Playvex Ltd,ALSI-202606038-FI2,2026-06-30,2027-06-29,yes,https://anybetx.com/contact,,not contacted,,
Rtpgold,rtpgold.com,https://rtpgold.com,Playvex Ltd,ALSI-202606038-FI2,2026-06-30,2027-06-29,yes,https://rtpgold.com/contact,,not contacted,,
Clublucky7,clublucky7.com,https://clublucky7.com,Playvex Ltd,ALSI-202606038-FI2,2026-06-30,2027-06-29,yes,https://clublucky7.com/contact,,not contacted,,
Dazzwin,dazzwin.com,https://dazzwin.com,Playvex Ltd,ALSI-202606038-FI2,2026-06-30,2027-06-29,yes,https://dazzwin.com/contact,,not contacted,,
Playvora,playvora.games,https://playvora.games,Playvora Ltd,ALSI-202511018-FI1,2026-06-30,2027-06-29,yes,https://playvora.games/contact,,not contacted,,
Primeplay777,primeplay777.bet,https://primeplay777.bet,Prime Digital Ventures Ltd,ALSI-202606036-FI2,2026-06-30,2027-06-29,yes,https://primeplay777.bet/contact,,not contacted,,
Odds96,odds96.com,https://odds96.com,QUANTO Ltd,ALSI-202606039-FI2,2026-06-30,2027-06-29,yes,https://odds96.com/contact,,not contacted,,
Sportaza,sportaza.com,https://sportaza.com,Rocketship Ventures SRL,ALSI-202606064-FI2,2026-06-30,2027-06-29,yes,https://sportaza.com/contact,,not contacted,,
7signs,7signs.com,https://7signs.com,Rocketship Ventures SRL,ALSI-202606064-FI2,2026-06-30,2027-06-29,yes,https://7signs.com/contact,,not contacted,,
5gringos,5gringos.com,https://5gringos.com,Rocketship Ventures SRL,ALSI-202606064-FI2,2026-06-30,2027-06-29,yes,https://5gringos.com/contact,,not contacted,,
Novbet,novbet.com,https://novbet.com,3-102-946976 SRL,ALSI-202606002-FI1,2026-06-12,2027-06-11,yes,https://novbet.com/contact,,not contacted,,
Spinnwon,spinnwon.com,https://spinnwon.com,3-102-946976 SRL,ALSI-202606002-FI1,2026-06-12,2027-06-11,yes,https://spinnwon.com/contact,,not contacted,,
Spinsson,spinsson.com,https://spinsson.com,3-102-948994 SRL,ALSI-202606033-FI1,2026-06-12,2027-06-11,yes,https://spinsson.com/contact,,not contacted,,
Slotpilot,slotpilot.com,https://slotpilot.com,3-102-950932 SRL,ALSI-202606003-FI1,2026-06-12,2027-06-11,yes,https://slotpilot.com/contact,,not contacted,,
Betterplayerwin,betterplayerwin.com,https://betterplayerwin.com,3-102-952291 SRL,ALSI-202606004-FI1,2026-06-12,2027-06-11,yes,https://betterplayerwin.com/contact,,not contacted,,
Zeppelin,zeppelin.games,https://zeppelin.games,3-102-954481 SRL,ALSI-202606005-FI1,2026-06-12,2027-06-11,yes,https://zeppelin.games/contact,,not contacted,,
Tgr,tgr.casino,https://tgr.casino,3-102-956042 SRL,ALSI-202606006-FI1,2026-06-12,2027-06-11,yes,https://tgr.casino/contact,,not contacted,,
Luckylagoon,luckylagoon.live,https://luckylagoon.live,3-102-956421 SRL,ALSI-202606007-FI1,2026-06-12,2027-06-11,yes,https://luckylagoon.live/contact,,not contacted,,
Betbong,betbong.co,https://betbong.co,3-102-958313 SRL,ALSI-202606008-FI1,2026-06-12,2027-06-11,yes,https://betbong.co/contact,,not contacted,,
57casino,57casino.com,https://57casino.com,3-102-959035 SRL,ALSI-202606009-FI1,2026-06-12,2027-06-11,yes,https://57casino.com/contact,,not contacted,,
Betibu,betibu.io,https://betibu.io,3-102-959502 SRL,ALSI-202606010-FI1,2026-06-12,2027-06-11,yes,https://betibu.io/contact,,not contacted,,
Desi Casino,desi-casino.in,https://desi-casino.in,3-102-959976 SRL,ALSI-202606011-FI1,2026-06-12,2027-06-11,yes,https://desi-casino.in/contact,,not contacted,,
Ludivion,ludivion.com,https://ludivion.com,3-102-960253 SRL,ALSI-202606012-FI1,2026-06-12,2027-06-11,yes,https://ludivion.com/contact,,not contacted,,
Ludivion,ludivion.io,https://ludivion.io,3-102-960253 SRL,ALSI-202606012-FI1,2026-06-12,2027-06-11,yes,https://ludivion.io/contact,,not contacted,,
Only,only.win,https://only.win,3-102-961232 LIMITADA,ALSI-202606013-FI1,2026-06-12,2027-06-11,yes,https://only.win/contact,,not contacted,,
Sevenreels,sevenreels.com,https://sevenreels.com,3-102-961232 LIMITADA,ALSI-202606013-FI1,2026-06-12,2027-06-11,yes,https://sevenreels.com/contact,,not contacted,,
Winro,winro.com,https://winro.com,3-102-961232 LIMITADA,ALSI-202606013-FI1,2026-06-12,2027-06-11,yes,https://winro.com/contact,,not contacted,,
Crazypot,crazypot.bet,https://crazypot.bet,3-102-961515 SRL,ALSI-202606014-FI1,2026-06-12,2027-06-11,yes,https://crazypot.bet/contact,,not contacted,,
Trillix,trillix.com,https://trillix.com,3-102-963256 SRL,ALSI-202606016-FI1,2026-06-12,2027-06-11,yes,https://trillix.com/contact,,not contacted,,
Rivo,rivo.casino,https://rivo.casino,Exceptiosoft LTD,ALSI-202606020-FI1,2026-06-12,2027-06-11,yes,https://rivo.casino/contact,,not contacted,,
Gambliicasino,gambliicasino.io,https://gambliicasino.io,Exceptiosoft LTD,ALSI-202606020-FI1,2026-06-12,2027-06-11,yes,https://gambliicasino.io/contact,,not contacted,,
777seven,777seven.casino,https://777seven.casino,Exceptiosoft LTD,ALSI-202606020-FI1,2026-06-12,2027-06-11,yes,https://777seven.casino/contact,,not contacted,,
Gxmble Casino,gxmble-casino.io,https://gxmble-casino.io,Exceptiosoft LTD,ALSI-202606020-FI1,2026-06-12,2027-06-11,yes,https://gxmble-casino.io/contact,,not contacted,,
Slottio,slottio.io,https://slottio.io,Exceptiosoft LTD,ALSI-202606020-FI1,2026-06-12,2027-06-11,yes,https://slottio.io/contact,,not contacted,,
Spin Time,spin-time.io,https://spin-time.io,Exceptiosoft LTD,ALSI-202606020-FI1,2026-06-12,2027-06-11,yes,https://spin-time.io/contact,,not contacted,,
Spinwin,spinwin.to,https://spinwin.to,Exceptiosoft LTD,ALSI-202606020-FI1,2026-06-12,2027-06-11,yes,https://spinwin.to/contact,,not contacted,,
Winstlercasino,winstlercasino.io,https://winstlercasino.io,Exceptiosoft LTD,ALSI-202606020-FI1,2026-06-12,2027-06-11,yes,https://winstlercasino.io/contact,,not contacted,,
Winztercasino,winztercasino.io,https://winztercasino.io,Exceptiosoft LTD,ALSI-202606020-FI1,2026-06-12,2027-06-11,yes,https://winztercasino.io/contact,,not contacted,,
Thepalmcasino,thepalmcasino.io,https://thepalmcasino.io,Exceptiosoft LTD,ALSI-202606020-FI1,2026-06-12,2027-06-11,yes,https://thepalmcasino.io/contact,,not contacted,,
Gambleton,gambleton.com,https://gambleton.com,Exceptiosoft LTD,ALSI-202606020-FI1,2026-06-12,2027-06-11,yes,https://gambleton.com/contact,,not contacted,,
Rapter,rapter.com,https://rapter.com,Exceptiosoft LTD,ALSI-202606020-FI1,2026-06-12,2027-06-11,yes,https://rapter.com/contact,,not contacted,,
Masterbets365,masterbets365.com,https://masterbets365.com,Globalsoft Limited,ALSI-202606022-FI1,2026-06-12,2027-06-11,yes,https://masterbets365.com/contact,,not contacted,,
1000halla,1000halla.com,https://1000halla.com,Halla Group Ltd,ALSI-202606023-FI1,2026-06-12,2027-06-11,yes,https://1000halla.com/contact,,not contacted,,
Slotstake,slotstake.com,https://slotstake.com,Nevada Partners Limited,ALSI-202606025-FI1,2026-06-12,2027-06-11,yes,https://slotstake.com/contact,,not contacted,,
Winzz,winzz.bet,https://winzz.bet,Orion Future Limitada,ALSI-202606026-FI1,2026-06-12,2027-06-11,yes,https://winzz.bet/contact,,not contacted,,
Rolls,rolls.bet,https://rolls.bet,Orion Future Limitada,ALSI-202606026-FI1,2026-06-12,2027-06-11,yes,https://rolls.bet/contact,,not contacted,,
Here2win,here2win.com,https://here2win.com,Rancho Mirage Limited,ALSI-202606028-FI1,2026-06-12,2027-06-11,yes,https://here2win.com/contact,,not contacted,,
Me88,me88.com,https://me88.com,S Tier Solutions Ltd,ALSI-202606029-FI1,2026-06-12,2027-06-11,yes,https://me88.com/contact,,not contacted,,
Me88pro,me88pro.net,https://me88pro.net,S Tier Solutions Ltd,ALSI-202606029-FI1,2026-06-12,2027-06-11,yes,https://me88pro.net/contact,,not contacted,,
Wtf,wtf.games,https://wtf.games,Spinlab Management LLC,ALSI-202606032-FI1,2026-06-12,2027-06-11,yes,https://wtf.games/contact,,not contacted,,
Rbet,rbet.com,https://rbet.com,Spinlab Management LLC,ALSI-202606032-FI1,2026-06-12,2027-06-11,yes,https://rbet.com/contact,,not contacted,,
Owl,owl.games,https://owl.games,Wise Pixel Gaming LTD,ALSI-202605011-FI1,2026-05-31,2027-05-30,yes,https://owl.games/contact,,not contacted,,
Ttcasino,ttcasino.io,https://ttcasino.io,Wise Pixel Gaming LTD,ALSI-202605011-FI1,2026-05-31,2027-05-30,yes,https://ttcasino.io/contact,,not contacted,,
Web3poker,web3poker.com,https://web3poker.com,Wise Pixel Gaming LTD,ALSI-202605011-FI1,2026-05-31,2027-05-30,yes,https://web3poker.com/contact,,not contacted,,
Terracasino,terracasino.io,https://terracasino.io,Wise Pixel Gaming LTD,ALSI-202605011-FI1,2026-05-31,2027-05-30,yes,https://terracasino.io/contact,,not contacted,,
Slotorado,slotorado.com,https://slotorado.com,3-102-940408 SRL,ALSI-202605037-FI2,2026-05-29,2027-05-28,yes,https://slotorado.com/contact,,not contacted,,
Playzini,playzini.com,https://playzini.com,3-102-951277 SRL,ALSI-202605071-FI2,2026-05-29,2027-05-28,yes,https://playzini.com/contact,,not contacted,,
Noodlespin,noodlespin.com,https://noodlespin.com,3-102-951280 SRL,ALSI-202605070-FI2,2026-05-29,2027-05-28,yes,https://noodlespin.com/contact,,not contacted,,
Goldspinia,goldspinia.com,https://goldspinia.com,3-102-951280 SRL,ALSI-202605070-FI2,2026-05-29,2027-05-28,yes,https://goldspinia.com/contact,,not contacted,,
Monkeyzino,monkeyzino.com,https://monkeyzino.com,3-102-951280 SRL,ALSI-202605070-FI2,2026-05-29,2027-05-28,yes,https://monkeyzino.com/contact,,not contacted,,
Pump,pump.io,https://pump.io,3-102-951349 LIMITADA,ALSI-202605039-FI2,2026-05-29,2027-05-28,yes,https://pump.io/contact,,not contacted,,
Dg Kin,dg-kin.com,https://dg-kin.com,3-102-953403 SRL,ALSI-202605036-FI2,2026-05-29,2027-05-28,yes,https://dg-kin.com/contact,,not contacted,,
1mlnbetofficial,1mlnbetofficial.com,https://1mlnbetofficial.com,3-102-953403 SRL,ALSI-202605036-FI2,2026-05-29,2027-05-28,yes,https://1mlnbetofficial.com/contact,,not contacted,,
Orioncasino Official,orioncasino-official.com,https://orioncasino-official.com,3-102-953403 SRL,ALSI-202605036-FI2,2026-05-29,2027-05-28,yes,https://orioncasino-official.com/contact,,not contacted,,
Starkbet,starkbet.com,https://starkbet.com,3-102-958002 Limitada,ALSI-202605040-FI2,2026-05-29,2027-05-28,yes,https://starkbet.com/contact,,not contacted,,
Betnix,betnix.com,https://betnix.com,3-102-958341 SRL,ALSI-202605041-FI2,2026-05-29,2027-05-28,yes,https://betnix.com/contact,,not contacted,,
Lounge,lounge.casino,https://lounge.casino,3-102-959285 SRL,ALSI-202605042-FI2,2026-05-29,2027-05-28,yes,https://lounge.casino/contact,,not contacted,,
Cashier,cashier.casino,https://cashier.casino,3-102-959285 SRL,ALSI-202605042-FI2,2026-05-29,2027-05-28,yes,https://cashier.casino/contact,,not contacted,,
Sb,sb.center,https://sb.center,3-102-959285 SRL,ALSI-202605042-FI2,2026-05-29,2027-05-28,yes,https://sb.center/contact,,not contacted,,
Betcoin,betcoin.ag,https://betcoin.ag,3-102-961387 SRL,ALSI-202605043-FI2,2026-05-29,2027-05-28,yes,https://betcoin.ag/contact,,not contacted,,
30 Casino,30-casino.com,https://30-casino.com,3-102-961646 SRL,ALSI-202605044-FI2,2026-05-29,2027-05-28,yes,https://30-casino.com/contact,,not contacted,,
Lunaris,lunaris.casino,https://lunaris.casino,3-102-962754 SRL,ALSI-202605045-FI2,2026-05-29,2027-05-28,yes,https://lunaris.casino/contact,,not contacted,,
Swerte,swerte.casino,https://swerte.casino,Bikkie Games Ltd,ALSI-202605047-FI2,2026-05-29,2027-05-28,yes,https://swerte.casino/contact,,not contacted,,
Fafafa,fafafa.casino,https://fafafa.casino,Bikkie Games Ltd,ALSI-202605047-FI2,2026-05-29,2027-05-28,yes,https://fafafa.casino/contact,,not contacted,,
Blitzed,blitzed.io,https://blitzed.io,Blitzed Media Ltd,ALSI-202605048-FI2,2026-05-29,2027-05-28,yes,https://blitzed.io/contact,,not contacted,,
Betgrw,betgrw.com,https://betgrw.com,Conseil des Abénakis de Wôlinak,ALSI-202605049-FI2,2026-05-29,2027-05-28,yes,https://betgrw.com/contact,,not contacted,,
Slotime,slotime.com,https://slotime.com,Fortuna Interactive Limited,ALSI-202605052-FI2,2026-05-29,2027-05-28,yes,https://slotime.com/contact,,not contacted,,
Onlyspin,onlyspin.com,https://onlyspin.com,Fortuna Interactive Limited,ALSI-202605052-FI2,2026-05-29,2027-05-28,yes,https://onlyspin.com/contact,,not contacted,,
Ultraslot,ultraslot.com,https://ultraslot.com,Foxora Tech Ltd,ALSI-202605053-FI2,2026-05-29,2027-05-28,yes,https://ultraslot.com/contact,,not contacted,,
Rocktournament,rocktournament.com,https://rocktournament.com,Mad Matrix Solutions Ltd,ALSI-202605055-FI2,2026-05-29,2027-05-28,yes,https://rocktournament.com/contact,,not contacted,,
Knockout,knockout.global,https://knockout.global,Mad Matrix Solutions Ltd,ALSI-202605055-FI2,2026-05-29,2027-05-28,yes,https://knockout.global/contact,,not contacted,,
Moonsoft,moonsoft.org,https://moonsoft.org,MK Company Ltd,ALSI-202605057-FI2,2026-05-29,2027-05-28,yes,https://moonsoft.org/contact,,not contacted,,
Gamblecity,gamblecity.com,https://gamblecity.com,MOA Communications Ltd,ALSI-202605058-FI2,2026-05-29,2027-05-28,yes,https://gamblecity.com/contact,,not contacted,,
Operaroyal,operaroyal.com,https://operaroyal.com,New Gen Projects Group Ltd,ALSI-202605059-FI2,2026-05-29,2027-05-28,yes,https://operaroyal.com/contact,,not contacted,,
Mgamesbet,mgamesbet.com,https://mgamesbet.com,New Gen Projects Group Ltd,ALSI-202605059-FI2,2026-05-29,2027-05-28,yes,https://mgamesbet.com/contact,,not contacted,,
Nordabet,nordabet.com,https://nordabet.com,New Gen Projects Group Ltd,ALSI-202605059-FI2,2026-05-29,2027-05-28,yes,https://nordabet.com/contact,,not contacted,,
Jagaban,jagaban.bet,https://jagaban.bet,New Gen Projects Group Ltd,ALSI-202605059-FI2,2026-05-29,2027-05-28,yes,https://jagaban.bet/contact,,not contacted,,
Vikings,vikings.casino,https://vikings.casino,Novexa Ltd.,ALSI-202605061-FI2,2026-05-29,2027-05-28,yes,https://vikings.casino/contact,,not contacted,,
Flip,flip.gg,https://flip.gg,Obsidian Tech Ltd.,ALSI-202605062-FI2,2026-05-29,2027-05-28,yes,https://flip.gg/contact,,not contacted,,
Playw3,playw3.com,https://playw3.com,Play Media Limited,ALSI-202605064-FI2,2026-05-29,2027-05-28,yes,https://playw3.com/contact,,not contacted,,
Sharker,sharker.com,https://sharker.com,Play Media Limited,ALSI-202605064-FI2,2026-05-29,2027-05-28,yes,https://sharker.com/contact,,not contacted,,
Betstruck,betstruck.com,https://betstruck.com,Stravon Global Ltd.,ALSI-202605066-FI2,2026-05-29,2027-05-28,yes,https://betstruck.com/contact,,not contacted,,
Titanbet,titanbet.io,https://titanbet.io,Titan Digital Ltd,ALSI-202605068-FI2,2026-05-29,2027-05-28,yes,https://titanbet.io/contact,,not contacted,,
Metabet,metabet.us,https://metabet.us,Walter D Media Ltd,ALSI-202605069-FI2,2026-05-29,2027-05-28,yes,https://metabet.us/contact,,not contacted,,
Spinkings24,spinkings24.com,https://spinkings24.com,3-102-948648 SRL,ALSI-202605002-FI1,2026-05-15,2027-05-14,yes,https://spinkings24.com/contact,,not contacted,,
Duelduck,duelduck.com,https://duelduck.com,3-102-951805 SRL,ALSI-202605003-FI1,2026-05-15,2027-05-14,yes,https://duelduck.com/contact,,not contacted,,
Slotclover,slotclover.com,https://slotclover.com,3-102-952363 SRL,ALSI-202605004-FI1,2026-05-15,2027-05-14,yes,https://slotclover.com/contact,,not contacted,,
Lotoclub,lotoclub.cc,https://lotoclub.cc,3-102-952722 SRL,ALSI-202605005-FI1,2026-05-15,2027-05-14,yes,https://lotoclub.cc/contact,,not contacted,,
Theoriginals,theoriginals.io,https://theoriginals.io,3-102-953234 SRL,ALSI-202605006-FI1,2026-05-15,2027-05-14,yes,https://theoriginals.io/contact,,not contacted,,
Draca,draca.io,https://draca.io,3-102-953234 SRL,ALSI-202605006-FI1,2026-05-15,2027-05-14,yes,https://draca.io/contact,,not contacted,,
Moonbet,moonbet.co,https://moonbet.co,3-102-958127 SRL,ALSI-202605007-FI1,2026-05-15,2027-05-14,yes,https://moonbet.co/contact,,not contacted,,
Zanza,zanza.casino,https://zanza.casino,3-102-959858 SRL,ALSI-202605008-FI1,2026-05-15,2027-05-14,yes,https://zanza.casino/contact,,not contacted,,
Zanza,zanza.bet,https://zanza.bet,3-102-959858 SRL,ALSI-202605008-FI1,2026-05-15,2027-05-14,yes,https://zanza.bet/contact,,not contacted,,
Yourbookie,yourbookie.com,https://yourbookie.com,3-102-960702 SRL,ALSI-202605009-FI1,2026-05-15,2027-05-14,yes,https://yourbookie.com/contact,,not contacted,,
Dalewin,dalewin.com,https://dalewin.com,Axis Play Hub Limited,ALSI-202605010-FI1,2026-05-15,2027-05-14,yes,https://dalewin.com/contact,,not contacted,,
Dale,dale.win,https://dale.win,Axis Play Hub Limited,ALSI-202605010-FI1,2026-05-15,2027-05-14,yes,https://dale.win/contact,,not contacted,,
Bx,bx.game,https://bx.game,BX Digital NextGen Ltd.,ALSI-202605013-FI1,2026-05-15,2027-05-14,yes,https://bx.game/contact,,not contacted,,
Supertotobet,supertotobet.com,https://supertotobet.com,Feel So Good Limited,ALSI-202605014-FI1,2026-05-15,2027-05-14,yes,https://supertotobet.com/contact,,not contacted,,
Mariobet,mariobet.com,https://mariobet.com,Feel So Good Limited,ALSI-202605014-FI1,2026-05-15,2027-05-14,yes,https://mariobet.com/contact,,not contacted,,
Betmatik,betmatik.com,https://betmatik.com,Feel So Good Limited,ALSI-202605014-FI1,2026-05-15,2027-05-14,yes,https://betmatik.com/contact,,not contacted,,
Betist,betist.com,https://betist.com,Feel So Good Limited,ALSI-202605014-FI1,2026-05-15,2027-05-14,yes,https://betist.com/contact,,not contacted,,
Kralbet,kralbet.com,https://kralbet.com,Feel So Good Limited,ALSI-202605014-FI1,2026-05-15,2027-05-14,yes,https://kralbet.com/contact,,not contacted,,
Tarafbet,tarafbet.com,https://tarafbet.com,Feel So Good Limited,ALSI-202605014-FI1,2026-05-15,2027-05-14,yes,https://tarafbet.com/contact,,not contacted,,
Xslot,xslot.com,https://xslot.com,Feel So Good Limited,ALSI-202605014-FI1,2026-05-15,2027-05-14,yes,https://xslot.com/contact,,not contacted,,
Betine,betine.com,https://betine.com,Feel So Good Limited,ALSI-202605014-FI1,2026-05-15,2027-05-14,yes,https://betine.com/contact,,not contacted,,
Betkom,betkom.com,https://betkom.com,Feel So Good Limited,ALSI-202605014-FI1,2026-05-15,2027-05-14,yes,https://betkom.com/contact,,not contacted,,
Kupabet,kupabet.com,https://kupabet.com,Feel So Good Limited,ALSI-202605014-FI1,2026-05-15,2027-05-14,yes,https://kupabet.com/contact,,not contacted,,
Ultracricket,ultracricket.com,https://ultracricket.com,Island Gaming Limited,ALSI-202605017-FI1,2026-05-15,2027-05-14,yes,https://ultracricket.com/contact,,not contacted,,
Ultracricket,ultracricket.io,https://ultracricket.io,Island Gaming Limited,ALSI-202605017-FI1,2026-05-15,2027-05-14,yes,https://ultracricket.io/contact,,not contacted,,
Heavenonline,heavenonline.io,https://heavenonline.io,Lucifer Ltd,ALSI-202605018-FI1,2026-05-15,2027-05-14,yes,https://heavenonline.io/contact,,not contacted,,
Xsino,xsino.io,https://xsino.io,Lucifer Ltd,ALSI-202605018-FI1,2026-05-15,2027-05-14,yes,https://xsino.io/contact,,not contacted,,
Derbybet,derbybet.com,https://derbybet.com,Neogenesis SRL,ALSI-202605019-FI1,2026-05-15,2027-05-14,yes,https://derbybet.com/contact,,not contacted,,
Trustdice,trustdice.win,https://trustdice.win,Satoshi Labs Ltd,ALSI-202605020-FI1,2026-05-15,2027-05-14,yes,https://trustdice.win/contact,,not contacted,,
Mollydice,mollydice.com,https://mollydice.com,Satoshi Labs Ltd,ALSI-202605020-FI1,2026-05-15,2027-05-14,no,https://mollydice.com/contact,,not contacted,,
Star,star.gg,https://star.gg,Skyborn Limited,ALSI-202605021-FI1,2026-05-15,2027-05-14,no,https://star.gg/contact,,not contacted,,
Zenthoryx,zenthoryx.win,https://zenthoryx.win,Zenthoryx Limited,ALSI-202605025-FI1,2026-05-15,2027-05-14,no,https://zenthoryx.win/contact,,not contacted,,
Zenthoryx,zenthoryx.app,https://zenthoryx.app,Zenthoryx Limited,ALSI-202605025-FI1,2026-05-15,2027-05-14,no,https://zenthoryx.app/contact,,not contacted,,
Crazybet,crazybet.com,https://crazybet.com,Ardenvale Ltd,ALSI-202605026-FI1,2026-05-11,2027-05-10,no,https://crazybet.com/contact,,not contacted,,
Crazybet,crazybet.gg,https://crazybet.gg,Ardenvale Ltd,ALSI-202605026-FI1,2026-05-11,2027-05-10,no,https://crazybet.gg/contact,,not contacted,,
Playandpredict,playandpredict.io,https://playandpredict.io,Blackmere Ltd,ALSI-202605032-FI1,2026-05-11,2027-05-10,no,https://playandpredict.io/contact,,not contacted,,
Beargaming,beargaming.bet,https://beargaming.bet,Meridian Crest Ltd,ALSI-202605029-FI1,2026-05-11,2027-05-10,no,https://beargaming.bet/contact,,not contacted,,
Degenta,degenta.com,https://degenta.com,Thornwick Ltd,ALSI-202605028-FI1,2026-05-11,2027-05-10,no,https://degenta.com/contact,,not contacted,,
Dgenta,dgenta.com,https://dgenta.com,Thornwick Ltd,ALSI-202605028-FI1,2026-05-11,2027-05-10,no,https://dgenta.com/contact,,not contacted,,
Orowin,orowin.bet,https://orowin.bet,Win Vision N.V.,ALSI-202605001-FI1,2026-05-08,2027-05-07,no,https://orowin.bet/contact,,not contacted,,
Sikkaro,sikkaro.bet,https://sikkaro.bet,Win Vision N.V.,ALSI-202605001-FI1,2026-05-08,2027-05-07,no,https://sikkaro.bet/contact,,not contacted,,
2k,2k.bet,https://2k.bet,2K Services Ltd,ALSI-202604019-FI2,2026-04-29,2027-04-28,no,https://2k.bet/contact,,not contacted,,
Hellocasino,hellocasino.io,https://hellocasino.io,3-102-940372 SRL,ALSI-202604020-FI2,2026-04-29,2027-04-28,no,https://hellocasino.io/contact,,not contacted,,
Siospot,siospot.io,https://siospot.io,3-102-949979 SRL,ALSI-202604022-FI2,2026-04-29,2027-04-28,no,https://siospot.io/contact,,not contacted,,
Kranz,kranz.top,https://kranz.top,3-102-952153 SRL,ALSI-202604024-FI2,2026-04-29,2027-04-28,no,https://kranz.top/contact,,not contacted,,
Atom Casino,atom-casino.com,https://atom-casino.com,3-102-952153 SRL,ALSI-202604024-FI2,2026-04-29,2027-04-28,no,https://atom-casino.com/contact,,not contacted,,
Casibra,casibra.com,https://casibra.com,3-102-952153 SRL,ALSI-202604024-FI2,2026-04-29,2027-04-28,no,https://casibra.com/contact,,not contacted,,
Pariland,pariland.com,https://pariland.com,3-102-952738 SRL,ALSI-202604025-FI2,2026-04-29,2027-04-28,no,https://pariland.com/contact,,not contacted,,
Reeljoy,reeljoy.com,https://reeljoy.com,3-102-952820 SRL,ALSI-202604026-FI2,2026-04-29,2027-04-28,no,https://reeljoy.com/contact,,not contacted,,
Casshiva,casshiva.com,https://casshiva.com,3-102-952932 SRL,ALSI-202604027-FI2,2026-04-29,2027-04-28,no,https://casshiva.com/contact,,not contacted,,
Parolambet,parolambet.com,https://parolambet.com,3-102-952932 SRL,ALSI-202604027-FI2,2026-04-29,2027-04-28,no,https://parolambet.com/contact,,not contacted,,
Donebets,donebets.com,https://donebets.com,3-102-952932 SRL,ALSI-202604027-FI2,2026-04-29,2027-04-28,no,https://donebets.com/contact,,not contacted,,
Buff,buff.gg,https://buff.gg,3-102-954785 LIMITADA,ALSI-202604028-FI2,2026-04-29,2027-04-28,no,https://buff.gg/contact,,not contacted,,
Gamblit,gamblit.net,https://gamblit.net,3-102-954785 LIMITADA,ALSI-202604028-FI2,2026-04-29,2027-04-28,no,https://gamblit.net/contact,,not contacted,,
Cosmoracasinos,cosmoracasinos.com,https://cosmoracasinos.com,3-102-958311 SRL,ALSI-202604029-FI2,2026-04-29,2027-04-28,no,https://cosmoracasinos.com/contact,,not contacted,,
Interwin,interwin.com,https://interwin.com,3-102-959230 SRL,ALSI-202604030-FI2,2026-04-29,2027-04-28,no,https://interwin.com/contact,,not contacted,,
Ganare,ganare.com,https://ganare.com,Born Champion Entertainment Ltd,ALSI-202604031-FI2,2026-04-29,2027-04-28,no,https://ganare.com/contact,,not contacted,,
Realcasino,realcasino.io,https://realcasino.io,CP2 Entertainment LLC,ALSI-202604032-FI2,2026-04-29,2027-04-28,no,https://realcasino.io/contact,,not contacted,,
Stepsino,stepsino.com,https://stepsino.com,Dexbay Ltd,ALSI-202604033-FI2,2026-04-29,2027-04-28,no,https://stepsino.com/contact,,not contacted,,
Keyzino,keyzino.com,https://keyzino.com,Dexbay Ltd,ALSI-202604033-FI2,2026-04-29,2027-04-28,no,https://keyzino.com/contact,,not contacted,,
Sinbet,sinbet.co.com,https://sinbet.co.com,GK INTERACTIVE LTD,ALSI-202604035-FI2,2026-04-29,2027-04-28,no,https://sinbet.co.com/contact,,not contacted,,
Trenchbet,trenchbet.com,https://trenchbet.com,Lock In Capital Ltd,ALSI-202604039-FI2,2026-04-29,2027-04-28,no,https://trenchbet.com/contact,,not contacted,,
Gorillacasinos,gorillacasinos.com,https://gorillacasinos.com,Luminous Interactive Solutions Ltd,ALSI-202604040-FI2,2026-04-29,2027-04-28,no,https://gorillacasinos.com/contact,,not contacted,,
Hype247,hype247.bet,https://hype247.bet,One Crane Studio Ltd,ALSI-202604043-FI2,2026-04-29,2027-04-28,no,https://hype247.bet/contact,,not contacted,,
Venus,venus.poker,https://venus.poker,One Crane Studio Ltd,ALSI-202604043-FI2,2026-04-29,2027-04-28,no,https://venus.poker/contact,,not contacted,,
Stakevegas,stakevegas.net,https://stakevegas.net,PlayTrust Ltd,ALSI-202604044-FI2,2026-04-29,2027-04-28,no,https://stakevegas.net/contact,,not contacted,,
Stakevegas,stakevegas.com,https://stakevegas.com,PlayTrust Ltd,ALSI-202604044-FI2,2026-04-29,2027-04-28,no,https://stakevegas.com/contact,,not contacted,,
Matbet,matbet.com,https://matbet.com,Vesaro Limited,ALSI-202604046-FI2,2026-04-29,2027-04-28,no,https://matbet.com/contact,,not contacted,,
Zirvebet,zirvebet.com,https://zirvebet.com,Vesaro Limited,ALSI-202604046-FI2,2026-04-29,2027-04-28,no,https://zirvebet.com/contact,,not contacted,,
Holiganbet,holiganbet.com,https://holiganbet.com,Vesaro Limited,ALSI-202604046-FI2,2026-04-29,2027-04-28,no,https://holiganbet.com/contact,,not contacted,,
Betsmove,betsmove.com,https://betsmove.com,Vesaro Limited,ALSI-202604046-FI2,2026-04-29,2027-04-28,no,https://betsmove.com/contact,,not contacted,,
Elitcasino,elitcasino.com,https://elitcasino.com,Vesaro Limited,ALSI-202604046-FI2,2026-04-29,2027-04-28,no,https://elitcasino.com/contact,,not contacted,,
Anklebone,anklebone.io,https://anklebone.io,Anklebone Limited,ALSI-202507042-FI2,2026-04-22,2026-07-30,no,https://anklebone.io/contact,,not contacted,,
Dustbet,dustbet.io,https://dustbet.io,Anklebone Limited,ALSI-202507042-FI2,2026-04-22,2026-07-30,no,https://dustbet.io/contact,,not contacted,,
Spinwee,spinwee.com,https://spinwee.com,3-102-946273 SRL,ALSI-202604003-FI1,2026-04-14,2027-04-13,no,https://spinwee.com/contact,,not contacted,,
Playx,playx.my,https://playx.my,3-102-953469 SRL,ALSI-202604004-FI1,2026-04-14,2027-04-13,no,https://playx.my/contact,,not contacted,,
Playxmy,playxmy.com,https://playxmy.com,3-102-953469 SRL,ALSI-202604004-FI1,2026-04-14,2027-04-13,no,https://playxmy.com/contact,,not contacted,,
Pokerclubhub,pokerclubhub.com,https://pokerclubhub.com,3-102-953867 SRL,ALSI-202604005-FI1,2026-04-14,2027-04-13,no,https://pokerclubhub.com/contact,,not contacted,,
Rolly,rolly.info,https://rolly.info,3-102-954977 SRL,ALSI-202604001-FI1,2026-04-14,2027-04-13,no,https://rolly.info/contact,,not contacted,,
Place,place.bet,https://place.bet,3-102-959375 SRL,ALSI-202604017-FI1,2026-04-14,2027-04-13,no,https://place.bet/contact,,not contacted,,
Placebet,placebet.partners,https://placebet.partners,3-102-959375 SRL,ALSI-202604017-FI1,2026-04-14,2027-04-13,no,https://placebet.partners/contact,,not contacted,,
Mybc,mybc.game,https://mybc.game,AceQueen Limited,ALSI-202604006-FI1,2026-04-14,2027-04-13,no,https://mybc.game/contact,,not contacted,,
Playify,playify.com,https://playify.com,Calla Pulse Ltd,ALSI-202604007-FI1,2026-04-14,2027-04-13,no,https://playify.com/contact,,not contacted,,
Betlexo,betlexo.com,https://betlexo.com,Fortuna Dynamics Ltd,ALSI-202604009-FI1,2026-04-14,2027-04-13,no,https://betlexo.com/contact,,not contacted,,
Herkulbet,herkulbet.com,https://herkulbet.com,Golden Ridge Group Ltd,ALSI-202604010-FI1,2026-04-14,2027-04-13,no,https://herkulbet.com/contact,,not contacted,,
Legenddrop,legenddrop.com,https://legenddrop.com,Legenddrop Ltd,ALSI-202604012-FI1,2026-04-14,2027-04-13,no,https://legenddrop.com/contact,,not contacted,,
Tembo,tembo.bet,https://tembo.bet,Maverick Ltd,ALSI-202604016-FI1,2026-04-14,2027-04-13,no,https://tembo.bet/contact,,not contacted,,
Saloon,saloon.bet,https://saloon.bet,Maverick Ltd,ALSI-202604016-FI1,2026-04-14,2027-04-13,no,https://saloon.bet/contact,,not contacted,,
Vegasking,vegasking.io,https://vegasking.io,Royal Edge Holdings Limited,ALSI-202604013-FI1,2026-04-14,2027-04-13,no,https://vegasking.io/contact,,not contacted,,
Tempobet,tempobet.com,https://tempobet.com,Thorner LTD,ALSI-202604014-FI1,2026-04-14,2027-04-13,no,https://tempobet.com/contact,,not contacted,,
Normcasino,normcasino.win,https://normcasino.win,Velmora Ltd,ALSI-202604015-FI1,2026-04-14,2027-04-13,no,https://normcasino.win/contact,,not contacted,,
Normcasino,normcasino.bet,https://normcasino.bet,Velmora Ltd,ALSI-202604015-FI1,2026-04-14,2027-04-13,no,https://normcasino.bet/contact,,not contacted,,
Dalercasino,dalercasino.com,https://dalercasino.com,3-102-950194 SRL,ALSI-202603035-FI2,2026-03-31,2027-03-30,no,https://dalercasino.com/contact,,not contacted,,
Daler,daler.com,https://daler.com,3-102-950194 SRL,ALSI-202603035-FI2,2026-03-31,2027-03-30,no,https://daler.com/contact,,not contacted,,
Jp88,jp88.io,https://jp88.io,3-102-950412 LIMITADA,ALSI-202603036-FI2,2026-03-31,2027-03-30,no,https://jp88.io/contact,,not contacted,,
Jackpot88,jackpot88.io,https://jackpot88.io,3-102-950412 LIMITADA,ALSI-202603036-FI2,2026-03-31,2027-03-30,no,https://jackpot88.io/contact,,not contacted,,
Coinbatting,coinbatting.com,https://coinbatting.com,3-102-950787 LIMITADA,ALSI-202603037-FI2,2026-03-31,2027-03-30,no,https://coinbatting.com/contact,,not contacted,,
Normal Game,normal-game.com,https://normal-game.com,3-102-950813 LIMITADA,ALSI-202603038-FI2,2026-03-31,2027-03-30,no,https://normal-game.com/contact,,not contacted,,
Normal,normal.game,https://normal.game,3-102-950813 LIMITADA,ALSI-202603038-FI2,2026-03-31,2027-03-30,no,https://normal.game/contact,,not contacted,,
Beat,beat.gg,https://beat.gg,3-102-952292 SRL,ALSI-202603039-FI2,2026-03-31,2027-03-30,no,https://beat.gg/contact,,not contacted,,
Redslot,redslot.com,https://redslot.com,3-102-953088 SRL,ALSI-202603040-FI2,2026-03-31,2027-03-30,no,https://redslot.com/contact,,not contacted,,
Midnight,midnight.com,https://midnight.com,3-102-955896 SRL,ALSI-202603041-FI2,2026-03-31,2027-03-30,no,https://midnight.com/contact,,not contacted,,
Pridewin,pridewin.com,https://pridewin.com,3-102-955952 SRL,ALSI-202603063-FI2,2026-03-31,2027-03-30,no,https://pridewin.com/contact,,not contacted,,
Betfuze,betfuze.io,https://betfuze.io,BET Fusion Ltd,ALSI-202603042-FI2,2026-03-31,2027-03-30,no,https://betfuze.io/contact,,not contacted,,
Betfuze,betfuze.com,https://betfuze.com,BET Fusion Ltd,ALSI-202603042-FI2,2026-03-31,2027-03-30,no,https://betfuze.com/contact,,not contacted,,
Jaackpot,jaackpot.com,https://jaackpot.com,Blue Passage Group Ltd,ALSI-202603043-FI2,2026-03-31,2027-03-30,no,https://jaackpot.com/contact,,not contacted,,
Ezbet,ezbet.com,https://ezbet.com,Brightshore Solutions Ltd,ALSI-202603044-FI2,2026-03-31,2027-03-30,no,https://ezbet.com/contact,,not contacted,,
Sansli,sansli.io,https://sansli.io,Dragonfruit Limited,ALSI-202603060-FI2,2026-03-31,2027-03-30,no,https://sansli.io/contact,,not contacted,,
Momobet,momobet.com,https://momobet.com,Gardengate Global Ltd,ALSI-202603047-FI2,2026-03-31,2027-03-30,no,https://momobet.com/contact,,not contacted,,
Liqd,liqd.com,https://liqd.com,LIQD LTD,ALSI-202603048-FI2,2026-03-31,2027-03-30,no,https://liqd.com/contact,,not contacted,,
Liqd,liqd.gg,https://liqd.gg,LIQD LTD,ALSI-202603048-FI2,2026-03-31,2027-03-30,no,https://liqd.gg/contact,,not contacted,,
10x10bet,10x10bet.com,https://10x10bet.com,Normanhouse LTD,ALSI-202603050-FI2,2026-03-31,2027-03-30,no,https://10x10bet.com/contact,,not contacted,,
10x10,10x10.bet,https://10x10.bet,Normanhouse LTD,ALSI-202603050-FI2,2026-03-31,2027-03-30,no,https://10x10.bet/contact,,not contacted,,
Sco777,sco777.mx,https://sco777.mx,Novaspin Network Ltd,ALSI-202603051-FI2,2026-03-31,2027-03-30,no,https://sco777.mx/contact,,not contacted,,
Vir777,vir777.mx,https://vir777.mx,Novaspin Network Ltd,ALSI-202603051-FI2,2026-03-31,2027-03-30,no,https://vir777.mx/contact,,not contacted,,
Can777,can777.mx,https://can777.mx,Novaspin Network Ltd,ALSI-202603051-FI2,2026-03-31,2027-03-30,no,https://can777.mx/contact,,not contacted,,
Tau777,tau777.mx,https://tau777.mx,Novaspin Network Ltd,ALSI-202603051-FI2,2026-03-31,2027-03-30,no,https://tau777.mx/contact,,not contacted,,
Oktop,oktop.mx,https://oktop.mx,Novaspin Network Ltd,ALSI-202603051-FI2,2026-03-31,2027-03-30,no,https://oktop.mx/contact,,not contacted,,
Maxxed,maxxed.io,https://maxxed.io,Obsidian Ventures Limited,ALSI-202603052-FI2,2026-03-31,2027-03-30,no,https://maxxed.io/contact,,not contacted,,
Bet303,bet303.com,https://bet303.com,Play Fortune Entertainment Ltd,ALSI-202603053-FI2,2026-03-31,2027-03-30,no,https://bet303.com/contact,,not contacted,,
Bet808,bet808.com,https://bet808.com,Play Fortune Entertainment Ltd,ALSI-202603053-FI2,2026-03-31,2027-03-30,no,https://bet808.com/contact,,not contacted,,
Staybet,staybet.ink,https://staybet.ink,QuantumEdge Solutions Ltd,ALSI-202603054-FI2,2026-03-31,2027-03-30,no,https://staybet.ink/contact,,not contacted,,
Alphabet79,alphabet79.com,https://alphabet79.com,Silverline Source Ltd,ALSI-202603064-FI2,2026-03-31,2027-03-30,no,https://alphabet79.com/contact,,not contacted,,
Solstake,solstake.tv,https://solstake.tv,SOLSTART LTD,ALSI-202603055-FI2,2026-03-31,2027-03-30,no,https://solstake.tv/contact,,not contacted,,
Oxy,oxy.casino,https://oxy.casino,Spiritus Limited,ALSI-202603056-FI2,2026-03-31,2027-03-30,no,https://oxy.casino/contact,,not contacted,,
Fenixbet,fenixbet.online,https://fenixbet.online,Spiritus Limited,ALSI-202603056-FI2,2026-03-31,2027-03-30,no,https://fenixbet.online/contact,,not contacted,,
10x,10x.win,https://10x.win,Vantage Crest Ltd,ALSI-202603058-FI2,2026-03-31,2027-03-30,no,https://10x.win/contact,,not contacted,,
Pr1mebet,pr1mebet.com,https://pr1mebet.com,Prime Entertainment Ltd,ALSI-202603032-FI1,2026-03-16,2027-03-15,no,https://pr1mebet.com/contact,,not contacted,,
Primebet,primebet.ng,https://primebet.ng,Prime Entertainment Ltd,ALSI-202603032-FI1,2026-03-16,2027-03-15,no,https://primebet.ng/contact,,not contacted,,
Luckyclash,luckyclash.io,https://luckyclash.io,Prime Entertainment Ltd,ALSI-202603032-FI1,2026-03-16,2027-03-15,no,https://luckyclash.io/contact,,not contacted,,
Xocasino,xocasino.eu,https://xocasino.eu,XO Entertainment Ltd,ALSI-202603031-FI1,2026-03-16,2027-03-15,no,https://xocasino.eu/contact,,not contacted,,
Hotslot,hotslot.com,https://hotslot.com,3-102-947593 SRL,ALSI-202603005-FI1,2026-03-14,2027-03-13,no,https://hotslot.com/contact,,not contacted,,
Pusulabet,pusulabet.com,https://pusulabet.com,3-102-947593 SRL,ALSI-202603005-FI1,2026-03-14,2027-03-13,no,https://pusulabet.com/contact,,not contacted,,
Egebet,egebet.com,https://egebet.com,3-102-947593 SRL,ALSI-202603005-FI1,2026-03-14,2027-03-13,no,https://egebet.com/contact,,not contacted,,
Slotio,slotio.com,https://slotio.com,3-102-947593 SRL,ALSI-202603005-FI1,2026-03-14,2027-03-13,no,https://slotio.com/contact,,not contacted,,
Lugarbet,lugarbet.com,https://lugarbet.com,3-102-951260 SRL,ALSI-202603001-FI1,2026-03-14,2027-03-13,no,https://lugarbet.com/contact,,not contacted,,
Celtabet,celtabet.com,https://celtabet.com,3-102-952681 SRL,ALSI-202603008-FI1,2026-03-14,2027-03-13,no,https://celtabet.com/contact,,not contacted,,
Zumabet,zumabet.com,https://zumabet.com,3-102-952681 SRL,ALSI-202603008-FI1,2026-03-14,2027-03-13,no,https://zumabet.com/contact,,not contacted,,
Lord,lord.casino,https://lord.casino,3-102-952681 SRL,ALSI-202603008-FI1,2026-03-14,2027-03-13,no,https://lord.casino/contact,,not contacted,,
Parmabet,parmabet.com,https://parmabet.com,3-102-952681 SRL,ALSI-202603008-FI1,2026-03-14,2027-03-13,no,https://parmabet.com/contact,,not contacted,,
Blockbetgg,blockbetgg.com,https://blockbetgg.com,3-102-953229 SRL,ALSI-202603013-FI1,2026-03-14,2027-03-13,no,https://blockbetgg.com/contact,,not contacted,,
Blockbet,blockbet.gg,https://blockbet.gg,3-102-953229 SRL,ALSI-202603013-FI1,2026-03-14,2027-03-13,no,https://blockbet.gg/contact,,not contacted,,
Bettogames,bettogames.com,https://bettogames.com,3-102-954365 SRL,ALSI-202603002-FI1,2026-03-14,2027-03-13,no,https://bettogames.com/contact,,not contacted,,
Betss,betss.com,https://betss.com,Ceylonite Ltd,ALSI-202603025-FI1,2026-03-14,2027-03-13,no,https://betss.com/contact,,not contacted,,
Bahizz,bahizz.com,https://bahizz.com,High Gaming IT Services Limited,ALSI-202603023-FI1,2026-03-14,2027-03-13,no,https://bahizz.com/contact,,not contacted,,
Pk8,pk8.com,https://pk8.com,High Gaming IT Services Limited,ALSI-202603023-FI1,2026-03-14,2027-03-13,no,https://pk8.com/contact,,not contacted,,
Wpk,wpk.com,https://wpk.com,High Gaming IT Services Limited,ALSI-202603023-FI1,2026-03-14,2027-03-13,no,https://wpk.com/contact,,not contacted,,
Wepoker,wepoker.com,https://wepoker.com,High Gaming IT Services Limited,ALSI-202603023-FI1,2026-03-14,2027-03-13,no,https://wepoker.com/contact,,not contacted,,
Wptgo,wptgo.com,https://wptgo.com,High Gaming IT Services Limited,ALSI-202603023-FI1,2026-03-14,2027-03-13,no,https://wptgo.com/contact,,not contacted,,
Oyna8,oyna8.com,https://oyna8.com,High Gaming IT Services Limited,ALSI-202603023-FI1,2026-03-14,2027-03-13,no,https://oyna8.com/contact,,not contacted,,
Betixir,betixir.com,https://betixir.com,Maltech Ltd,ALSI-202603007-FI1,2026-03-14,2027-03-13,no,https://betixir.com/contact,,not contacted,,
Capitolbet,capitolbet.com,https://capitolbet.com,Maltech Ltd,ALSI-202603007-FI1,2026-03-14,2027-03-13,no,https://capitolbet.com/contact,,not contacted,,
Trendbet,trendbet.com,https://trendbet.com,Maltech Ltd,ALSI-202603007-FI1,2026-03-14,2027-03-13,no,https://trendbet.com/contact,,not contacted,,
Istanbulbahis,istanbulbahis.com,https://istanbulbahis.com,Maltech Ltd,ALSI-202603007-FI1,2026-03-14,2027-03-13,no,https://istanbulbahis.com/contact,,not contacted,,
Taksimbet,taksimbet.com,https://taksimbet.com,Maltech Ltd,ALSI-202603007-FI1,2026-03-14,2027-03-13,no,https://taksimbet.com/contact,,not contacted,,
Parobet,parobet.com,https://parobet.com,Maltech Ltd,ALSI-202603007-FI1,2026-03-14,2027-03-13,no,https://parobet.com/contact,,not contacted,,
Coinbar,coinbar.com,https://coinbar.com,Olympus Technology SRL,ALSI-202603004-FI1,2026-03-14,2027-03-13,no,https://coinbar.com/contact,,not contacted,,
Hizlicasino,hizlicasino.com,https://hizlicasino.com,Olympus Technology SRL,ALSI-202603004-FI1,2026-03-14,2027-03-13,no,https://hizlicasino.com/contact,,not contacted,,
Betum,betum.com,https://betum.com,Pulsiora Ltd,ALSI-202603026-FI1,2026-03-14,2027-03-13,no,https://betum.com/contact,,not contacted,,
Flush,flush.io,https://flush.io,Purple Dragon Ltd.,ALSI-202603027-FI1,2026-03-14,2027-03-13,no,https://flush.io/contact,,not contacted,,
Qqpk,qqpk.com,https://qqpk.com,QQPOKER Technology Limited,ALSI-202603009-FI1,2026-03-14,2027-03-13,no,https://qqpk.com/contact,,not contacted,,
Qqpk,qqpk.poker,https://qqpk.poker,QQPOKER Technology Limited,ALSI-202603009-FI1,2026-03-14,2027-03-13,no,https://qqpk.poker/contact,,not contacted,,
Slotzula,slotzula.com,https://slotzula.com,Rambo Corp Limited,ALSI-202603015-FI1,2026-03-14,2027-03-13,no,https://slotzula.com/contact,,not contacted,,
Cat2bet,cat2bet.com,https://cat2bet.com,Terravista Entertainment Ltd,ALSI-202603022-FI1,2026-03-09,2027-03-08,no,https://cat2bet.com/contact,,not contacted,,
Maksibet,maksibet.com,https://maksibet.com,3-102-939685 SRL,ALSI-202603030-FI1,2026-03-08,2027-03-07,no,https://maksibet.com/contact,,not contacted,,
Oslobet,oslobet.com,https://oslobet.com,3-102-939685 SRL,ALSI-202603030-FI1,2026-03-08,2027-03-07,no,https://oslobet.com/contact,,not contacted,,
Time4bets,time4bets.com,https://time4bets.com,AWSLO Limited,ALSI-202603024-FI1,2026-03-03,2027-03-02,no,https://time4bets.com/contact,,not contacted,,
Ichancy,ichancy.com,https://ichancy.com,AWSLO Limited,ALSI-202603024-FI1,2026-03-03,2027-03-02,no,https://ichancy.com/contact,,not contacted,,
Gooobet,gooobet.com,https://gooobet.com,AWSLO Limited,ALSI-202603024-FI1,2026-03-03,2027-03-02,no,https://gooobet.com/contact,,not contacted,,
Bazingo,bazingo.com,https://bazingo.com,Dice Device Limited,ALSI-202603021-FI1,2026-03-02,2027-03-01,no,https://bazingo.com/contact,,not contacted,,
Enomocasino,enomocasino.com,https://enomocasino.com,3-102-944179 SRL,ALSI-202603016-FI1,2026-03-01,2027-02-28,no,https://enomocasino.com/contact,,not contacted,,
Batcasino,batcasino.bet,https://batcasino.bet,3-102-953033 SRL,ALSI-202602037-FI2,2026-02-28,2027-02-27,no,https://batcasino.bet/contact,,not contacted,,
Gamealotroyale,gamealotroyale.com,https://gamealotroyale.com,3-102-954988 SRL,ALSI-202602051-FI2,2026-02-28,2027-02-27,no,https://gamealotroyale.com/contact,,not contacted,,
Appleicasino,appleicasino.com,https://appleicasino.com,AIC Enterprises LLC,ALSI-202602038-FI2,2026-02-28,2027-02-27,no,https://appleicasino.com/contact,,not contacted,,
Sportifpro,sportifpro.com,https://sportifpro.com,Ameriserv LLC,ALSI-202602034-FI2,2026-02-28,2027-02-27,no,https://sportifpro.com/contact,,not contacted,,
Castle,castle.com,https://castle.com,Broken Tentacle Ltd,ALSI-202602048-FI2,2026-02-28,2027-02-27,no,https://castle.com/contact,,not contacted,,
Shuffle8888888888,shuffle8888888888.com,https://shuffle8888888888.com,Deck Stack Limited,ALSI-202602049-FI2,2026-02-28,2027-02-27,no,https://shuffle8888888888.com/contact,,not contacted,,
Cola,cola.com,https://cola.com,Desert Star Limited,ALSI-202602041-FI2,2026-02-28,2027-02-27,no,https://cola.com/contact,,not contacted,,
4fly,4fly.bet,https://4fly.bet,Fireplay Limited,ALSI-202602028-FI2,2026-02-28,2027-02-27,no,https://4fly.bet/contact,,not contacted,,
Gamwiz,gamwiz.com,https://gamwiz.com,Gamwiz Inc,ALSI-202602039-FI2,2026-02-28,2027-02-27,no,https://gamwiz.com/contact,,not contacted,,
Craze,craze.casino,https://craze.casino,Gridline Limited,ALSI-202602036-FI2,2026-02-28,2027-02-27,no,https://craze.casino/contact,,not contacted,,
Kheli,kheli.bet,https://kheli.bet,Ingrex Tech LTD,ALSI-202602050-FI2,2026-02-28,2027-02-27,no,https://kheli.bet/contact,,not contacted,,
Xbagh,xbagh.casino,https://xbagh.casino,Ingrex Tech LTD,ALSI-202602050-FI2,2026-02-28,2027-02-27,no,https://xbagh.casino/contact,,not contacted,,
Tengri,tengri.casino,https://tengri.casino,Ingrex Tech LTD,ALSI-202602050-FI2,2026-02-28,2027-02-27,no,https://tengri.casino/contact,,not contacted,,
Calitoro,calitoro.bet,https://calitoro.bet,Ingrex Tech LTD,ALSI-202602050-FI2,2026-02-28,2027-02-27,no,https://calitoro.bet/contact,,not contacted,,
Otobet,otobet.com,https://otobet.com,Obsidian Titan Limited,ALSI-202602052-FI2,2026-02-28,2027-02-27,no,https://otobet.com/contact,,not contacted,,
Slotin,slotin.com,https://slotin.com,Obsidian Titan Limited,ALSI-202602052-FI2,2026-02-28,2027-02-27,no,https://slotin.com/contact,,not contacted,,
Betewin,betewin.com,https://betewin.com,Obsidian Titan Limited,ALSI-202602052-FI2,2026-02-28,2027-02-27,no,https://betewin.com/contact,,not contacted,,
Betpublic,betpublic.com,https://betpublic.com,Obsidian Titan Limited,ALSI-202602052-FI2,2026-02-28,2027-02-27,no,https://betpublic.com/contact,,not contacted,,
Starzbet,starzbet.com,https://starzbet.com,Obsidian Titan Limited,ALSI-202602052-FI2,2026-02-28,2027-02-27,no,https://starzbet.com/contact,,not contacted,,
Baywin,baywin.com,https://baywin.com,Obsidian Titan Limited,ALSI-202602052-FI2,2026-02-28,2027-02-27,no,https://baywin.com/contact,,not contacted,,
Bycasino,bycasino.com,https://bycasino.com,Obsidian Titan Limited,ALSI-202602052-FI2,2026-02-28,2027-02-27,no,https://bycasino.com/contact,,not contacted,,
Luxslot,luxslot.com,https://luxslot.com,Obsidian Titan Limited,ALSI-202602052-FI2,2026-02-28,2027-02-27,no,https://luxslot.com/contact,,not contacted,,
Bankobet,bankobet.com,https://bankobet.com,Obsidian Titan Limited,ALSI-202602052-FI2,2026-02-28,2027-02-27,no,https://bankobet.com/contact,,not contacted,,
Starzbet,starzbet.kg,https://starzbet.kg,Obsidian Titan Limited,ALSI-202602052-FI2,2026-02-28,2027-02-27,no,https://starzbet.kg/contact,,not contacted,,
Betira,betira.com,https://betira.com,Obsidian Titan Limited,ALSI-202602052-FI2,2026-02-28,2027-02-27,no,https://betira.com/contact,,not contacted,,
Zlot,zlot.com,https://zlot.com,Obsidian Titan Limited,ALSI-202602052-FI2,2026-02-28,2027-02-27,no,https://zlot.com/contact,,not contacted,,
Northwin,northwin.com,https://northwin.com,Obsidian Titan Limited,ALSI-202602052-FI2,2026-02-28,2027-02-27,no,https://northwin.com/contact,,not contacted,,
Jasino,jasino.com,https://jasino.com,Obsidian Titan Limited,ALSI-202602052-FI2,2026-02-28,2027-02-27,no,https://jasino.com/contact,,not contacted,,
Ligobet,ligobet.com,https://ligobet.com,Obsidian Titan Limited,ALSI-202602052-FI2,2026-02-28,2027-02-27,no,https://ligobet.com/contact,,not contacted,,
Solobet,solobet.com,https://solobet.com,Obsidian Titan Limited,ALSI-202602052-FI2,2026-02-28,2027-02-27,no,https://solobet.com/contact,,not contacted,,
Dodobet,dodobet.com,https://dodobet.com,Obsidian Titan Limited,ALSI-202602052-FI2,2026-02-28,2027-02-27,no,https://dodobet.com/contact,,not contacted,,
Hyperoll,hyperoll.com,https://hyperoll.com,Quantum House Ltd,ALSI-202602027-FI2,2026-02-28,2027-02-27,no,https://hyperoll.com/contact,,not contacted,,
Howzitcasino,howzitcasino.com,https://howzitcasino.com,RegalTech Solutions Limitada,ALSI-202602046-FI2,2026-02-28,2027-02-27,no,https://howzitcasino.com/contact,,not contacted,,
Lt,lt.com,https://lt.com,RegalTech Solutions Limitada,ALSI-202602046-FI2,2026-02-28,2027-02-27,no,https://lt.com/contact,,not contacted,,
Letou,letou.com,https://letou.com,RegalTech Solutions Limitada,ALSI-202602046-FI2,2026-02-28,2027-02-27,no,https://letou.com/contact,,not contacted,,
Mrcat,mrcat.com,https://mrcat.com,RegalTech Solutions Limitada,ALSI-202602046-FI2,2026-02-28,2027-02-27,no,https://mrcat.com/contact,,not contacted,,
Vwin,vwin.com,https://vwin.com,RegalTech Solutions Limitada,ALSI-202602046-FI2,2026-02-28,2027-02-27,no,https://vwin.com/contact,,not contacted,,
Spinobon,spinobon.com,https://spinobon.com,Sapiranga SRL,ALSI-202602043-FI2,2026-02-28,2027-02-27,no,https://spinobon.com/contact,,not contacted,,
Rakebit,rakebit.com,https://rakebit.com,Nile King Media Ltd,ALSI-202602030-FI2,2026-02-18,2027-02-17,no,https://rakebit.com/contact,,not contacted,,
Betify,betify.ph,https://betify.ph,3-102-947207 SRL,ALSI-202602010-FI1,2026-02-16,2027-02-15,no,https://betify.ph/contact,,not contacted,,
Casinozer,casinozer.ph,https://casinozer.ph,3-102-947207 SRL,ALSI-202602010-FI1,2026-02-16,2027-02-15,no,https://casinozer.ph/contact,,not contacted,,
Yonibet,yonibet.ph,https://yonibet.ph,3-102-947207 SRL,ALSI-202602010-FI1,2026-02-16,2027-02-15,no,https://yonibet.ph/contact,,not contacted,,
Fortawin,fortawin.com,https://fortawin.com,3-102-947207 SRL,ALSI-202602010-FI1,2026-02-16,2027-02-15,no,https://fortawin.com/contact,,not contacted,,
Betarion,betarion.com,https://betarion.com,3-102-947211 SRL,ALSI-202602015-FI1,2026-02-16,2027-02-15,no,https://betarion.com/contact,,not contacted,,
Kavbet,kavbet.com,https://kavbet.com,3-102-949697 SRL,ALSI-202602021-FI1,2026-02-16,2027-02-15,no,https://kavbet.com/contact,,not contacted,,
Mavibet,mavibet.com,https://mavibet.com,3-102-949697 SRL,ALSI-202602021-FI1,2026-02-16,2027-02-15,no,https://mavibet.com/contact,,not contacted,,
Nakitbahis,nakitbahis.com,https://nakitbahis.com,3-102-949697 SRL,ALSI-202602021-FI1,2026-02-16,2027-02-15,no,https://nakitbahis.com/contact,,not contacted,,
Casinoslot,casinoslot.com,https://casinoslot.com,3-102-949874 SRL,ALSI-202602014-FI1,2026-02-16,2027-02-15,no,https://casinoslot.com/contact,,not contacted,,
Casinoper,casinoper.com,https://casinoper.com,3-102-949874 SRL,ALSI-202602014-FI1,2026-02-16,2027-02-15,no,https://casinoper.com/contact,,not contacted,,
Bahisnow,bahisnow.com,https://bahisnow.com,3-102-949874 SRL,ALSI-202602014-FI1,2026-02-16,2027-02-15,no,https://bahisnow.com/contact,,not contacted,,
Hipercasino,hipercasino.com,https://hipercasino.com,3-102-949874 SRL,ALSI-202602014-FI1,2026-02-16,2027-02-15,no,https://hipercasino.com/contact,,not contacted,,
Casilot,casilot.com,https://casilot.com,3-102-949874 SRL,ALSI-202602014-FI1,2026-02-16,2027-02-15,no,https://casilot.com/contact,,not contacted,,
Slotmilyon,slotmilyon.com,https://slotmilyon.com,3-102-949874 SRL,ALSI-202602014-FI1,2026-02-16,2027-02-15,no,https://slotmilyon.com/contact,,not contacted,,
Ampm,ampm.casino,https://ampm.casino,3-102-950476 LIMITADA,ALSI-202602013-FI1,2026-02-16,2027-02-15,no,https://ampm.casino/contact,,not contacted,,
Spingreen,spingreen.casino,https://spingreen.casino,3-102-950476 LIMITADA,ALSI-202602013-FI1,2026-02-16,2027-02-15,no,https://spingreen.casino/contact,,not contacted,,
Tycoonwin,tycoonwin.com,https://tycoonwin.com,3-102-950476 LIMITADA,ALSI-202602013-FI1,2026-02-16,2027-02-15,no,https://tycoonwin.com/contact,,not contacted,,
Vbit,vbit.bet,https://vbit.bet,3-102-952781 SRL,ALSI-202602020-FI1,2026-02-16,2027-02-15,no,https://vbit.bet/contact,,not contacted,,
Betabc,betabc.io,https://betabc.io,3-102-952781 SRL,ALSI-202602020-FI1,2026-02-16,2027-02-15,no,https://betabc.io/contact,,not contacted,,
Metawin,metawin.com,https://metawin.com,Rivolo Limited,ALSI-202602025-FI1,2026-02-16,2027-02-15,no,https://metawin.com/contact,,not contacted,,
Betamina,betamina.com,https://betamina.com,Aymora Group Ltd,ALSI-202602023-FI1,2026-02-16,2027-02-15,no,https://betamina.com/contact,,not contacted,,
Flashbet,flashbet.me,https://flashbet.me,Extra Garlic Ltd,ALSI-202602019-FI1,2026-02-16,2027-02-15,no,https://flashbet.me/contact,,not contacted,,
Murlani,murlani.com,https://murlani.com,Murlan Limitada,ALSI-202602017-FI1,2026-02-16,2027-02-15,no,https://murlani.com/contact,,not contacted,,
Hit,hit.com,https://hit.com,Novarex Media Ltd,ALSI-202602026-FI1,2026-02-16,2027-02-15,no,https://hit.com/contact,,not contacted,,
Pokerjoker,pokerjoker.co,https://pokerjoker.co,PJK Trading Ltd,ALSI-202602001-FI1,2026-02-16,2027-02-15,no,https://pokerjoker.co/contact,,not contacted,,
Pokerjoker,pokerjoker.com,https://pokerjoker.com,PJK Trading Ltd,ALSI-202602001-FI1,2026-02-16,2027-02-15,no,https://pokerjoker.com/contact,,not contacted,,
Roulobets,roulobets.com,https://roulobets.com,Roulo Interactive Games LLC,ALSI-202602053-FI2,2026-02-16,2027-02-15,no,https://roulobets.com/contact,,not contacted,,
Roulo,roulo.gg,https://roulo.gg,Roulo Interactive Games LLC,ALSI-202602053-FI2,2026-02-16,2027-02-15,no,https://roulo.gg/contact,,not contacted,,
Nolimit,nolimit.com,https://nolimit.com,Fuego Mediatech Ltd,ALSI-202602003-FI1,2026-02-06,2027-02-05,no,https://nolimit.com/contact,,not contacted,,
Betoriz,betoriz.com,https://betoriz.com,Kingslayer Entertainment Ltd,ALSI-202602006-FI1,2026-02-06,2027-02-05,no,https://betoriz.com/contact,,not contacted,,
Xgame,xgame.io,https://xgame.io,Solid X Ltd,ALSI-202602002-FI1,2026-02-01,2027-01-31,no,https://xgame.io/contact,,not contacted,,
Gameslots,gameslots.com,https://gameslots.com,Solid X Ltd,ALSI-202602002-FI1,2026-02-01,2027-01-31,no,https://gameslots.com/contact,,not contacted,,
Casino69bet,casino69bet.com,https://casino69bet.com,3-102-938318 SRL,ALSI-202601042-FI2,2026-01-31,2027-01-31,no,https://casino69bet.com/contact,,not contacted,,
Chainluck,chainluck.io,https://chainluck.io,3-102-943014 SRL,ALSI-202601044-FI2,2026-01-31,2027-01-30,no,https://chainluck.io/contact,,not contacted,,
Sweatbet,sweatbet.io,https://sweatbet.io,3-102-944260 SRL,ALSI-202601052-FI2,2026-01-31,2027-01-30,no,https://sweatbet.io/contact,,not contacted,,
Like,like.casino,https://like.casino,3-102-948639 SRL,ALSI-202601050-FI2,2026-01-31,2027-01-30,no,https://like.casino/contact,,not contacted,,
Rugs,rugs.fun,https://rugs.fun,3-102-948660 SRL,ALSI-202601051-FI2,2026-01-31,2027-01-30,no,https://rugs.fun/contact,,not contacted,,
Zizi,zizi.game,https://zizi.game,3-102-949087 SRL,ALSI-202601045-FI2,2026-01-31,2027-01-30,no,https://zizi.game/contact,,not contacted,,
Peakbet,peakbet.io,https://peakbet.io,3-102-949997 SRL,ALSI-202601049-FI2,2026-01-31,2027-01-30,no,https://peakbet.io/contact,,not contacted,,
Wildwin,wildwin.io,https://wildwin.io,3-102-950481 Limitada,ALSI-202601048-FI2,2026-01-31,2027-01-30,no,https://wildwin.io/contact,,not contacted,,
Winup,winup.io,https://winup.io,3-102-952740 SRL,ALSI-202601062-FI2,2026-01-31,2027-01-30,no,https://winup.io/contact,,not contacted,,
Plump,plump.com,https://plump.com,BTR Gaming LTD,ALSI-202601059-FI2,2026-01-31,2027-01-30,no,https://plump.com/contact,,not contacted,,
Fixa,fixa.casino,https://fixa.casino,FX Solutions Ltd,ALSI-202601058-FI2,2026-01-31,2027-01-30,no,https://fixa.casino/contact,,not contacted,,
Quokkasino,quokkasino.com,https://quokkasino.com,GBO ASSETS LTD,ALSI-202601061-FI2,2026-01-31,2027-01-30,no,https://quokkasino.com/contact,,not contacted,,
Goldante,goldante.com,https://goldante.com,GBO ASSETS LTD,ALSI-202601061-FI2,2026-01-31,2027-01-30,no,https://goldante.com/contact,,not contacted,,
Roketbahis,roketbahis.com,https://roketbahis.com,Laulani Investment Ltd,ALSI-202601057-FI2,2026-01-31,2027-01-30,no,https://roketbahis.com/contact,,not contacted,,
Therubyroll,therubyroll.com,https://therubyroll.com,Luxum LTD,ALSI-202601060-FI2,2026-01-31,2027-01-30,no,https://therubyroll.com/contact,,not contacted,,
Moon,moon.com,https://moon.com,Moon International Ltd,ALSI-202601063-FI2,2026-01-31,2027-01-30,no,https://moon.com/contact,,not contacted,,
Bahismosco9999,bahismosco9999.com,https://bahismosco9999.com,Sphynx Solutions Inc,ALSI-202601055-FI2,2026-01-31,2027-01-30,no,https://bahismosco9999.com/contact,,not contacted,,
Bonitabet9999,bonitabet9999.com,https://bonitabet9999.com,Sphynx Solutions Inc,ALSI-202601055-FI2,2026-01-31,2027-01-30,no,https://bonitabet9999.com/contact,,not contacted,,
Gangbahis9999,gangbahis9999.com,https://gangbahis9999.com,Sphynx Solutions Inc,ALSI-202601055-FI2,2026-01-31,2027-01-30,no,https://gangbahis9999.com/contact,,not contacted,,
Kazanla9999,kazanla9999.com,https://kazanla9999.com,Sphynx Solutions Inc,ALSI-202601055-FI2,2026-01-31,2027-01-30,no,https://kazanla9999.com/contact,,not contacted,,
Tronbet9999,tronbet9999.com,https://tronbet9999.com,Sphynx Solutions Inc,ALSI-202601055-FI2,2026-01-31,2027-01-30,no,https://tronbet9999.com/contact,,not contacted,,
Ruletin9999,ruletin9999.com,https://ruletin9999.com,Sphynx Solutions Inc,ALSI-202601055-FI2,2026-01-31,2027-01-30,no,https://ruletin9999.com/contact,,not contacted,,
1hitbet9999,1hitbet9999.com,https://1hitbet9999.com,Sphynx Solutions Inc,ALSI-202601055-FI2,2026-01-31,2027-01-30,no,https://1hitbet9999.com/contact,,not contacted,,
Biterpan,biterpan.com,https://biterpan.com,U2IS Limited,ALSI-202601056-FI2,2026-01-31,2027-01-30,no,https://biterpan.com/contact,,not contacted,,
Gbjp,gbjp.fun,https://gbjp.fun,U2IS Limited,ALSI-202601056-FI2,2026-01-31,2027-01-30,no,https://gbjp.fun/contact,,not contacted,,
Hana,hana.asia,https://hana.asia,U2IS Limited,ALSI-202601056-FI2,2026-01-31,2027-01-30,no,https://hana.asia/contact,,not contacted,,
Longtian,longtian.bet,https://longtian.bet,U2IS Limited,ALSI-202601056-FI2,2026-01-31,2027-01-30,no,https://longtian.bet/contact,,not contacted,,
A1slot,a1slot.net,https://a1slot.net,U2IS Limited,ALSI-202601056-FI2,2026-01-31,2027-01-30,no,https://a1slot.net/contact,,not contacted,,
Oncasi,oncasi.com,https://oncasi.com,U2IS Limited,ALSI-202601056-FI2,2026-01-31,2027-01-30,no,https://oncasi.com/contact,,not contacted,,
U2is,u2is.tech,https://u2is.tech,U2IS Limited,ALSI-202601056-FI2,2026-01-31,2027-01-30,no,https://u2is.tech/contact,,not contacted,,
Winpeso,winpeso.asia,https://winpeso.asia,U2IS Limited,ALSI-202601056-FI2,2026-01-31,2027-01-30,no,https://winpeso.asia/contact,,not contacted,,
Blackfincasino,blackfincasino.com,https://blackfincasino.com,Wild Blackfin Limited SRL,ALSI-202601043-FI2,2026-01-31,2027-01-30,no,https://blackfincasino.com/contact,,not contacted,,
Anadol24,anadol24.com,https://anadol24.com,Wild Blackfin Limited SRL,ALSI-202601043-FI2,2026-01-31,2027-01-30,no,https://anadol24.com/contact,,not contacted,,
Artcasino,artcasino.io,https://artcasino.io,Wild Blackfin Limited SRL,ALSI-202601043-FI2,2026-01-31,2027-01-30,no,https://artcasino.io/contact,,not contacted,,
Betcrush,betcrush.com,https://betcrush.com,Wild Blackfin Limited SRL,ALSI-202601043-FI2,2026-01-31,2027-01-30,no,https://betcrush.com/contact,,not contacted,,
Boombangcasino,boombangcasino.com,https://boombangcasino.com,Wild Blackfin Limited SRL,ALSI-202601043-FI2,2026-01-31,2027-01-30,no,https://boombangcasino.com/contact,,not contacted,,
Casillion,casillion.com,https://casillion.com,Wild Blackfin Limited SRL,ALSI-202601043-FI2,2026-01-31,2027-01-30,no,https://casillion.com/contact,,not contacted,,
Casinoorca,casinoorca.com,https://casinoorca.com,Wild Blackfin Limited SRL,ALSI-202601043-FI2,2026-01-31,2027-01-30,no,https://casinoorca.com/contact,,not contacted,,
Cristalpoker,cristalpoker.com,https://cristalpoker.com,Wild Blackfin Limited SRL,ALSI-202601043-FI2,2026-01-31,2027-01-30,no,https://cristalpoker.com/contact,,not contacted,,
Cryptospin,cryptospin.io,https://cryptospin.io,Wild Blackfin Limited SRL,ALSI-202601043-FI2,2026-01-31,2027-01-30,no,https://cryptospin.io/contact,,not contacted,,
Gudarcasino,gudarcasino.com,https://gudarcasino.com,Wild Blackfin Limited SRL,ALSI-202601043-FI2,2026-01-31,2027-01-30,no,https://gudarcasino.com/contact,,not contacted,,
Kaiserino,kaiserino.com,https://kaiserino.com,Wild Blackfin Limited SRL,ALSI-202601043-FI2,2026-01-31,2027-01-30,no,https://kaiserino.com/contact,,not contacted,,
Luckyplaystar,luckyplaystar.com,https://luckyplaystar.com,Wild Blackfin Limited SRL,ALSI-202601043-FI2,2026-01-31,2027-01-30,no,https://luckyplaystar.com/contact,,not contacted,,
Ovitoonscasino,ovitoonscasino.com,https://ovitoonscasino.com,Wild Blackfin Limited SRL,ALSI-202601043-FI2,2026-01-31,2027-01-30,no,https://ovitoonscasino.com/contact,,not contacted,,
Redspin29,redspin29.com,https://redspin29.com,Wild Blackfin Limited SRL,ALSI-202601043-FI2,2026-01-31,2027-01-30,no,https://redspin29.com/contact,,not contacted,,
Royalstarscasino,royalstarscasino.com,https://royalstarscasino.com,Wild Blackfin Limited SRL,ALSI-202601043-FI2,2026-01-31,2027-01-30,no,https://royalstarscasino.com/contact,,not contacted,,
Slotilda World,slotilda-world.com,https://slotilda-world.com,Wild Blackfin Limited SRL,ALSI-202601043-FI2,2026-01-31,2027-01-30,no,https://slotilda-world.com/contact,,not contacted,,
Stupidcasino,stupidcasino.com,https://stupidcasino.com,Wild Blackfin Limited SRL,ALSI-202601043-FI2,2026-01-31,2027-01-30,no,https://stupidcasino.com/contact,,not contacted,,
Thorcasino,thorcasino.com,https://thorcasino.com,Wild Blackfin Limited SRL,ALSI-202601043-FI2,2026-01-31,2027-01-30,no,https://thorcasino.com/contact,,not contacted,,
Ubomoney,ubomoney.com,https://ubomoney.com,Wild Blackfin Limited SRL,ALSI-202601043-FI2,2026-01-31,2027-01-30,no,https://ubomoney.com/contact,,not contacted,,
Wett Bet,wett-bet.com,https://wett-bet.com,Wild Blackfin Limited SRL,ALSI-202601043-FI2,2026-01-31,2027-01-30,no,https://wett-bet.com/contact,,not contacted,,
Willscasino,willscasino.com,https://willscasino.com,Wild Blackfin Limited SRL,ALSI-202601043-FI2,2026-01-31,2027-01-30,no,https://willscasino.com/contact,,not contacted,,
Wolfycasino,wolfycasino.com,https://wolfycasino.com,Wild Blackfin Limited SRL,ALSI-202601043-FI2,2026-01-31,2027-01-30,no,https://wolfycasino.com/contact,,not contacted,,
Herculescasino,herculescasino.com,https://herculescasino.com,Wild Blackfin Limited SRL,ALSI-202601043-FI2,2026-01-31,2027-01-30,yes,https://herculescasino.com/contact,,not contacted,,
Lumibet,lumibet.com,https://lumibet.com,Wild Blackfin Limited SRL,ALSI-202601043-FI2,2026-01-31,2027-01-30,no,https://lumibet.com/contact,,not contacted,,
Merlincasino,merlincasino.com,https://merlincasino.com,Wild Blackfin Limited SRL,ALSI-202601043-FI2,2026-01-31,2027-01-30,no,https://merlincasino.com/contact,,not contacted,,
Premio365,premio365.com,https://premio365.com,Wild Blackfin Limited SRL,ALSI-202601043-FI2,2026-01-31,2027-01-30,no,https://premio365.com/contact,,not contacted,,
Universalslots,universalslots.net,https://universalslots.net,Wild Blackfin Limited SRL,ALSI-202601043-FI2,2026-01-31,2027-01-30,no,https://universalslots.net/contact,,not contacted,,
Wcasino Online,wcasino-online.com,https://wcasino-online.com,Wild Blackfin Limited SRL,ALSI-202601043-FI2,2026-01-31,2027-01-30,no,https://wcasino-online.com/contact,,not contacted,,
Wcasino Online,wcasino-online.net,https://wcasino-online.net,Wild Blackfin Limited SRL,ALSI-202601043-FI2,2026-01-31,2027-01-30,no,https://wcasino-online.net/contact,,not contacted,,
Winspin,winspin.ai,https://winspin.ai,Wild Blackfin Limited SRL,ALSI-202601043-FI2,2026-01-31,2027-01-30,no,https://winspin.ai/contact,,not contacted,,
Sweetsino,sweetsino.com,https://sweetsino.com,Wild Blackfin Limited SRL,ALSI-202601043-FI2,2026-01-31,2027-01-30,no,https://sweetsino.com/contact,,not contacted,,
Winro,winro.io,https://winro.io,August Gaming Ltd,ALSI-202601039-FI2,2026-01-24,2027-01-23,no,https://winro.io/contact,,not contacted,,
Betportal,betportal.com,https://betportal.com,Excite Ultra Media Ltd,ALSI-202601040-FI2,2026-01-24,2027-01-23,no,https://betportal.com/contact,,not contacted,,
Jogpix,jogpix.com,https://jogpix.com,Summer Spins Ltd,ALSI-202601038-FI1,2026-01-24,2027-01-23,no,https://jogpix.com/contact,,not contacted,,
Regal,regal.casino,https://regal.casino,Zenorix Limited,ALSI-202601037-FI1,2026-01-22,2027-01-21,no,https://regal.casino/contact,,not contacted,,
Pjspins,pjspins.com,https://pjspins.com,3-102-937894 Limitada,ALSI-202601027-FI1,2026-01-15,2027-01-14,no,https://pjspins.com/contact,,not contacted,,
Degencity,degencity.com,https://degencity.com,3-102-939867 Limitada,ALSI-202601025-FI1,2026-01-15,2027-01-14,no,https://degencity.com/contact,,not contacted,,
Redneckspins,redneckspins.com,https://redneckspins.com,3-102-940146 SRL,ALSI-202601018-FI1,2026-01-15,2027-01-14,no,https://redneckspins.com/contact,,not contacted,,
Jeevybet,jeevybet.com,https://jeevybet.com,3-102-947122 SRL,ALSI-202601034-FI1,2026-01-15,2027-01-14,no,https://jeevybet.com/contact,,not contacted,,
Looniegold,looniegold.com,https://looniegold.com,3-102-949677 SRL,ALSI-202601006-FI1,2026-01-15,2027-01-14,no,https://looniegold.com/contact,,not contacted,,
Wagerpalace,wagerpalace.com,https://wagerpalace.com,Aurora Holdings Ltd,ALSI-202601030-FI1,2026-01-15,2027-01-14,no,https://wagerpalace.com/contact,,not contacted,,
Azizistake,azizistake.com,https://azizistake.com,AZIZI GLOBAL GROUP INC,ALSI-202601008-FI1,2026-01-15,2027-01-14,no,https://azizistake.com/contact,,not contacted,,
Bet30ai,bet30ai.net,https://bet30ai.net,Blacklion Connection Ltd,ALSI-202601021-FI1,2026-01-15,2027-01-14,no,https://bet30ai.net/contact,,not contacted,,
Granlatino,granlatino.com,https://granlatino.com,Blacklion Connection Ltd,ALSI-202601021-FI1,2026-01-15,2027-01-14,no,https://granlatino.com/contact,,not contacted,,
Toshibet,toshibet.com,https://toshibet.com,BowtoyourSensei Ltd,ALSI-202601015-FI1,2026-01-15,2027-01-14,no,https://toshibet.com/contact,,not contacted,,
Ibitplay,ibitplay.com,https://ibitplay.com,Coderstuff Ltd.,ALSI-202601029-FI1,2026-01-15,2027-01-14,no,https://ibitplay.com/contact,,not contacted,,
Future9,future9.io,https://future9.io,Coderstuff Ltd.,ALSI-202601029-FI1,2026-01-15,2027-01-14,no,https://future9.io/contact,,not contacted,,
Dreamzino,dreamzino.com,https://dreamzino.com,EXENTIA LTD,ALSI-202601007-FI1,2026-01-15,2027-01-14,no,https://dreamzino.com/contact,,not contacted,,
Ilove,ilove.casino,https://ilove.casino,EXENTIA LTD,ALSI-202601007-FI1,2026-01-15,2027-01-14,no,https://ilove.casino/contact,,not contacted,,
Favouredplay,favouredplay.com,https://favouredplay.com,Favored Technologies Ltd.,ALSI-202601010-FI1,2026-01-15,2027-01-14,no,https://favouredplay.com/contact,,not contacted,,
Spinrain,spinrain.com,https://spinrain.com,IsleSoft Lab Ltd.,ALSI-202601011-FI1,2026-01-15,2027-01-14,no,https://spinrain.com/contact,,not contacted,,
Slotbaba,slotbaba.com,https://slotbaba.com,IsleSoft Lab Ltd.,ALSI-202601011-FI1,2026-01-15,2027-01-14,no,https://slotbaba.com/contact,,not contacted,,
Waiger,waiger.com,https://waiger.com,IsleSoft Lab Ltd.,ALSI-202601011-FI1,2026-01-15,2027-01-14,no,https://waiger.com/contact,,not contacted,,
Evascasino,evascasino.com,https://evascasino.com,IsleSoft Lab Ltd.,ALSI-202601011-FI1,2026-01-15,2027-01-14,no,https://evascasino.com/contact,,not contacted,,
Leclubbet,leclubbet.com,https://leclubbet.com,LeClub Bet Ltd,ALSI-202601019-FI1,2026-01-15,2027-01-14,no,https://leclubbet.com/contact,,not contacted,,
Stradabet,stradabet.com,https://stradabet.com,Luxora Interactive Limited,ALSI-202601032-FI1,2026-01-15,2027-01-14,no,https://stradabet.com/contact,,not contacted,,
Hojabet,hojabet.com,https://hojabet.com,Luxora Interactive Limited,ALSI-202601032-FI1,2026-01-15,2027-01-14,no,https://hojabet.com/contact,,not contacted,,
Crash2x,crash2x.com,https://crash2x.com,Meta Jack Inc.,ALSI-202601024-FI1,2026-01-15,2027-01-14,no,https://crash2x.com/contact,,not contacted,,
Spinay,spinay.com,https://spinay.com,Oranox Ltd,ALSI-202601012-FI1,2026-01-15,2027-01-14,no,https://spinay.com/contact,,not contacted,,
Casinoriva,casinoriva.com,https://casinoriva.com,Prime Click Ltd,ALSI-202601026-FI1,2026-01-15,2027-01-14,no,https://casinoriva.com/contact,,not contacted,,
Realbahis,realbahis.com,https://realbahis.com,Real Tech Ltd,ALSI-202601013-FI1,2026-01-15,2027-01-14,no,https://realbahis.com/contact,,not contacted,,
Betmarino,betmarino.com,https://betmarino.com,Real Tech Ltd,ALSI-202601013-FI1,2026-01-15,2027-01-14,no,https://betmarino.com/contact,,not contacted,,
Avrupabet,avrupabet.com,https://avrupabet.com,Real Tech Ltd,ALSI-202601013-FI1,2026-01-15,2027-01-14,no,https://avrupabet.com/contact,,not contacted,,
Mislibet,mislibet.com,https://mislibet.com,Real Tech Ltd,ALSI-202601013-FI1,2026-01-15,2027-01-14,no,https://mislibet.com/contact,,not contacted,,
Betbigo,betbigo.com,https://betbigo.com,Real Tech Ltd,ALSI-202601013-FI1,2026-01-15,2027-01-14,no,https://betbigo.com/contact,,not contacted,,
Rekorbet,rekorbet.com,https://rekorbet.com,Real Tech Ltd,ALSI-202601013-FI1,2026-01-15,2027-01-14,no,https://rekorbet.com/contact,,not contacted,,
Ustabet,ustabet.com,https://ustabet.com,Real Tech Ltd,ALSI-202601013-FI1,2026-01-15,2027-01-14,no,https://ustabet.com/contact,,not contacted,,
Betticket,betticket.com,https://betticket.com,Riotorto Digital LTD,ALSI-202601035-FI1,2026-01-15,2027-01-14,no,https://betticket.com/contact,,not contacted,,
Bet10bet,bet10bet.com,https://bet10bet.com,Riotorto Digital LTD,ALSI-202601035-FI1,2026-01-15,2027-01-14,no,https://bet10bet.com/contact,,not contacted,,
Grandbetting,grandbetting.com,https://grandbetting.com,Riotorto Digital LTD,ALSI-202601035-FI1,2026-01-15,2027-01-14,no,https://grandbetting.com/contact,,not contacted,,
Queenbet,queenbet.com,https://queenbet.com,Riotorto Digital LTD,ALSI-202601035-FI1,2026-01-15,2027-01-14,no,https://queenbet.com/contact,,not contacted,,
Betlike,betlike.com,https://betlike.com,Riotorto Digital LTD,ALSI-202601035-FI1,2026-01-15,2027-01-14,no,https://betlike.com/contact,,not contacted,,
Highstakes,highstakes.com,https://highstakes.com,Seven 5 Offsuit Ltd.,ALSI-202601028-FI1,2026-01-15,2027-01-14,no,https://highstakes.com/contact,,not contacted,,
Betbanksy,betbanksy.com,https://betbanksy.com,SSA Technologies Ltd.,ALSI-202601017-FI1,2026-01-15,2027-01-14,no,https://betbanksy.com/contact,,not contacted,,
Artemisbet,artemisbet.com,https://artemisbet.com,Star Moss Ltd,ALSI-202601004-FI1,2026-01-15,2027-01-14,no,https://artemisbet.com/contact,,not contacted,,
Bitxtreme,bitxtreme.io,https://bitxtreme.io,Xtreme Platforms Limited,ALSI-202601022-FI1,2026-01-15,2027-01-14,no,https://bitxtreme.io/contact,,not contacted,,
Coinxtreme,coinxtreme.io,https://coinxtreme.io,Xtreme Platforms Limited,ALSI-202601022-FI1,2026-01-15,2027-01-14,no,https://coinxtreme.io/contact,,not contacted,,
Cashxtreme,cashxtreme.com,https://cashxtreme.com,Xtreme Platforms Limited,ALSI-202601022-FI1,2026-01-15,2027-01-14,no,https://cashxtreme.com/contact,,not contacted,,
Riskxtreme,riskxtreme.com,https://riskxtreme.com,Xtreme Platforms Limited,ALSI-202601022-FI1,2026-01-15,2027-01-14,no,https://riskxtreme.com/contact,,not contacted,,
Kryptoxtreme,kryptoxtreme.com,https://kryptoxtreme.com,Xtreme Platforms Limited,ALSI-202601022-FI1,2026-01-15,2027-01-14,no,https://kryptoxtreme.com/contact,,not contacted,,
Stakextreme,stakextreme.com,https://stakextreme.com,Xtreme Platforms Limited,ALSI-202601022-FI1,2026-01-15,2027-01-14,no,https://stakextreme.com/contact,,not contacted,,
Oddsxtreme,oddsxtreme.com,https://oddsxtreme.com,Xtreme Platforms Limited,ALSI-202601022-FI1,2026-01-15,2027-01-14,no,https://oddsxtreme.com/contact,,not contacted,,
Spinxtreme,spinxtreme.com,https://spinxtreme.com,Xtreme Platforms Limited,ALSI-202601022-FI1,2026-01-15,2027-01-14,no,https://spinxtreme.com/contact,,not contacted,,
Wccpremium,wccpremium.com,https://wccpremium.com,Prime MAC Technologies Ltd,ALSI-202601016-FI1,2026-01-12,2027-01-11,no,https://wccpremium.com/contact,,not contacted,,
Wccpremium,wccpremium.live,https://wccpremium.live,Prime MAC Technologies Ltd,ALSI-202601016-FI1,2026-01-12,2027-01-11,no,https://wccpremium.live/contact,,not contacted,,
Spin Betz,spin-betz.com,https://spin-betz.com,Diamante Tech Ltd,ALSI-202601003-FI1,2026-01-05,2027-01-04,no,https://spin-betz.com/contact,,not contacted,,
Theluckyspinz,theluckyspinz.com,https://theluckyspinz.com,Diamante Tech Ltd,ALSI-202601003-FI1,2026-01-05,2027-01-04,no,https://theluckyspinz.com/contact,,not contacted,,
Ohmywin,ohmywin.com,https://ohmywin.com,Liberty Walk Ltd,ALSI-202601002-FI1,2026-01-05,2027-01-04,no,https://ohmywin.com/contact,,not contacted,,
Luminous,luminous.casino,https://luminous.casino,LuminousCompany Ltd.,ALSI-202601036-FI1,2026-01-05,2027-01-04,no,https://luminous.casino/contact,,not contacted,,
Meritking,meritking.io,https://meritking.io,3-102-944681 SRL,ALSI-202512030-FI1,2025-12-22,2026-12-21,no,https://meritking.io/contact,,not contacted,,
Mrking5000,mrking5000.com,https://mrking5000.com,3-102-944681 SRL,ALSI-202512030-FI1,2025-12-22,2026-12-21,no,https://mrking5000.com/contact,,not contacted,,
Bolt Casino,bolt-casino.com,https://bolt-casino.com,3-102-946302 SRL,ALSI-202512028-FI1,2025-12-22,2026-12-21,no,https://bolt-casino.com/contact,,not contacted,,
Ore Bet,ore-bet.com,https://ore-bet.com,3-102-946448 SRL,ALSI-202512027-FI1,2025-12-22,2026-12-21,no,https://ore-bet.com/contact,,not contacted,,
Cs2skin,cs2skin.com,https://cs2skin.com,3-102-946905 SRL,ALSI-202512033-FI1,2025-12-22,2026-12-21,no,https://cs2skin.com/contact,,not contacted,,
Casinomaxim,casinomaxim.com,https://casinomaxim.com,3-102-947649 SRL,ALSI-202512032-FI1,2025-12-22,2026-12-21,no,https://casinomaxim.com/contact,,not contacted,,
Tusnumerosrd,tusnumerosrd.com,https://tusnumerosrd.com,3-102-948797 SRL,ALSI-202512037-FI1,2025-12-22,2026-12-21,no,https://tusnumerosrd.com/contact,,not contacted,,
Tubetrd,tubetrd.com,https://tubetrd.com,3-102-948797 SRL,ALSI-202512037-FI1,2025-12-22,2026-12-21,no,https://tubetrd.com/contact,,not contacted,,
Aldex,aldex.win,https://aldex.win,Aldex Win Ltd,ALSI-202512034-FI1,2025-12-22,2026-12-21,no,https://aldex.win/contact,,not contacted,,
Haraka,haraka.bet,https://haraka.bet,Belaronda Limited,ALSI-202512036-FI1,2025-12-22,2026-12-21,no,https://haraka.bet/contact,,not contacted,,
Harakabet,harakabet.africa,https://harakabet.africa,Belaronda Limited,ALSI-202512036-FI1,2025-12-22,2026-12-21,no,https://harakabet.africa/contact,,not contacted,,
Drazzewin,drazzewin.com,https://drazzewin.com,Drazze Limited,ALSI-202512040-FI1,2025-12-22,2026-12-21,no,https://drazzewin.com/contact,,not contacted,,
Drazze,drazze.casino,https://drazze.casino,Drazze Limited,ALSI-202512040-FI1,2025-12-22,2026-12-21,no,https://drazze.casino/contact,,not contacted,,
Trc20play,trc20play.com,https://trc20play.com,Fortune HUB OÜ,ALSI-202512031-FI1,2025-12-22,2026-12-21,no,https://trc20play.com/contact,,not contacted,,
Fortunehub,fortunehub.io,https://fortunehub.io,Fortune HUB OÜ,ALSI-202512031-FI1,2025-12-22,2026-12-21,no,https://fortunehub.io/contact,,not contacted,,
Erc20play,erc20play.com,https://erc20play.com,Fortune HUB OÜ,ALSI-202512031-FI1,2025-12-22,2026-12-21,no,https://erc20play.com/contact,,not contacted,,
Rtp,rtp.bet,https://rtp.bet,Red Fisch Inc,ALSI-202512041-FI1,2025-12-22,2026-12-21,no,https://rtp.bet/contact,,not contacted,,
Returntoplayer,returntoplayer.io,https://returntoplayer.io,Red Fisch Inc,ALSI-202512041-FI1,2025-12-22,2026-12-21,no,https://returntoplayer.io/contact,,not contacted,,
Scattr,scattr.com,https://scattr.com,Triglyph Technologies Ltd,ALSI-202512039-FI1,2025-12-22,2026-12-21,no,https://scattr.com/contact,,not contacted,,
Wilderbet,wilderbet.com,https://wilderbet.com,VitaCore Limited,ALSI-202512038-FI1,2025-12-22,2026-12-21,no,https://wilderbet.com/contact,,not contacted,,
Chancebit,chancebit.com,https://chancebit.com,3-102-936714 SRL,ALSI-202512010-FI1,2025-12-15,2026-12-14,no,https://chancebit.com/contact,,not contacted,,
Stack,stack.bet,https://stack.bet,3-102-936714 SRL,ALSI-202512010-FI1,2025-12-15,2026-12-14,no,https://stack.bet/contact,,not contacted,,
Luckyanon,luckyanon.com,https://luckyanon.com,3-102-940062 SRL,ALSI-202512022-FI1,2025-12-15,2026-12-14,yes,https://luckyanon.com/contact,,not contacted,,
Frogbet,frogbet.com,https://frogbet.com,3-102-940062 SRL,ALSI-202512022-FI1,2025-12-15,2026-12-14,no,https://frogbet.com/contact,,not contacted,,
Mobilepokerclub,mobilepokerclub.com,https://mobilepokerclub.com,3-102-942989 SRL,ALSI-202512015-FI1,2025-12-15,2026-12-14,no,https://mobilepokerclub.com/contact,,not contacted,,
Rubyroyale,rubyroyale.com,https://rubyroyale.com,3-102-944902 SRL,ALSI-202512021-FI1,2025-12-15,2026-12-14,no,https://rubyroyale.com/contact,,not contacted,,
Lebull,lebull.com,https://lebull.com,3-102-945060 SRL,ALSI-202512018-FI1,2025-12-15,2026-12-14,no,https://lebull.com/contact,,not contacted,,
Aryanbet,aryanbet.com,https://aryanbet.com,3-102-946386 SRL,ALSI-202512003-FI1,2025-12-15,2026-12-14,no,https://aryanbet.com/contact,,not contacted,,
Xprobet,xprobet.com,https://xprobet.com,3-102-946386 SRL,ALSI-202512003-FI1,2025-12-15,2026-12-14,no,https://xprobet.com/contact,,not contacted,,
1winbets,1winbets.pro,https://1winbets.pro,3-102-947042 SRL,ALSI-202512008-FI1,2025-12-15,2026-12-14,no,https://1winbets.pro/contact,,not contacted,,
Hyperwin,hyperwin.org,https://hyperwin.org,3-102-948725 SRL,ALSI-202512016-FI1,2025-12-15,2026-12-14,no,https://hyperwin.org/contact,,not contacted,,
Betida,betida.com,https://betida.com,Betida Entertainment Ltd,ALSI-202512002-FI1,2025-12-15,2026-12-14,no,https://betida.com/contact,,not contacted,,
Betshub,betshub.com,https://betshub.com,Betida Entertainment Ltd,ALSI-202512002-FI1,2025-12-15,2026-12-14,no,https://betshub.com/contact,,not contacted,,
Siskowin,siskowin.com,https://siskowin.com,BluePalm Ltd,ALSI-202512023-FI1,2025-12-15,2026-12-14,no,https://siskowin.com/contact,,not contacted,,
Elitsbet,elitsbet.com,https://elitsbet.com,BluePalm Ltd,ALSI-202512023-FI1,2025-12-15,2026-12-14,no,https://elitsbet.com/contact,,not contacted,,
Betliss15,betliss15.com,https://betliss15.com,BluePalm Ltd,ALSI-202512023-FI1,2025-12-15,2026-12-14,no,https://betliss15.com/contact,,not contacted,,
Casinoswiss25,casinoswiss25.com,https://casinoswiss25.com,BluePalm Ltd,ALSI-202512023-FI1,2025-12-15,2026-12-14,no,https://casinoswiss25.com/contact,,not contacted,,
Grailbet,grailbet.com,https://grailbet.com,Grail Technologies Ltd.,ALSI-202512005-FI1,2025-12-15,2026-12-14,yes,https://grailbet.com/contact,,not contacted,,
Graildraw,graildraw.com,https://graildraw.com,Grail Technologies Ltd.,ALSI-202512005-FI1,2025-12-15,2026-12-14,no,https://graildraw.com/contact,,not contacted,,
10tenbet,10tenbet.com,https://10tenbet.com,Horizonix Limited,ALSI-202512020-FI1,2025-12-15,2026-12-14,no,https://10tenbet.com/contact,,not contacted,,
10bet 1010,10bet-1010.com,https://10bet-1010.com,Horizonix Limited,ALSI-202512020-FI1,2025-12-15,2026-12-14,no,https://10bet-1010.com/contact,,not contacted,,
Upx,upx.game,https://upx.game,Integral Stone Ltd,ALSI-202512014-FI1,2025-12-15,2026-12-14,no,https://upx.game/contact,,not contacted,,
Lukkly,lukkly.com,https://lukkly.com,Nexluck Ltd,ALSI-202512012-FI1,2025-12-15,2026-12-14,no,https://lukkly.com/contact,,not contacted,,
Kktcbet,kktcbet.com,https://kktcbet.com,Nicosia Betting Ltd,ALSI-202512025-FI1,2025-12-15,2026-12-14,no,https://kktcbet.com/contact,,not contacted,,
Gangabet,gangabet.com,https://gangabet.com,OW Internacional Ltd,ALSI-202512013-FI1,2025-12-15,2026-12-14,no,https://gangabet.com/contact,,not contacted,,
Bufonbet,bufonbet.com,https://bufonbet.com,OW Internacional Ltd,ALSI-202512013-FI1,2025-12-15,2026-12-14,no,https://bufonbet.com/contact,,not contacted,,
Gangabet,gangabet.mx,https://gangabet.mx,OW Internacional Ltd,ALSI-202512013-FI1,2025-12-15,2026-12-14,no,https://gangabet.mx/contact,,not contacted,,
4bet0,4bet0.com,https://4bet0.com,Titan Ltd,ALSI-202512009-FI1,2025-12-15,2026-12-14,no,https://4bet0.com/contact,,not contacted,,
Vegabro,vegabro.com,https://vegabro.com,Vega Technologies Holding Limited,ALSI-202512019-FI1,2025-12-15,2026-12-14,no,https://vegabro.com/contact,,not contacted,,
Smartpari,smartpari.com,https://smartpari.com,Vitexis Ltd.,ALSI-202512006-FI1,2025-12-15,2026-12-14,no,https://smartpari.com/contact,,not contacted,,
Ssplaywin,ssplaywin.club,https://ssplaywin.club,3-102-942786 SRL,ALSI-202512001-FI1,2025-12-01,2026-11-30,no,https://ssplaywin.club/contact,,not contacted,,
Ssexch,ssexch.io,https://ssexch.io,3-102-942786 SRL,ALSI-202512001-FI1,2025-12-01,2026-11-30,no,https://ssexch.io/contact,,not contacted,,
Betxhub247,betxhub247.com,https://betxhub247.com,3-102-942786 SRL,ALSI-202512001-FI1,2025-12-01,2026-11-30,no,https://betxhub247.com/contact,,not contacted,,
Satfair,satfair.in,https://satfair.in,3-102-942786 SRL,ALSI-202512001-FI1,2025-12-01,2026-11-30,no,https://satfair.in/contact,,not contacted,,
Betcina,betcina.com,https://betcina.com,3-102-935992 SRL,ALSI-202511042-FI2,2025-11-30,2026-11-29,no,https://betcina.com/contact,,not contacted,,
Lotovegas,lotovegas.com,https://lotovegas.com,3-102-935992 SRL,ALSI-202511042-FI2,2025-11-30,2026-11-29,no,https://lotovegas.com/contact,,not contacted,,
Ibexbet,ibexbet.com,https://ibexbet.com,3-102-937186 LIMITADA,ALSI-202511039-FI2,2025-11-30,2026-11-29,no,https://ibexbet.com/contact,,not contacted,,
Bollygame,bollygame.com,https://bollygame.com,3-102-938908 SRL,ALSI-202511053-FI2,2025-11-30,2026-11-29,no,https://bollygame.com/contact,,not contacted,,
K1,k1.game,https://k1.game,3-102-938908 SRL,ALSI-202511053-FI2,2025-11-30,2026-11-29,no,https://k1.game/contact,,not contacted,,
Dicey,dicey.com,https://dicey.com,3-102-943011 SRL,ALSI-202511054-FI2,2025-11-30,2026-11-29,no,https://dicey.com/contact,,not contacted,,
Raize,raize.game,https://raize.game,3-102-943085 SRL,ALSI-202511038-FI2,2025-11-30,2026-11-30,no,https://raize.game/contact,,not contacted,,
Raize,raize.bet,https://raize.bet,3-102-943085 SRL,ALSI-202511038-FI2,2025-11-30,2026-11-30,no,https://raize.bet/contact,,not contacted,,
Raize,raize.poker,https://raize.poker,3-102-943085 SRL,ALSI-202511038-FI2,2025-11-30,2026-11-30,no,https://raize.poker/contact,,not contacted,,
Lv33,lv33.com,https://lv33.com,3-102-945737 SRL,ALSI-202511032-FI2,2025-11-30,2026-11-29,no,https://lv33.com/contact,,not contacted,,
Lv33,lv33.io,https://lv33.io,3-102-945737 SRL,ALSI-202511032-FI2,2025-11-30,2026-11-29,no,https://lv33.io/contact,,not contacted,,
Getwin,getwin.online,https://getwin.online,3-102-945845 SRL,ALSI-202511035-FI2,2025-11-30,2026-11-29,no,https://getwin.online/contact,,not contacted,,
Fortislots,fortislots.com,https://fortislots.com,3-102-945845 SRL,ALSI-202511035-FI2,2025-11-30,2026-11-29,no,https://fortislots.com/contact,,not contacted,,
Huhubet,huhubet.com,https://huhubet.com,3-102-946540 SRL,ALSI-202511024-FI2,2025-11-30,2026-11-29,no,https://huhubet.com/contact,,not contacted,,
Blockdag,blockdag.co,https://blockdag.co,3-102-946540 SRL,ALSI-202511024-FI2,2025-11-30,2026-11-29,no,https://blockdag.co/contact,,not contacted,,
8win,8win.com.my,https://8win.com.my,3-102-946565 SRL,ALSI-202511031-FI2,2025-11-30,2026-11-29,no,https://8win.com.my/contact,,not contacted,,
8win,8win.games,https://8win.games,3-102-946565 SRL,ALSI-202511031-FI2,2025-11-30,2026-11-29,no,https://8win.games/contact,,not contacted,,
Playyit,playyit.com,https://playyit.com,3-102-946643 SRL,ALSI-202511028-FI2,2025-11-30,2026-11-29,no,https://playyit.com/contact,,not contacted,,
Pro11play,pro11play.com,https://pro11play.com,3-102-947393 SRL,ALSI-202511030-FI2,2025-11-30,2026-11-29,no,https://pro11play.com/contact,,not contacted,,
Pro11casino,pro11casino.com,https://pro11casino.com,3-102-947393 SRL,ALSI-202511030-FI2,2025-11-30,2026-11-29,no,https://pro11casino.com/contact,,not contacted,,
Stakeboss,stakeboss.com,https://stakeboss.com,3-102-947775 Limitada,ALSI-202511052-FI2,2025-11-30,2026-11-29,no,https://stakeboss.com/contact,,not contacted,,
Surewin168,surewin168.com,https://surewin168.com,3-102-948637 SRL,ALSI-202511046-FI2,2025-11-30,2026-11-29,no,https://surewin168.com/contact,,not contacted,,
Sure,sure.win,https://sure.win,3-102-948637 SRL,ALSI-202511046-FI2,2025-11-30,2026-11-29,no,https://sure.win/contact,,not contacted,,
Bahis,bahis.com,https://bahis.com,Galactic Infinity Ltd,ALSI-202511048-FI2,2025-11-30,2026-11-29,no,https://bahis.com/contact,,not contacted,,
Matadorbet,matadorbet.com,https://matadorbet.com,Galactic Infinity Ltd,ALSI-202511048-FI2,2025-11-30,2026-11-29,no,https://matadorbet.com/contact,,not contacted,,
Tipobet365,tipobet365.com,https://tipobet365.com,Galactic Infinity Ltd,ALSI-202511048-FI2,2025-11-30,2026-11-29,no,https://tipobet365.com/contact,,not contacted,,
Sahabet,sahabet.com,https://sahabet.com,Galactic Infinity Ltd,ALSI-202511048-FI2,2025-11-30,2026-11-29,no,https://sahabet.com/contact,,not contacted,,
Zbahis,zbahis.com,https://zbahis.com,Galactic Infinity Ltd,ALSI-202511048-FI2,2025-11-30,2026-11-29,no,https://zbahis.com/contact,,not contacted,,
Fixbet,fixbet.com,https://fixbet.com,Galactic Infinity Ltd,ALSI-202511048-FI2,2025-11-30,2026-11-29,no,https://fixbet.com/contact,,not contacted,,
Onwin,onwin.com,https://onwin.com,Galactic Infinity Ltd,ALSI-202511048-FI2,2025-11-30,2026-11-29,no,https://onwin.com/contact,,not contacted,,
Betturkey,betturkey.com,https://betturkey.com,Galactic Infinity Ltd,ALSI-202511048-FI2,2025-11-30,2026-11-29,no,https://betturkey.com/contact,,not contacted,,
Onwin365,onwin365.com,https://onwin365.com,Galactic Infinity Ltd,ALSI-202511048-FI2,2025-11-30,2026-11-29,no,https://onwin365.com/contact,,not contacted,,
Tipobet,tipobet.com,https://tipobet.com,Galactic Infinity Ltd,ALSI-202511048-FI2,2025-11-30,2026-11-29,no,https://tipobet.com/contact,,not contacted,,
Bizbet,bizbet.zone,https://bizbet.zone,Gameway Global LLC,ALSI-202511025-FI2,2025-11-30,2026-11-29,no,https://bizbet.zone/contact,,not contacted,,
Bizbet Az,bizbet-az.io,https://bizbet-az.io,Gameway Global LLC,ALSI-202511025-FI2,2025-11-30,2026-11-29,no,https://bizbet-az.io/contact,,not contacted,,
Bizbet,bizbet.io,https://bizbet.io,Gameway Global LLC,ALSI-202511025-FI2,2025-11-30,2026-11-29,no,https://bizbet.io/contact,,not contacted,,
Africa Bizbet,africa-bizbet.com,https://africa-bizbet.com,Gameway Global LLC,ALSI-202511025-FI2,2025-11-30,2026-11-29,no,https://africa-bizbet.com/contact,,not contacted,,
Bizbet,bizbet.mobi,https://bizbet.mobi,Gameway Global LLC,ALSI-202511025-FI2,2025-11-30,2026-11-29,no,https://bizbet.mobi/contact,,not contacted,,
Bizbet Biz,bizbet-biz.com,https://bizbet-biz.com,Gameway Global LLC,ALSI-202511025-FI2,2025-11-30,2026-11-29,no,https://bizbet-biz.com/contact,,not contacted,,
Mn Bizbet,mn-bizbet.io,https://mn-bizbet.io,Gameway Global LLC,ALSI-202511025-FI2,2025-11-30,2026-11-29,no,https://mn-bizbet.io/contact,,not contacted,,
Bizbet Au,bizbet-au.com,https://bizbet-au.com,Gameway Global LLC,ALSI-202511025-FI2,2025-11-30,2026-11-29,no,https://bizbet-au.com/contact,,not contacted,,
Blockchain,blockchain.poker,https://blockchain.poker,Highcard Software SRL,ALSI-202511029-FI2,2025-11-30,2026-11-29,no,https://blockchain.poker/contact,,not contacted,,
Ecash,ecash.poker,https://ecash.poker,Highcard Software SRL,ALSI-202511029-FI2,2025-11-30,2026-11-29,no,https://ecash.poker/contact,,not contacted,,
Gambana,gambana.com,https://gambana.com,JJAM HOLDINGS Ltd.,ALSI-202511041-FI2,2025-11-30,2026-11-29,no,https://gambana.com/contact,,not contacted,,
Betjordan1,betjordan1.com,https://betjordan1.com,Limitless Ltd,ALSI-202511049-FI2,2025-11-30,2026-11-29,no,https://betjordan1.com/contact,,not contacted,,
Masterpoker,masterpoker.com,https://masterpoker.com,Maison Consulting Limitada,ALSI-202511027-FI2,2025-11-30,2026-11-29,no,https://masterpoker.com/contact,,not contacted,,
Narniumcasino,narniumcasino.com,https://narniumcasino.com,Narnium Solutions Ltd,ALSI-202511055-FI2,2025-11-30,2026-11-29,no,https://narniumcasino.com/contact,,not contacted,,
Narniaslots,narniaslots.com,https://narniaslots.com,Narnium Solutions Ltd,ALSI-202511055-FI2,2025-11-30,2026-11-29,no,https://narniaslots.com/contact,,not contacted,,
Narniumslots,narniumslots.com,https://narniumslots.com,Narnium Solutions Ltd,ALSI-202511055-FI2,2025-11-30,2026-11-29,no,https://narniumslots.com/contact,,not contacted,,
Bet502,bet502.com,https://bet502.com,Netsolution Holding Ltd.,ALSI-202511057-FI2,2025-11-30,2026-11-29,no,https://bet502.com/contact,,not contacted,,
Riskiiit,riskiiit.com,https://riskiiit.com,Overcooked Entertainment Ltd.,ALSI-202511044-FI2,2025-11-30,2026-11-29,no,https://riskiiit.com/contact,,not contacted,,
21,21.com,https://21.com,SkyHigh Innovations Ltd,ALSI-202511047-FI2,2025-11-30,2026-11-29,no,https://21.com/contact,,not contacted,,
Winto,winto.com,https://winto.com,"Solara Technology Co., Ltd",ALSI-202511051-FI2,2025-11-30,2026-11-29,no,https://winto.com/contact,,not contacted,,
Gidiwin,gidiwin.com,https://gidiwin.com,Victory Line Ltd.,ALSI-202511045-FI2,2025-11-30,2026-11-29,no,https://gidiwin.com/contact,,not contacted,,
Casinade,casinade.com,https://casinade.com,Bright Entertainment Inc,ALSI-202511026-FI2,2025-11-19,2026-11-18,no,https://casinade.com/contact,,not contacted,,
Flex2bet,flex2bet.com,https://flex2bet.com,Bright Entertainment Inc,ALSI-202511026-FI2,2025-11-19,2026-11-18,no,https://flex2bet.com/contact,,not contacted,,
Spinpokio,spinpokio.com,https://spinpokio.com,September Entertainment Ltd,ALSI-202511037-FI2,2025-11-17,2026-11-16,no,https://spinpokio.com/contact,,not contacted,,
Tomcasino,tomcasino.net,https://tomcasino.net,3-102-941391 SRL,ALSI-202511019-FI1,2025-11-15,2026-11-14,no,https://tomcasino.net/contact,,not contacted,,
Bombastic,bombastic.com,https://bombastic.com,3-102-941536 SRL,ALSI-202511022-FI1,2025-11-15,2026-11-14,no,https://bombastic.com/contact,,not contacted,,
Slot,slot.win,https://slot.win,3-102-942828 SRL,ALSI-202511006-FI1,2025-11-15,2026-11-14,no,https://slot.win/contact,,not contacted,,
Majorx,majorx.game,https://majorx.game,Ay Information Technology LTD,ALSI-202511017-FI1,2025-11-15,2026-11-14,no,https://majorx.game/contact,,not contacted,,
Minorx,minorx.game,https://minorx.game,Ay Information Technology LTD,ALSI-202511017-FI1,2025-11-15,2026-11-14,no,https://minorx.game/contact,,not contacted,,
Grandx,grandx.game,https://grandx.game,Ay Information Technology LTD,ALSI-202511017-FI1,2025-11-15,2026-11-14,no,https://grandx.game/contact,,not contacted,,
Minix,minix.game,https://minix.game,Ay Information Technology LTD,ALSI-202511017-FI1,2025-11-15,2026-11-14,no,https://minix.game/contact,,not contacted,,
Betcryp,betcryp.com,https://betcryp.com,Betcryp Limitada,ALSI-202511015-FI1,2025-11-15,2026-11-14,no,https://betcryp.com/contact,,not contacted,,
Angelspin,angelspin.com,https://angelspin.com,Fruitopia Limited,ALSI-202511011-FI1,2025-11-15,2026-11-14,no,https://angelspin.com/contact,,not contacted,,
Whynotbet,whynotbet.com,https://whynotbet.com,Fruitopia Limited,ALSI-202511011-FI1,2025-11-15,2026-11-14,no,https://whynotbet.com/contact,,not contacted,,
Fuego,fuego.bet,https://fuego.bet,Fuego Ltd,ALSI-202511005-FI1,2025-11-15,2026-11-14,no,https://fuego.bet/contact,,not contacted,,
Fuegos,fuegos.bet,https://fuegos.bet,Fuego Ltd,ALSI-202511005-FI1,2025-11-15,2026-11-14,no,https://fuegos.bet/contact,,not contacted,,
Gbetplay,gbetplay.net,https://gbetplay.net,Juicecraft Limited,ALSI-202511012-FI1,2025-11-15,2026-11-14,no,https://gbetplay.net/contact,,not contacted,,
Afrislots,afrislots.net,https://afrislots.net,Juicecraft Limited,ALSI-202511012-FI1,2025-11-15,2026-11-14,no,https://afrislots.net/contact,,not contacted,,
Elvisluck,elvisluck.net,https://elvisluck.net,Juicecraft Limited,ALSI-202511012-FI1,2025-11-15,2026-11-14,no,https://elvisluck.net/contact,,not contacted,,
Ganamega,ganamega.net,https://ganamega.net,Juicecraft Limited,ALSI-202511012-FI1,2025-11-15,2026-11-14,no,https://ganamega.net/contact,,not contacted,,
Beturacasino,beturacasino.com,https://beturacasino.com,Juicecraft Limited,ALSI-202511012-FI1,2025-11-15,2026-11-14,no,https://beturacasino.com/contact,,not contacted,,
Rooksbet,rooksbet.com,https://rooksbet.com,Prontogabriela SRL,ALSI-202511020-FI1,2025-11-15,2026-11-14,no,https://rooksbet.com/contact,,not contacted,,
Casinocat,casinocat.com,https://casinocat.com,Stratum Tech Limited,ALSI-202511009-FI1,2025-11-15,2026-11-14,yes,https://casinocat.com/contact,,not contacted,,
Alvynn,alvynn.com,https://alvynn.com,Lynxel Ltd,ALSI-202511013-FI1,2025-11-13,2026-11-12,no,https://alvynn.com/contact,,not contacted,,
Rumwin,rumwin.com,https://rumwin.com,3-102-939534 SRL,ALSI-202511010-FI1,2025-11-08,2026-11-07,no,https://rumwin.com/contact,,not contacted,,
5bet,5bet.com,https://5bet.com,3-102-938336 SRL,ALSI-202511001-FI1,2025-11-07,2026-11-06,no,https://5bet.com/contact,,not contacted,,
Lasbet486,lasbet486.com,https://lasbet486.com,Qos Entertainment Ltd,ALSI-202511007-FI1,2025-11-07,2026-11-06,no,https://lasbet486.com/contact,,not contacted,,
Lasbet,lasbet.com,https://lasbet.com,Qos Entertainment Ltd,ALSI-202511007-FI1,2025-11-07,2026-11-06,no,https://lasbet.com/contact,,not contacted,,
Mrcriptobet,mrcriptobet.com,https://mrcriptobet.com,OWG Group Limited,ALSI-202511003-FI1,2025-11-05,2026-11-04,no,https://mrcriptobet.com/contact,,not contacted,,
Tikbet,tikbet.games,https://tikbet.games,OWG Group Limited,ALSI-202511003-FI1,2025-11-05,2026-11-04,no,https://tikbet.games/contact,,not contacted,,
Whalebet,whalebet.gg,https://whalebet.gg,3-102-942955 SRL,ALSI-202511004-FI1,2025-11-04,2026-11-03,no,https://whalebet.gg/contact,,not contacted,,
Leebet,leebet.io,https://leebet.io,3-102-937610 SRL,ALSI-202510054-FI2,2025-10-29,2026-10-28,no,https://leebet.io/contact,,not contacted,,
Banda,banda.casino,https://banda.casino,3-102-937610 SRL,ALSI-202510054-FI2,2025-10-29,2026-10-28,no,https://banda.casino/contact,,not contacted,,
J8de,j8de.io,https://j8de.io,3-102-937610 SRL,ALSI-202510054-FI2,2025-10-29,2026-10-28,no,https://j8de.io/contact,,not contacted,,
Kush,kush.casino,https://kush.casino,3-102-937610 SRL,ALSI-202510054-FI2,2025-10-29,2026-10-28,no,https://kush.casino/contact,,not contacted,,
Winberry,winberry.casino,https://winberry.casino,3-102-937610 SRL,ALSI-202510054-FI2,2025-10-29,2026-10-28,yes,https://winberry.casino/contact,,not contacted,,
Eva Casino,eva-casino.com,https://eva-casino.com,3-102-937610 SRL,ALSI-202510054-FI2,2025-10-29,2026-10-28,no,https://eva-casino.com/contact,,not contacted,,
Apex Casino,apex-casino.io,https://apex-casino.io,3-102-937610 SRL,ALSI-202510054-FI2,2025-10-29,2026-10-28,no,https://apex-casino.io/contact,,not contacted,,
Spinsco,spinsco.com,https://spinsco.com,3-102-939773 Limitada,ALSI-202510059-FI2,2025-10-29,2026-10-28,no,https://spinsco.com/contact,,not contacted,,
Dailyluck,dailyluck.com,https://dailyluck.com,3-102-940828 SRL,ALSI-202510060-FI2,2025-10-29,2026-10-28,no,https://dailyluck.com/contact,,not contacted,,
Admiralshark,admiralshark.best,https://admiralshark.best,3-102-940828 SRL,ALSI-202510060-FI2,2025-10-29,2026-10-28,no,https://admiralshark.best/contact,,not contacted,,
Casigood,casigood.best,https://casigood.best,3-102-940828 SRL,ALSI-202510060-FI2,2025-10-29,2026-10-28,no,https://casigood.best/contact,,not contacted,,
Casiroom,casiroom.best,https://casiroom.best,3-102-940828 SRL,ALSI-202510060-FI2,2025-10-29,2026-10-28,no,https://casiroom.best/contact,,not contacted,,
Chillireels,chillireels.best,https://chillireels.best,3-102-940828 SRL,ALSI-202510060-FI2,2025-10-29,2026-10-28,no,https://chillireels.best/contact,,not contacted,,
Clockfortune,clockfortune.best,https://clockfortune.best,3-102-940828 SRL,ALSI-202510060-FI2,2025-10-29,2026-10-28,no,https://clockfortune.best/contact,,not contacted,,
Euphoriawins,euphoriawins.best,https://euphoriawins.best,3-102-940828 SRL,ALSI-202510060-FI2,2025-10-29,2026-10-28,no,https://euphoriawins.best/contact,,not contacted,,
Fancyreels,fancyreels.best,https://fancyreels.best,3-102-940828 SRL,ALSI-202510060-FI2,2025-10-29,2026-10-28,no,https://fancyreels.best/contact,,not contacted,,
Fruitychance,fruitychance.best,https://fruitychance.best,3-102-940828 SRL,ALSI-202510060-FI2,2025-10-29,2026-10-28,no,https://fruitychance.best/contact,,not contacted,,
Jimmywinner,jimmywinner.best,https://jimmywinner.best,3-102-940828 SRL,ALSI-202510060-FI2,2025-10-29,2026-10-28,no,https://jimmywinner.best/contact,,not contacted,,
Lbspins,lbspins.best,https://lbspins.best,3-102-940828 SRL,ALSI-202510060-FI2,2025-10-29,2026-10-28,no,https://lbspins.best/contact,,not contacted,,
Magicreels,magicreels.best,https://magicreels.best,3-102-940828 SRL,ALSI-202510060-FI2,2025-10-29,2026-10-28,no,https://magicreels.best/contact,,not contacted,,
Maximumcasino,maximumcasino.best,https://maximumcasino.best,3-102-940828 SRL,ALSI-202510060-FI2,2025-10-29,2026-10-28,no,https://maximumcasino.best/contact,,not contacted,,
Misterxcasino,misterxcasino.best,https://misterxcasino.best,3-102-940828 SRL,ALSI-202510060-FI2,2025-10-29,2026-10-28,no,https://misterxcasino.best/contact,,not contacted,,
Orionspins,orionspins.best,https://orionspins.best,3-102-940828 SRL,ALSI-202510060-FI2,2025-10-29,2026-10-28,no,https://orionspins.best/contact,,not contacted,,
Papayawins,papayawins.best,https://papayawins.best,3-102-940828 SRL,ALSI-202510060-FI2,2025-10-29,2026-10-28,no,https://papayawins.best/contact,,not contacted,,
Professorwins,professorwins.best,https://professorwins.best,3-102-940828 SRL,ALSI-202510060-FI2,2025-10-29,2026-10-28,no,https://professorwins.best/contact,,not contacted,,
Shinyjoker,shinyjoker.best,https://shinyjoker.best,3-102-940828 SRL,ALSI-202510060-FI2,2025-10-29,2026-10-28,no,https://shinyjoker.best/contact,,not contacted,,
Slotsshine,slotsshine.best,https://slotsshine.best,3-102-940828 SRL,ALSI-202510060-FI2,2025-10-29,2026-10-28,no,https://slotsshine.best/contact,,not contacted,,
Slotsmuse,slotsmuse.best,https://slotsmuse.best,3-102-940828 SRL,ALSI-202510060-FI2,2025-10-29,2026-10-28,no,https://slotsmuse.best/contact,,not contacted,,
Spinmywin,spinmywin.best,https://spinmywin.best,3-102-940828 SRL,ALSI-202510060-FI2,2025-10-29,2026-10-28,no,https://spinmywin.best/contact,,not contacted,,
Triumphcasino,triumphcasino.best,https://triumphcasino.best,3-102-940828 SRL,ALSI-202510060-FI2,2025-10-29,2026-10-28,no,https://triumphcasino.best/contact,,not contacted,,
Twinkywin,twinkywin.best,https://twinkywin.best,3-102-940828 SRL,ALSI-202510060-FI2,2025-10-29,2026-10-28,no,https://twinkywin.best/contact,,not contacted,,
Voodoowins,voodoowins.best,https://voodoowins.best,3-102-940828 SRL,ALSI-202510060-FI2,2025-10-29,2026-10-28,no,https://voodoowins.best/contact,,not contacted,,
Wgcasino,wgcasino.best,https://wgcasino.best,3-102-940828 SRL,ALSI-202510060-FI2,2025-10-29,2026-10-28,no,https://wgcasino.best/contact,,not contacted,,
Windiggers,windiggers.best,https://windiggers.best,3-102-940828 SRL,ALSI-202510060-FI2,2025-10-29,2026-10-28,no,https://windiggers.best/contact,,not contacted,,
Yetiwin,yetiwin.best,https://yetiwin.best,3-102-940828 SRL,ALSI-202510060-FI2,2025-10-29,2026-10-28,no,https://yetiwin.best/contact,,not contacted,,
Gold24x7,gold24x7.com,https://gold24x7.com,3-102-944744 SRL,ALSI-202510061-FI2,2025-10-29,2026-10-28,no,https://gold24x7.com/contact,,not contacted,,
Gold,gold.casino,https://gold.casino,3-102-944744 SRL,ALSI-202510061-FI2,2025-10-29,2026-10-28,no,https://gold.casino/contact,,not contacted,,
Buffalo Casino,buffalo-casino.com,https://buffalo-casino.com,3-102-945833 SRL,ALSI-202510062-FI2,2025-10-29,2026-10-28,no,https://buffalo-casino.com/contact,,not contacted,,
Beebet,beebet.co,https://beebet.co,365 Global Capital Corporation,ALSI-202510037-FI2,2025-10-29,2026-10-28,no,https://beebet.co/contact,,not contacted,,
Bkmwin,bkmwin.com,https://bkmwin.com,Asoftgame Limited,ALSI-202510043-FI2,2025-10-29,2026-10-28,no,https://bkmwin.com/contact,,not contacted,,
Jaglerbet,jaglerbet.com,https://jaglerbet.com,Asoftgame Limited,ALSI-202510043-FI2,2025-10-29,2026-10-28,no,https://jaglerbet.com/contact,,not contacted,,
Robobet,robobet.com,https://robobet.com,Aurevia Digital Ventures Ltd,ALSI-202510058-FI2,2025-10-29,2026-10-28,no,https://robobet.com/contact,,not contacted,,
Playbet,playbet.io,https://playbet.io,Aurevia Digital Ventures Ltd,ALSI-202510058-FI2,2025-10-29,2026-10-28,no,https://playbet.io/contact,,not contacted,,
Atombet,atombet.com,https://atombet.com,Aurevia Digital Ventures Ltd,ALSI-202510058-FI2,2025-10-29,2026-10-28,no,https://atombet.com/contact,,not contacted,,
Skorbet,skorbet.com,https://skorbet.com,Aurevia Digital Ventures Ltd,ALSI-202510058-FI2,2025-10-29,2026-10-28,no,https://skorbet.com/contact,,not contacted,,
D8,d8.com,https://d8.com,Aurora Soft Ltd,ALSI-202510044-FI2,2025-10-29,2026-10-28,no,https://d8.com/contact,,not contacted,,
U,u.game,https://u.game,Aurora Soft Ltd,ALSI-202510044-FI2,2025-10-29,2026-10-28,no,https://u.game/contact,,not contacted,,
Forza,forza.bet,https://forza.bet,BeLion International Holdings Ltd.,ALSI-202510053-FI2,2025-10-29,2026-10-28,no,https://forza.bet/contact,,not contacted,,
Forzabet,forzabet.live,https://forzabet.live,BeLion International Holdings Ltd.,ALSI-202510053-FI2,2025-10-29,2026-10-28,no,https://forzabet.live/contact,,not contacted,,
Caswino,caswino.com,https://caswino.com,Casdev Ltd,ALSI-202510041-FI2,2025-10-29,2026-10-28,no,https://caswino.com/contact,,not contacted,,
Lunocasino,lunocasino.com,https://lunocasino.com,Casdev Ltd,ALSI-202510041-FI2,2025-10-29,2026-10-28,no,https://lunocasino.com/contact,,not contacted,,
Dh,dh.casino,https://dh.casino,DH Entertainment Ltd.,ALSI-202510049-FI2,2025-10-29,2026-10-28,no,https://dh.casino/contact,,not contacted,,
Dhcasino,dhcasino.games,https://dhcasino.games,DH Entertainment Ltd.,ALSI-202510049-FI2,2025-10-29,2026-10-28,no,https://dhcasino.games/contact,,not contacted,,
Betzed,betzed.com,https://betzed.com,Dolepa Ltd.,ALSI-202510048-FI2,2025-10-29,2026-10-28,no,https://betzed.com/contact,,not contacted,,
Betsnipe,betsnipe.com,https://betsnipe.com,DTF Online Business LLC,ALSI-202510040-FI2,2025-10-29,2026-10-28,no,https://betsnipe.com/contact,,not contacted,,
Coolt,coolt.casino,https://coolt.casino,Nuveau Ltd,ALSI-202510045-FI2,2025-10-29,2026-10-28,no,https://coolt.casino/contact,,not contacted,,
Linebetglobal,linebetglobal.com,https://linebetglobal.com,Savoska LLC,ALSI-202510056-FI2,2025-10-29,2026-10-28,no,https://linebetglobal.com/contact,,not contacted,,
Zunabet,zunabet.com,https://zunabet.com,Strathvale Group Ltd,ALSI-202510047-FI2,2025-10-29,2026-10-28,no,https://zunabet.com/contact,,not contacted,,
Betzoot,betzoot.com,https://betzoot.com,"ZOOT Belize, Ltd",ALSI-202510055-FI2,2025-10-29,2026-10-28,no,https://betzoot.com/contact,,not contacted,,
Chance,chance.net,https://chance.net,Chance Ltd,ALSI-202510039-FI2,2025-10-27,2026-10-26,no,https://chance.net/contact,,not contacted,,
Veltronixltd,veltronixltd.com,https://veltronixltd.com,Veltronix Ltd,ALSI-202510035-FI2,2025-10-21,2026-10-20,no,https://veltronixltd.com/contact,,not contacted,,
Betzora,betzora.com,https://betzora.com,Epicade Limited,ALSI-202510042-FI2,2025-10-17,2026-10-16,no,https://betzora.com/contact,,not contacted,,
Mad,mad.casino,https://mad.casino,3-102-938906 SRL,ALSI-202510009-FI1,2025-10-16,2026-10-15,no,https://mad.casino/contact,,not contacted,,
Madcasino,madcasino.org,https://madcasino.org,3-102-938906 SRL,ALSI-202510009-FI1,2025-10-16,2026-10-15,no,https://madcasino.org/contact,,not contacted,,
Clutch,clutch.app,https://clutch.app,3-102-939097 SRL,ALSI-202510031-FI1,2025-10-16,2026-10-15,no,https://clutch.app/contact,,not contacted,,
Imperia,imperia.bet,https://imperia.bet,3-102-939877 SRL,ALSI-202510024-FI1,2025-10-16,2026-10-15,no,https://imperia.bet/contact,,not contacted,,
Phonix,phonix.casino,https://phonix.casino,3-102-939892 SRL,ALSI-202510006-FI1,2025-10-16,2026-10-15,no,https://phonix.casino/contact,,not contacted,,
Yohoslot,yohoslot.com,https://yohoslot.com,3-102-940387 SRL,ALSI-202510029-FI1,2025-10-16,2026-10-15,no,https://yohoslot.com/contact,,not contacted,,
Casibom,casibom.com,https://casibom.com,3-102-940971 SRL,ALSI-202510007-FI1,2025-10-16,2026-10-15,no,https://casibom.com/contact,,not contacted,,
Casinopol,casinopol.com,https://casinopol.com,3-102-940971 SRL,ALSI-202510007-FI1,2025-10-16,2026-10-15,no,https://casinopol.com/contact,,not contacted,,
Casino007,casino007.com,https://casino007.com,3-102-942052 SRL,ALSI-202510008-FI1,2025-10-16,2026-10-15,no,https://casino007.com/contact,,not contacted,,
Welvura,welvura.one,https://welvura.one,3-102-943707 SRL,ALSI-202510019-FI1,2025-10-16,2026-10-15,no,https://welvura.one/contact,,not contacted,,
Welvura1,welvura1.com,https://welvura1.com,3-102-943707 SRL,ALSI-202510019-FI1,2025-10-16,2026-10-15,no,https://welvura1.com/contact,,not contacted,,
369wins,369wins.com,https://369wins.com,Anzal Ltd,ALSI-202510004-FI1,2025-10-16,2026-10-15,no,https://369wins.com/contact,,not contacted,,
Betfal,betfal.com,https://betfal.com,Anzal Ltd,ALSI-202510004-FI1,2025-10-16,2026-10-15,no,https://betfal.com/contact,,not contacted,,
Kirabet,kirabet.com,https://kirabet.com,Arkevia Group Ltd,ALSI-202510025-FI1,2025-10-16,2026-10-15,no,https://kirabet.com/contact,,not contacted,,
Molcasino,molcasino.com,https://molcasino.com,Arkevia Group Ltd,ALSI-202510025-FI1,2025-10-16,2026-10-15,no,https://molcasino.com/contact,,not contacted,,
Rony,rony.bet,https://rony.bet,Arkevia Group Ltd,ALSI-202510025-FI1,2025-10-16,2026-10-15,no,https://rony.bet/contact,,not contacted,,
Tomi,tomi.club,https://tomi.club,Arkevia Group Ltd,ALSI-202510025-FI1,2025-10-16,2026-10-15,no,https://tomi.club/contact,,not contacted,,
Casinocrypto,casinocrypto.io,https://casinocrypto.io,BMGruppe Ltd,ALSI-202510020-FI1,2025-10-16,2026-10-15,no,https://casinocrypto.io/contact,,not contacted,,
Booty,booty.casino,https://booty.casino,BMGruppe Ltd,ALSI-202510020-FI1,2025-10-16,2026-10-15,no,https://booty.casino/contact,,not contacted,,
G4mbit,g4mbit.com,https://g4mbit.com,CONDOOR V.P. LIMITED,ALSI-202510026-FI1,2025-10-16,2026-10-15,no,https://g4mbit.com/contact,,not contacted,,
Caposino,caposino.com,https://caposino.com,CONDOOR V.P. LIMITED,ALSI-202510026-FI1,2025-10-16,2026-10-15,no,https://caposino.com/contact,,not contacted,,
Elipsbet,elipsbet.com,https://elipsbet.com,Evoluxia Limitada,ALSI-202510013-FI1,2025-10-16,2026-10-15,no,https://elipsbet.com/contact,,not contacted,,
Jupiterbahis,jupiterbahis.com,https://jupiterbahis.com,Evoluxia Limitada,ALSI-202510013-FI1,2025-10-16,2026-10-15,no,https://jupiterbahis.com/contact,,not contacted,,
Jupitercryptox,jupitercryptox.com,https://jupitercryptox.com,Evoluxia Limitada,ALSI-202510013-FI1,2025-10-16,2026-10-15,no,https://jupitercryptox.com/contact,,not contacted,,
Maltbahis,maltbahis.com,https://maltbahis.com,Evoluxia Limitada,ALSI-202510013-FI1,2025-10-16,2026-10-15,no,https://maltbahis.com/contact,,not contacted,,
Olipsbet,olipsbet.com,https://olipsbet.com,Evoluxia Limitada,ALSI-202510013-FI1,2025-10-16,2026-10-15,no,https://olipsbet.com/contact,,not contacted,,
Bahismood,bahismood.com,https://bahismood.com,Evoluxia Limitada,ALSI-202510013-FI1,2025-10-16,2026-10-15,no,https://bahismood.com/contact,,not contacted,,
Betet77,betet77.com,https://betet77.com,GF CLUB Seven Seven Limitada,ALSI-202510016-FI1,2025-10-16,2026-10-15,no,https://betet77.com/contact,,not contacted,,
Lucky,lucky.fun,https://lucky.fun,Good Luck Ltd,ALSI-202510021-FI1,2025-10-16,2026-10-15,no,https://lucky.fun/contact,,not contacted,,
Lucky,lucky.co,https://lucky.co,Good Luck Ltd,ALSI-202510021-FI1,2025-10-16,2026-10-15,no,https://lucky.co/contact,,not contacted,,
Betwinner,betwinner.direct,https://betwinner.direct,HappyDoo LLC,ALSI-202510028-FI1,2025-10-16,2026-10-15,no,https://betwinner.direct/contact,,not contacted,,
Lavbet,lavbet.co,https://lavbet.co,Lavbet Limitada,ALSI-202510027-FI1,2025-10-16,2026-10-15,no,https://lavbet.co/contact,,not contacted,,
Lavbet,lavbet.com,https://lavbet.com,Lavbet Limitada,ALSI-202510027-FI1,2025-10-16,2026-10-15,no,https://lavbet.com/contact,,not contacted,,
Lotoyei,lotoyei.com,https://lotoyei.com,Lotoyei Oficial Inc.,ALSI-202510022-FI1,2025-10-16,2026-10-15,no,https://lotoyei.com/contact,,not contacted,,
Americaloto,americaloto.com,https://americaloto.com,Lucky AML Ltd,ALSI-202510001-FI1,2025-10-16,2026-10-15,no,https://americaloto.com/contact,,not contacted,,
Luckypari,luckypari.org,https://luckypari.org,Lunex LLC,ALSI-202510030-FI1,2025-10-16,2026-10-15,no,https://luckypari.org/contact,,not contacted,,
Luckypari,luckypari.com,https://luckypari.com,Lunex LLC,ALSI-202510030-FI1,2025-10-16,2026-10-15,no,https://luckypari.com/contact,,not contacted,,
Luckypari,luckypari.net,https://luckypari.net,Lunex LLC,ALSI-202510030-FI1,2025-10-16,2026-10-15,no,https://luckypari.net/contact,,not contacted,,
Megapot,megapot.io,https://megapot.io,Megapot Inc,ALSI-202510018-FI1,2025-10-16,2026-10-15,no,https://megapot.io/contact,,not contacted,,
Case Battle,case-battle.com,https://case-battle.com,MILLENNIUM LIMITED,ALSI-202510003-FI1,2025-10-16,2026-10-15,no,https://case-battle.com/contact,,not contacted,,
Livegame148,livegame148.com,https://livegame148.com,Offspring Group LTD,ALSI-202510005-FI1,2025-10-16,2026-10-15,no,https://livegame148.com/contact,,not contacted,,
Ebete,ebete.com,https://ebete.com,Pacific Odds SRL,ALSI-202510032-FI1,2025-10-16,2026-10-15,no,https://ebete.com/contact,,not contacted,,
Freespinz,freespinz.com,https://freespinz.com,Pacific Odds SRL,ALSI-202510032-FI1,2025-10-16,2026-10-15,no,https://freespinz.com/contact,,not contacted,,
Freespinz,freespinz.casino,https://freespinz.casino,Pacific Odds SRL,ALSI-202510032-FI1,2025-10-16,2026-10-15,no,https://freespinz.casino/contact,,not contacted,,
Alpacabet,alpacabet.com,https://alpacabet.com,PalmCore Ltd,ALSI-202510033-FI1,2025-10-16,2026-10-15,no,https://alpacabet.com/contact,,not contacted,,
Maxxcric,maxxcric.com,https://maxxcric.com,Rich Able Developments Limited,ALSI-202510012-FI1,2025-10-16,2026-10-15,no,https://maxxcric.com/contact,,not contacted,,
Afropari,afropari.africa,https://afropari.africa,TITANIUM GROUP LLC,ALSI-202510010-FI1,2025-10-16,2026-10-15,no,https://afropari.africa/contact,,not contacted,,
247betvip,247betvip.com,https://247betvip.com,Vertech Networks Limitada,ALSI-202510023-FI1,2025-10-16,2026-10-15,no,https://247betvip.com/contact,,not contacted,,
Summitbet,summitbet.com,https://summitbet.com,Vertech Networks Limitada,ALSI-202510023-FI1,2025-10-16,2026-10-15,no,https://summitbet.com/contact,,not contacted,,
Yeet,yeet.com,https://yeet.com,Pacific Edge Ltd.,ALSI-202510036-FI2,2025-10-13,2026-10-12,no,https://yeet.com/contact,,not contacted,,
Bet17,bet17.com,https://bet17.com,3-102-940966 SRL,ALSI-202510015-FI1,2025-10-09,2026-10-09,no,https://bet17.com/contact,,not contacted,,
Netflixcasino,netflixcasino.co,https://netflixcasino.co,3-102-940966 SRL,ALSI-202510015-FI1,2025-10-09,2026-10-09,no,https://netflixcasino.co/contact,,not contacted,,
Betgoal,betgoal.online,https://betgoal.online,Giga Fintech Limited,ALSI-202510034-FI1,2025-10-09,2026-10-08,no,https://betgoal.online/contact,,not contacted,,
Limbobet,limbobet.com,https://limbobet.com,Giga Fintech Limited,ALSI-202510034-FI1,2025-10-09,2026-10-08,no,https://limbobet.com/contact,,not contacted,,
Pishbini,pishbini.com,https://pishbini.com,Giga Fintech Limited,ALSI-202510034-FI1,2025-10-09,2026-10-08,no,https://pishbini.com/contact,,not contacted,,
Safabet,safabet.com,https://safabet.com,Giga Fintech Limited,ALSI-202510034-FI1,2025-10-09,2026-10-08,no,https://safabet.com/contact,,not contacted,,
Hattrick,hattrick.bet,https://hattrick.bet,Giga Fintech Limited,ALSI-202510034-FI1,2025-10-09,2026-10-08,no,https://hattrick.bet/contact,,not contacted,,
Cepbahis,cepbahis.com,https://cepbahis.com,Giga Fintech Limited,ALSI-202510034-FI1,2025-10-09,2026-10-08,no,https://cepbahis.com/contact,,not contacted,,
Arabbet,arabbet.com,https://arabbet.com,Giga Fintech Limited,ALSI-202510034-FI1,2025-10-09,2026-10-08,no,https://arabbet.com/contact,,not contacted,,
Bordbet,bordbet.com,https://bordbet.com,Giga Fintech Limited,ALSI-202510034-FI1,2025-10-09,2026-10-08,no,https://bordbet.com/contact,,not contacted,,
Megasino,megasino.win,https://megasino.win,Karthala Ventures Ltd,ALSI-202510014-FI1,2025-10-09,2026-10-08,no,https://megasino.win/contact,,not contacted,,
Casindi,casindi.com,https://casindi.com,3-102-935754 SRL,ALSI-202509067-FI2,2025-09-30,2026-09-29,no,https://casindi.com/contact,,not contacted,,
Baloo,baloo.bet,https://baloo.bet,3-102-937541 SRL,ALSI-202509069-FI2,2025-09-30,2026-09-29,no,https://baloo.bet/contact,,not contacted,,
Dragobet,dragobet.com,https://dragobet.com,3-102-937541 SRL,ALSI-202509069-FI2,2025-09-30,2026-09-29,no,https://dragobet.com/contact,,not contacted,,
Betoranje,betoranje.com,https://betoranje.com,3-102-937541 SRL,ALSI-202509069-FI2,2025-09-30,2026-09-29,no,https://betoranje.com/contact,,not contacted,,
Fano,fano.bet,https://fano.bet,3-102-937541 SRL,ALSI-202509069-FI2,2025-09-30,2026-09-29,no,https://fano.bet/contact,,not contacted,,
Holyluck,holyluck.com,https://holyluck.com,3-102-937541 SRL,ALSI-202509069-FI2,2025-09-30,2026-09-29,no,https://holyluck.com/contact,,not contacted,,
Likes,likes.bet,https://likes.bet,3-102-937541 SRL,ALSI-202509069-FI2,2025-09-30,2026-09-29,no,https://likes.bet/contact,,not contacted,,
Zumo,zumo.bet,https://zumo.bet,3-102-937541 SRL,ALSI-202509069-FI2,2025-09-30,2026-09-29,no,https://zumo.bet/contact,,not contacted,,
Inky,inky.bet,https://inky.bet,3-102-937541 SRL,ALSI-202509069-FI2,2025-09-30,2026-09-29,no,https://inky.bet/contact,,not contacted,,
Aureonplay,aureonplay.com,https://aureonplay.com,3-102-937541 SRL,ALSI-202509069-FI2,2025-09-30,2026-09-29,no,https://aureonplay.com/contact,,not contacted,,
Luckygans,luckygans.com,https://luckygans.com,3-102-937541 SRL,ALSI-202509069-FI2,2025-09-30,2026-09-29,no,https://luckygans.com/contact,,not contacted,,
Ax,ax.bet,https://ax.bet,3-102-937541 SRL,ALSI-202509069-FI2,2025-09-30,2026-09-29,no,https://ax.bet/contact,,not contacted,,
Spinalto,spinalto.com,https://spinalto.com,3-102-937541 SRL,ALSI-202509069-FI2,2025-09-30,2026-09-29,no,https://spinalto.com/contact,,not contacted,,
Warriorbet,warriorbet.io,https://warriorbet.io,3-102-938960 SRL,ALSI-202509057-FI2,2025-09-30,2026-09-29,no,https://warriorbet.io/contact,,not contacted,,
Mellstroy,mellstroy.com,https://mellstroy.com,3-102-940620 SRL,ALSI-202509063-FI2,2025-09-30,2026-09-29,no,https://mellstroy.com/contact,,not contacted,,
Tucanbit,tucanbit.io,https://tucanbit.io,3-102-940901 SRL,ALSI-202509055-FI2,2025-09-30,2026-09-29,no,https://tucanbit.io/contact,,not contacted,,
Damble,damble.io,https://damble.io,88bit Limited,ALSI-202509065-FI2,2025-09-30,2026-09-29,no,https://damble.io/contact,,not contacted,,
Famebet,famebet.com,https://famebet.com,Better Fame Ltd,ALSI-202509070-FI2,2025-09-30,2026-09-29,no,https://famebet.com/contact,,not contacted,,
Betbeto,betbeto.com,https://betbeto.com,Capitanos Games Ltd,ALSI-202509071-FI2,2025-09-30,2026-09-29,no,https://betbeto.com/contact,,not contacted,,
Bhaicasino,bhaicasino.com,https://bhaicasino.com,Capitanos Games Ltd,ALSI-202509071-FI2,2025-09-30,2026-09-29,no,https://bhaicasino.com/contact,,not contacted,,
Cwinz88,cwinz88.com,https://cwinz88.com,Capitanos Games Ltd,ALSI-202509071-FI2,2025-09-30,2026-09-29,no,https://cwinz88.com/contact,,not contacted,,
Cwinz,cwinz.com,https://cwinz.com,Capitanos Games Ltd,ALSI-202509071-FI2,2025-09-30,2026-09-29,no,https://cwinz.com/contact,,not contacted,,
Bluebetz,bluebetz.com,https://bluebetz.com,Capitanos Games Ltd,ALSI-202509071-FI2,2025-09-30,2026-09-29,no,https://bluebetz.com/contact,,not contacted,,
Jvspin Bet,jvspin-bet.com,https://jvspin-bet.com,Delum LLC,ALSI-202509054-FI2,2025-09-30,2026-09-29,no,https://jvspin-bet.com/contact,,not contacted,,
Yekbet,yekbet.com,https://yekbet.com,Fortuna Digital Solutions FDS Limitada,ALSI-202509068-FI2,2025-09-30,2026-09-29,no,https://yekbet.com/contact,,not contacted,,
Ikasbet,ikasbet.com,https://ikasbet.com,Fortuna Digital Solutions FDS Limitada,ALSI-202509068-FI2,2025-09-30,2026-09-29,no,https://ikasbet.com/contact,,not contacted,,
Asyabahis,asyabahis.com,https://asyabahis.com,Fortuna Digital Solutions FDS Limitada,ALSI-202509068-FI2,2025-09-30,2026-09-29,no,https://asyabahis.com/contact,,not contacted,,
Dumanbet,dumanbet.com,https://dumanbet.com,Fortuna Digital Solutions FDS Limitada,ALSI-202509068-FI2,2025-09-30,2026-09-29,no,https://dumanbet.com/contact,,not contacted,,
Maltcasino,maltcasino.com,https://maltcasino.com,Fortuna Digital Solutions FDS Limitada,ALSI-202509068-FI2,2025-09-30,2026-09-29,no,https://maltcasino.com/contact,,not contacted,,
Olabahis,olabahis.com,https://olabahis.com,Fortuna Digital Solutions FDS Limitada,ALSI-202509068-FI2,2025-09-30,2026-09-29,no,https://olabahis.com/contact,,not contacted,,
Pinbahis,pinbahis.com,https://pinbahis.com,Fortuna Digital Solutions FDS Limitada,ALSI-202509068-FI2,2025-09-30,2026-09-29,no,https://pinbahis.com/contact,,not contacted,,
Spinman,spinman.com,https://spinman.com,Fortuna Digital Solutions FDS Limitada,ALSI-202509068-FI2,2025-09-30,2026-09-29,no,https://spinman.com/contact,,not contacted,,
Foxy,foxy.game,https://foxy.game,Foxysoft Global Limited,ALSI-202509060-FI2,2025-09-30,2027-09-29,no,https://foxy.game/contact,,not contacted,,
Gem,gem.game,https://gem.game,Golden Mirage Ltd,ALSI-202509064-FI2,2025-09-30,2026-09-29,no,https://gem.game/contact,,not contacted,,
Ali,ali.bet,https://ali.bet,Iridion Ltd,ALSI-202509066-FI2,2025-09-30,2026-09-29,no,https://ali.bet/contact,,not contacted,,
Qwer,qwer.io,https://qwer.io,Jackpot Media Inc,ALSI-202509075-FI2,2025-09-30,2026-09-29,no,https://qwer.io/contact,,not contacted,,
Cazinostra,cazinostra.com,https://cazinostra.com,Komorena Ltd,ALSI-202509052-FI2,2025-09-30,2026-09-29,no,https://cazinostra.com/contact,,not contacted,,
Aquabob,aquabob.com,https://aquabob.com,Mega Payout Ltd,ALSI-202509074-FI2,2025-09-30,2026-09-29,no,https://aquabob.com/contact,,not contacted,,
Lucky7even,lucky7even.com,https://lucky7even.com,Metlait SRL,ALSI-202509073-FI2,2025-09-30,2026-09-29,no,https://lucky7even.com/contact,,not contacted,,
Asino,asino.com,https://asino.com,Metlait SRL,ALSI-202509073-FI2,2025-09-30,2026-09-29,no,https://asino.com/contact,,not contacted,,
Billybillion,billybillion.com,https://billybillion.com,Metlait SRL,ALSI-202509073-FI2,2025-09-30,2026-09-29,no,https://billybillion.com/contact,,not contacted,,
Casinorocket,casinorocket.com,https://casinorocket.com,Metlait SRL,ALSI-202509073-FI2,2025-09-30,2026-09-29,no,https://casinorocket.com/contact,,not contacted,,
Cloverspin,cloverspin.com,https://cloverspin.com,Metlait SRL,ALSI-202509073-FI2,2025-09-30,2026-09-29,no,https://cloverspin.com/contact,,not contacted,,
Crocoslots,crocoslots.com,https://crocoslots.com,Metlait SRL,ALSI-202509073-FI2,2025-09-30,2026-09-29,no,https://crocoslots.com/contact,,not contacted,,
Crownslots,crownslots.com,https://crownslots.com,Metlait SRL,ALSI-202509073-FI2,2025-09-30,2026-09-29,no,https://crownslots.com/contact,,not contacted,,
Fatfruit,fatfruit.com,https://fatfruit.com,Metlait SRL,ALSI-202509073-FI2,2025-09-30,2026-09-29,no,https://fatfruit.com/contact,,not contacted,,
Goldencrowncasino,goldencrowncasino.com,https://goldencrowncasino.com,Metlait SRL,ALSI-202509073-FI2,2025-09-30,2026-09-29,no,https://goldencrowncasino.com/contact,,not contacted,,
Limewin,limewin.com,https://limewin.com,Metlait SRL,ALSI-202509073-FI2,2025-09-30,2026-09-29,no,https://limewin.com/contact,,not contacted,,
Luckyvibe,luckyvibe.com,https://luckyvibe.com,Metlait SRL,ALSI-202509073-FI2,2025-09-30,2026-09-29,no,https://luckyvibe.com/contact,,not contacted,,
Neospin,neospin.com,https://neospin.com,Metlait SRL,ALSI-202509073-FI2,2025-09-30,2026-09-29,no,https://neospin.com/contact,,not contacted,,
Playmaxwin,playmaxwin.com,https://playmaxwin.com,Metlait SRL,ALSI-202509073-FI2,2025-09-30,2026-09-29,no,https://playmaxwin.com/contact,,not contacted,,
Richardcasino,richardcasino.com,https://richardcasino.com,Metlait SRL,ALSI-202509073-FI2,2025-09-30,2026-09-29,no,https://richardcasino.com/contact,,not contacted,,
Rocketspin,rocketspin.com,https://rocketspin.com,Metlait SRL,ALSI-202509073-FI2,2025-09-30,2026-09-29,no,https://rocketspin.com/contact,,not contacted,,
Rockwin,rockwin.io,https://rockwin.io,Metlait SRL,ALSI-202509073-FI2,2025-09-30,2026-09-29,no,https://rockwin.io/contact,,not contacted,,
Rollero,rollero.com,https://rollero.com,Metlait SRL,ALSI-202509073-FI2,2025-09-30,2026-09-29,no,https://rollero.com/contact,,not contacted,,
Skycrown,skycrown.com,https://skycrown.com,Metlait SRL,ALSI-202509073-FI2,2025-09-30,2026-09-29,no,https://skycrown.com/contact,,not contacted,,
Slotornado,slotornado.com,https://slotornado.com,Metlait SRL,ALSI-202509073-FI2,2025-09-30,2026-09-29,no,https://slotornado.com/contact,,not contacted,,
Spinando,spinando.com,https://spinando.com,Metlait SRL,ALSI-202509073-FI2,2025-09-30,2026-09-29,no,https://spinando.com/contact,,not contacted,,
Spinjo,spinjo.com,https://spinjo.com,Metlait SRL,ALSI-202509073-FI2,2025-09-30,2026-09-29,no,https://spinjo.com/contact,,not contacted,,
Spinrise,spinrise.com,https://spinrise.com,Metlait SRL,ALSI-202509073-FI2,2025-09-30,2026-09-29,no,https://spinrise.com/contact,,not contacted,,
Staycasino,staycasino.com,https://staycasino.com,Metlait SRL,ALSI-202509073-FI2,2025-09-30,2026-09-29,no,https://staycasino.com/contact,,not contacted,,
Winmaker,winmaker.com,https://winmaker.com,Metlait SRL,ALSI-202509073-FI2,2025-09-30,2026-09-29,no,https://winmaker.com/contact,,not contacted,,
Zotabet,zotabet.com,https://zotabet.com,Metlait SRL,ALSI-202509073-FI2,2025-09-30,2026-09-29,no,https://zotabet.com/contact,,not contacted,,
Wildfortune,wildfortune.io,https://wildfortune.io,Metlait SRL,ALSI-202509073-FI2,2025-09-30,2026-09-29,no,https://wildfortune.io/contact,,not contacted,,
Bohocasino,bohocasino.com,https://bohocasino.com,Metlait SRL,ALSI-202509073-FI2,2025-09-30,2026-09-29,no,https://bohocasino.com/contact,,not contacted,,
Luckyelfcasino,luckyelfcasino.com,https://luckyelfcasino.com,Metlait SRL,ALSI-202509073-FI2,2025-09-30,2026-09-29,no,https://luckyelfcasino.com/contact,,not contacted,,
Slotsgallery,slotsgallery.com,https://slotsgallery.com,Metlait SRL,ALSI-202509073-FI2,2025-09-30,2026-09-29,no,https://slotsgallery.com/contact,,not contacted,,
Richevoslot,richevoslot.com,https://richevoslot.com,Nuvorich Limited,ALSI-202509053-FI2,2025-09-30,2026-09-29,no,https://richevoslot.com/contact,,not contacted,,
Rixor,rixor.game,https://rixor.game,Rixor Inc,ALSI-202509059-FI2,2025-09-30,2026-09-29,no,https://rixor.game/contact,,not contacted,,
Arba777,arba777.com,https://arba777.com,Rtech LTD,ALSI-202509056-FI2,2025-09-30,2026-09-29,no,https://arba777.com/contact,,not contacted,,
Flip,flip.vip,https://flip.vip,Coin Eleven Limited,ALSI-202509078-FI2,2025-09-29,2026-09-28,no,https://flip.vip/contact,,not contacted,,
Tongobet,tongobet.ca,https://tongobet.ca,Tongo Alliance Ltd,ALSI-202509077-FI2,2025-09-29,2026-09-28,no,https://tongobet.ca/contact,,not contacted,,
Tongobet,tongobet.com,https://tongobet.com,Tongo Alliance Ltd,ALSI-202509077-FI2,2025-09-29,2026-09-28,no,https://tongobet.com/contact,,not contacted,,
Csgobig,csgobig.com,https://csgobig.com,Degen Legend Limitada,ALSI-202509061-FI2,2025-09-19,2026-09-18,no,https://csgobig.com/contact,,not contacted,,
Degen,degen.com,https://degen.com,Degen Legend Limitada,ALSI-202509061-FI2,2025-09-19,2026-09-18,no,https://degen.com/contact,,not contacted,,
Olimp,olimp.com,https://olimp.com,3-102-935655 SRL,ALSI-202509028-FI1,2025-09-16,2026-09-15,no,https://olimp.com/contact,,not contacted,,
Forzza,forzza.com,https://forzza.com,3-102-935746 SRL,ALSI-202509005-FI1,2025-09-16,2026-09-15,no,https://forzza.com/contact,,not contacted,,
Papawins,papawins.com,https://papawins.com,3-102-935829 SRL,ALSI-202509046-FI1,2025-09-16,2026-09-15,no,https://papawins.com/contact,,not contacted,,
Reybets,reybets.com,https://reybets.com,3-102-936502 SRL,ALSI-202509014-FI1,2025-09-16,2026-09-15,no,https://reybets.com/contact,,not contacted,,
Rajabets,rajabets.com,https://rajabets.com,3-102-936502 SRL,ALSI-202509014-FI1,2025-09-16,2026-09-15,no,https://rajabets.com/contact,,not contacted,,
Fenix,fenix.casino,https://fenix.casino,3-102-937046 SRL,ALSI-202509033-FI1,2025-09-16,2026-09-15,no,https://fenix.casino/contact,,not contacted,,
Cryptobosscasino,cryptobosscasino.com,https://cryptobosscasino.com,3-102-937046 SRL,ALSI-202509033-FI1,2025-09-16,2026-09-15,no,https://cryptobosscasino.com/contact,,not contacted,,
Unlimcasino,unlimcasino.com,https://unlimcasino.com,3-102-937046 SRL,ALSI-202509033-FI1,2025-09-16,2026-09-15,no,https://unlimcasino.com/contact,,not contacted,,
Casinohype,casinohype.com,https://casinohype.com,3-102-937046 SRL,ALSI-202509033-FI1,2025-09-16,2026-09-15,no,https://casinohype.com/contact,,not contacted,,
Aufcasino,aufcasino.com,https://aufcasino.com,3-102-937046 SRL,ALSI-202509033-FI1,2025-09-16,2026-09-15,no,https://aufcasino.com/contact,,not contacted,,
Honeymoney,honeymoney.com,https://honeymoney.com,3-102-937046 SRL,ALSI-202509033-FI1,2025-09-16,2026-09-15,no,https://honeymoney.com/contact,,not contacted,,
Payandspin,payandspin.com,https://payandspin.com,3-102-939604 SRL,ALSI-202509031-FI1,2025-09-16,2026-09-15,no,https://payandspin.com/contact,,not contacted,,
Betitor,betitor.com,https://betitor.com,3-102-941073 SRL,ALSI-202509018-FI1,2025-09-16,2026-09-15,no,https://betitor.com/contact,,not contacted,,
Redlotusgaming,redlotusgaming.com,https://redlotusgaming.com,3-102-941949 SRL,ALSI-202509035-FI1,2025-09-16,2026-09-15,no,https://redlotusgaming.com/contact,,not contacted,,
Casinityx,casinityx.com,https://casinityx.com,3-102-942477 SRL,ALSI-202509036-FI1,2025-09-16,2026-09-15,no,https://casinityx.com/contact,,not contacted,,
Slapperzz,slapperzz.com,https://slapperzz.com,3-102-942611 SRL,ALSI-202509041-FI1,2025-09-16,2026-09-15,no,https://slapperzz.com/contact,,not contacted,,
Ae888,ae888.com,https://ae888.com,AE YES LTD,ALSI-202509015-FI1,2025-09-16,2026-09-15,no,https://ae888.com/contact,,not contacted,,
Melbet,melbet.global,https://melbet.global,Albatross Entertainment LLC,ALSI-202509003-FI1,2025-09-16,2026-09-15,no,https://melbet.global/contact,,not contacted,,
Kikocasino,kikocasino.com,https://kikocasino.com,Astra Solutions Limited,ALSI-202509044-FI1,2025-09-16,2026-09-15,no,https://kikocasino.com/contact,,not contacted,,
Kikabet,kikabet.com,https://kikabet.com,Blackwave Ltd.,ALSI-202509019-FI1,2025-09-16,2026-09-15,no,https://kikabet.com/contact,,not contacted,,
Cooked,cooked.com,https://cooked.com,Digital Chain Ventures SRL,ALSI-202509004-FI1,2025-09-16,2026-09-15,no,https://cooked.com/contact,,not contacted,,
Cryptogaming,cryptogaming.com,https://cryptogaming.com,Digital Chain Ventures SRL,ALSI-202509004-FI1,2025-09-16,2026-09-15,no,https://cryptogaming.com/contact,,not contacted,,
Filth,filth.com,https://filth.com,Digital Chain Ventures SRL,ALSI-202509004-FI1,2025-09-16,2026-09-15,no,https://filth.com/contact,,not contacted,,
Ilkbahis,ilkbahis.com,https://ilkbahis.com,Eagle Nobility LTD,ALSI-202509017-FI1,2025-09-16,2026-09-15,no,https://ilkbahis.com/contact,,not contacted,,
Grbets,grbets.com,https://grbets.com,Eagle Nobility LTD,ALSI-202509017-FI1,2025-09-16,2026-09-15,no,https://grbets.com/contact,,not contacted,,
Acarbet,acarbet.com,https://acarbet.com,Eagle Nobility LTD,ALSI-202509017-FI1,2025-09-16,2026-09-15,no,https://acarbet.com/contact,,not contacted,,
God55,god55.host,https://god55.host,Empire Holdings Ltd,ALSI-202509037-FI1,2025-09-16,2026-09-15,no,https://god55.host/contact,,not contacted,,
God55,god55.llc,https://god55.llc,Empire Holdings Ltd,ALSI-202509037-FI1,2025-09-16,2026-09-15,no,https://god55.llc/contact,,not contacted,,
God55,god55.pro,https://god55.pro,Empire Holdings Ltd,ALSI-202509037-FI1,2025-09-16,2026-09-15,no,https://god55.pro/contact,,not contacted,,
God55,god55.ai,https://god55.ai,Empire Holdings Ltd,ALSI-202509037-FI1,2025-09-16,2026-09-15,no,https://god55.ai/contact,,not contacted,,
God55,god55.network,https://god55.network,Empire Holdings Ltd,ALSI-202509037-FI1,2025-09-16,2026-09-15,no,https://god55.network/contact,,not contacted,,
Gameside,gameside.io,https://gameside.io,Final Whistle Ltd,ALSI-202509022-FI1,2025-09-16,2026-09-15,no,https://gameside.io/contact,,not contacted,,
Cryptolordcasino,cryptolordcasino.com,https://cryptolordcasino.com,Fortaluna Ltd,ALSI-202509045-FI1,2025-09-16,2026-09-15,no,https://cryptolordcasino.com/contact,,not contacted,,
Slots,slots.tube,https://slots.tube,Fortaluna Ltd,ALSI-202509045-FI1,2025-09-16,2026-09-15,no,https://slots.tube/contact,,not contacted,,
Dadastake,dadastake.com,https://dadastake.com,Fortaluna Ltd,ALSI-202509045-FI1,2025-09-16,2026-09-15,no,https://dadastake.com/contact,,not contacted,,
Twixos,twixos.com,https://twixos.com,Global Score Ltd,ALSI-202509002-FI1,2025-09-16,2026-09-15,no,https://twixos.com/contact,,not contacted,,
Vexlbet,vexlbet.com,https://vexlbet.com,Global Score Ltd,ALSI-202509002-FI1,2025-09-16,2026-09-15,no,https://vexlbet.com/contact,,not contacted,,
Anubet,anubet.com,https://anubet.com,Hexiro Ltd,ALSI-202509043-FI1,2025-09-16,2026-09-15,no,https://anubet.com/contact,,not contacted,,
Betphoenix,betphoenix.ag,https://betphoenix.ag,International Radical Investment Ltd,ALSI-202509042-FI1,2025-09-16,2027-09-15,no,https://betphoenix.ag/contact,,not contacted,,
Bogartcasino,bogartcasino.ag,https://bogartcasino.ag,International Radical Investment Ltd,ALSI-202509042-FI1,2025-09-16,2027-09-15,no,https://bogartcasino.ag/contact,,not contacted,,
Skybook,skybook.ag,https://skybook.ag,International Radical Investment Ltd,ALSI-202509042-FI1,2025-09-16,2027-09-15,no,https://skybook.ag/contact,,not contacted,,
Betmania,betmania.ag,https://betmania.ag,International Radical Investment Ltd,ALSI-202509042-FI1,2025-09-16,2027-09-15,no,https://betmania.ag/contact,,not contacted,,
Snatch,snatch.io,https://snatch.io,Jackpot Junction Limited,ALSI-202509011-FI1,2025-09-16,2026-09-15,no,https://snatch.io/contact,,not contacted,,
Wildroll,wildroll.com,https://wildroll.com,Jackpot Junction Limited,ALSI-202509011-FI1,2025-09-16,2026-09-15,no,https://wildroll.com/contact,,not contacted,,
Loonieplay,loonieplay.com,https://loonieplay.com,Kingside Push Ltd,ALSI-202509025-FI1,2025-09-16,2026-09-15,no,https://loonieplay.com/contact,,not contacted,,
Altaris,altaris.casino,https://altaris.casino,Mirella Ltd,ALSI-202509009-FI1,2025-09-16,2026-09-15,no,https://altaris.casino/contact,,not contacted,,
Sierra,sierra.casino,https://sierra.casino,Mirella Ltd,ALSI-202509009-FI1,2025-09-16,2026-09-15,no,https://sierra.casino/contact,,not contacted,,
Jokertipp,jokertipp.com,https://jokertipp.com,Mirella Ltd,ALSI-202509009-FI1,2025-09-16,2026-09-15,no,https://jokertipp.com/contact,,not contacted,,
Winbitcasino,winbitcasino.com,https://winbitcasino.com,MOONSEEKER SRL,ALSI-202509006-FI1,2025-09-16,2026-09-15,no,https://winbitcasino.com/contact,,not contacted,,
Horuscasino,horuscasino.com,https://horuscasino.com,MOONSEEKER SRL,ALSI-202509006-FI1,2025-09-16,2026-09-15,no,https://horuscasino.com/contact,,not contacted,,
Kryptosino,kryptosino.com,https://kryptosino.com,MOONSEEKER SRL,ALSI-202509006-FI1,2025-09-16,2026-09-15,no,https://kryptosino.com/contact,,not contacted,,
Depositwin,depositwin.com,https://depositwin.com,MOONSEEKER SRL,ALSI-202509006-FI1,2025-09-16,2026-09-15,no,https://depositwin.com/contact,,not contacted,,
Hazcasino,hazcasino.com,https://hazcasino.com,MOONSEEKER SRL,ALSI-202509006-FI1,2025-09-16,2026-09-15,no,https://hazcasino.com/contact,,not contacted,,
Stakeprix,stakeprix.com,https://stakeprix.com,MOONSEEKER SRL,ALSI-202509006-FI1,2025-09-16,2026-09-15,no,https://stakeprix.com/contact,,not contacted,,
Vegazcasino,vegazcasino.com,https://vegazcasino.com,MOONSEEKER SRL,ALSI-202509006-FI1,2025-09-16,2026-09-15,no,https://vegazcasino.com/contact,,not contacted,,
Mondcasino,mondcasino.com,https://mondcasino.com,MOONSEEKER SRL,ALSI-202509006-FI1,2025-09-16,2026-09-15,no,https://mondcasino.com/contact,,not contacted,,
Casinostars,casinostars.io,https://casinostars.io,MOONSEEKER SRL,ALSI-202509006-FI1,2025-09-16,2026-09-15,no,https://casinostars.io/contact,,not contacted,,
Betroom24,betroom24.com,https://betroom24.com,MOONSEEKER SRL,ALSI-202509006-FI1,2025-09-16,2026-09-15,no,https://betroom24.com/contact,,not contacted,,
Meritwin,meritwin.com,https://meritwin.com,Nowplatform Ltd.,ALSI-202509021-Fll,2025-09-16,2026-09-15,no,https://meritwin.com/contact,,not contacted,,
Yasalbahis,yasalbahis.com,https://yasalbahis.com,Nowplatform Ltd.,ALSI-202509021-Fll,2025-09-16,2026-09-15,no,https://yasalbahis.com/contact,,not contacted,,
Volacasino,volacasino.com,https://volacasino.com,Nowplatform Ltd.,ALSI-202509021-Fll,2025-09-16,2026-09-15,no,https://volacasino.com/contact,,not contacted,,
Haydicasino,haydicasino.com,https://haydicasino.com,Nowplatform Ltd.,ALSI-202509021-Fll,2025-09-16,2026-09-15,no,https://haydicasino.com/contact,,not contacted,,
Dustbit,dustbit.com,https://dustbit.com,Oxilium Limited,ALSI-202509012-FI1,2025-09-16,2026-09-15,no,https://dustbit.com/contact,,not contacted,,
Goldenclovercasino,goldenclovercasino.com,https://goldenclovercasino.com,PC Play365 Ltd,ALSI-202509016-FI1,2025-09-16,2026-09-15,no,https://goldenclovercasino.com/contact,,not contacted,,
Cric10play,cric10play.com,https://cric10play.com,Pixel Haven Limited,ALSI-202509027-FI1,2025-09-16,2026-09-15,no,https://cric10play.com/contact,,not contacted,,
Play10cric,play10cric.com,https://play10cric.com,Pixel Haven Limited,ALSI-202509027-FI1,2025-09-16,2026-09-15,no,https://play10cric.com/contact,,not contacted,,
10cricklive,10cricklive.com,https://10cricklive.com,Pixel Haven Limited,ALSI-202509027-FI1,2025-09-16,2026-09-15,no,https://10cricklive.com/contact,,not contacted,,
10cricwin,10cricwin.com,https://10cricwin.com,Pixel Haven Limited,ALSI-202509027-FI1,2025-09-16,2026-09-15,no,https://10cricwin.com/contact,,not contacted,,
Popbit,popbit.com,https://popbit.com,Popbit Ltd,ALSI-202509032-FI1,2025-09-16,2026-09-15,no,https://popbit.com/contact,,not contacted,,
7red,7red.com,https://7red.com,Red Ace Limited,ALSI-202509030-FI1,2025-09-16,2026-09-15,no,https://7red.com/contact,,not contacted,,
Solidplay,solidplay.pro,https://solidplay.pro,Solidplay Group Limitada,ALSI-202509039-FI1,2025-09-16,2026-09-15,no,https://solidplay.pro/contact,,not contacted,,
Luckyspy,luckyspy.com,https://luckyspy.com,Solidplay Group Limitada,ALSI-202509039-FI1,2025-09-16,2026-09-15,no,https://luckyspy.com/contact,,not contacted,,
Pulsarspins,pulsarspins.co,https://pulsarspins.co,Superlucky Group SRL,ALSI-202509010-FI1,2025-09-16,2026-09-15,no,https://pulsarspins.co/contact,,not contacted,,
Spassino,spassino.com,https://spassino.com,Total Unlimited Marketing Ltd,ALSI-202509001-FI1,2025-09-16,2026-09-15,no,https://spassino.com/contact,,not contacted,,
Funbahis,funbahis.com,https://funbahis.com,Total Unlimited Marketing Ltd,ALSI-202509001-FI1,2025-09-16,2026-09-15,no,https://funbahis.com/contact,,not contacted,,
Tumbet,tumbet.com,https://tumbet.com,Total Unlimited Marketing Ltd,ALSI-202509001-FI1,2025-09-16,2026-09-15,no,https://tumbet.com/contact,,not contacted,,
Utopian,utopian.bet,https://utopian.bet,Utopian Technology Ltd,ALSI-202509007-FI1,2025-09-16,2026-09-15,no,https://utopian.bet/contact,,not contacted,,
Utopian,utopian.casino,https://utopian.casino,Utopian Technology Ltd,ALSI-202509007-FI1,2025-09-16,2026-09-15,no,https://utopian.casino/contact,,not contacted,,
Winhud,winhud.com,https://winhud.com,Wildhud Ltd,ALSI-202509040-FI1,2025-09-16,2026-09-15,no,https://winhud.com/contact,,not contacted,,
Duffspin,duffspin.com,https://duffspin.com,Win Top Ltd,ALSI-202509029-FI1,2025-09-16,2026-09-15,no,https://duffspin.com/contact,,not contacted,,
Zombillion,zombillion.com,https://zombillion.com,Win Top Ltd,ALSI-202509029-FI1,2025-09-16,2026-09-15,no,https://zombillion.com/contact,,not contacted,,
Garrisonbet,garrisonbet.com,https://garrisonbet.com,Win Top Ltd,ALSI-202509029-FI1,2025-09-16,2026-09-15,no,https://garrisonbet.com/contact,,not contacted,,
Unlimluck,unlimluck.com,https://unlimluck.com,Win Top Ltd,ALSI-202509029-FI1,2025-09-16,2026-09-15,no,https://unlimluck.com/contact,,not contacted,,
Spinathlon,spinathlon.com,https://spinathlon.com,Win Top Ltd,ALSI-202509029-FI1,2025-09-16,2026-09-15,no,https://spinathlon.com/contact,,not contacted,,
Daytonaspin,daytonaspin.com,https://daytonaspin.com,Win Top Ltd,ALSI-202509029-FI1,2025-09-16,2026-09-15,no,https://daytonaspin.com/contact,,not contacted,,
Bananzia,bananzia.com,https://bananzia.com,Win Top Ltd,ALSI-202509029-FI1,2025-09-16,2026-09-15,no,https://bananzia.com/contact,,not contacted,,
Luckycrew,luckycrew.com,https://luckycrew.com,Win Top Ltd,ALSI-202509029-FI1,2025-09-16,2026-09-15,no,https://luckycrew.com/contact,,not contacted,,
Hahaspin,hahaspin.com,https://hahaspin.com,Win Top Ltd,ALSI-202509029-FI1,2025-09-16,2026-09-15,no,https://hahaspin.com/contact,,not contacted,,
Spinpolo,spinpolo.com,https://spinpolo.com,Win Top Ltd,ALSI-202509029-FI1,2025-09-16,2026-09-15,no,https://spinpolo.com/contact,,not contacted,,
Winwinter,winwinter.com,https://winwinter.com,Win Top Ltd,ALSI-202509029-FI1,2025-09-16,2026-09-15,no,https://winwinter.com/contact,,not contacted,,
Heavybet,heavybet.com,https://heavybet.com,Win Top Ltd,ALSI-202509029-FI1,2025-09-16,2026-09-15,no,https://heavybet.com/contact,,not contacted,,
Woolbet,woolbet.com,https://woolbet.com,Win Top Ltd,ALSI-202509029-FI1,2025-09-16,2026-09-15,no,https://woolbet.com/contact,,not contacted,,
Kentastic,kentastic.com,https://kentastic.com,Win Top Ltd,ALSI-202509029-FI1,2025-09-16,2026-09-15,no,https://kentastic.com/contact,,not contacted,,
Spinformula,spinformula.com,https://spinformula.com,Win Top Ltd,ALSI-202509029-FI1,2025-09-16,2026-09-15,no,https://spinformula.com/contact,,not contacted,,
Nightluck,nightluck.com,https://nightluck.com,Win Top Ltd,ALSI-202509029-FI1,2025-09-16,2026-09-15,no,https://nightluck.com/contact,,not contacted,,
Villaspin,villaspin.com,https://villaspin.com,Win Top Ltd,ALSI-202509029-FI1,2025-09-16,2026-09-15,no,https://villaspin.com/contact,,not contacted,,
Betmica,betmica.com,https://betmica.com,Win Top Ltd,ALSI-202509029-FI1,2025-09-16,2026-09-15,no,https://betmica.com/contact,,not contacted,,
Rarawin,rarawin.com,https://rarawin.com,Win Top Ltd,ALSI-202509029-FI1,2025-09-16,2026-09-15,no,https://rarawin.com/contact,,not contacted,,
Tweedbet,tweedbet.com,https://tweedbet.com,Win Top Ltd,ALSI-202509029-FI1,2025-09-16,2026-09-15,no,https://tweedbet.com/contact,,not contacted,,
Zenobet,zenobet.com,https://zenobet.com,Zenobet Ltd,ALSI-202509034-FI1,2025-09-16,2026-09-15,no,https://zenobet.com/contact,,not contacted,,
Zenobet,zenobet.gg,https://zenobet.gg,Zenobet Ltd,ALSI-202509034-FI1,2025-09-16,2026-09-15,no,https://zenobet.gg/contact,,not contacted,,
Duckdice,duckdice.io,https://duckdice.io,Zentari Limitada,ALSI-202509013-FI1,2025-09-16,2026-09-15,no,https://duckdice.io/contact,,not contacted,,
Tower,tower.bet,https://tower.bet,Zentari Limitada,ALSI-202509013-FI1,2025-09-16,2026-09-15,no,https://tower.bet/contact,,not contacted,,
Xypoker1,xypoker1.com,https://xypoker1.com,3-102-938312 SRL,ALSI-202509050-FI1,2025-09-12,2026-09-11,no,https://xypoker1.com/contact,,not contacted,,
Ezcash,ezcash.casino,https://ezcash.casino,EZCS Solutions Ltd,ALSI-202509047-FI1,2025-09-03,2026-09-02,no,https://ezcash.casino/contact,,not contacted,,
Flush,flush.com,https://flush.com,Fordegens Limitada,ALSI-202509008-FI1,2025-09-03,2026-09-02,no,https://flush.com/contact,,not contacted,,
Flamespins,flamespins.com,https://flamespins.com,Northwind Ventures Limited,ALSI-202509048-FI1,2025-09-03,2026-09-02,no,https://flamespins.com/contact,,not contacted,,
W11bet,w11bet.io,https://w11bet.io,3-102-936064 SRL,ALSI-202508044-FI2,2025-08-29,2026-08-28,no,https://w11bet.io/contact,,not contacted,,
W11,w11.io,https://w11.io,3-102-936064 SRL,ALSI-202508044-FI2,2025-08-29,2026-08-28,no,https://w11.io/contact,,not contacted,,
Vamoplay,vamoplay.com,https://vamoplay.com,3-102-938326 SRL,ALSI-202508062-FI2,2025-08-29,2026-08-28,no,https://vamoplay.com/contact,,not contacted,,
Funbet888,funbet888.me,https://funbet888.me,3-102-938581 Limitada,ALSI-202508066-FI2,2025-08-29,2026-08-28,no,https://funbet888.me/contact,,not contacted,,
Funbet,funbet.me,https://funbet.me,3-102-938581 Limitada,ALSI-202508066-FI2,2025-08-29,2026-08-28,no,https://funbet.me/contact,,not contacted,,
Greatslots,greatslots.com,https://greatslots.com,BrightSky Ltd,ALSI-202508057-FI2,2025-08-29,2026-08-28,no,https://greatslots.com/contact,,not contacted,,
Dexsport,dexsport.io,https://dexsport.io,Dexapp LTD,ALSI-202508043-FI2,2025-08-29,2026-08-28,no,https://dexsport.io/contact,,not contacted,,
Fatbets,fatbets.com,https://fatbets.com,Fatbets Ltd,ALSI-202508054-FI2,2025-08-29,2026-08-28,no,https://fatbets.com/contact,,not contacted,,
Acespinz,acespinz.com,https://acespinz.com,Flashpot Ltd,ALSI-202508053-FI2,2025-08-29,2026-08-28,no,https://acespinz.com/contact,,not contacted,,
Graalrealm,graalrealm.com,https://graalrealm.com,Flashpot Ltd,ALSI-202508053-FI2,2025-08-29,2026-08-28,no,https://graalrealm.com/contact,,not contacted,,
Slash,slash.bet,https://slash.bet,Flashpot Ltd,ALSI-202508053-FI2,2025-08-29,2026-08-28,no,https://slash.bet/contact,,not contacted,,
Betbeast,betbeast.com,https://betbeast.com,FunGame LLC,ALSI-202508063-FI2,2025-08-29,2026-08-28,no,https://betbeast.com/contact,,not contacted,,
Rivieracasino,rivieracasino.com,https://rivieracasino.com,FunGame LLC,ALSI-202508063-FI2,2025-08-29,2026-08-28,no,https://rivieracasino.com/contact,,not contacted,,
Spin,spin.io,https://spin.io,FunGame LLC,ALSI-202508063-FI2,2025-08-29,2026-08-28,no,https://spin.io/contact,,not contacted,,
Ace,ace.game,https://ace.game,Galaxy Byte Lab SRL,ALSI-202508040-FI2,2025-08-29,2026-08-28,no,https://ace.game/contact,,not contacted,,
Casinera,casinera.bet,https://casinera.bet,Galaxy Byte Lab SRL,ALSI-202508040-FI2,2025-08-29,2026-08-28,no,https://casinera.bet/contact,,not contacted,,
Maxwin,maxwin.today,https://maxwin.today,Galaxy Byte Lab SRL,ALSI-202508040-FI2,2025-08-29,2026-08-28,no,https://maxwin.today/contact,,not contacted,,
Tonplay,tonplay.com,https://tonplay.com,Galaxy Byte Lab SRL,ALSI-202508040-FI2,2025-08-29,2026-08-28,no,https://tonplay.com/contact,,not contacted,,
Winum,winum.casino,https://winum.casino,Galaxy Byte Lab SRL,ALSI-202508040-FI2,2025-08-29,2026-08-28,no,https://winum.casino/contact,,not contacted,,
Wintomic,wintomic.game,https://wintomic.game,Galaxy Byte Lab SRL,ALSI-202508040-FI2,2025-08-29,2026-08-28,no,https://wintomic.game/contact,,not contacted,,
Newline,newline.casino,https://newline.casino,Galaxy Byte Lab SRL,ALSI-202508040-FI2,2025-08-29,2026-08-28,no,https://newline.casino/contact,,not contacted,,
Wingram,wingram.com,https://wingram.com,Galaxy Byte Lab SRL,ALSI-202508040-FI2,2025-08-29,2026-08-28,no,https://wingram.com/contact,,not contacted,,
Bitgames,bitgames.com,https://bitgames.com,Galaxy Byte Lab SRL,ALSI-202508040-FI2,2025-08-29,2026-08-28,no,https://bitgames.com/contact,,not contacted,,
Godsgame,godsgame.casino,https://godsgame.casino,Galaxy Byte Lab SRL,ALSI-202508040-FI2,2025-08-29,2026-08-28,no,https://godsgame.casino/contact,,not contacted,,
Betmonks,betmonks.com,https://betmonks.com,Gamerly Holding Ltd,ALSI-202508059-FI2,2025-08-29,2026-08-28,no,https://betmonks.com/contact,,not contacted,,
Citobet,citobet.com,https://citobet.com,Gamerly Holding Ltd,ALSI-202508059-FI2,2025-08-29,2026-08-28,no,https://citobet.com/contact,,not contacted,,
Grizzly,grizzly.online,https://grizzly.online,GC Service Group Ltd,ALSI-202508052-FI2,2025-08-29,2026-08-28,no,https://grizzly.online/contact,,not contacted,,
Grizzly,grizzly.win,https://grizzly.win,GC Service Group Ltd,ALSI-202508052-FI2,2025-08-29,2026-08-28,no,https://grizzly.win/contact,,not contacted,,
Betbolt,betbolt.com,https://betbolt.com,Hi Steaks Entertainment Ltd,ALSI-202508042-FI2,2025-08-29,2026-08-28,no,https://betbolt.com/contact,,not contacted,,
Betbolt,betbolt.io,https://betbolt.io,Hi Steaks Entertainment Ltd,ALSI-202508042-FI2,2025-08-29,2026-08-28,no,https://betbolt.io/contact,,not contacted,,
Solpengu,solpengu.com,https://solpengu.com,Hoecherl Teich Digital Solutions Ltd,ALSI-202508041-FI2,2025-08-29,2026-08-28,no,https://solpengu.com/contact,,not contacted,,
Betanic,betanic.com,https://betanic.com,Kitsilano Limitada,ALSI-202508065-FI2,2025-08-29,2026-08-28,no,https://betanic.com/contact,,not contacted,,
Sportsduel,sportsduel.com,https://sportsduel.com,Kitsilano Limitada,ALSI-202508065-FI2,2025-08-29,2026-08-28,no,https://sportsduel.com/contact,,not contacted,,
Squadduel,squadduel.com,https://squadduel.com,Kitsilano Limitada,ALSI-202508065-FI2,2025-08-29,2026-08-28,no,https://squadduel.com/contact,,not contacted,,
Betvoy,betvoy.com,https://betvoy.com,Mistletoe Ltd,ALSI-202508061-FI2,2025-08-29,2026-08-28,no,https://betvoy.com/contact,,not contacted,,
Levabet,levabet.com,https://levabet.com,Mistletoe Ltd,ALSI-202508061-FI2,2025-08-29,2026-08-28,no,https://levabet.com/contact,,not contacted,,
Matixbet,matixbet.com,https://matixbet.com,Mistletoe Ltd,ALSI-202508061-FI2,2025-08-29,2026-08-28,no,https://matixbet.com/contact,,not contacted,,
Kuzeycasino,kuzeycasino.com,https://kuzeycasino.com,Mistletoe Ltd,ALSI-202508061-FI2,2025-08-29,2026-08-28,no,https://kuzeycasino.com/contact,,not contacted,,
Betpir,betpir.com,https://betpir.com,Mistletoe Ltd,ALSI-202508061-FI2,2025-08-29,2026-08-28,no,https://betpir.com/contact,,not contacted,,
Evetabi,evetabi.com,https://evetabi.com,Mistletoe Ltd,ALSI-202508061-FI2,2025-08-29,2026-08-28,no,https://evetabi.com/contact,,not contacted,,
Tucasino,tucasino.lat,https://tucasino.lat,Nova Code Limitada,ALSI-202508064-FI2,2025-08-29,2026-08-28,no,https://tucasino.lat/contact,,not contacted,,
Juegojoker,juegojoker.com,https://juegojoker.com,Nova Code Limitada,ALSI-202508064-FI2,2025-08-29,2026-08-28,no,https://juegojoker.com/contact,,not contacted,,
Partybet,partybet.ai,https://partybet.ai,On Read SRL,ALSI-202508060-FI2,2025-08-29,2026-08-28,no,https://partybet.ai/contact,,not contacted,,
Partybet,partybet.app,https://partybet.app,On Read SRL,ALSI-202508060-FI2,2025-08-29,2026-08-28,no,https://partybet.app/contact,,not contacted,,
Partybet,partybet.bot,https://partybet.bot,On Read SRL,ALSI-202508060-FI2,2025-08-29,2026-08-28,no,https://partybet.bot/contact,,not contacted,,
Partybet,partybet.casino,https://partybet.casino,On Read SRL,ALSI-202508060-FI2,2025-08-29,2026-08-28,no,https://partybet.casino/contact,,not contacted,,
Partybet,partybet.fun,https://partybet.fun,On Read SRL,ALSI-202508060-FI2,2025-08-29,2026-08-28,no,https://partybet.fun/contact,,not contacted,,
Partybet,partybet.social,https://partybet.social,On Read SRL,ALSI-202508060-FI2,2025-08-29,2026-08-28,no,https://partybet.social/contact,,not contacted,,
Partybet,partybet.win,https://partybet.win,On Read SRL,ALSI-202508060-FI2,2025-08-29,2026-08-28,no,https://partybet.win/contact,,not contacted,,
1xbetanj,1xbetanj.com,https://1xbetanj.com,PRAECUS LLC,ALSI-202508048-FI2,2025-08-29,2026-09-28,no,https://1xbetanj.com/contact,,not contacted,,
Questjack,questjack.com,https://questjack.com,QuestJack Ltd,ALSI-202508055-FI2,2025-08-29,2026-08-28,no,https://questjack.com/contact,,not contacted,,
Tibiablackjack,tibiablackjack.com,https://tibiablackjack.com,QuestJack Ltd,ALSI-202508055-FI2,2025-08-29,2026-08-28,no,https://tibiablackjack.com/contact,,not contacted,,
Tibiadice,tibiadice.com,https://tibiadice.com,QuestJack Ltd,ALSI-202508055-FI2,2025-08-29,2026-08-28,no,https://tibiadice.com/contact,,not contacted,,
Spinape,spinape.com,https://spinape.com,Spinape SRL,ALSI-202508058-FI2,2025-08-29,2026-08-28,no,https://spinape.com/contact,,not contacted,,
Spinxbet,spinxbet.com,https://spinxbet.com,Spinape SRL,ALSI-202508058-FI2,2025-08-29,2026-08-28,no,https://spinxbet.com/contact,,not contacted,,
Tippy,tippy.casino,https://tippy.casino,Extra Project Group Ltd.,ALSI-202508069-FI2,2025-08-27,2026-08-26,no,https://tippy.casino/contact,,not contacted,,
Zooma,zooma.casino,https://zooma.casino,Extra Project Group Ltd.,ALSI-202508069-FI2,2025-08-27,2026-08-26,no,https://zooma.casino/contact,,not contacted,,
Casino4u,casino4u.io,https://casino4u.io,Novatrix SRL,ALSI-202508056-FI2,2025-08-25,2026-08-24,no,https://casino4u.io/contact,,not contacted,,
Casinonic,casinonic.com,https://casinonic.com,Novatrix SRL,ALSI-202508056-FI2,2025-08-25,2026-08-24,no,https://casinonic.com/contact,,not contacted,,
Cobbercasino,cobbercasino.com,https://cobbercasino.com,Novatrix SRL,ALSI-202508056-FI2,2025-08-25,2026-08-24,no,https://cobbercasino.com/contact,,not contacted,,
Dundeeslots,dundeeslots.com,https://dundeeslots.com,Novatrix SRL,ALSI-202508056-FI2,2025-08-25,2026-08-24,no,https://dundeeslots.com/contact,,not contacted,,
Oshi,oshi.io,https://oshi.io,Novatrix SRL,ALSI-202508056-FI2,2025-08-25,2026-08-24,no,https://oshi.io/contact,,not contacted,,
Queenspins,queenspins.com,https://queenspins.com,Novatrix SRL,ALSI-202508056-FI2,2025-08-25,2026-08-24,no,https://queenspins.com/contact,,not contacted,,
Rickycasino,rickycasino.com,https://rickycasino.com,Novatrix SRL,ALSI-202508056-FI2,2025-08-25,2026-08-24,no,https://rickycasino.com/contact,,not contacted,,
Winz,winz.io,https://winz.io,Novatrix SRL,ALSI-202508056-FI2,2025-08-25,2026-08-24,no,https://winz.io/contact,,not contacted,,
Zoome,zoome.casino,https://zoome.casino,Novatrix SRL,ALSI-202508056-FI2,2025-08-25,2026-08-24,no,https://zoome.casino/contact,,not contacted,,
Crusino,crusino.com,https://crusino.com,Novatrix SRL,ALSI-202508056-FI2,2025-08-25,2026-08-24,no,https://crusino.com/contact,,not contacted,,
Slotozen,slotozen.com,https://slotozen.com,Novatrix SRL,ALSI-202508056-FI2,2025-08-25,2026-08-24,no,https://slotozen.com/contact,,not contacted,,
Wantedwin,wantedwin.com,https://wantedwin.com,Novatrix SRL,ALSI-202508056-FI2,2025-08-25,2026-08-24,no,https://wantedwin.com/contact,,not contacted,,
Jeetcity,jeetcity.com,https://jeetcity.com,Novatrix SRL,ALSI-202508056-FI2,2025-08-25,2026-08-24,no,https://jeetcity.com/contact,,not contacted,,
Luckywins,luckywins.com,https://luckywins.com,Novatrix SRL,ALSI-202508056-FI2,2025-08-25,2026-08-24,no,https://luckywins.com/contact,,not contacted,,
Trip2vip,trip2vip.com,https://trip2vip.com,Novatrix SRL,ALSI-202508056-FI2,2025-08-25,2026-08-24,no,https://trip2vip.com/contact,,not contacted,,
Axecasino,axecasino.com,https://axecasino.com,Novatrix SRL,ALSI-202508056-FI2,2025-08-25,2026-08-24,no,https://axecasino.com/contact,,not contacted,,
Goodmancasino,goodmancasino.com,https://goodmancasino.com,Novatrix SRL,ALSI-202508056-FI2,2025-08-25,2026-08-24,no,https://goodmancasino.com/contact,,not contacted,,
Ilucki,ilucki.com,https://ilucki.com,Novatrix SRL,ALSI-202508056-FI2,2025-08-25,2026-08-24,no,https://ilucki.com/contact,,not contacted,,
Playamo,playamo.com,https://playamo.com,Novatrix SRL,ALSI-202508056-FI2,2025-08-25,2026-08-24,no,https://playamo.com/contact,,not contacted,,
Raceupcasino,raceupcasino.com,https://raceupcasino.com,Novatrix SRL,ALSI-202508056-FI2,2025-08-25,2026-08-24,no,https://raceupcasino.com/contact,,not contacted,,
Tripscasino,tripscasino.com,https://tripscasino.com,Novatrix SRL,ALSI-202508056-FI2,2025-08-25,2026-08-24,no,https://tripscasino.com/contact,,not contacted,,
Bitkingz,bitkingz.com,https://bitkingz.com,Novatrix SRL,ALSI-202508056-FI2,2025-08-25,2026-08-24,no,https://bitkingz.com/contact,,not contacted,,
Cleopatracasino,cleopatracasino.com,https://cleopatracasino.com,Novatrix SRL,ALSI-202508056-FI2,2025-08-25,2026-08-24,no,https://cleopatracasino.com/contact,,not contacted,,
Cobracasino,cobracasino.com,https://cobracasino.com,Novatrix SRL,ALSI-202508056-FI2,2025-08-25,2026-08-24,no,https://cobracasino.com/contact,,not contacted,,
Fastpay Casino,fastpay-casino.com,https://fastpay-casino.com,Novatrix SRL,ALSI-202508056-FI2,2025-08-25,2026-08-24,no,https://fastpay-casino.com/contact,,not contacted,,
Goldenstar Casino,goldenstar-casino.com,https://goldenstar-casino.com,Novatrix SRL,ALSI-202508056-FI2,2025-08-25,2026-08-24,no,https://goldenstar-casino.com/contact,,not contacted,,
Levelupcasino,levelupcasino.com,https://levelupcasino.com,Novatrix SRL,ALSI-202508056-FI2,2025-08-25,2026-08-24,no,https://levelupcasino.com/contact,,not contacted,,
Luckystart,luckystart.com,https://luckystart.com,Novatrix SRL,ALSI-202508056-FI2,2025-08-25,2026-08-24,no,https://luckystart.com/contact,,not contacted,,
Olympia,olympia.casino,https://olympia.casino,Novatrix SRL,ALSI-202508056-FI2,2025-08-25,2026-08-24,no,https://olympia.casino/contact,,not contacted,,
Playfina,playfina.com,https://playfina.com,Novatrix SRL,ALSI-202508056-FI2,2025-08-25,2026-08-24,no,https://playfina.com/contact,,not contacted,,
Run4win,run4win.com,https://run4win.com,Novatrix SRL,ALSI-202508056-FI2,2025-08-25,2026-08-24,no,https://run4win.com/contact,,not contacted,,
Slotum,slotum.com,https://slotum.com,Novatrix SRL,ALSI-202508056-FI2,2025-08-25,2026-08-24,no,https://slotum.com/contact,,not contacted,,
Woocasino,woocasino.com,https://woocasino.com,Novatrix SRL,ALSI-202508056-FI2,2025-08-25,2026-08-24,no,https://woocasino.com/contact,,not contacted,,
Syndicate,syndicate.casino,https://syndicate.casino,Novatrix SRL,ALSI-202508056-FI2,2025-08-25,2026-08-24,no,https://syndicate.casino/contact,,not contacted,,
Casinochan,casinochan.com,https://casinochan.com,Novatrix SRL,ALSI-202508056-FI2,2025-08-25,2026-08-24,no,https://casinochan.com/contact,,not contacted,,
Slotvibe,slotvibe.com,https://slotvibe.com,Novatrix SRL,ALSI-202508056-FI2,2025-08-25,2026-08-24,no,https://slotvibe.com/contact,,not contacted,,
Wildtornado,wildtornado.casino,https://wildtornado.casino,Novatrix SRL,ALSI-202508056-FI2,2025-08-25,2026-08-24,no,https://wildtornado.casino/contact,,not contacted,,
Gunsbet,gunsbet.com,https://gunsbet.com,Novatrix SRL,ALSI-202508056-FI2,2025-08-25,2026-08-24,no,https://gunsbet.com/contact,,not contacted,,
Voodoo,voodoo.casino,https://voodoo.casino,Novatrix SRL,ALSI-202508056-FI2,2025-08-25,2026-08-24,no,https://voodoo.casino/contact,,not contacted,,
Spinfever,spinfever.com,https://spinfever.com,Novatrix SRL,ALSI-202508056-FI2,2025-08-25,2026-08-24,no,https://spinfever.com/contact,,not contacted,,
Theclubhousecasino,theclubhousecasino.com,https://theclubhousecasino.com,Novatrix SRL,ALSI-202508056-FI2,2025-08-25,2026-08-24,no,https://theclubhousecasino.com/contact,,not contacted,,
Fortuneplay,fortuneplay.com,https://fortuneplay.com,Novatrix SRL,ALSI-202508056-FI2,2025-08-25,2026-08-24,no,https://fortuneplay.com/contact,,not contacted,,
Betandplay,betandplay.com,https://betandplay.com,Novatrix SRL,ALSI-202508056-FI2,2025-08-25,2026-08-24,no,https://betandplay.com/contact,,not contacted,,
Luckycircus,luckycircus.com,https://luckycircus.com,Novatrix SRL,ALSI-202508056-FI2,2025-08-25,2026-08-24,no,https://luckycircus.com/contact,,not contacted,,
Jackpoty,jackpoty.com,https://jackpoty.com,Novatrix SRL,ALSI-202508056-FI2,2025-08-25,2026-08-24,no,https://jackpoty.com/contact,,not contacted,,
Rooli,rooli.com,https://rooli.com,Novatrix SRL,ALSI-202508056-FI2,2025-08-25,2026-08-24,no,https://rooli.com/contact,,not contacted,,
Rooster,rooster.bet,https://rooster.bet,Novatrix SRL,ALSI-202508056-FI2,2025-08-25,2026-08-24,no,https://rooster.bet/contact,,not contacted,,
24casino,24casino.com,https://24casino.com,Novatrix SRL,ALSI-202508056-FI2,2025-08-25,2026-08-24,no,https://24casino.com/contact,,not contacted,,
Spinsup,spinsup.com,https://spinsup.com,Novatrix SRL,ALSI-202508056-FI2,2025-08-25,2026-08-24,no,https://spinsup.com/contact,,not contacted,,
Korucasino,korucasino.com,https://korucasino.com,Novatrix SRL,ALSI-202508056-FI2,2025-08-25,2026-08-24,no,https://korucasino.com/contact,,not contacted,,
Winawin,winawin.com,https://winawin.com,Novatrix SRL,ALSI-202508056-FI2,2025-08-25,2026-08-24,no,https://winawin.com/contact,,not contacted,,
Dazard,dazard.com,https://dazard.com,Novatrix SRL,ALSI-202508056-FI2,2025-08-25,2026-08-24,no,https://dazard.com/contact,,not contacted,,
Spinago,spinago.com,https://spinago.com,Novatrix SRL,ALSI-202508056-FI2,2025-08-25,2026-08-24,no,https://spinago.com/contact,,not contacted,,
Spinsamurai,spinsamurai.com,https://spinsamurai.com,Novatrix SRL,ALSI-202508056-FI2,2025-08-25,2026-08-24,no,https://spinsamurai.com/contact,,not contacted,,
21bit,21bit.com,https://21bit.com,Novatrix SRL,ALSI-202508056-FI2,2025-08-25,2026-08-24,no,https://21bit.com/contact,,not contacted,,
Dailyspins,dailyspins.com,https://dailyspins.com,Novatrix SRL,ALSI-202508056-FI2,2025-08-25,2026-08-24,no,https://dailyspins.com/contact,,not contacted,,
Getslots,getslots.com,https://getslots.com,Novatrix SRL,ALSI-202508056-FI2,2025-08-25,2026-08-24,no,https://getslots.com/contact,,not contacted,,
Moonwin,moonwin.com,https://moonwin.com,Novatrix SRL,ALSI-202508056-FI2,2025-08-25,2026-08-24,no,https://moonwin.com/contact,,not contacted,,
Betibet,betibet.com,https://betibet.com,Novatrix SRL,ALSI-202508056-FI2,2025-08-25,2026-08-24,no,https://betibet.com/contact,,not contacted,,
Kingbillycasino,kingbillycasino.com,https://kingbillycasino.com,Novatrix SRL,ALSI-202508056-FI2,2025-08-25,2026-08-24,no,https://kingbillycasino.com/contact,,not contacted,,
Wincrown,wincrown.com,https://wincrown.com,Novatrix SRL,ALSI-202508056-FI2,2025-08-25,2026-08-24,no,https://wincrown.com/contact,,not contacted,,
Betprimeiro,betprimeiro.com,https://betprimeiro.com,Novatrix SRL,ALSI-202508056-FI2,2025-08-25,2026-08-24,no,https://betprimeiro.com/contact,,not contacted,,
Rubyreels,rubyreels.com,https://rubyreels.com,Novatrix SRL,ALSI-202508056-FI2,2025-08-25,2026-08-24,no,https://rubyreels.com/contact,,not contacted,,
Faircrown,faircrown.com,https://faircrown.com,Novatrix SRL,ALSI-202508056-FI2,2025-08-25,2026-08-24,no,https://faircrown.com/contact,,not contacted,,
Spinaconda,spinaconda.com,https://spinaconda.com,Novatrix SRL,ALSI-202508056-FI2,2025-08-25,2026-08-24,no,https://spinaconda.com/contact,,not contacted,,
24magic,24magic.com,https://24magic.com,Novatrix SRL,ALSI-202508056-FI2,2025-08-25,2026-08-24,no,https://24magic.com/contact,,not contacted,,
Crownpokies,crownpokies.com,https://crownpokies.com,Novatrix SRL,ALSI-202508056-FI2,2025-08-25,2026-08-24,no,https://crownpokies.com/contact,,not contacted,,
Reelson,reelson.com,https://reelson.com,Novatrix SRL,ALSI-202508056-FI2,2025-08-25,2026-08-24,no,https://reelson.com/contact,,not contacted,,
Goldencoast,goldencoast.biz,https://goldencoast.biz,Golden Coast Tech LLC,ALSI-202508027-FI1,2025-08-22,2026-08-21,no,https://goldencoast.biz/contact,,not contacted,,
Casacasino,casacasino.io,https://casacasino.io,Casa Gaming Ltd,ALSI-202508072-FI2,2025-08-21,2026-08-20,no,https://casacasino.io/contact,,not contacted,,
80bet,80bet.com,https://80bet.com,88gaming B.V.,ALSI-202508037-FI1,2025-08-20,2026-08-19,no,https://80bet.com/contact,,not contacted,,
Bet16,bet16.com,https://bet16.com,88gaming B.V.,ALSI-202508037-FI1,2025-08-20,2026-08-19,no,https://bet16.com/contact,,not contacted,,
Betwiz,betwiz.co,https://betwiz.co,88gaming B.V.,ALSI-202508037-FI1,2025-08-20,2026-08-19,no,https://betwiz.co/contact,,not contacted,,
Euro88kor,euro88kor.com,https://euro88kor.com,88gaming B.V.,ALSI-202508037-FI1,2025-08-20,2026-08-19,no,https://euro88kor.com/contact,,not contacted,,
Kbo,kbo.bet,https://kbo.bet,88gaming B.V.,ALSI-202508037-FI1,2025-08-20,2026-08-19,no,https://kbo.bet/contact,,not contacted,,
Betfine24,betfine24.com,https://betfine24.com,Experience Group Inc,ALSI-202508049-FI2,2025-08-19,2026-08-18,no,https://betfine24.com/contact,,not contacted,,
Rivox,rivox.gg,https://rivox.gg,Steadybase Inc,ALSI-202508067-FI2,2025-08-19,2026-08-18,no,https://rivox.gg/contact,,not contacted,,
Predictnite,predictnite.com,https://predictnite.com,Steadybase Inc,ALSI-202508067-FI2,2025-08-19,2026-08-18,no,https://predictnite.com/contact,,not contacted,,
Driftspin,driftspin.io,https://driftspin.io,Sorta Group Limitada,ALSI-202508047-FI2,2025-08-18,2026-08-17,no,https://driftspin.io/contact,,not contacted,,
Fairspin,fairspin.buzz,https://fairspin.buzz,Sorta Group Limitada,ALSI-202508047-FI2,2025-08-18,2026-08-17,no,https://fairspin.buzz/contact,,not contacted,,
Weiss,weiss.deal,https://weiss.deal,Sorta Group Limitada,ALSI-202508047-FI2,2025-08-18,2026-08-17,no,https://weiss.deal/contact,,not contacted,,
Vemabet,vemabet.com,https://vemabet.com,Sorta Group Limitada,ALSI-202508047-FI2,2025-08-18,2026-08-17,no,https://vemabet.com/contact,,not contacted,,
Weiss,weiss.bet,https://weiss.bet,Sorta Group Limitada,ALSI-202508047-FI2,2025-08-18,2026-08-17,no,https://weiss.bet/contact,,not contacted,,
Fairspin,fairspin.io,https://fairspin.io,Sorta Group Limitada,ALSI-202508047-FI2,2025-08-18,2026-08-17,no,https://fairspin.io/contact,,not contacted,,
Wageon,wageon.io,https://wageon.io,Sorta Group Limitada,ALSI-202508047-FI2,2025-08-18,2026-08-17,no,https://wageon.io/contact,,not contacted,,
Betico,betico.io,https://betico.io,Sorta Group Limitada,ALSI-202508047-FI2,2025-08-18,2026-08-17,no,https://betico.io/contact,,not contacted,,
Akibawin,akibawin.io,https://akibawin.io,Sorta Group Limitada,ALSI-202508047-FI2,2025-08-18,2026-08-17,no,https://akibawin.io/contact,,not contacted,,
Spinzz88sg,spinzz88sg.com,https://spinzz88sg.com,3-102-937026 Limitada,ALSI-202508015-FI1,2025-08-15,2026-08-14,no,https://spinzz88sg.com/contact,,not contacted,,
Spinzz88,spinzz88.com,https://spinzz88.com,3-102-937026 Limitada,ALSI-202508015-FI1,2025-08-15,2026-08-14,no,https://spinzz88.com/contact,,not contacted,,
Loot,loot.run,https://loot.run,Blackhole Limitada,ALSI-202508014-FI1,2025-08-15,2026-08-14,no,https://loot.run/contact,,not contacted,,
Girobet,girobet.vip,https://girobet.vip,Hyperion Holdings Ltd,ALSI-202508002-FI1,2025-08-15,2026-08-14,no,https://girobet.vip/contact,,not contacted,,
Bombay,bombay.vip,https://bombay.vip,3-102-936594 SRL,ALSI-202508023-FI1,2025-08-13,2026-08-12,no,https://bombay.vip/contact,,not contacted,,
Dep,dep.casino,https://dep.casino,3-102-937162 SRL,ALSI-202508033-FI1,2025-08-13,2027-08-12,no,https://dep.casino/contact,,not contacted,,
Casiyou,casiyou.com,https://casiyou.com,Celestial Holdings LTD,ALSI-202508031-FI1,2025-08-13,2026-08-12,no,https://casiyou.com/contact,,not contacted,,
Jokerreelz,jokerreelz.com,https://jokerreelz.com,Celestial Holdings LTD,ALSI-202508031-FI1,2025-08-13,2026-08-12,no,https://jokerreelz.com/contact,,not contacted,,
Privecity,privecity.com,https://privecity.com,Celestial Holdings LTD,ALSI-202508031-FI1,2025-08-13,2026-08-12,no,https://privecity.com/contact,,not contacted,,
Reelroger,reelroger.com,https://reelroger.com,Celestial Holdings LTD,ALSI-202508031-FI1,2025-08-13,2026-08-12,no,https://reelroger.com/contact,,not contacted,,
Spin Ace,spin-ace.com,https://spin-ace.com,Celestial Holdings LTD,ALSI-202508031-FI1,2025-08-13,2026-08-12,no,https://spin-ace.com/contact,,not contacted,,
Vegasreelz,vegasreelz.com,https://vegasreelz.com,Celestial Holdings LTD,ALSI-202508031-FI1,2025-08-13,2026-08-12,no,https://vegasreelz.com/contact,,not contacted,,
Wild Jokers,wild-jokers.com,https://wild-jokers.com,Celestial Holdings LTD,ALSI-202508031-FI1,2025-08-13,2026-08-12,no,https://wild-jokers.com/contact,,not contacted,,
Aces Wild,aces-wild.com,https://aces-wild.com,Celestial Holdings LTD,ALSI-202508031-FI1,2025-08-13,2026-08-12,no,https://aces-wild.com/contact,,not contacted,,
Jackpot Town,jackpot-town.com,https://jackpot-town.com,Celestial Holdings LTD,ALSI-202508031-FI1,2025-08-13,2026-08-12,no,https://jackpot-town.com/contact,,not contacted,,
Triplejoker,triplejoker.com,https://triplejoker.com,Celestial Holdings LTD,ALSI-202508031-FI1,2025-08-13,2026-08-12,no,https://triplejoker.com/contact,,not contacted,,
Indi365,indi365.com,https://indi365.com,DNA Tech Solutions Ltd,ALSI-202508026-FI1,2025-08-13,2026-08-12,no,https://indi365.com/contact,,not contacted,,
Betmaan,betmaan.com,https://betmaan.com,DNA Tech Solutions Ltd,ALSI-202508026-FI1,2025-08-13,2026-08-12,no,https://betmaan.com/contact,,not contacted,,
50bet,50bet.net,https://50bet.net,Fiftybet Limitada,ALSI-202508021-FI1,2025-08-13,2026-08-12,no,https://50bet.net/contact,,not contacted,,
Partyspinz,partyspinz.com,https://partyspinz.com,Internovas Limited,ALSI-202508029-FI1,2025-08-13,2026-08-12,no,https://partyspinz.com/contact,,not contacted,,
Spinshouse,spinshouse.com,https://spinshouse.com,Internovas Limited,ALSI-202508029-FI1,2025-08-13,2026-08-12,no,https://spinshouse.com/contact,,not contacted,,
Allwinscasino,allwinscasino.com,https://allwinscasino.com,Internovas Limited,ALSI-202508029-FI1,2025-08-13,2026-08-12,no,https://allwinscasino.com/contact,,not contacted,,
Lordofspins,lordofspins.com,https://lordofspins.com,Internovas Limited,ALSI-202508029-FI1,2025-08-13,2026-08-12,no,https://lordofspins.com/contact,,not contacted,,
Casinonapoli,casinonapoli.com,https://casinonapoli.com,Internovas Limited,ALSI-202508029-FI1,2025-08-13,2026-08-12,no,https://casinonapoli.com/contact,,not contacted,,
Koalabet,koalabet.io,https://koalabet.io,Koala Global Ltd,ALSI-202508036-FI1,2025-08-13,2026-08-12,no,https://koalabet.io/contact,,not contacted,,
Donpapabet,donpapabet.com,https://donpapabet.com,Lbsoftwaredep Limitada,ALSI-202508035-FI1,2025-08-13,2026-08-12,no,https://donpapabet.com/contact,,not contacted,,
Luckygem,luckygem.net,https://luckygem.net,Lucky Gem Limited,ALSI-202508020-FI1,2025-08-13,2026-08-12,no,https://luckygem.net/contact,,not contacted,,
Luckygem,luckygem.online,https://luckygem.online,Lucky Gem Limited,ALSI-202508020-FI1,2025-08-13,2026-08-12,no,https://luckygem.online/contact,,not contacted,,
4wilds,4wilds.com,https://4wilds.com,Luminous Limited,ALSI-202508030-FI1,2025-08-13,2026-08-12,no,https://4wilds.com/contact,,not contacted,,
Aztecspinz,aztecspinz.com,https://aztecspinz.com,Luminous Limited,ALSI-202508030-FI1,2025-08-13,2026-08-12,no,https://aztecspinz.com/contact,,not contacted,,
Reelsofriches,reelsofriches.com,https://reelsofriches.com,Luminous Limited,ALSI-202508030-FI1,2025-08-13,2026-08-12,no,https://reelsofriches.com/contact,,not contacted,,
Mahjong365,mahjong365.com,https://mahjong365.com,MJ Solutions Limited,ALSI-202508032-FI1,2025-08-13,2026-08-12,no,https://mahjong365.com/contact,,not contacted,,
Panalobet,panalobet.com.ph,https://panalobet.com.ph,PB Group Holding Limitada,ALSI-202508017-FI1,2025-08-13,2026-08-12,no,https://panalobet.com.ph/contact,,not contacted,,
Pbc88,pbc88.com,https://pbc88.com,PB Group Holding Limitada,ALSI-202508017-FI1,2025-08-13,2026-08-12,no,https://pbc88.com/contact,,not contacted,,
Pbv88,pbv88.com,https://pbv88.com,PB Group Holding Limitada,ALSI-202508017-FI1,2025-08-13,2026-08-12,no,https://pbv88.com/contact,,not contacted,,
Bucksbet,bucksbet.io,https://bucksbet.io,Shine Interactive Ltd,ALSI-202508019-FI1,2025-08-13,2026-08-12,no,https://bucksbet.io/contact,,not contacted,,
Runacasino,runacasino.io,https://runacasino.io,Shine Interactive Ltd,ALSI-202508019-FI1,2025-08-13,2026-08-12,no,https://runacasino.io/contact,,not contacted,,
Moneycloud,moneycloud.vip,https://moneycloud.vip,SSG Limited,ALSI-202508034-FI1,2025-08-13,2026-08-12,no,https://moneycloud.vip/contact,,not contacted,,
Royalcasino,royalcasino.vip,https://royalcasino.vip,SSG Limited,ALSI-202508034-FI1,2025-08-13,2026-08-12,no,https://royalcasino.vip/contact,,not contacted,,
Ggpuke,ggpuke.com,https://ggpuke.com,Tebmas SRL,ALSI-202508024-FI1,2025-08-13,2026-08-12,no,https://ggpuke.com/contact,,not contacted,,
Betarco,betarco.com,https://betarco.com,Tech Elements Holdings Ltd,ALSI-202508028-FI1,2025-08-13,2026-08-12,no,https://betarco.com/contact,,not contacted,,
Hazirbet,hazirbet.com,https://hazirbet.com,Tomarillo Limitada,ALSI-202508025-FI1,2025-08-13,2026-08-12,no,https://hazirbet.com/contact,,not contacted,,
88682,88682.com,https://88682.com,Trusync Limited,ALSI-202508006-FI1,2025-08-13,2026-08-12,no,https://88682.com/contact,,not contacted,,
88684,88684.com,https://88684.com,Trusync Limited,ALSI-202508006-FI1,2025-08-13,2026-08-12,no,https://88684.com/contact,,not contacted,,
Dinamobet,dinamobet.com,https://dinamobet.com,DK Entertainmentd Ltd,ALSI-202508010-FI1,2025-08-12,2026-08-11,no,https://dinamobet.com/contact,,not contacted,,
Privebet,privebet.com,https://privebet.com,DK Entertainmentd Ltd,ALSI-202508010-FI1,2025-08-12,2026-08-11,no,https://privebet.com/contact,,not contacted,,
Winypto,winypto.com,https://winypto.com,DK Entertainmentd Ltd,ALSI-202508010-FI1,2025-08-12,2026-08-11,no,https://winypto.com/contact,,not contacted,,
Babsysbingo,babsysbingo.com,https://babsysbingo.com,Innovus N.V.,ALSI-202505040-FI2,2025-08-12,2026-08-11,no,https://babsysbingo.com/contact,,not contacted,,
Bensbingo,bensbingo.com,https://bensbingo.com,Innovus N.V.,ALSI-202505040-FI2,2025-08-12,2026-08-11,no,https://bensbingo.com/contact,,not contacted,,
Relaxbingo,relaxbingo.com,https://relaxbingo.com,Innovus N.V.,ALSI-202505040-FI2,2025-08-12,2026-08-11,no,https://relaxbingo.com/contact,,not contacted,,
Stellabingo,stellabingo.com,https://stellabingo.com,Innovus N.V.,ALSI-202505040-FI2,2025-08-12,2026-08-11,no,https://stellabingo.com/contact,,not contacted,,
Utopiabingo,utopiabingo.com,https://utopiabingo.com,Innovus N.V.,ALSI-202505040-FI2,2025-08-12,2026-08-11,no,https://utopiabingo.com/contact,,not contacted,,
Zoobingo,zoobingo.com,https://zoobingo.com,Innovus N.V.,ALSI-202505040-FI2,2025-08-12,2026-08-11,no,https://zoobingo.com/contact,,not contacted,,
Mangobet,mangobet.io,https://mangobet.io,Isla Verde Ltd,ALSI-202508012-FI1,2025-08-12,2026-08-11,no,https://mangobet.io/contact,,not contacted,,
26q,26q.com,https://26q.com,Panda Prince Ltd,ALSI-202508013-FI1,2025-08-12,2026-08-11,no,https://26q.com/contact,,not contacted,,
27n,27n.com,https://27n.com,Panda Prince Ltd,ALSI-202508013-FI1,2025-08-12,2026-08-11,no,https://27n.com/contact,,not contacted,,
28h,28h.com,https://28h.com,Panda Prince Ltd,ALSI-202508013-FI1,2025-08-12,2026-08-11,no,https://28h.com/contact,,not contacted,,
28j,28j.com,https://28j.com,Panda Prince Ltd,ALSI-202508013-FI1,2025-08-12,2026-08-11,no,https://28j.com/contact,,not contacted,,
67j,67j.com,https://67j.com,Panda Prince Ltd,ALSI-202508013-FI1,2025-08-12,2026-08-11,no,https://67j.com/contact,,not contacted,,
Bet2bit,bet2bit.io,https://bet2bit.io,Softscape Ltd,ALSI-202508009-FI1,2025-08-12,2026-08-11,no,https://bet2bit.io/contact,,not contacted,,
Playgurus,playgurus.com,https://playgurus.com,Wildwin Ltd,ALSI-202508011-FI1,2025-08-12,2027-08-11,no,https://playgurus.com/contact,,not contacted,,
Largobet,largobet.bet,https://largobet.bet,Zembretta Island LLC,ALSI-202508005-FI1,2025-08-11,2026-08-10,no,https://largobet.bet/contact,,not contacted,,
Elf Bet,elf-bet.casino,https://elf-bet.casino,Lucky Lion Limited,ALSI-202508007-FI1,2025-08-06,2026-08-05,no,https://elf-bet.casino/contact,,not contacted,,
Bethype,bethype.com,https://bethype.com,Pointing Bird Limitada,ALSI-202508008-FI1,2025-08-06,2026-08-05,no,https://bethype.com/contact,,not contacted,,
Miltoncasino,miltoncasino.com,https://miltoncasino.com,Milton Casino Ltd,ALSI-202508018-FI1,2025-08-05,2026-08-04,no,https://miltoncasino.com/contact,,not contacted,,
Fpc Mob,fpc-mob.com,https://fpc-mob.com,"Zhong Guang Xing Yun Network Technology Co., Ltd.",ALSI-202508001-FI1,2025-08-01,2026-07-31,no,https://fpc-mob.com/contact,,not contacted,,
Riobet,riobet.com,https://riobet.com,Finovate Limited,ALSI-202507034-FI2,2025-07-31,2027-07-30,no,https://riobet.com/contact,,not contacted,,
Thevsbet,thevsbet.vip,https://thevsbet.vip,InnovateX Limited,ALSI-202507022-FI2,2025-07-31,2026-07-30,no,https://thevsbet.vip/contact,,not contacted,,
Lotosport,lotosport.pro,https://lotosport.pro,Lotosport Software Limitada,ALSI-202507040-FI2,2025-07-31,2027-07-30,no,https://lotosport.pro/contact,,not contacted,,
Lotosport,lotosport.one,https://lotosport.one,Lotosport Software Limitada,ALSI-202507040-FI2,2025-07-31,2027-07-30,no,https://lotosport.one/contact,,not contacted,,
Betroyal,betroyal.casino,https://betroyal.casino,Nikron Prime Limitada,ALSI-202507030-FI2,2025-07-31,2026-07-30,no,https://betroyal.casino/contact,,not contacted,,
321cryptocasino,321cryptocasino.com,https://321cryptocasino.com,Rok N Rolla Systems Ltd,ALSI-202507023-FI2,2025-07-31,2026-07-30,no,https://321cryptocasino.com/contact,,not contacted,,
Rocknrollacasino,rocknrollacasino.com,https://rocknrollacasino.com,Rok N Rolla Systems Ltd,ALSI-202507023-FI2,2025-07-31,2026-07-30,no,https://rocknrollacasino.com/contact,,not contacted,,
Bet6686,bet6686.vip,https://bet6686.vip,Ocean Crest Limited,ALSI-202506034-FI2,2025-07-30,2026-06-29,no,https://bet6686.vip/contact,,not contacted,,
Jackson,jackson.io,https://jackson.io,Jackson.io Limited,ALSI-202507038-FI2,2025-07-29,2027-07-28,no,https://jackson.io/contact,,not contacted,,
Cazzygames,cazzygames.com,https://cazzygames.com,Novatrix Group Ltd,ALSI-202507037-FI2,2025-07-29,2027-07-28,no,https://cazzygames.com/contact,,not contacted,,
Chipnscrypt,chipnscrypt.com,https://chipnscrypt.com,Bitfire Limitada,ALSI-202507036-FI2,2025-07-25,2026-07-24,no,https://chipnscrypt.com/contact,,not contacted,,
Mint,mint.io,https://mint.io,Sage Shark Limitada,ALSI-202507035-FI2,2025-07-23,2026-07-22,no,https://mint.io/contact,,not contacted,,
Zenbetting,zenbetting.com,https://zenbetting.com,Metaface Limited,ALSI-202507031-FI2,2025-07-22,2027-07-21,no,https://zenbetting.com/contact,,not contacted,,
Zencasino,zencasino.com,https://zencasino.com,Metaface Limited,ALSI-202507031-FI2,2025-07-22,2027-07-21,no,https://zencasino.com/contact,,not contacted,,
Kukimuki,kukimuki.com,https://kukimuki.com,Metaface Limited,ALSI-202507031-FI2,2025-07-22,2027-07-21,no,https://kukimuki.com/contact,,not contacted,,
Genbet,genbet.com,https://genbet.com,Aquarius Media Inc,ALSI-202507012-FI1,2025-07-17,2026-07-16,no,https://genbet.com/contact,,not contacted,,
Tigrabit,tigrabit.com,https://tigrabit.com,Jetstream Point Ltd,ALSI-202507013-FI1,2025-07-17,2026-07-16,no,https://tigrabit.com/contact,,not contacted,,
Roobet,roobet.com,https://roobet.com,Ultima Spins Ltd,ALSI-202507005,2025-07-17,2026-07-16,no,https://roobet.com/contact,,not contacted,,
Hispin,hispin.com,https://hispin.com,Silver Ocean Enterprises SRL,ALSI-202507016-FI1,2025-07-16,2026-07-15,no,https://hispin.com/contact,,not contacted,,
Gamepo,gamepo.com,https://gamepo.com,Trend Network Ltd,ALSI-202507033-FI2,2025-07-16,2027-07-15,no,https://gamepo.com/contact,,not contacted,,
Km777,km777.com,https://km777.com,Trend Network Ltd,ALSI-202507033-FI2,2025-07-16,2027-07-15,no,https://km777.com/contact,,not contacted,,
Fh88,fh88.com,https://fh88.com,Trend Network Ltd,ALSI-202507033-FI2,2025-07-16,2027-07-15,no,https://fh88.com/contact,,not contacted,,
Jacksclub,jacksclub.io,https://jacksclub.io,Spades Limitada,ALSI-202507028-FI2,2025-07-15,2026-07-14,no,https://jacksclub.io/contact,,not contacted,,
Geniusbet,geniusbet.com,https://geniusbet.com,Genius Development Limited,ALSI-202507009-FI1,2025-07-14,2027-07-13,no,https://geniusbet.com/contact,,not contacted,,
Betoonga,betoonga.com,https://betoonga.com,Leo Soft Ltd,ALSI-202507018-FI1,2025-07-14,2026-07-13,no,https://betoonga.com/contact,,not contacted,,
Cannonbet,cannonbet.com,https://cannonbet.com,Leo Soft Ltd,ALSI-202507018-FI1,2025-07-14,2026-07-13,no,https://cannonbet.com/contact,,not contacted,,
Babilonbet,babilonbet.com,https://babilonbet.com,Lionshire Marketing Ltd.,ALSI-202507019-FI1,2025-07-14,2027-07-13,no,https://babilonbet.com/contact,,not contacted,,
Bahisabi,bahisabi.com,https://bahisabi.com,Lionshire Marketing Ltd.,ALSI-202507019-FI1,2025-07-14,2027-07-13,no,https://bahisabi.com/contact,,not contacted,,
Benimbahis,benimbahis.com,https://benimbahis.com,Lionshire Marketing Ltd.,ALSI-202507019-FI1,2025-07-14,2027-07-13,no,https://benimbahis.com/contact,,not contacted,,
Bullbahis,bullbahis.com,https://bullbahis.com,Lionshire Marketing Ltd.,ALSI-202507019-FI1,2025-07-14,2027-07-13,no,https://bullbahis.com/contact,,not contacted,,
Esbet1,esbet1.com,https://esbet1.com,Lionshire Marketing Ltd.,ALSI-202507019-FI1,2025-07-14,2027-07-13,no,https://esbet1.com/contact,,not contacted,,
Arkincasino,arkincasino.com,https://arkincasino.com,Playgrid Ltd.,ALSI-202507021-FI1,2025-07-14,2027-07-13,no,https://arkincasino.com/contact,,not contacted,,
Mersobahis,mersobahis.com,https://mersobahis.com,Playgrid Ltd.,ALSI-202507021-FI1,2025-07-14,2027-07-13,no,https://mersobahis.com/contact,,not contacted,,
Alevbet,alevbet.com,https://alevbet.com,Playgrid Ltd.,ALSI-202507021-FI1,2025-07-14,2027-07-13,no,https://alevbet.com/contact,,not contacted,,
Qpbet,qpbet.com,https://qpbet.com,QP Group Ltd,ALSI-202507011-FI1,2025-07-14,2026-07-13,no,https://qpbet.com/contact,,not contacted,,
Nexapoker,nexapoker.com,https://nexapoker.com,Runstream Limitada,ALSI-202507027-FI2,2025-07-14,2026-07-13,no,https://nexapoker.com/contact,,not contacted,,
Risebet,risebet.com,https://risebet.com,Spinova Solutions Ltd.,ALSI-202507020-FI1,2025-07-14,2027-07-13,no,https://risebet.com/contact,,not contacted,,
Casinoperi,casinoperi.com,https://casinoperi.com,Spinova Solutions Ltd.,ALSI-202507020-FI1,2025-07-14,2027-07-13,no,https://casinoperi.com/contact,,not contacted,,
Huqqabahis,huqqabahis.com,https://huqqabahis.com,Spinova Solutions Ltd.,ALSI-202507020-FI1,2025-07-14,2027-07-13,no,https://huqqabahis.com/contact,,not contacted,,
Zuzubahis365,zuzubahis365.com,https://zuzubahis365.com,Spinova Solutions Ltd.,ALSI-202507020-FI1,2025-07-14,2027-07-13,no,https://zuzubahis365.com/contact,,not contacted,,
Guccibet,guccibet.com,https://guccibet.com,Spinova Solutions Ltd.,ALSI-202507020-FI1,2025-07-14,2027-07-13,no,https://guccibet.com/contact,,not contacted,,
Casibium,casibium.com,https://casibium.com,Spinova Solutions Ltd.,ALSI-202507020-FI1,2025-07-14,2027-07-13,no,https://casibium.com/contact,,not contacted,,
Seybet,seybet.com,https://seybet.com,Spinova Solutions Ltd.,ALSI-202507020-FI1,2025-07-14,2027-07-13,no,https://seybet.com/contact,,not contacted,,
Huqqabet0,huqqabet0.com,https://huqqabet0.com,Spinova Solutions Ltd.,ALSI-202507020-FI1,2025-07-14,2027-07-13,no,https://huqqabet0.com/contact,,not contacted,,
Amgbahis,amgbahis.com,https://amgbahis.com,Spinova Solutions Ltd.,ALSI-202507020-FI1,2025-07-14,2027-07-13,no,https://amgbahis.com/contact,,not contacted,,
Supernovasportsapps,supernovasportsapps.com,https://supernovasportsapps.com,Supernova Trading Ltd,ALSI-202507001-FI1,2025-07-14,2026-07-13,no,https://supernovasportsapps.com/contact,,not contacted,,
Supernovasports,supernovasports.com,https://supernovasports.com,Supernova Trading Ltd,ALSI-202507001-FI1,2025-07-14,2026-07-13,no,https://supernovasports.com/contact,,not contacted,,
Klub28,klub28.com,https://klub28.com,Tanoshi Inc.,ALSI-202507015-FI1,2025-07-14,2026-07-13,no,https://klub28.com/contact,,not contacted,,
Zessbet,zessbet.com,https://zessbet.com,Pravionics Limitada,ALSI-202507026-FI2,2025-07-12,2027-07-11,no,https://zessbet.com/contact,,not contacted,,
Vibesgaming,vibesgaming.net,https://vibesgaming.net,Sunwin Vibes Limitada,ALSI-202507006-FI1,2025-07-12,2027-07-11,no,https://vibesgaming.net/contact,,not contacted,,
Spinoloco,spinoloco.com,https://spinoloco.com,Reeva Limited,ALSI-202507007-FI1,2025-07-10,2027-07-09,no,https://spinoloco.com/contact,,not contacted,,
Ferraplay,ferraplay.com,https://ferraplay.com,Reeva Limited,ALSI-202507007-FI1,2025-07-10,2027-07-09,no,https://ferraplay.com/contact,,not contacted,,
Winbit,winbit.io,https://winbit.io,Reeva Limited,ALSI-202507007-FI1,2025-07-10,2027-07-09,no,https://winbit.io/contact,,not contacted,,
Rollerrush,rollerrush.com,https://rollerrush.com,Reeva Limited,ALSI-202507007-FI1,2025-07-10,2027-07-09,no,https://rollerrush.com/contact,,not contacted,,
Rollcasino,rollcasino.com,https://rollcasino.com,Reeva Limited,ALSI-202507007-FI1,2025-07-10,2027-07-09,no,https://rollcasino.com/contact,,not contacted,,
Juliebet,juliebet.com,https://juliebet.com,Reeva Limited,ALSI-202507007-FI1,2025-07-10,2027-07-09,no,https://juliebet.com/contact,,not contacted,,
Triunfobet,triunfobet.com,https://triunfobet.com,Oncebet Entertainment SRL,ALSI-202507024-FI2,2025-07-09,2027-07-08,no,https://triunfobet.com/contact,,not contacted,,
Elganador,elganador.com,https://elganador.com,Oncebet Entertainment SRL,ALSI-202507024-FI2,2025-07-09,2027-07-08,no,https://elganador.com/contact,,not contacted,,
Winchasing,winchasing.com,https://winchasing.com,Ascenda International SRL,ALSI-202507003-FI1,2025-07-06,2027-07-05,no,https://winchasing.com/contact,,not contacted,,
Mrbet,mrbet.club,https://mrbet.club,Ascenda International SRL,ALSI-202507003-FI1,2025-07-06,2027-07-05,no,https://mrbet.club/contact,,not contacted,,
Spin City,spin-city.bet,https://spin-city.bet,Ascenda International SRL,ALSI-202507003-FI1,2025-07-06,2027-07-05,no,https://spin-city.bet/contact,,not contacted,,
Mrwinz,mrwinz.com,https://mrwinz.com,Askorita Ltd.,ALSI-202506045-FI2,2025-06-30,2026-06-29,no,https://mrwinz.com/contact,,not contacted,,
Babylonbet,babylonbet.net,https://babylonbet.net,Bluewave Solutions Ltd,ALSI-202506042-FI2,2025-06-30,2027-06-29,no,https://babylonbet.net/contact,,not contacted,,
Betla,betla.br.com,https://betla.br.com,BSD Partners Ltd,ALSI-202506043-FI2,2025-06-30,2026-06-29,no,https://betla.br.com/contact,,not contacted,,
Spinvoyage,spinvoyage.com,https://spinvoyage.com,Clarity Castle SRL,ALSI-202506048-FI2,2025-06-30,2026-06-29,no,https://spinvoyage.com/contact,,not contacted,,
Weltbet,weltbet.com,https://weltbet.com,EME LLC,ALSI-202506051-FI2,2025-06-30,2027-06-29,no,https://weltbet.com/contact,,not contacted,,
Weltbet,weltbet.co,https://weltbet.co,EME LLC,ALSI-202506051-FI2,2025-06-30,2027-06-29,no,https://weltbet.co/contact,,not contacted,,
Cyprussportingclubs,cyprussportingclubs.com,https://cyprussportingclubs.com,Global Trading LTD,ALSI-202506040-FI2,2025-06-30,2026-06-29,no,https://cyprussportingclubs.com/contact,,not contacted,,
Csccasinos,csccasinos.com,https://csccasinos.com,Global Trading LTD,ALSI-202506040-FI2,2025-06-30,2026-06-29,no,https://csccasinos.com/contact,,not contacted,,
Oncasino 000,oncasino-000.com,https://oncasino-000.com,Kuku World Ltd,ALSI-202506049-FI2,2025-06-30,2026-06-29,no,https://oncasino-000.com/contact,,not contacted,,
Oncasino 999,oncasino-999.com,https://oncasino-999.com,Kuku World Ltd,ALSI-202506049-FI2,2025-06-30,2026-06-29,no,https://oncasino-999.com/contact,,not contacted,,
777betstar,777betstar.com,https://777betstar.com,Latam International Ltd,ALSI-202506046-FI2,2025-06-30,2027-06-29,no,https://777betstar.com/contact,,not contacted,,
Betbrazilia,betbrazilia.com,https://betbrazilia.com,Latam International Ltd,ALSI-202506046-FI2,2025-06-30,2027-06-29,no,https://betbrazilia.com/contact,,not contacted,,
Blazespins,blazespins.com,https://blazespins.com,One Touch Exch Co LTD,ALSI-202506039-FI2,2025-06-30,2027-06-29,no,https://blazespins.com/contact,,not contacted,,
Starzspins,starzspins.com,https://starzspins.com,One Touch Exch Co LTD,ALSI-202506039-FI2,2025-06-30,2027-06-29,no,https://starzspins.com/contact,,not contacted,,
Magicianbet,magicianbet.com,https://magicianbet.com,One Touch Exch Co LTD,ALSI-202506039-FI2,2025-06-30,2027-06-29,no,https://magicianbet.com/contact,,not contacted,,
Casinoandyou,casinoandyou.africa,https://casinoandyou.africa,Protomaster Limited,ALSI-202506037-FI2,2025-06-30,2027-06-29,no,https://casinoandyou.africa/contact,,not contacted,,
1bet,1bet.game,https://1bet.game,Shubin Technologies Inc.,ALSI-202506033-FI2,2025-06-30,2026-06-29,no,https://1bet.game/contact,,not contacted,,
2bet,2bet.game,https://2bet.game,Shubin Technologies Inc.,ALSI-202506033-FI2,2025-06-30,2026-06-29,no,https://2bet.game/contact,,not contacted,,
3bet,3bet.game,https://3bet.game,Shubin Technologies Inc.,ALSI-202506033-FI2,2025-06-30,2026-06-29,no,https://3bet.game/contact,,not contacted,,
Ardenteoro,ardenteoro.com,https://ardenteoro.com,Ultima Lab SRL,ALSI-202506038-FI2,2025-06-30,2027-06-29,no,https://ardenteoro.com/contact,,not contacted,,
Gj,gj.casino,https://gj.casino,Ultima Lab SRL,ALSI-202506038-FI2,2025-06-30,2027-06-29,no,https://gj.casino/contact,,not contacted,,
Metelitsacasino,metelitsacasino.com,https://metelitsacasino.com,Ultima Lab SRL,ALSI-202506038-FI2,2025-06-30,2027-06-29,no,https://metelitsacasino.com/contact,,not contacted,,
Onetapcasino,onetapcasino.com,https://onetapcasino.com,Ultima Lab SRL,ALSI-202506038-FI2,2025-06-30,2027-06-29,no,https://onetapcasino.com/contact,,not contacted,,
Betco24,betco24.com,https://betco24.com,Flank Solution Ltd,ALSI-202506050-FI2,2025-06-25,2027-06-24,no,https://betco24.com/contact,,not contacted,,
Amokcasino,amokcasino.io,https://amokcasino.io,Hundise Limited,ALSI-202506036-FI2,2025-06-25,2027-06-24,no,https://amokcasino.io/contact,,not contacted,,
Niftycasino,niftycasino.io,https://niftycasino.io,Hundise Limited,ALSI-202506036-FI2,2025-06-25,2027-06-24,no,https://niftycasino.io/contact,,not contacted,,
Slotable,slotable.io,https://slotable.io,Hundise Limited,ALSI-202506036-FI2,2025-06-25,2027-06-24,no,https://slotable.io/contact,,not contacted,,
Goldroll,goldroll.io,https://goldroll.io,Hundise Limited,ALSI-202506036-FI2,2025-06-25,2027-06-24,no,https://goldroll.io/contact,,not contacted,,
Slotlion,slotlion.com,https://slotlion.com,Hundise Limited,ALSI-202506036-FI2,2025-06-25,2027-06-24,no,https://slotlion.com/contact,,not contacted,,
Betinferno,betinferno.com,https://betinferno.com,Hundise Limited,ALSI-202506036-FI2,2025-06-25,2027-06-24,no,https://betinferno.com/contact,,not contacted,,
Kimcasino,kimcasino.com,https://kimcasino.com,Hundise Limited,ALSI-202506036-FI2,2025-06-25,2027-06-24,no,https://kimcasino.com/contact,,not contacted,,
Hungerspin,hungerspin.com,https://hungerspin.com,Hundise Limited,ALSI-202506036-FI2,2025-06-25,2027-06-24,no,https://hungerspin.com/contact,,not contacted,,
Gigasino,gigasino.com,https://gigasino.com,Hundise Limited,ALSI-202506036-FI2,2025-06-25,2027-06-24,no,https://gigasino.com/contact,,not contacted,,
Mountgold,mountgold.io,https://mountgold.io,Hundise Limited,ALSI-202506036-FI2,2025-06-25,2027-06-24,no,https://mountgold.io/contact,,not contacted,,
Overloadcasino,overloadcasino.io,https://overloadcasino.io,Hundise Limited,ALSI-202506036-FI2,2025-06-25,2027-06-24,no,https://overloadcasino.io/contact,,not contacted,,
Gemler,gemler.io,https://gemler.io,Hundise Limited,ALSI-202506036-FI2,2025-06-25,2027-06-24,no,https://gemler.io/contact,,not contacted,,
Unlimitcasino,unlimitcasino.io,https://unlimitcasino.io,Hundise Limited,ALSI-202506036-FI2,2025-06-25,2027-06-24,no,https://unlimitcasino.io/contact,,not contacted,,
Slothype,slothype.io,https://slothype.io,Hundise Limited,ALSI-202506036-FI2,2025-06-25,2027-06-24,no,https://slothype.io/contact,,not contacted,,
Refuelcasino,refuelcasino.io,https://refuelcasino.io,Hundise Limited,ALSI-202506036-FI2,2025-06-25,2027-06-24,no,https://refuelcasino.io/contact,,not contacted,,
Spinero,spinero.io,https://spinero.io,Hundise Limited,ALSI-202506036-FI2,2025-06-25,2027-06-24,no,https://spinero.io/contact,,not contacted,,
Monsino,monsino.io,https://monsino.io,Hundise Limited,ALSI-202506036-FI2,2025-06-25,2027-06-24,no,https://monsino.io/contact,,not contacted,,
Luckyjungle,luckyjungle.io,https://luckyjungle.io,Hundise Limited,ALSI-202506036-FI2,2025-06-25,2027-06-24,no,https://luckyjungle.io/contact,,not contacted,,
Winzie,winzie.io,https://winzie.io,Hundise Limited,ALSI-202506036-FI2,2025-06-25,2027-06-24,no,https://winzie.io/contact,,not contacted,,
Bluffcasino,bluffcasino.com,https://bluffcasino.com,Wink Wink Ltd,ALSI-202506028-FI1,2025-06-21,2027-06-20,no,https://bluffcasino.com/contact,,not contacted,,
Bluffcasino,bluffcasino.io,https://bluffcasino.io,Wink Wink Ltd,ALSI-202506028-FI1,2025-06-21,2027-06-20,no,https://bluffcasino.io/contact,,not contacted,,
Bluffcasino,bluffcasino.xyz,https://bluffcasino.xyz,Wink Wink Ltd,ALSI-202506028-FI1,2025-06-21,2027-06-20,no,https://bluffcasino.xyz/contact,,not contacted,,
Bluffsports,bluffsports.xyz,https://bluffsports.xyz,Wink Wink Ltd,ALSI-202506028-FI1,2025-06-21,2027-06-20,no,https://bluffsports.xyz/contact,,not contacted,,
Bluff,bluff.com,https://bluff.com,Wink Wink Ltd,ALSI-202506028-FI1,2025-06-21,2027-06-20,no,https://bluff.com/contact,,not contacted,,
Thrill,thrill.com,https://thrill.com,Gravity Unleashed Limitada,ALSI-202506019-FI1,2025-06-19,2027-06-18,no,https://thrill.com/contact,,not contacted,,
Vincobets,vincobets.com,https://vincobets.com,AccelCore Enterprise Limitada,ALSI-202506031-FI2,2025-06-18,2027-06-17,no,https://vincobets.com/contact,,not contacted,,
Jaabet,jaabet.com,https://jaabet.com,AccelCore Enterprise Limitada,ALSI-202506031-FI2,2025-06-18,2027-06-17,no,https://jaabet.com/contact,,not contacted,,
Wintari,wintari.com,https://wintari.com,AccelCore Enterprise Limitada,ALSI-202506031-FI2,2025-06-18,2027-06-17,no,https://wintari.com/contact,,not contacted,,
Inviteonlycasino,inviteonlycasino.com,https://inviteonlycasino.com,AccelCore Enterprise Limitada,ALSI-202506031-FI2,2025-06-18,2027-06-17,no,https://inviteonlycasino.com/contact,,not contacted,,
Ohacasino,ohacasino.com,https://ohacasino.com,AccelCore Enterprise Limitada,ALSI-202506031-FI2,2025-06-18,2027-06-17,no,https://ohacasino.com/contact,,not contacted,,
Dicespin,dicespin.com,https://dicespin.com,AccelCore Enterprise Limitada,ALSI-202506031-FI2,2025-06-18,2027-06-17,no,https://dicespin.com/contact,,not contacted,,
Carinabet,carinabet.com,https://carinabet.com,AccelCore Enterprise Limitada,ALSI-202506031-FI2,2025-06-18,2027-06-17,no,https://carinabet.com/contact,,not contacted,,
Icash99,icash99.com,https://icash99.com,Bitwave Solutions Ltd,ALSI-202506030-FI1,2025-06-16,2027-06-15,no,https://icash99.com/contact,,not contacted,,
Planetofbets,planetofbets.com,https://planetofbets.com,POB Studios Limitada,ALSI-202506027-FI1,2025-06-16,2026-06-15,no,https://planetofbets.com/contact,,not contacted,,
Prizeprotocol,prizeprotocol.com,https://prizeprotocol.com,Prize Protocol Limitada,ALSI-202506026-FI1,2025-06-16,2027-06-15,no,https://prizeprotocol.com/contact,,not contacted,,
Prizeprotocol,prizeprotocol.io,https://prizeprotocol.io,Prize Protocol Limitada,ALSI-202506026-FI1,2025-06-16,2027-06-15,no,https://prizeprotocol.io/contact,,not contacted,,
Bitfortune,bitfortune.com,https://bitfortune.com,Bitfortune Group Ltd,ALSI-202506013-FI1,2025-06-14,2027-06-13,no,https://bitfortune.com/contact,,not contacted,,
Wptglobal,wptglobal.com,https://wptglobal.com,Everstronglink Limitada,ALSI-202506003-FI1,2025-06-14,2026-06-13,no,https://wptglobal.com/contact,,not contacted,,
Blastbet,blastbet.com,https://blastbet.com,Neonix SRL,ALSI-202506022-FI1,2025-06-14,2027-06-13,no,https://blastbet.com/contact,,not contacted,,
Usdt,usdt.games,https://usdt.games,OneX Technology Ltd,ALSI-202506016-FI1,2025-06-14,2026-06-13,no,https://usdt.games/contact,,not contacted,,
Lavcasino,lavcasino.com,https://lavcasino.com,TechTime Ltd.,ALSI-202506014-FI1,2025-06-14,2026-06-13,no,https://lavcasino.com/contact,,not contacted,,
Lav,lav.casino,https://lav.casino,TechTime Ltd.,ALSI-202506014-FI1,2025-06-14,2026-06-13,no,https://lav.casino/contact,,not contacted,,
Lov,lov.casino,https://lov.casino,TechTime Ltd.,ALSI-202506014-FI1,2025-06-14,2026-06-13,no,https://lov.casino/contact,,not contacted,,
Menaceking,menaceking.io,https://menaceking.io,Unocompania SRL,ALSI-202506021-FI1,2025-06-14,2026-06-13,no,https://menaceking.io/contact,,not contacted,,
Menaceking,menaceking.com,https://menaceking.com,Unocompania SRL,ALSI-202506021-FI1,2025-06-14,2026-06-13,no,https://menaceking.com/contact,,not contacted,,
Menace,menace.com,https://menace.com,Unocompania SRL,ALSI-202506021-FI1,2025-06-14,2026-06-13,no,https://menace.com/contact,,not contacted,,
8xwins,8xwins.com,https://8xwins.com,WG Project Ltd,ALSI-202506004-FI1,2025-06-14,2026-06-13,no,https://8xwins.com/contact,,not contacted,,
Winsroyal,winsroyal.com,https://winsroyal.com,WG Project Ltd,ALSI-202506004-FI1,2025-06-14,2026-06-13,no,https://winsroyal.com/contact,,not contacted,,
Arcticwin,arcticwin.com,https://arcticwin.com,WG Project Ltd,ALSI-202506004-FI1,2025-06-14,2026-06-13,no,https://arcticwin.com/contact,,not contacted,,
Elvoplay,elvoplay.com,https://elvoplay.com,WG Project Ltd,ALSI-202506004-FI1,2025-06-14,2026-06-13,no,https://elvoplay.com/contact,,not contacted,,
Zemiplay,zemiplay.bj,https://zemiplay.bj,WG Project Ltd,ALSI-202506004-FI1,2025-06-14,2026-06-13,no,https://zemiplay.bj/contact,,not contacted,,
Decawin,decawin.com,https://decawin.com,Zephar LLC,ALSI-202506024-FI1,2025-06-14,2026-06-13,no,https://decawin.com/contact,,not contacted,,
Zen2,zen2.bet,https://zen2.bet,Galactic Trailblazers Ltd,ALSI-202506018-FI1,2025-06-12,2026-06-11,no,https://zen2.bet/contact,,not contacted,,
Awawin,awawin.com,https://awawin.com,Tocoop Ltd,ALSI-202506044-FI2,2025-06-12,2026-06-11,no,https://awawin.com/contact,,not contacted,,
Xwin90,xwin90.com,https://xwin90.com,Tocoop Ltd,ALSI-202506044-FI2,2025-06-12,2026-06-11,no,https://xwin90.com/contact,,not contacted,,
Xwinapp,xwinapp.com,https://xwinapp.com,Tocoop Ltd,ALSI-202506044-FI2,2025-06-12,2026-06-11,no,https://xwinapp.com/contact,,not contacted,,
Luckystakescasino,luckystakescasino.com,https://luckystakescasino.com,Tensai Tech Solutions SRL,ALSI-202506029-FI1,2025-06-11,2027-06-10,no,https://luckystakescasino.com/contact,,not contacted,,
Tot Bet,tot-bet.com,https://tot-bet.com,Tensai Tech Solutions SRL,ALSI-202506029-FI1,2025-06-11,2027-06-10,no,https://tot-bet.com/contact,,not contacted,,
Luckylion,luckylion.casino,https://luckylion.casino,Tensai Tech Solutions SRL,ALSI-202506029-FI1,2025-06-11,2027-06-10,no,https://luckylion.casino/contact,,not contacted,,
Tugabet,tugabet.com,https://tugabet.com,Titanzenith Ventures Limitada,ALSI-202506031-FI1,2025-06-11,2027-06-10,no,https://tugabet.com/contact,,not contacted,,
Bethubcasino,bethubcasino.com,https://bethubcasino.com,MG Alliance SRL,ALSI-202506001-FI1,2025-06-04,2027-06-03,no,https://bethubcasino.com/contact,,not contacted,,
Latina,latina.casino,https://latina.casino,MG Alliance SRL,ALSI-202506001-FI1,2025-06-04,2027-06-03,no,https://latina.casino/contact,,not contacted,,
Reysur,reysur.com,https://reysur.com,ThinkTank Technologies Ltd,ALSI-202506006-FI1,2025-06-04,2027-06-03,no,https://reysur.com/contact,,not contacted,,
Casinoplata,casinoplata.zone,https://casinoplata.zone,ThinkTank Technologies Ltd,ALSI-202506006-FI1,2025-06-04,2027-06-03,no,https://casinoplata.zone/contact,,not contacted,,
Palmluck,palmluck.com,https://palmluck.com,ThinkTank Technologies Ltd,ALSI-202506006-FI1,2025-06-04,2027-06-03,no,https://palmluck.com/contact,,not contacted,,
Casitoros,casitoros.com,https://casitoros.com,ThinkTank Technologies Ltd,ALSI-202506006-FI1,2025-06-04,2027-06-03,no,https://casitoros.com/contact,,not contacted,,
Granpampa,granpampa.com,https://granpampa.com,ThinkTank Technologies Ltd,ALSI-202506006-FI1,2025-06-04,2027-06-03,no,https://granpampa.com/contact,,not contacted,,
Casitap,casitap.com,https://casitap.com,ThinkTank Technologies Ltd,ALSI-202506006-FI1,2025-06-04,2027-06-03,no,https://casitap.com/contact,,not contacted,,
Betdahab,betdahab.com,https://betdahab.com,ThinkTank Technologies Ltd,ALSI-202506006-FI1,2025-06-04,2027-06-03,no,https://betdahab.com/contact,,not contacted,,
Luckysplash,luckysplash.io,https://luckysplash.io,ThinkTank Technologies Ltd,ALSI-202506006-FI1,2025-06-04,2027-06-03,no,https://luckysplash.io/contact,,not contacted,,
Casinospino,casinospino.com,https://casinospino.com,ThinkTank Technologies Ltd,ALSI-202506006-FI1,2025-06-04,2027-06-03,no,https://casinospino.com/contact,,not contacted,,
Mistycasino,mistycasino.com,https://mistycasino.com,ThinkTank Technologies Ltd,ALSI-202506006-FI1,2025-06-04,2027-06-03,no,https://mistycasino.com/contact,,not contacted,,
Goldpot,goldpot.vip,https://goldpot.vip,ThinkTank Technologies Ltd,ALSI-202506006-FI1,2025-06-04,2027-06-03,no,https://goldpot.vip/contact,,not contacted,,
Betbox,betbox.zone,https://betbox.zone,ThinkTank Technologies Ltd,ALSI-202506006-FI1,2025-06-04,2027-06-03,no,https://betbox.zone/contact,,not contacted,,
Borawin,borawin.vip,https://borawin.vip,ThinkTank Technologies Ltd,ALSI-202506006-FI1,2025-06-04,2027-06-03,no,https://borawin.vip/contact,,not contacted,,
Thaibet8,thaibet8.com,https://thaibet8.com,ThinkTank Technologies Ltd,ALSI-202506006-FI1,2025-06-04,2027-06-03,no,https://thaibet8.com/contact,,not contacted,,
Allinandwin,allinandwin.com,https://allinandwin.com,Diamond Global Ltd,ALSI-202506012-FI1,2025-06-02,2026-06-01,no,https://allinandwin.com/contact,,not contacted,,
Foxland,foxland.io,https://foxland.io,Foxland Studios Limitada,ALSI-202506010-FI1,2025-06-02,2026-06-01,no,https://foxland.io/contact,,not contacted,,
Okbe,okbe.com,https://okbe.com,Liman Solutions Limitada,ALSI-202506009-FI1,2025-06-02,2026-06-01,no,https://okbe.com/contact,,not contacted,,
Cgames,cgames.bet,https://cgames.bet,Pelekas Limitada,ALSI-202506008-FI1,2025-06-02,2026-06-01,no,https://cgames.bet/contact,,not contacted,,
Vegadream,vegadream.co,https://vegadream.co,Shadow Entertainment Ltd.,ALSI-202506047-FI2,2025-06-02,2027-06-01,no,https://vegadream.co/contact,,not contacted,,
Wunderwins,wunderwins.io,https://wunderwins.io,Shadow Entertainment Ltd.,ALSI-202506047-FI2,2025-06-02,2027-06-01,no,https://wunderwins.io/contact,,not contacted,,
Woopwin,woopwin.io,https://woopwin.io,Shadow Entertainment Ltd.,ALSI-202506047-FI2,2025-06-02,2027-06-01,no,https://woopwin.io/contact,,not contacted,,
Betero,betero.app,https://betero.app,Tero Mountain B.V.,ALSI-202505049-FI2,2025-05-31,2026-05-30,no,https://betero.app/contact,,not contacted,,
Betero,betero.io,https://betero.io,Tero Mountain B.V.,ALSI-202505049-FI2,2025-05-31,2026-05-30,no,https://betero.io/contact,,not contacted,,
Tropicalsportsbook,tropicalsportsbook.com,https://tropicalsportsbook.com,Bushido Holdings Ltd,ALSI-202505037-FI2,2025-05-29,2026-05-28,no,https://tropicalsportsbook.com/contact,,not contacted,,
Bayachuud,bayachuud.com,https://bayachuud.com,Cyberwave SRL,ALSI-202505054-FI2,2025-05-29,2027-05-28,no,https://bayachuud.com/contact,,not contacted,,
Mglbet,mglbet.it.com,https://mglbet.it.com,Cyberwave SRL,ALSI-202505054-FI2,2025-05-29,2027-05-28,no,https://mglbet.it.com/contact,,not contacted,,
Topazbet,topazbet.stream,https://topazbet.stream,Cyberwave SRL,ALSI-202505054-FI2,2025-05-29,2027-05-28,no,https://topazbet.stream/contact,,not contacted,,
1king,1king.stream,https://1king.stream,Cyberwave SRL,ALSI-202505054-FI2,2025-05-29,2027-05-28,no,https://1king.stream/contact,,not contacted,,
Chinggis,chinggis.stream,https://chinggis.stream,Cyberwave SRL,ALSI-202505054-FI2,2025-05-29,2027-05-28,no,https://chinggis.stream/contact,,not contacted,,
Slotbunny,slotbunny.com,https://slotbunny.com,Keen Sage International Ltd,ALSI-202505052-FI2,2025-05-29,2026-05-28,no,https://slotbunny.com/contact,,not contacted,,
Slotzania,slotzania.com,https://slotzania.com,Keen Sage International Ltd,ALSI-202505052-FI2,2025-05-29,2026-05-28,no,https://slotzania.com/contact,,not contacted,,
Windsorspins,windsorspins.com,https://windsorspins.com,Keen Sage International Ltd,ALSI-202505052-FI2,2025-05-29,2026-05-28,no,https://windsorspins.com/contact,,not contacted,,
Twinqo,twinqo.io,https://twinqo.io,Keen Sage International Ltd,ALSI-202505052-FI2,2025-05-29,2026-05-28,no,https://twinqo.io/contact,,not contacted,,
Incaspin,incaspin.com,https://incaspin.com,Legasta Technologies SRL,ALSI-202505036-FI2,2025-05-29,2027-05-28,no,https://incaspin.com/contact,,not contacted,,
Casitabi,casitabi.com,https://casitabi.com,Lemon Lama Limitada,ALSI-202505046-FI2,2025-05-29,2027-05-28,no,https://casitabi.com/contact,,not contacted,,
Starsplayjp,starsplayjp.com,https://starsplayjp.com,Lemon Lama Limitada,ALSI-202505046-FI2,2025-05-29,2027-05-28,no,https://starsplayjp.com/contact,,not contacted,,
Casino,casino.me,https://casino.me,Lemon Lama Limitada,ALSI-202505046-FI2,2025-05-29,2027-05-28,no,https://casino.me/contact,,not contacted,,
Casinoskyjp,casinoskyjp.com,https://casinoskyjp.com,Lemon Lama Limitada,ALSI-202505046-FI2,2025-05-29,2027-05-28,no,https://casinoskyjp.com/contact,,not contacted,,
Slotrave,slotrave.io,https://slotrave.io,Lumora Digital Ltd,ALSI-202505033-FI2,2025-05-29,2027-05-28,no,https://slotrave.io/contact,,not contacted,,
Dragonslots,dragonslots.net,https://dragonslots.net,Lumora Digital Ltd,ALSI-202505033-FI2,2025-05-29,2027-05-28,no,https://dragonslots.net/contact,,not contacted,,
Granawin,granawin.net,https://granawin.net,Lumora Digital Ltd,ALSI-202505033-FI2,2025-05-29,2027-05-28,no,https://granawin.net/contact,,not contacted,,
Spinid,spinid.com,https://spinid.com,Lumora Digital Ltd,ALSI-202505033-FI2,2025-05-29,2027-05-28,no,https://spinid.com/contact,,not contacted,,
Dragonslots1,dragonslots1.net,https://dragonslots1.net,Lumora Digital Ltd,ALSI-202505033-FI2,2025-05-29,2027-05-28,no,https://dragonslots1.net/contact,,not contacted,,
Bizzocasino,bizzocasino.com.co,https://bizzocasino.com.co,Lumora Digital Ltd,ALSI-202505033-FI2,2025-05-29,2027-05-28,no,https://bizzocasino.com.co/contact,,not contacted,,
Nationalcasino,nationalcasino.com.co,https://nationalcasino.com.co,Lumora Digital Ltd,ALSI-202505033-FI2,2025-05-29,2027-05-28,no,https://nationalcasino.com.co/contact,,not contacted,,
20bet,20bet.global,https://20bet.global,Lumora Digital Ltd,ALSI-202505033-FI2,2025-05-29,2027-05-28,no,https://20bet.global/contact,,not contacted,,
Playbaze,playbaze.co,https://playbaze.co,Neomatrix Ltd,ALSI-202505032-FI2,2025-05-29,2027-05-28,no,https://playbaze.co/contact,,not contacted,,
Iviwin,iviwin.com,https://iviwin.com,Neomatrix Ltd,ALSI-202505032-FI2,2025-05-29,2027-05-28,no,https://iviwin.com/contact,,not contacted,,
Vavegame,vavegame.io,https://vavegame.io,Neomatrix Ltd,ALSI-202505032-FI2,2025-05-29,2027-05-28,no,https://vavegame.io/contact,,not contacted,,
Slotsgem,slotsgem.net,https://slotsgem.net,Neomatrix Ltd,ALSI-202505032-FI2,2025-05-29,2027-05-28,no,https://slotsgem.net/contact,,not contacted,,
Hellwinz,hellwinz.com,https://hellwinz.com,Neomatrix Ltd,ALSI-202505032-FI2,2025-05-29,2027-05-28,no,https://hellwinz.com/contact,,not contacted,,
Tritonslots,tritonslots.net,https://tritonslots.net,Neomatrix Ltd,ALSI-202505032-FI2,2025-05-29,2027-05-28,no,https://tritonslots.net/contact,,not contacted,,
Cazino Big,cazino-big.com,https://cazino-big.com,Nivex Ltd,ALSI-202505031-FI2,2025-05-29,2026-05-28,no,https://cazino-big.com/contact,,not contacted,,
Aslot,aslot.io,https://aslot.io,Rubycode Solution Ltd.,ALSI-202505051-FI2,2025-05-29,2027-05-28,no,https://aslot.io/contact,,not contacted,,
Aslot,aslot.com,https://aslot.com,Rubycode Solution Ltd.,ALSI-202505051-FI2,2025-05-29,2027-05-28,no,https://aslot.com/contact,,not contacted,,
Gangstasino,gangstasino.com,https://gangstasino.com,Sikora Technologies SRL,ALSI-202505035-FI2,2025-05-29,2027-05-28,no,https://gangstasino.com/contact,,not contacted,,
Cashino,cashino.gg,https://cashino.gg,Spice Dune Labs Ltd,ALSI-202505030-FI2,2025-05-29,2026-05-28,no,https://cashino.gg/contact,,not contacted,,
4hamsters,4hamsters.com,https://4hamsters.com,Spice Dune Labs Ltd,ALSI-202505030-FI2,2025-05-29,2026-05-28,no,https://4hamsters.com/contact,,not contacted,,
Fantasymarket,fantasymarket.com,https://fantasymarket.com,Spice Dune Labs Ltd,ALSI-202505030-FI2,2025-05-29,2026-05-28,no,https://fantasymarket.com/contact,,not contacted,,
Jackpotspins,jackpotspins.com,https://jackpotspins.com,Strategic Highland Ltd,ALSI-202505029-FI2,2025-05-29,2027-05-28,no,https://jackpotspins.com/contact,,not contacted,,
Spinsbro,spinsbro.vip,https://spinsbro.vip,Win Core SRL,ALSI-202505034-FI2,2025-05-29,2027-05-28,no,https://spinsbro.vip/contact,,not contacted,,
Betbona,betbona.com,https://betbona.com,Win Core SRL,ALSI-202505034-FI2,2025-05-29,2027-05-28,no,https://betbona.com/contact,,not contacted,,
Gangsta,gangsta.casino,https://gangsta.casino,Win Core SRL,ALSI-202505034-FI2,2025-05-29,2027-05-28,no,https://gangsta.casino/contact,,not contacted,,
Spinsbro,spinsbro.com,https://spinsbro.com,Win Core SRL,ALSI-202505034-FI2,2025-05-29,2027-05-28,no,https://spinsbro.com/contact,,not contacted,,
Mbet,mbet.com,https://mbet.com,Happy Octopus Limitada,ALSI-202505026-FI2,2025-05-26,2027-05-25,no,https://mbet.com/contact,,not contacted,,
Marathonbet,marathonbet.com,https://marathonbet.com,Happy Octopus Limitada,ALSI-202505026-FI2,2025-05-26,2027-05-25,no,https://marathonbet.com/contact,,not contacted,,
Chilli6,chilli6.com,https://chilli6.com,Zadr Digital Limitada,ALSI-202505039-FI2,2025-05-26,2027-05-25,no,https://chilli6.com/contact,,not contacted,,
Betting,betting.co.zw,https://betting.co.zw,MWOS Ltd.,ALSI-202505003-FII,2025-05-25,2026-05-24,no,https://betting.co.zw/contact,,not contacted,,
Moorsworldofsport,moorsworldofsport.com,https://moorsworldofsport.com,MWOS Ltd.,ALSI-202505003-FII,2025-05-25,2026-05-24,no,https://moorsworldofsport.com/contact,,not contacted,,
Lap68,lap68.com,https://lap68.com,Run Keeper LLC,ALSI-202505053-FI2,2025-05-23,2026-05-22,no,https://lap68.com/contact,,not contacted,,
Lapcasino,lapcasino.vip,https://lapcasino.vip,Run Keeper LLC,ALSI-202505053-FI2,2025-05-23,2026-05-22,no,https://lapcasino.vip/contact,,not contacted,,
Bitguruz,bitguruz.com,https://bitguruz.com,Guruz Group Ltd.,ALSI-202505027-FI2,2025-05-22,2027-05-21,no,https://bitguruz.com/contact,,not contacted,,
Bitguruz,bitguruz.bet,https://bitguruz.bet,Guruz Group Ltd.,ALSI-202505027-FI2,2025-05-22,2027-05-21,no,https://bitguruz.bet/contact,,not contacted,,
Bitguruz,bitguruz.io,https://bitguruz.io,Guruz Group Ltd.,ALSI-202505027-FI2,2025-05-22,2027-05-21,no,https://bitguruz.io/contact,,not contacted,,
Bitguruz,bitguruz.vip,https://bitguruz.vip,Guruz Group Ltd.,ALSI-202505027-FI2,2025-05-22,2027-05-21,no,https://bitguruz.vip/contact,,not contacted,,
Epicbet,epicbet.com,https://epicbet.com,Overcooked Ltd,ALSI-202505016-FI1,2025-05-19,2027-05-18,no,https://epicbet.com/contact,,not contacted,,
Respin,respin.com,https://respin.com,Overcooked Ltd,ALSI-202505016-FI1,2025-05-19,2027-05-18,no,https://respin.com/contact,,not contacted,,
Betgoat,betgoat.com,https://betgoat.com,Cyclone Tech Solution Pte. Ltd,ALSI-202505045-FI2,2025-05-17,2027-05-16,no,https://betgoat.com/contact,,not contacted,,
Fragabet,fragabet.com,https://fragabet.com,Nostas Technology Ltd,ALSI-202505044-FI2,2025-05-17,2027-05-16,no,https://fragabet.com/contact,,not contacted,,
24slots,24slots.com,https://24slots.com,Admiral Entertainment Limited,ALSI-202505009-FI1,2025-05-14,2026-05-13,no,https://24slots.com/contact,,not contacted,,
Bookofcasino,bookofcasino.net,https://bookofcasino.net,Admiral Entertainment Limited,ALSI-202505009-FI1,2025-05-14,2026-05-13,no,https://bookofcasino.net/contact,,not contacted,,
Dolfwin,dolfwin.com,https://dolfwin.com,Admiral Entertainment Limited,ALSI-202505009-FI1,2025-05-14,2026-05-13,no,https://dolfwin.com/contact,,not contacted,,
Dream,dream.bet,https://dream.bet,Admiral Entertainment Limited,ALSI-202505009-FI1,2025-05-14,2026-05-13,no,https://dream.bet/contact,,not contacted,,
Festivalplay,festivalplay.com,https://festivalplay.com,Admiral Entertainment Limited,ALSI-202505009-FI1,2025-05-14,2026-05-13,no,https://festivalplay.com/contact,,not contacted,,
Olympusbet,olympusbet.com,https://olympusbet.com,Admiral Entertainment Limited,ALSI-202505009-FI1,2025-05-14,2026-05-13,no,https://olympusbet.com/contact,,not contacted,,
Palmslots,palmslots.com,https://palmslots.com,Admiral Entertainment Limited,ALSI-202505009-FI1,2025-05-14,2026-05-13,no,https://palmslots.com/contact,,not contacted,,
Vegasdukes,vegasdukes.com,https://vegasdukes.com,Admiral Entertainment Limited,ALSI-202505009-FI1,2025-05-14,2026-05-13,no,https://vegasdukes.com/contact,,not contacted,,
Wikiluck,wikiluck.com,https://wikiluck.com,Admiral Entertainment Limited,ALSI-202505009-FI1,2025-05-14,2026-05-13,no,https://wikiluck.com/contact,,not contacted,,
Pribet,pribet.com,https://pribet.com,Admiral Entertainment Limited,ALSI-202505009-FI1,2025-05-14,2026-05-13,no,https://pribet.com/contact,,not contacted,,
Silverplay,silverplay.com,https://silverplay.com,Admiral Entertainment Limited,ALSI-202505009-FI1,2025-05-14,2026-05-13,no,https://silverplay.com/contact,,not contacted,,
Spinplatinum,spinplatinum.com,https://spinplatinum.com,Admiral Entertainment Limited,ALSI-202505009-FI1,2025-05-14,2026-05-13,no,https://spinplatinum.com/contact,,not contacted,,
Sportcenterbetting,sportcenterbetting.com,https://sportcenterbetting.com,Admiral Entertainment Limited,ALSI-202505009-FI1,2025-05-14,2026-05-13,no,https://sportcenterbetting.com/contact,,not contacted,,
Gomblingo,gomblingo.com,https://gomblingo.com,Admiral Entertainment Limited,ALSI-202505009-FI1,2025-05-14,2026-05-13,no,https://gomblingo.com/contact,,not contacted,,
Luckykoala,luckykoala.com,https://luckykoala.com,Admiral Entertainment Limited,ALSI-202505009-FI1,2025-05-14,2026-05-13,no,https://luckykoala.com/contact,,not contacted,,
Playadmiral,playadmiral.com,https://playadmiral.com,Admiral Entertainment Limited,ALSI-202505009-FI1,2025-05-14,2026-05-13,no,https://playadmiral.com/contact,,not contacted,,
Bet2one,bet2one.com,https://bet2one.com,Altura Rise Limitada,ALSI-202505008-FI1,2025-05-14,2027-05-13,no,https://bet2one.com/contact,,not contacted,,
Bet2one,bet2one.vip,https://bet2one.vip,Altura Rise Limitada,ALSI-202505008-FI1,2025-05-14,2027-05-13,no,https://bet2one.vip/contact,,not contacted,,
Legendsbet,legendsbet.io,https://legendsbet.io,Apex Byte Limitada,ALSI-202505012-FI1,2025-05-14,2026-05-13,no,https://legendsbet.io/contact,,not contacted,,
Jackpotter,jackpotter.com,https://jackpotter.com,Bravo Entertainment Ltd.,ALSI-202505025-FI1,2025-05-14,2026-05-13,no,https://jackpotter.com/contact,,not contacted,,
Winnerjack,winnerjack.com,https://winnerjack.com,Bravo Entertainment Ltd.,ALSI-202505025-FI1,2025-05-14,2026-05-13,no,https://winnerjack.com/contact,,not contacted,,
Super Spin,super-spin.com,https://super-spin.com,Comentive Ltd,ALSI-202505024-FI1,2025-05-14,2027-05-13,no,https://super-spin.com/contact,,not contacted,,
Rollyspin,rollyspin.com,https://rollyspin.com,Comentive Ltd,ALSI-202505024-FI1,2025-05-14,2027-05-13,no,https://rollyspin.com/contact,,not contacted,,
Spinyrush,spinyrush.com,https://spinyrush.com,Comentive Ltd,ALSI-202505024-FI1,2025-05-14,2027-05-13,no,https://spinyrush.com/contact,,not contacted,,
Spinreelz,spinreelz.com,https://spinreelz.com,Comentive Ltd,ALSI-202505024-FI1,2025-05-14,2027-05-13,no,https://spinreelz.com/contact,,not contacted,,
Sapphirebet,sapphirebet.com,https://sapphirebet.com,DolceTech Limited,ALSI-202505019-FI1,2025-05-14,2027-05-13,no,https://sapphirebet.com/contact,,not contacted,,
Slotador,slotador.com,https://slotador.com,Fortune Master Limitada,ALSI-202505022-FI1,2025-05-14,2027-05-13,no,https://slotador.com/contact,,not contacted,,
Agentnowager,agentnowager.best,https://agentnowager.best,Fortune Master Limitada,ALSI-202505022-FI1,2025-05-14,2027-05-13,no,https://agentnowager.best/contact,,not contacted,,
Basswin,basswin.best,https://basswin.best,Fortune Master Limitada,ALSI-202505022-FI1,2025-05-14,2027-05-13,no,https://basswin.best/contact,,not contacted,,
Luckymister,luckymister.best,https://luckymister.best,Fortune Master Limitada,ALSI-202505022-FI1,2025-05-14,2027-05-13,no,https://luckymister.best/contact,,not contacted,,
Slotscharm,slotscharm.best,https://slotscharm.best,Fortune Master Limitada,ALSI-202505022-FI1,2025-05-14,2027-05-13,no,https://slotscharm.best/contact,,not contacted,,
Verywellcasino,verywellcasino.best,https://verywellcasino.best,Fortune Master Limitada,ALSI-202505022-FI1,2025-05-14,2027-05-13,no,https://verywellcasino.best/contact,,not contacted,,
Captainmarlin,captainmarlin.best,https://captainmarlin.best,Fortune Master Limitada,ALSI-202505022-FI1,2025-05-14,2027-05-13,no,https://captainmarlin.best/contact,,not contacted,,
Casperspins,casperspins.best,https://casperspins.best,Fortune Master Limitada,ALSI-202505022-FI1,2025-05-14,2027-05-13,no,https://casperspins.best/contact,,not contacted,,
Hawaiispins,hawaiispins.best,https://hawaiispins.best,Fortune Master Limitada,ALSI-202505022-FI1,2025-05-14,2027-05-13,no,https://hawaiispins.best/contact,,not contacted,,
Jackpotcharm,jackpotcharm.best,https://jackpotcharm.best,Fortune Master Limitada,ALSI-202505022-FI1,2025-05-14,2027-05-13,no,https://jackpotcharm.best/contact,,not contacted,,
Luckymanor,luckymanor.best,https://luckymanor.best,Fortune Master Limitada,ALSI-202505022-FI1,2025-05-14,2027-05-13,no,https://luckymanor.best/contact,,not contacted,,
Prestigespin,prestigespin.best,https://prestigespin.best,Fortune Master Limitada,ALSI-202505022-FI1,2025-05-14,2027-05-13,no,https://prestigespin.best/contact,,not contacted,,
Pyramidspin,pyramidspin.best,https://pyramidspin.best,Fortune Master Limitada,ALSI-202505022-FI1,2025-05-14,2027-05-13,no,https://pyramidspin.best/contact,,not contacted,,
Richyfarmer,richyfarmer.best,https://richyfarmer.best,Fortune Master Limitada,ALSI-202505022-FI1,2025-05-14,2027-05-13,no,https://richyfarmer.best/contact,,not contacted,,
Richyreels,richyreels.best,https://richyreels.best,Fortune Master Limitada,ALSI-202505022-FI1,2025-05-14,2027-05-13,no,https://richyreels.best/contact,,not contacted,,
Scarabwins,scarabwins.best,https://scarabwins.best,Fortune Master Limitada,ALSI-202505022-FI1,2025-05-14,2027-05-13,no,https://scarabwins.best/contact,,not contacted,,
Slotonights,slotonights.best,https://slotonights.best,Fortune Master Limitada,ALSI-202505022-FI1,2025-05-14,2027-05-13,no,https://slotonights.best/contact,,not contacted,,
Sweetywin,sweetywin.best,https://sweetywin.best,Fortune Master Limitada,ALSI-202505022-FI1,2025-05-14,2027-05-13,no,https://sweetywin.best/contact,,not contacted,,
Tropicanza,tropicanza.best,https://tropicanza.best,Fortune Master Limitada,ALSI-202505022-FI1,2025-05-14,2027-05-13,no,https://tropicanza.best/contact,,not contacted,,
Tropicslots,tropicslots.best,https://tropicslots.best,Fortune Master Limitada,ALSI-202505022-FI1,2025-05-14,2027-05-13,no,https://tropicslots.best/contact,,not contacted,,
Yummywins,yummywins.best,https://yummywins.best,Fortune Master Limitada,ALSI-202505022-FI1,2025-05-14,2027-05-13,no,https://yummywins.best/contact,,not contacted,,
Amigowins,amigowins.best,https://amigowins.best,Fortune Master Limitada,ALSI-202505022-FI1,2025-05-14,2027-05-13,no,https://amigowins.best/contact,,not contacted,,
Crazystar,crazystar.best,https://crazystar.best,Fortune Master Limitada,ALSI-202505022-FI1,2025-05-14,2027-05-13,no,https://crazystar.best/contact,,not contacted,,
Kaboomslots,kaboomslots.best,https://kaboomslots.best,Fortune Master Limitada,ALSI-202505022-FI1,2025-05-14,2027-05-13,no,https://kaboomslots.best/contact,,not contacted,,
Luckybarry,luckybarry.best,https://luckybarry.best,Fortune Master Limitada,ALSI-202505022-FI1,2025-05-14,2027-05-13,no,https://luckybarry.best/contact,,not contacted,,
Luckycarnival,luckycarnival.best,https://luckycarnival.best,Fortune Master Limitada,ALSI-202505022-FI1,2025-05-14,2027-05-13,no,https://luckycarnival.best/contact,,not contacted,,
Milkywins,milkywins.best,https://milkywins.best,Fortune Master Limitada,ALSI-202505022-FI1,2025-05-14,2027-05-13,no,https://milkywins.best/contact,,not contacted,,
Patrickspins,patrickspins.best,https://patrickspins.best,Fortune Master Limitada,ALSI-202505022-FI1,2025-05-14,2027-05-13,no,https://patrickspins.best/contact,,not contacted,,
Richyfish,richyfish.best,https://richyfish.best,Fortune Master Limitada,ALSI-202505022-FI1,2025-05-14,2027-05-13,no,https://richyfish.best/contact,,not contacted,,
Richyfox,richyfox.best,https://richyfox.best,Fortune Master Limitada,ALSI-202505022-FI1,2025-05-14,2027-05-13,no,https://richyfox.best/contact,,not contacted,,
Slotonauts,slotonauts.best,https://slotonauts.best,Fortune Master Limitada,ALSI-202505022-FI1,2025-05-14,2027-05-13,no,https://slotonauts.best/contact,,not contacted,,
Bigwinbox,bigwinbox.best,https://bigwinbox.best,Fortune Master Limitada,ALSI-202505022-FI1,2025-05-14,2027-05-13,no,https://bigwinbox.best/contact,,not contacted,,
Bonusstrike,bonusstrike.best,https://bonusstrike.best,Fortune Master Limitada,ALSI-202505022-FI1,2025-05-14,2027-05-13,no,https://bonusstrike.best/contact,,not contacted,,
Firescatters,firescatters.best,https://firescatters.best,Fortune Master Limitada,ALSI-202505022-FI1,2025-05-14,2027-05-13,no,https://firescatters.best/contact,,not contacted,,
Handofluck,handofluck.best,https://handofluck.best,Fortune Master Limitada,ALSI-202505022-FI1,2025-05-14,2027-05-13,no,https://handofluck.best/contact,,not contacted,,
Jammyjack,jammyjack.best,https://jammyjack.best,Fortune Master Limitada,ALSI-202505022-FI1,2025-05-14,2027-05-13,no,https://jammyjack.best/contact,,not contacted,,
Koispins,koispins.best,https://koispins.best,Fortune Master Limitada,ALSI-202505022-FI1,2025-05-14,2027-05-13,no,https://koispins.best/contact,,not contacted,,
Midnightwins,midnightwins.best,https://midnightwins.best,Fortune Master Limitada,ALSI-202505022-FI1,2025-05-14,2027-05-13,no,https://midnightwins.best/contact,,not contacted,,
Rabbitwin,rabbitwin.best,https://rabbitwin.best,Fortune Master Limitada,ALSI-202505022-FI1,2025-05-14,2027-05-13,no,https://rabbitwin.best/contact,,not contacted,,
Raptorwins,raptorwins.best,https://raptorwins.best,Fortune Master Limitada,ALSI-202505022-FI1,2025-05-14,2027-05-13,no,https://raptorwins.best/contact,,not contacted,,
Richyleo,richyleo.best,https://richyleo.best,Fortune Master Limitada,ALSI-202505022-FI1,2025-05-14,2027-05-13,no,https://richyleo.best/contact,,not contacted,,
Royallama,royallama.best,https://royallama.best,Fortune Master Limitada,ALSI-202505022-FI1,2025-05-14,2027-05-13,no,https://royallama.best/contact,,not contacted,,
Tropicalwins,tropicalwins.best,https://tropicalwins.best,Fortune Master Limitada,ALSI-202505022-FI1,2025-05-14,2027-05-13,no,https://tropicalwins.best/contact,,not contacted,,
Twisterwins,twisterwins.best,https://twisterwins.best,Fortune Master Limitada,ALSI-202505022-FI1,2025-05-14,2027-05-13,no,https://twisterwins.best/contact,,not contacted,,
Mistergolden,mistergolden.best,https://mistergolden.best,Fortune Master Limitada,ALSI-202505022-FI1,2025-05-14,2027-05-13,no,https://mistergolden.best/contact,,not contacted,,
Bet25,bet25.com,https://bet25.com,Horns and Hooves Company S.A.,ALSI-202505001-FI1,2025-05-14,2027-05-13,no,https://bet25.com/contact,,not contacted,,
Curebetlicenses,curebetlicenses.com,https://curebetlicenses.com,Onlion Entertainment Limited,ALSI-202505020-FI1,2025-05-14,2026-05-13,no,https://curebetlicenses.com/contact,,not contacted,,
Tt6,tt6.com,https://tt6.com,Gold Sunny Limitada,ALSI-202505042-FI2,2025-05-10,2027-05-09,no,https://tt6.com/contact,,not contacted,,
Tt6,tt6.vip,https://tt6.vip,Gold Sunny Limitada,ALSI-202505042-FI2,2025-05-10,2027-05-09,no,https://tt6.vip/contact,,not contacted,,
Hg,hg.game,https://hg.game,Gold Sunny Limitada,ALSI-202505042-FI2,2025-05-10,2027-05-09,no,https://hg.game/contact,,not contacted,,
Luckyastra,luckyastra.com,https://luckyastra.com,Luckyastra Limitada,ALSI-202505023-FI1,2025-05-10,2027-05-09,no,https://luckyastra.com/contact,,not contacted,,
Betpipo,betpipo.com,https://betpipo.com,Gala Entertainment Technologies Limitada,ALSI-202505014-FI1,2025-05-09,2027-05-08,no,https://betpipo.com/contact,,not contacted,,
Galabet,galabet.com,https://galabet.com,Gala Entertainment Technologies Limitada,ALSI-202505014-FI1,2025-05-09,2027-05-08,no,https://galabet.com/contact,,not contacted,,
Padisahbet,padisahbet.com,https://padisahbet.com,Gala Entertainment Technologies Limitada,ALSI-202505014-FI1,2025-05-09,2027-05-08,no,https://padisahbet.com/contact,,not contacted,,
Betoffice,betoffice.com,https://betoffice.com,Gala Entertainment Technologies Limitada,ALSI-202505014-FI1,2025-05-09,2027-05-08,no,https://betoffice.com/contact,,not contacted,,
Vippark,vippark.com,https://vippark.com,Gala Entertainment Technologies Limitada,ALSI-202505014-FI1,2025-05-09,2027-05-08,no,https://vippark.com/contact,,not contacted,,
Xbahis,xbahis.com,https://xbahis.com,Gala Entertainment Technologies Limitada,ALSI-202505014-FI1,2025-05-09,2027-05-08,no,https://xbahis.com/contact,,not contacted,,
Hitbet,hitbet.com,https://hitbet.com,Gala Entertainment Technologies Limitada,ALSI-202505014-FI1,2025-05-09,2027-05-08,no,https://hitbet.com/contact,,not contacted,,
Mystino,mystino.com,https://mystino.com,Hypergames International Limitada,ALSI-202505010-FI1,2025-05-09,2027-05-08,no,https://mystino.com/contact,,not contacted,,
Jumbobet,jumbobet.world,https://jumbobet.world,Hypergames International Limitada,ALSI-202505010-FI1,2025-05-09,2027-05-08,no,https://jumbobet.world/contact,,not contacted,,
Stealthbet,stealthbet.world,https://stealthbet.world,Hypergames International Limitada,ALSI-202505010-FI1,2025-05-09,2027-05-08,no,https://stealthbet.world/contact,,not contacted,,
Etheryl,etheryl.io,https://etheryl.io,Etheryl SRL,ALSI-202505005-FI1,2025-05-06,2026-05-05,no,https://etheryl.io/contact,,not contacted,,
Gk8,gk8.com,https://gk8.com,GK8 Ltd,ALSI-202505017-FI1,2025-05-04,2027-05-03,no,https://gk8.com/contact,,not contacted,,
Gk8,gk8.info,https://gk8.info,GK8 Ltd,ALSI-202505017-FI1,2025-05-04,2027-05-03,no,https://gk8.info/contact,,not contacted,,
Betgaliano,betgaliano.com,https://betgaliano.com,Aries Software Limited,ALSI-202505002-FI1,2025-05-01,2027-04-30,no,https://betgaliano.com/contact,,not contacted,,
Betalarab,betalarab.com,https://betalarab.com,Aries Software Limited,ALSI-202505002-FI1,2025-05-01,2027-04-30,no,https://betalarab.com/contact,,not contacted,,
Betwin,betwin.game,https://betwin.game,Beg Tech Group Ltd,ALSI-202505018-FI1,2025-05-01,2026-04-30,no,https://betwin.game/contact,,not contacted,,
Riodeorocasino,riodeorocasino.com,https://riodeorocasino.com,CZM Invest Limitada,ALSI-202505021-FI1,2025-05-01,2026-04-30,no,https://riodeorocasino.com/contact,,not contacted,,
Kilogram,kilogram.club,https://kilogram.club,Gearsmedia Limited,ALSI-202505007-FI1,2025-05-01,2027-04-30,no,https://kilogram.club/contact,,not contacted,,
Sykaaa,sykaaa.com,https://sykaaa.com,Gearsmedia Limited,ALSI-202505007-FI1,2025-05-01,2027-04-30,no,https://sykaaa.com/contact,,not contacted,,
Goldenfox,goldenfox.casino,https://goldenfox.casino,Gearsmedia Limited,ALSI-202505007-FI1,2025-05-01,2027-04-30,no,https://goldenfox.casino/contact,,not contacted,,
Goldenlis,goldenlis.casino,https://goldenlis.casino,Gearsmedia Limited,ALSI-202505007-FI1,2025-05-01,2027-04-30,no,https://goldenlis.casino/contact,,not contacted,,
Holobet,holobet.com,https://holobet.com,HoloTech Ltd.,ALSI-202505003-FI1,2025-05-01,2026-04-30,no,https://holobet.com/contact,,not contacted,,
Ignibet,ignibet.com,https://ignibet.com,Rolling Fortune Limited,ALSI-202505015-FI1,2025-05-01,2026-04-30,no,https://ignibet.com/contact,,not contacted,,
Epicbet,epicbet.co,https://epicbet.co,Hot Streak Ltd,ALSI-202504045-FI2,2025-04-29,2027-04-28,no,https://epicbet.co/contact,,not contacted,,
Respin,respin.co,https://respin.co,Hot Streak Ltd,ALSI-202504045-FI2,2025-04-29,2027-04-28,no,https://respin.co/contact,,not contacted,,
Honeybet,honeybet.io,https://honeybet.io,JC Ventures Ltd,ALSI-202504048-FI2,2025-04-29,2027-04-28,no,https://honeybet.io/contact,,not contacted,,
Jeetabet,jeetabet.com,https://jeetabet.com,JC Ventures Ltd,ALSI-202504048-FI2,2025-04-29,2027-04-28,no,https://jeetabet.com/contact,,not contacted,,
Lockly,lockly.io,https://lockly.io,JC Ventures Ltd,ALSI-202504048-FI2,2025-04-29,2027-04-28,no,https://lockly.io/contact,,not contacted,,
Dedprz,dedprz.com,https://dedprz.com,JC Ventures Ltd,ALSI-202504048-FI2,2025-04-29,2027-04-28,no,https://dedprz.com/contact,,not contacted,,
Bk8,bk8.co,https://bk8.co,Mettlemind Tech Ltd,ALSI-202504032-FI2,2025-04-29,2027-04-28,no,https://bk8.co/contact,,not contacted,,
Bk8,bk8.com,https://bk8.com,Mettlemind Tech Ltd,ALSI-202504032-FI2,2025-04-29,2027-04-28,no,https://bk8.com/contact,,not contacted,,
Bk8,bk8.io,https://bk8.io,Mettlemind Tech Ltd,ALSI-202504032-FI2,2025-04-29,2027-04-28,no,https://bk8.io/contact,,not contacted,,
Bk8premier,bk8premier.com,https://bk8premier.com,Mettlemind Tech Ltd,ALSI-202504032-FI2,2025-04-29,2027-04-28,no,https://bk8premier.com/contact,,not contacted,,
Bk8sports,bk8sports.com,https://bk8sports.com,Mettlemind Tech Ltd,ALSI-202504032-FI2,2025-04-29,2027-04-28,no,https://bk8sports.com/contact,,not contacted,,
Betkanyon,betkanyon.com,https://betkanyon.com,WB Ventures NV Limitada,ALSI-202504049-FI2,2025-04-29,2027-04-28,no,https://betkanyon.com/contact,,not contacted,,
Bahisal,bahisal.com,https://bahisal.com,WB Ventures NV Limitada,ALSI-202504049-FI2,2025-04-29,2027-04-28,no,https://bahisal.com/contact,,not contacted,,
Betloto,betloto.com,https://betloto.com,WB Ventures NV Limitada,ALSI-202504049-FI2,2025-04-29,2027-04-28,no,https://betloto.com/contact,,not contacted,,
Kasino,kasino.vegas,https://kasino.vegas,WB Ventures NV Limitada,ALSI-202504049-FI2,2025-04-29,2027-04-28,no,https://kasino.vegas/contact,,not contacted,,
Winxbet,winxbet.com,https://winxbet.com,WB Ventures NV Limitada,ALSI-202504049-FI2,2025-04-29,2027-04-28,no,https://winxbet.com/contact,,not contacted,,
Altinshans,altinshans.com,https://altinshans.com,Ascentec Pro Systems Limitada,ALSI-202504037-FI2,2025-04-22,2026-04-21,no,https://altinshans.com/contact,,not contacted,,
Blitzgem,blitzgem.com,https://blitzgem.com,Ascentec Pro Systems Limitada,ALSI-202504037-FI2,2025-04-22,2026-04-21,no,https://blitzgem.com/contact,,not contacted,,
Blazebet,blazebet.eu,https://blazebet.eu,Fin Tech Montana Azul Capital Limitada,ALSI-202504039-FI2,2025-04-22,2027-04-21,no,https://blazebet.eu/contact,,not contacted,,
Candybet,candybet.eu,https://candybet.eu,Fin Tech Montana Azul Capital Limitada,ALSI-202504039-FI2,2025-04-22,2027-04-21,no,https://candybet.eu/contact,,not contacted,,
Sunnybet,sunnybet.cc,https://sunnybet.cc,Fin Tech Montana Azul Capital Limitada,ALSI-202504039-FI2,2025-04-22,2027-04-21,no,https://sunnybet.cc/contact,,not contacted,,
Piggybet,piggybet.net,https://piggybet.net,Fin Tech Montana Azul Capital Limitada,ALSI-202504039-FI2,2025-04-22,2027-04-21,no,https://piggybet.net/contact,,not contacted,,
Moemoecasino,moemoecasino.com,https://moemoecasino.com,Fin Tech Montana Azul Capital Limitada,ALSI-202504039-FI2,2025-04-22,2027-04-21,yes,https://moemoecasino.com/contact,,not contacted,,
Fantasybet,fantasybet.cc,https://fantasybet.cc,Fin Tech Montana Azul Capital Limitada,ALSI-202504039-FI2,2025-04-22,2027-04-21,no,https://fantasybet.cc/contact,,not contacted,,
Richbets,richbets.cc,https://richbets.cc,Fin Tech Montana Azul Capital Limitada,ALSI-202504039-FI2,2025-04-22,2027-04-21,no,https://richbets.cc/contact,,not contacted,,
Nightbet,nightbet.net,https://nightbet.net,Fin Tech Montana Azul Capital Limitada,ALSI-202504039-FI2,2025-04-22,2027-04-21,no,https://nightbet.net/contact,,not contacted,,
Neocasino,neocasino.cc,https://neocasino.cc,Fin Tech Montana Azul Capital Limitada,ALSI-202504039-FI2,2025-04-22,2027-04-21,no,https://neocasino.cc/contact,,not contacted,,
21kcasino,21kcasino.com,https://21kcasino.com,Fin Tech Montana Azul Capital Limitada,ALSI-202504039-FI2,2025-04-22,2027-04-21,no,https://21kcasino.com/contact,,not contacted,,
Moonbet,moonbet.cc,https://moonbet.cc,Fin Tech Montana Azul Capital Limitada,ALSI-202504039-FI2,2025-04-22,2027-04-21,no,https://moonbet.cc/contact,,not contacted,,
Wavebet,wavebet.cc,https://wavebet.cc,Fin Tech Montana Azul Capital Limitada,ALSI-202504039-FI2,2025-04-22,2027-04-21,no,https://wavebet.cc/contact,,not contacted,,
Fastbets,fastbets.cc,https://fastbets.cc,Fin Tech Montana Azul Capital Limitada,ALSI-202504039-FI2,2025-04-22,2027-04-21,no,https://fastbets.cc/contact,,not contacted,,
Fijicasino,fijicasino.net,https://fijicasino.net,Fin Tech Montana Azul Capital Limitada,ALSI-202504039-FI2,2025-04-22,2027-04-21,no,https://fijicasino.net/contact,,not contacted,,
Palacecasino,palacecasino.net,https://palacecasino.net,Fin Tech Montana Azul Capital Limitada,ALSI-202504039-FI2,2025-04-22,2027-04-21,no,https://palacecasino.net/contact,,not contacted,,
Kalobet,kalobet.io,https://kalobet.io,Kalo OAB B.V.,ALSI-202504031-FI2,2025-04-22,2027-04-21,no,https://kalobet.io/contact,,not contacted,,
Kalokalo,kalokalo.io,https://kalokalo.io,Kalo OAB B.V.,ALSI-202504031-FI2,2025-04-22,2027-04-21,no,https://kalokalo.io/contact,,not contacted,,
Mybitcoin,mybitcoin.casino,https://mybitcoin.casino,Sirplay Sudamerica EIRL,ALSI-202504036-FI2,2025-04-22,2026-04-21,no,https://mybitcoin.casino/contact,,not contacted,,
Niagarajackpot,niagarajackpot.com,https://niagarajackpot.com,Sirplay Sudamerica EIRL,ALSI-202504036-FI2,2025-04-22,2026-04-21,no,https://niagarajackpot.com/contact,,not contacted,,
Kasynoir,kasynoir.com,https://kasynoir.com,Sirplay Sudamerica EIRL,ALSI-202504036-FI2,2025-04-22,2026-04-21,no,https://kasynoir.com/contact,,not contacted,,
Spinello,spinello.bet,https://spinello.bet,Syncora SRL,ALSI-202504040-FI2,2025-04-22,2027-04-21,no,https://spinello.bet/contact,,not contacted,,
Ice Casino,ice-casino.io,https://ice-casino.io,Syncora SRL,ALSI-202504040-FI2,2025-04-22,2027-04-21,no,https://ice-casino.io/contact,,not contacted,,
V Vegas,v-vegas.io,https://v-vegas.io,Syncora SRL,ALSI-202504040-FI2,2025-04-22,2027-04-21,no,https://v-vegas.io/contact,,not contacted,,
Zaproll,zaproll.com,https://zaproll.com,Zaproll Limitada,ALSI-202504038-FI2,2025-04-22,2026-04-21,no,https://zaproll.com/contact,,not contacted,,
Moonbet,moonbet.casino,https://moonbet.casino,GT7 Limited,ALSI-202504041-FI2,2025-04-21,2026-04-20,no,https://moonbet.casino/contact,,not contacted,,
Ava,ava.bet,https://ava.bet,PixelForge Limited,ALSI-202504042-FI2,2025-04-21,2027-04-20,no,https://ava.bet/contact,,not contacted,,
Luna Bet,luna-bet.asia,https://luna-bet.asia,PixelForge Limited,ALSI-202504042-FI2,2025-04-21,2027-04-20,no,https://luna-bet.asia/contact,,not contacted,,
Betstar,betstar.org.za,https://betstar.org.za,PixelForge Limited,ALSI-202504042-FI2,2025-04-21,2027-04-20,no,https://betstar.org.za/contact,,not contacted,,
Spintiger,spintiger.org,https://spintiger.org,PixelForge Limited,ALSI-202504042-FI2,2025-04-21,2027-04-20,no,https://spintiger.org/contact,,not contacted,,
Epybet,epybet.com,https://epybet.com,PMG ANJ LIMITADA,ALSI-202504028-FI2,2025-04-21,2027-04-20,no,https://epybet.com/contact,,not contacted,,
Epycasino,epycasino.com,https://epycasino.com,PMG ANJ LIMITADA,ALSI-202504028-FI2,2025-04-21,2027-04-20,no,https://epycasino.com/contact,,not contacted,,
Kong,kong.io,https://kong.io,Stack Gaming Ltd,ALSI-202504044-FI2,2025-04-21,2027-04-20,no,https://kong.io/contact,,not contacted,,
Wild,wild.io,https://wild.io,Stack Gaming Ltd,ALSI-202504044-FI2,2025-04-21,2027-04-20,no,https://wild.io/contact,,not contacted,,
Betitall,betitall.bet,https://betitall.bet,Velarion LLC,ALSI-202504043-FI2,2025-04-21,2027-04-20,no,https://betitall.bet/contact,,not contacted,,
Pledoo,pledoo.bet,https://pledoo.bet,Velarion LLC,ALSI-202504043-FI2,2025-04-21,2027-04-20,no,https://pledoo.bet/contact,,not contacted,,
Betpuma,betpuma.com,https://betpuma.com,Vibes View Limitada,ALSI-202504046-FI2,2025-04-21,2027-04-20,no,https://betpuma.com/contact,,not contacted,,
Surgecasino,surgecasino.com,https://surgecasino.com,Surge Ventures SRL,ALSI-202504047-FI2,2025-04-20,2027-04-19,no,https://surgecasino.com/contact,,not contacted,,
Casher,casher.win,https://casher.win,GravityGroup Ltd,ALSI-202504021-FI1,2025-04-16,2027-04-15,no,https://casher.win/contact,,not contacted,,
Vega,vega.bet,https://vega.bet,GravityGroup Ltd,ALSI-202504021-FI1,2025-04-16,2027-04-15,no,https://vega.bet/contact,,not contacted,,
Betstrike,betstrike.com,https://betstrike.com,28 International Gaming Limited,ALSI-202504011-FI1,2025-04-14,2027-04-13,no,https://betstrike.com/contact,,not contacted,,
Strk,strk.gg,https://strk.gg,28 International Gaming Limited,ALSI-202504011-FI1,2025-04-14,2027-04-13,no,https://strk.gg/contact,,not contacted,,
8501a,8501a.com,https://8501a.com,ByteRush Limited,ALSI-202504008-FI1,2025-04-14,2026-04-13,no,https://8501a.com/contact,,not contacted,,
Eclipsebet,eclipsebet.net,https://eclipsebet.net,Creative Solution Limited,ALSI-202504012-FI1,2025-04-14,2027-04-13,no,https://eclipsebet.net/contact,,not contacted,,
Moyobet,moyobet.com,https://moyobet.com,Creative Solution Limited,ALSI-202504012-FI1,2025-04-14,2027-04-13,no,https://moyobet.com/contact,,not contacted,,
Eclipsebet,eclipsebet.com,https://eclipsebet.com,Creative Solution Limited,ALSI-202504012-FI1,2025-04-14,2027-04-13,no,https://eclipsebet.com/contact,,not contacted,,
Boxbet,boxbet.io,https://boxbet.io,Goodwood Limited,ALSI-202504016-FI1,2025-04-14,2026-04-13,no,https://boxbet.io/contact,,not contacted,,
Flex77,flex77.game,https://flex77.game,Hobby Labcorp Limitada,ALSI-202504034-FI2,2025-04-14,2026-04-13,no,https://flex77.game/contact,,not contacted,,
Monkeytilt,monkeytilt.com,https://monkeytilt.com,Howling Rascal Limitada,ALSI-202504030-FI2,2025-04-14,2026-04-13,no,https://monkeytilt.com/contact,,not contacted,,
Ravobet,ravobet.com,https://ravobet.com,Melted Theory Ltd.,ALSI-202504019-FI1,2025-04-14,2027-04-13,no,https://ravobet.com/contact,,not contacted,,
Moxicaxino,moxicaxino.com,https://moxicaxino.com,Moxsys Digital Solutions Inc,ALSI-202504017-FI1,2025-04-14,2026-04-13,no,https://moxicaxino.com/contact,,not contacted,,
Royalgrandgaming,royalgrandgaming.com,https://royalgrandgaming.com,Moxsys Digital Solutions Inc,ALSI-202504017-FI1,2025-04-14,2026-04-13,no,https://royalgrandgaming.com/contact,,not contacted,,
Admiral Xxx,admiral-xxx.com,https://admiral-xxx.com,Rainglow Limitada,ALSI-202504035-FI2,2025-04-14,2027-04-13,no,https://admiral-xxx.com/contact,,not contacted,,
Azino777,azino777.com,https://azino777.com,Rainglow Limitada,ALSI-202504035-FI2,2025-04-14,2027-04-13,no,https://azino777.com/contact,,not contacted,,
Slot78,slot78.net,https://slot78.net,Rainglow Limitada,ALSI-202504035-FI2,2025-04-14,2027-04-13,no,https://slot78.net/contact,,not contacted,,
Wazobet,wazobet.com,https://wazobet.com,Rainglow Limitada,ALSI-202504035-FI2,2025-04-14,2027-04-13,no,https://wazobet.com/contact,,not contacted,,
Admiralx3,admiralx3.icu,https://admiralx3.icu,Rainglow Limitada,ALSI-202504035-FI2,2025-04-14,2027-04-13,no,https://admiralx3.icu/contact,,not contacted,,
Azinomobile,azinomobile.com,https://azinomobile.com,Rainglow Limitada,ALSI-202504035-FI2,2025-04-14,2027-04-13,no,https://azinomobile.com/contact,,not contacted,,
Azino888,azino888.win,https://azino888.win,Rainglow Limitada,ALSI-202504035-FI2,2025-04-14,2027-04-13,no,https://azino888.win/contact,,not contacted,,
In7,in7.com,https://in7.com,Raptor Entertainment Ltd,ALSI-202504009-FI1,2025-04-14,2027-04-13,no,https://in7.com/contact,,not contacted,,
Diesbet,diesbet.com,https://diesbet.com,Raptor Entertainment Ltd,ALSI-202504009-FI1,2025-04-14,2027-04-13,no,https://diesbet.com/contact,,not contacted,,
Routebet1,routebet1.com,https://routebet1.com,Raptor Entertainment Ltd,ALSI-202504009-FI1,2025-04-14,2027-04-13,no,https://routebet1.com/contact,,not contacted,,
Patekbahis,patekbahis.com,https://patekbahis.com,Raptor Entertainment Ltd,ALSI-202504009-FI1,2025-04-14,2027-04-13,no,https://patekbahis.com/contact,,not contacted,,
Betlouis,betlouis.com,https://betlouis.com,Raptor Entertainment Ltd,ALSI-202504009-FI1,2025-04-14,2027-04-13,no,https://betlouis.com/contact,,not contacted,,
1dkbet,1dkbet.com,https://1dkbet.com,Raptor Entertainment Ltd,ALSI-202504009-FI1,2025-04-14,2027-04-13,no,https://1dkbet.com/contact,,not contacted,,
Gundibet,gundibet.com,https://gundibet.com,Raptor Entertainment Ltd,ALSI-202504009-FI1,2025-04-14,2027-04-13,no,https://gundibet.com/contact,,not contacted,,
Megapolbet,megapolbet.com,https://megapolbet.com,Raptor Entertainment Ltd,ALSI-202504009-FI1,2025-04-14,2027-04-13,no,https://megapolbet.com/contact,,not contacted,,
Betroy,betroy.com,https://betroy.com,Raptor Entertainment Ltd,ALSI-202504009-FI1,2025-04-14,2027-04-13,no,https://betroy.com/contact,,not contacted,,
Sezarcasino,sezarcasino.com,https://sezarcasino.com,Raptor Entertainment Ltd,ALSI-202504009-FI1,2025-04-14,2027-04-13,no,https://sezarcasino.com/contact,,not contacted,,
Md88mas,md88mas.com,https://md88mas.com,Raptor Entertainment Ltd,ALSI-202504009-FI1,2025-04-14,2027-04-13,no,https://md88mas.com/contact,,not contacted,,
Onlybet1,onlybet1.com,https://onlybet1.com,Raptor Entertainment Ltd,ALSI-202504009-FI1,2025-04-14,2027-04-13,no,https://onlybet1.com/contact,,not contacted,,
Simsekbet,simsekbet.com,https://simsekbet.com,Raptor Entertainment Ltd,ALSI-202504009-FI1,2025-04-14,2027-04-13,no,https://simsekbet.com/contact,,not contacted,,
Prensbet,prensbet.com,https://prensbet.com,Raptor Entertainment Ltd,ALSI-202504009-FI1,2025-04-14,2027-04-13,no,https://prensbet.com/contact,,not contacted,,
Bahisbeta,bahisbeta.com,https://bahisbeta.com,Raptor Entertainment Ltd,ALSI-202504009-FI1,2025-04-14,2027-04-13,no,https://bahisbeta.com/contact,,not contacted,,
Universecasinoonline,universecasinoonline.com,https://universecasinoonline.com,Raptor Entertainment Ltd,ALSI-202504009-FI1,2025-04-14,2027-04-13,no,https://universecasinoonline.com/contact,,not contacted,,
Zeru,zeru.bet,https://zeru.bet,Raptor Entertainment Ltd,ALSI-202504009-FI1,2025-04-14,2027-04-13,no,https://zeru.bet/contact,,not contacted,,
Spartakusbet,spartakusbet.com,https://spartakusbet.com,Raptor Entertainment Ltd,ALSI-202504009-FI1,2025-04-14,2027-04-13,no,https://spartakusbet.com/contact,,not contacted,,
Betvalo,betvalo.com,https://betvalo.com,Raptor Entertainment Ltd,ALSI-202504009-FI1,2025-04-14,2027-04-13,no,https://betvalo.com/contact,,not contacted,,
Devbahis1,devbahis1.com,https://devbahis1.com,Raptor Entertainment Ltd,ALSI-202504009-FI1,2025-04-14,2027-04-13,no,https://devbahis1.com/contact,,not contacted,,
Mardanbet,mardanbet.com,https://mardanbet.com,Raptor Entertainment Ltd,ALSI-202504009-FI1,2025-04-14,2027-04-13,no,https://mardanbet.com/contact,,not contacted,,
2ace,2ace.fun,https://2ace.fun,Raptor Entertainment Ltd,ALSI-202504009-FI1,2025-04-14,2027-04-13,no,https://2ace.fun/contact,,not contacted,,
Betsobet,betsobet.com,https://betsobet.com,Raptor Entertainment Ltd,ALSI-202504009-FI1,2025-04-14,2027-04-13,no,https://betsobet.com/contact,,not contacted,,
Nemesisbet,nemesisbet.com,https://nemesisbet.com,Raptor Entertainment Ltd,ALSI-202504009-FI1,2025-04-14,2027-04-13,no,https://nemesisbet.com/contact,,not contacted,,
Aresbet,aresbet.com,https://aresbet.com,Raptor Entertainment Ltd,ALSI-202504009-FI1,2025-04-14,2027-04-13,no,https://aresbet.com/contact,,not contacted,,
Rulobet,rulobet.com,https://rulobet.com,Raptor Entertainment Ltd,ALSI-202504009-FI1,2025-04-14,2027-04-13,no,https://rulobet.com/contact,,not contacted,,
Betsrolex,betsrolex.com,https://betsrolex.com,Raptor Entertainment Ltd,ALSI-202504009-FI1,2025-04-14,2027-04-13,no,https://betsrolex.com/contact,,not contacted,,
Betbalina,betbalina.com,https://betbalina.com,Raptor Entertainment Ltd,ALSI-202504009-FI1,2025-04-14,2027-04-13,no,https://betbalina.com/contact,,not contacted,,
Beeplay,beeplay.bet,https://beeplay.bet,Raptor Entertainment Ltd,ALSI-202504009-FI1,2025-04-14,2027-04-13,no,https://beeplay.bet/contact,,not contacted,,
Grandbaba,grandbaba.com,https://grandbaba.com,Raptor Entertainment Ltd,ALSI-202504009-FI1,2025-04-14,2027-04-13,no,https://grandbaba.com/contact,,not contacted,,
Kfubet,kfubet.com,https://kfubet.com,Raptor Entertainment Ltd,ALSI-202504009-FI1,2025-04-14,2027-04-13,no,https://kfubet.com/contact,,not contacted,,
Kargabet,kargabet.com,https://kargabet.com,Raptor Entertainment Ltd,ALSI-202504009-FI1,2025-04-14,2027-04-13,no,https://kargabet.com/contact,,not contacted,,
Aztekbet,aztekbet.com,https://aztekbet.com,Raptor Entertainment Ltd,ALSI-202504009-FI1,2025-04-14,2027-04-13,no,https://aztekbet.com/contact,,not contacted,,
Gold11,gold11.gold,https://gold11.gold,Raptor Entertainment Ltd,ALSI-202504009-FI1,2025-04-14,2027-04-13,no,https://gold11.gold/contact,,not contacted,,
Beer,beer.black,https://beer.black,Raptor Entertainment Ltd,ALSI-202504009-FI1,2025-04-14,2027-04-13,no,https://beer.black/contact,,not contacted,,
Windbets,windbets.com,https://windbets.com,Raptor Entertainment Ltd,ALSI-202504009-FI1,2025-04-14,2027-04-13,no,https://windbets.com/contact,,not contacted,,
Warnercasino,warnercasino.com,https://warnercasino.com,Raptor Entertainment Ltd,ALSI-202504009-FI1,2025-04-14,2027-04-13,no,https://warnercasino.com/contact,,not contacted,,
Acilbahis,acilbahis.com,https://acilbahis.com,Raptor Entertainment Ltd,ALSI-202504009-FI1,2025-04-14,2027-04-13,no,https://acilbahis.com/contact,,not contacted,,
Revobets,revobets.com,https://revobets.com,Raptor Entertainment Ltd,ALSI-202504009-FI1,2025-04-14,2027-04-13,no,https://revobets.com/contact,,not contacted,,
Casiwar,casiwar.com,https://casiwar.com,Raptor Entertainment Ltd,ALSI-202504009-FI1,2025-04-14,2027-04-13,no,https://casiwar.com/contact,,not contacted,,
Betcik100,betcik100.com,https://betcik100.com,Raptor Entertainment Ltd,ALSI-202504009-FI1,2025-04-14,2027-04-13,no,https://betcik100.com/contact,,not contacted,,
Trinkbet,trinkbet.com,https://trinkbet.com,Raptor Entertainment Ltd,ALSI-202504009-FI1,2025-04-14,2027-04-13,no,https://trinkbet.com/contact,,not contacted,,
Betreward,betreward.com,https://betreward.com,Rewardion Ltd. ,ALSI-202504003-FI1,2025-04-14,2027-04-13,no,https://betreward.com/contact,,not contacted,,
Winbahis,winbahis.com,https://winbahis.com,Rewardion Ltd. ,ALSI-202504003-FI1,2025-04-14,2027-04-13,no,https://winbahis.com/contact,,not contacted,,
Bingobetsy,bingobetsy.com,https://bingobetsy.com,Major Verve Limitada,ALSI-202504014-FI1,2025-04-10,2026-04-09,no,https://bingobetsy.com/contact,,not contacted,,
Gurenluck,gurenluck.com,https://gurenluck.com,Gurenluck Gaming Ltd,ALSI-202504010-FI1,2025-04-07,2026-04-06,no,https://gurenluck.com/contact,,not contacted,,
Winlion,winlion.com,https://winlion.com,Keron Systems Limited,ALSI-202504033-FI2,2025-04-07,2027-04-06,no,https://winlion.com/contact,,not contacted,,
Bino,bino.bet,https://bino.bet,Innovex Tech Holdings Limited,ALSI-202504026-FI1,2025-04-06,2027-04-05,no,https://bino.bet/contact,,not contacted,,
Igo,igo.bet,https://igo.bet,Innovex Tech Holdings Limited,ALSI-202504026-FI1,2025-04-06,2027-04-05,no,https://igo.bet/contact,,not contacted,,
Luckygem,luckygem.com,https://luckygem.com,Innovex Tech Holdings Limited,ALSI-202504026-FI1,2025-04-06,2027-04-05,no,https://luckygem.com/contact,,not contacted,,
Nix,nix.bet,https://nix.bet,Innovex Tech Holdings Limited,ALSI-202504026-FI1,2025-04-06,2027-04-05,no,https://nix.bet/contact,,not contacted,,
Playmegawin,playmegawin.com,https://playmegawin.com,Innovex Tech Holdings Limited,ALSI-202504026-FI1,2025-04-06,2027-04-05,no,https://playmegawin.com/contact,,not contacted,,
Slotrush,slotrush.com,https://slotrush.com,Innovex Tech Holdings Limited,ALSI-202504026-FI1,2025-04-06,2027-04-05,no,https://slotrush.com/contact,,not contacted,,
Spinstar,spinstar.bet,https://spinstar.bet,Innovex Tech Holdings Limited,ALSI-202504026-FI1,2025-04-06,2027-04-05,no,https://spinstar.bet/contact,,not contacted,,
Tip Top,tip-top.bet,https://tip-top.bet,Innovex Tech Holdings Limited,ALSI-202504026-FI1,2025-04-06,2027-04-05,no,https://tip-top.bet/contact,,not contacted,,
Viu Viu,viu-viu.com,https://viu-viu.com,Innovex Tech Holdings Limited,ALSI-202504026-FI1,2025-04-06,2027-04-05,no,https://viu-viu.com/contact,,not contacted,,
Casho,casho.bet,https://casho.bet,Innovex Tech Holdings Limited,ALSI-202504026-FI1,2025-04-06,2027-04-05,no,https://casho.bet/contact,,not contacted,,
Gt,gt.bet,https://gt.bet,Innovex Tech Holdings Limited,ALSI-202504026-FI1,2025-04-06,2027-04-05,no,https://gt.bet/contact,,not contacted,,
Crazyking,crazyking.bet,https://crazyking.bet,Innovex Tech Holdings Limited,ALSI-202504026-FI1,2025-04-06,2027-04-05,no,https://crazyking.bet/contact,,not contacted,,
Mama,mama.bet,https://mama.bet,Innovex Tech Holdings Limited,ALSI-202504026-FI1,2025-04-06,2027-04-05,no,https://mama.bet/contact,,not contacted,,
Wishcasino,wishcasino.io,https://wishcasino.io,Starcluster Spectrum Ltd,ALSI-202504025-FI1,2025-04-06,2026-04-05,no,https://wishcasino.io/contact,,not contacted,,
Spinspace,spinspace.io,https://spinspace.io,Starcluster Spectrum Ltd,ALSI-202504025-FI1,2025-04-06,2026-04-05,no,https://spinspace.io/contact,,not contacted,,
Betsofa,betsofa.com,https://betsofa.com,Starcluster Spectrum Ltd,ALSI-202504025-FI1,2025-04-06,2026-04-05,no,https://betsofa.com/contact,,not contacted,,
Gospin,gospin.io,https://gospin.io,Starcluster Spectrum Ltd,ALSI-202504025-FI1,2025-04-06,2026-04-05,no,https://gospin.io/contact,,not contacted,,
Kingamo,kingamo.com,https://kingamo.com,Starcluster Spectrum Ltd,ALSI-202504025-FI1,2025-04-06,2026-04-05,no,https://kingamo.com/contact,,not contacted,,
Luckyreels,luckyreels.io,https://luckyreels.io,Starcluster Spectrum Ltd,ALSI-202504025-FI1,2025-04-06,2026-04-05,no,https://luckyreels.io/contact,,not contacted,,
Pumacasino,pumacasino.io,https://pumacasino.io,Starcluster Spectrum Ltd,ALSI-202504025-FI1,2025-04-06,2026-04-05,no,https://pumacasino.io/contact,,not contacted,,
Rocketwin,rocketwin.io,https://rocketwin.io,Starcluster Spectrum Ltd,ALSI-202504025-FI1,2025-04-06,2026-04-05,no,https://rocketwin.io/contact,,not contacted,,
Playbatery,playbatery.com,https://playbatery.com,Aronelium Limited,ALSI-202504022-FI1,2025-04-01,2026-03-31,no,https://playbatery.com/contact,,not contacted,,
Biggerz,biggerz.com,https://biggerz.com,CDK Play Inc SRL,ALSI-202504023-FI1,2025-04-01,2027-03-31,no,https://biggerz.com/contact,,not contacted,,
Spinvibe,spinvibe.casino,https://spinvibe.casino,Dynamic Ventures Limitada,ALSI-202504024-FI1,2025-04-01,2027-03-31,no,https://spinvibe.casino/contact,,not contacted,,
Hitme,hitme.bet,https://hitme.bet,Naughtly List Limitada,ALSI-202504005-FI1,2025-04-01,2026-03-31,no,https://hitme.bet/contact,,not contacted,,
Goldrushplay,goldrushplay.com,https://goldrushplay.com,Orian Enterprises Ltd,ALSI-202504007-FI1,2025-04-01,2026-03-31,no,https://goldrushplay.com/contact,,not contacted,,
Solpot,solpot.com,https://solpot.com,Solpot Limited,ALSI-202504013-FI1,2025-04-01,2026-03-31,no,https://solpot.com/contact,,not contacted,,
Wydon,wydon.io,https://wydon.io,Wydon Gaming LLC,ALSI-202504002-FI1,2025-04-01,2026-03-31,no,https://wydon.io/contact,,not contacted,,
Sohobet,sohobet.com,https://sohobet.com,Data Link Operations Limitada,ALSI-202503044-FI2,2025-03-31,2027-03-30,no,https://sohobet.com/contact,,not contacted,,
Jumpobet,jumpobet.com,https://jumpobet.com,Data Link Operations Limitada,ALSI-202503044-FI2,2025-03-31,2027-03-30,no,https://jumpobet.com/contact,,not contacted,,
Tarabet,tarabet.com,https://tarabet.com,Data Link Operations Limitada,ALSI-202503044-FI2,2025-03-31,2027-03-30,no,https://tarabet.com/contact,,not contacted,,
Betpuan,betpuan.com,https://betpuan.com,Data Link Operations Limitada,ALSI-202503044-FI2,2025-03-31,2027-03-30,no,https://betpuan.com/contact,,not contacted,,
Nisbar,nisbar.com,https://nisbar.com,Data Link Operations Limitada,ALSI-202503044-FI2,2025-03-31,2027-03-30,no,https://nisbar.com/contact,,not contacted,,
Gameofbet,gameofbet.com,https://gameofbet.com,Data Link Operations Limitada,ALSI-202503044-FI2,2025-03-31,2027-03-30,no,https://gameofbet.com/contact,,not contacted,,
Livebahis,livebahis.com,https://livebahis.com,Star Design Solutions Limitada,ALSI-202503045-FI2,2025-03-31,2027-03-30,no,https://livebahis.com/contact,,not contacted,,
Gobahis,gobahis.com,https://gobahis.com,Star Design Solutions Limitada,ALSI-202503045-FI2,2025-03-31,2027-03-30,no,https://gobahis.com/contact,,not contacted,,
Betlivo,betlivo.com,https://betlivo.com,Star Design Solutions Limitada,ALSI-202503045-FI2,2025-03-31,2027-03-30,no,https://betlivo.com/contact,,not contacted,,
Betbey,betbey.com,https://betbey.com,Star Design Solutions Limitada,ALSI-202503045-FI2,2025-03-31,2027-03-30,no,https://betbey.com/contact,,not contacted,,
Girnecasino,girnecasino.com,https://girnecasino.com,Star Design Solutions Limitada,ALSI-202503045-FI2,2025-03-31,2027-03-30,no,https://girnecasino.com/contact,,not contacted,,
Istekbet,istekbet.com,https://istekbet.com,Star Design Solutions Limitada,ALSI-202503045-FI2,2025-03-31,2027-03-30,no,https://istekbet.com/contact,,not contacted,,
Casinoroys,casinoroys.com,https://casinoroys.com,Star Design Solutions Limitada,ALSI-202503045-FI2,2025-03-31,2027-03-30,no,https://casinoroys.com/contact,,not contacted,,
Otocasino,otocasino.com,https://otocasino.com,Star Design Solutions Limitada,ALSI-202503045-FI2,2025-03-31,2027-03-30,no,https://otocasino.com/contact,,not contacted,,
Carkbet,carkbet.com,https://carkbet.com,Star Design Solutions Limitada,ALSI-202503045-FI2,2025-03-31,2027-03-30,no,https://carkbet.com/contact,,not contacted,,
Meritcasino,meritcasino.bet,https://meritcasino.bet,Star Design Solutions Limitada,ALSI-202503045-FI2,2025-03-31,2027-03-30,no,https://meritcasino.bet/contact,,not contacted,,
Nextbet7,nextbet7.net,https://nextbet7.net,Star Design Solutions Limitada,ALSI-202503045-FI2,2025-03-31,2027-03-30,no,https://nextbet7.net/contact,,not contacted,,
Betonblack,betonblack.io,https://betonblack.io,Big Payout LLC SRL,ALSI-202503026-FI2,2025-03-27,2027-03-26,no,https://betonblack.io/contact,,not contacted,,
Fortex,fortex.bet,https://fortex.bet,Big Payout LLC SRL,ALSI-202503026-FI2,2025-03-27,2027-03-26,no,https://fortex.bet/contact,,not contacted,,
Redbeard,redbeard.casino,https://redbeard.casino,Black Falcon Entertainment LTD,ALSI-202503042-FI2,2025-03-27,2027-03-26,no,https://redbeard.casino/contact,,not contacted,,
Redbeardcasino,redbeardcasino.com,https://redbeardcasino.com,Black Falcon Entertainment LTD,ALSI-202503042-FI2,2025-03-27,2027-03-26,no,https://redbeardcasino.com/contact,,not contacted,,
Gambleverse,gambleverse.com,https://gambleverse.com,Cosmic Entertainment Ltd.,ALSI-202503038-FI2,2025-03-27,2026-03-26,no,https://gambleverse.com/contact,,not contacted,,
Orbet,orbet.com,https://orbet.com,Cosmic Entertainment Ltd.,ALSI-202503038-FI2,2025-03-27,2026-03-26,no,https://orbet.com/contact,,not contacted,,
Cryptonbets,cryptonbets.com,https://cryptonbets.com,Crypton Entertainment Holding Limitada,ALSI-202503034-FI2,2025-03-27,2027-03-26,no,https://cryptonbets.com/contact,,not contacted,,
Genesisgame,genesisgame.co,https://genesisgame.co,Crypton Entertainment Holding Limitada,ALSI-202503034-FI2,2025-03-27,2027-03-26,no,https://genesisgame.co/contact,,not contacted,,
Billionbahis,billionbahis.com,https://billionbahis.com,Crypton Entertainment Holding Limitada,ALSI-202503034-FI2,2025-03-27,2027-03-26,no,https://billionbahis.com/contact,,not contacted,,
Peergame,peergame.com,https://peergame.com,Gambeya Limited,ALSI-202503025-FI2,2025-03-27,2027-03-26,no,https://peergame.com/contact,,not contacted,,
Kingschance,kingschance.com,https://kingschance.com,Geneva Marketing Limited,ALSI-202503024-FI2,2025-03-27,2027-03-26,no,https://kingschance.com/contact,,not contacted,,
Luckytreasure,luckytreasure.com,https://luckytreasure.com,Geneva Marketing Limited,ALSI-202503024-FI2,2025-03-27,2027-03-26,no,https://luckytreasure.com/contact,,not contacted,,
Infinito,infinito.bet,https://infinito.bet,Grand Prix Ganador Limitada,ALSI-202503040-FI2,2025-03-27,2027-03-26,no,https://infinito.bet/contact,,not contacted,,
Iku,iku.io,https://iku.io,Grand Prix Ganador Limitada,ALSI-202503040-FI2,2025-03-27,2027-03-26,no,https://iku.io/contact,,not contacted,,
Magnumbet365,magnumbet365.com,https://magnumbet365.com,Green Stream Holding Limitada,ALSI-202503043-FI2,2025-03-27,2027-03-26,no,https://magnumbet365.com/contact,,not contacted,,
Hotbahis,hotbahis.com,https://hotbahis.com,Green Stream Holding Limitada,ALSI-202503043-FI2,2025-03-27,2027-03-26,no,https://hotbahis.com/contact,,not contacted,,
1xkoora,1xkoora.com,https://1xkoora.com,Green Stream Holding Limitada,ALSI-202503043-FI2,2025-03-27,2027-03-26,no,https://1xkoora.com/contact,,not contacted,,
Betbeymen,betbeymen.com,https://betbeymen.com,Green Stream Holding Limitada,ALSI-202503043-FI2,2025-03-27,2027-03-26,no,https://betbeymen.com/contact,,not contacted,,
Betnano,betnano.direct,https://betnano.direct,Green Stream Holding Limitada,ALSI-202503043-FI2,2025-03-27,2027-03-26,no,https://betnano.direct/contact,,not contacted,,
Betgamon,betgamon.com,https://betgamon.com,Green Stream Holding Limitada,ALSI-202503043-FI2,2025-03-27,2027-03-26,no,https://betgamon.com/contact,,not contacted,,
Betci2,betci2.com,https://betci2.com,Green Stream Holding Limitada,ALSI-202503043-FI2,2025-03-27,2027-03-26,no,https://betci2.com/contact,,not contacted,,
Hiltonbet,hiltonbet.com,https://hiltonbet.com,Green Stream Holding Limitada,ALSI-202503043-FI2,2025-03-27,2027-03-26,no,https://hiltonbet.com/contact,,not contacted,,
Betcool1,betcool1.com,https://betcool1.com,Green Stream Holding Limitada,ALSI-202503043-FI2,2025-03-27,2027-03-26,no,https://betcool1.com/contact,,not contacted,,
Southbet1,southbet1.com,https://southbet1.com,Green Stream Holding Limitada,ALSI-202503043-FI2,2025-03-27,2027-03-26,no,https://southbet1.com/contact,,not contacted,,
Betaverse10,betaverse10.com,https://betaverse10.com,Green Stream Holding Limitada,ALSI-202503043-FI2,2025-03-27,2027-03-26,no,https://betaverse10.com/contact,,not contacted,,
Focusbet,focusbet.com,https://focusbet.com,Green Stream Holding Limitada,ALSI-202503043-FI2,2025-03-27,2027-03-26,no,https://focusbet.com/contact,,not contacted,,
Betlee,betlee.com,https://betlee.com,Green Stream Holding Limitada,ALSI-202503043-FI2,2025-03-27,2027-03-26,no,https://betlee.com/contact,,not contacted,,
Betbox2,betbox2.com,https://betbox2.com,Green Stream Holding Limitada,ALSI-202503043-FI2,2025-03-27,2027-03-26,no,https://betbox2.com/contact,,not contacted,,
Kazan365,kazan365.com,https://kazan365.com,Green Stream Holding Limitada,ALSI-202503043-FI2,2025-03-27,2027-03-26,no,https://kazan365.com/contact,,not contacted,,
Guccibahis,guccibahis.com,https://guccibahis.com,Green Stream Holding Limitada,ALSI-202503043-FI2,2025-03-27,2027-03-26,no,https://guccibahis.com/contact,,not contacted,,
Yasalcasinom,yasalcasinom.com,https://yasalcasinom.com,Green Stream Holding Limitada,ALSI-202503043-FI2,2025-03-27,2027-03-26,no,https://yasalcasinom.com/contact,,not contacted,,
Casinoyna,casinoyna.com,https://casinoyna.com,Green Stream Holding Limitada,ALSI-202503043-FI2,2025-03-27,2027-03-26,no,https://casinoyna.com/contact,,not contacted,,
Ciftzar,ciftzar.com,https://ciftzar.com,Green Stream Holding Limitada,ALSI-202503043-FI2,2025-03-27,2027-03-26,no,https://ciftzar.com/contact,,not contacted,,
Bankagibi,bankagibi.com,https://bankagibi.com,Green Stream Holding Limitada,ALSI-202503043-FI2,2025-03-27,2027-03-26,no,https://bankagibi.com/contact,,not contacted,,
Ruhcasino,ruhcasino.com,https://ruhcasino.com,Green Stream Holding Limitada,ALSI-202503043-FI2,2025-03-27,2027-03-26,no,https://ruhcasino.com/contact,,not contacted,,
Famecasino,famecasino.com,https://famecasino.com,Green Stream Holding Limitada,ALSI-202503043-FI2,2025-03-27,2027-03-26,no,https://famecasino.com/contact,,not contacted,,
Marriotbet,marriotbet.com,https://marriotbet.com,Green Stream Holding Limitada,ALSI-202503043-FI2,2025-03-27,2027-03-26,no,https://marriotbet.com/contact,,not contacted,,
Enjoybet100,enjoybet100.com,https://enjoybet100.com,Green Stream Holding Limitada,ALSI-202503043-FI2,2025-03-27,2027-03-26,no,https://enjoybet100.com/contact,,not contacted,,
Premiumbahis,premiumbahis.com,https://premiumbahis.com,Green Stream Holding Limitada,ALSI-202503043-FI2,2025-03-27,2027-03-26,no,https://premiumbahis.com/contact,,not contacted,,
Binobi,binobi.com,https://binobi.com,Lexoria Global Ltd.,ALSI-202503035-FI2,2025-03-27,2027-03-26,no,https://binobi.com/contact,,not contacted,,
Bettingbeast,bettingbeast.com,https://bettingbeast.com,Litocan Limited,ALSI-202503041-FI2,2025-03-27,2027-03-26,no,https://bettingbeast.com/contact,,not contacted,,
Royspins,royspins.casino,https://royspins.casino,Luxora LLC,ALSI-202503027-FI2,2025-03-27,2027-03-26,no,https://royspins.casino/contact,,not contacted,,
Wazbee,wazbee.com,https://wazbee.com,Luxora LLC,ALSI-202503027-FI2,2025-03-27,2027-03-26,no,https://wazbee.com/contact,,not contacted,,
Welle,welle.bet,https://welle.bet,Luxora LLC,ALSI-202503027-FI2,2025-03-27,2027-03-26,no,https://welle.bet/contact,,not contacted,,
Qzino,qzino.com,https://qzino.com,CG Universe Limitada,ALSI-202503015-FI1,2025-03-18,2027-03-17,no,https://qzino.com/contact,,not contacted,,
Qzino,qzino.io,https://qzino.io,CG Universe Limitada,ALSI-202503015-FI1,2025-03-18,2027-03-17,no,https://qzino.io/contact,,not contacted,,
Redwin,redwin.com,https://redwin.com,Forgeanza LTD,ALSI-202503016-FI1,2025-03-18,2027-03-17,no,https://redwin.com/contact,,not contacted,,
Betcup,betcup.com,https://betcup.com,Forgeanza LTD,ALSI-202503016-FI1,2025-03-18,2027-03-17,no,https://betcup.com/contact,,not contacted,,
Betebet,betebet.com,https://betebet.com,Forgeanza LTD,ALSI-202503016-FI1,2025-03-18,2027-03-17,no,https://betebet.com/contact,,not contacted,,
Betvole,betvole.com,https://betvole.com,Forgeanza LTD,ALSI-202503016-FI1,2025-03-18,2027-03-17,no,https://betvole.com/contact,,not contacted,,
Casinovale,casinovale.com,https://casinovale.com,Forgeanza LTD,ALSI-202503016-FI1,2025-03-18,2027-03-17,no,https://casinovale.com/contact,,not contacted,,
Bahisbet,bahisbet.com,https://bahisbet.com,PrimeSoft Technologies Limited,ALSI-202503039-FI2,2025-03-18,2027-03-17,no,https://bahisbet.com/contact,,not contacted,,
Goldfishka,goldfishka.com,https://goldfishka.com,South Hills Holdings Limitada,ALSI-202503014-FI1,2025-03-18,2027-03-17,no,https://goldfishka.com/contact,,not contacted,,
Pan Casino,pan-casino.com,https://pan-casino.com,South Hills Holdings Limitada,ALSI-202503014-FI1,2025-03-18,2027-03-17,no,https://pan-casino.com/contact,,not contacted,,
Lime,lime.fan,https://lime.fan,Tornbit Ltd,ALSI-202503030-FI2,2025-03-18,2027-03-17,no,https://lime.fan/contact,,not contacted,,
Tsars,tsars.com,https://tsars.com,Trink N.V.,ALSI-202503021-FI1,2025-03-18,2027-03-17,no,https://tsars.com/contact,,not contacted,,
Bulletz,bulletz.com,https://bulletz.com,Trink N.V.,ALSI-202503021-FI1,2025-03-18,2027-03-17,no,https://bulletz.com/contact,,not contacted,,
Casoo,casoo.com,https://casoo.com,Trink N.V.,ALSI-202503021-FI1,2025-03-18,2027-03-17,no,https://casoo.com/contact,,not contacted,,
Basecasino,basecasino.com,https://basecasino.com,TTOP Group AJ Ltd,ALSI-202503023-FI1,2025-03-18,2026-03-17,no,https://basecasino.com/contact,,not contacted,,
Chipsy,chipsy.com,https://chipsy.com,TTOP Group AJ Ltd,ALSI-202503023-FI1,2025-03-18,2026-03-17,no,https://chipsy.com/contact,,not contacted,,
Onlybetscasino,onlybetscasino.com,https://onlybetscasino.com,Beowulf Enterprises Ltd.,ALSI-202503017-FI1,2025-03-13,2027-03-12,no,https://onlybetscasino.com/contact,,not contacted,,
Bet4yaar,bet4yaar.org,https://bet4yaar.org,Axios Group Ltd,ALSI-202503009-FI1,2025-03-10,2027-03-09,no,https://bet4yaar.org/contact,,not contacted,,
Bet 4win,bet-4win.com,https://bet-4win.com,Axios Group Ltd,ALSI-202503009-FI1,2025-03-10,2027-03-09,no,https://bet-4win.com/contact,,not contacted,,
Bet4yaar,bet4yaar.com,https://bet4yaar.com,Axios Group Ltd,ALSI-202503009-FI1,2025-03-10,2027-03-09,no,https://bet4yaar.com/contact,,not contacted,,
Magic88,magic88.bet,https://magic88.bet,Smartplay Ltd,ALSI-202503010-FI1,2025-03-10,2027-03-09,no,https://magic88.bet/contact,,not contacted,,
Magic88,magic88.mobi,https://magic88.mobi,Smartplay Ltd,ALSI-202503010-FI1,2025-03-10,2027-03-09,no,https://magic88.mobi/contact,,not contacted,,
1xroll,1xroll.my,https://1xroll.my,Smartplay Ltd,ALSI-202503010-FI1,2025-03-10,2027-03-09,no,https://1xroll.my/contact,,not contacted,,
1xroll,1xroll.com,https://1xroll.com,Smartplay Ltd,ALSI-202503010-FI1,2025-03-10,2027-03-09,no,https://1xroll.com/contact,,not contacted,,
Whale,whale.io,https://whale.io,Whale Operations Ltd,ALSI-202503012-FI1,2025-03-10,2026-03-09,no,https://whale.io/contact,,not contacted,,
Whalecasino,whalecasino.io,https://whalecasino.io,Whale Operations Ltd,ALSI-202503012-FI1,2025-03-10,2026-03-09,no,https://whalecasino.io/contact,,not contacted,,
Ultrabet,ultrabet.com,https://ultrabet.com,Bestake Ltd,ALSI-202502026-FI1,2025-03-07,2027-03-06,no,https://ultrabet.com/contact,,not contacted,,
Setrabet,setrabet.com,https://setrabet.com,Bestake Ltd,ALSI-202502026-FI1,2025-03-07,2027-03-06,no,https://setrabet.com/contact,,not contacted,,
Ikimisli,ikimisli.com,https://ikimisli.com,Bestake Ltd,ALSI-202502026-FI1,2025-03-07,2027-03-06,no,https://ikimisli.com/contact,,not contacted,,
Betkolik,betkolik.com,https://betkolik.com,Bestake Ltd,ALSI-202502026-FI1,2025-03-07,2027-03-06,no,https://betkolik.com/contact,,not contacted,,
Slotage,slotage.com,https://slotage.com,Bonanza Ltd,ALSI-202503033-FI2,2025-03-07,2026-03-06,no,https://slotage.com/contact,,not contacted,,
Shambalacasino,shambalacasino.com,https://shambalacasino.com,Bonanza Ltd,ALSI-202503033-FI2,2025-03-07,2026-03-06,no,https://shambalacasino.com/contact,,not contacted,,
Greenspin,greenspin.bet,https://greenspin.bet,Bonanza Ltd,ALSI-202503033-FI2,2025-03-07,2026-03-06,no,https://greenspin.bet/contact,,not contacted,,
Gluckcasino,gluckcasino.com,https://gluckcasino.com,Bonanza Ltd,ALSI-202503033-FI2,2025-03-07,2026-03-06,no,https://gluckcasino.com/contact,,not contacted,,
Valor,valor.casino,https://valor.casino,Dragonoro Ltd,ALSI-202503004-FI1,2025-03-07,2027-03-06,no,https://valor.casino/contact,,not contacted,,
Turbo Casino,turbo-casino.gg,https://turbo-casino.gg,Elsikora Group Limitada,ALSI-202503005-FI1,2025-03-07,2027-03-06,no,https://turbo-casino.gg/contact,,not contacted,,
Bitzamo,bitzamo.com,https://bitzamo.com,Elsikora Group Limitada,ALSI-202503005-FI1,2025-03-07,2027-03-06,no,https://bitzamo.com/contact,,not contacted,,
Blitz,blitz.red,https://blitz.red,Elsikora Group Limitada,ALSI-202503005-FI1,2025-03-07,2027-03-06,no,https://blitz.red/contact,,not contacted,,
Bounty Casino,bounty-casino.com,https://bounty-casino.com,Elsikora Group Limitada,ALSI-202503005-FI1,2025-03-07,2027-03-06,no,https://bounty-casino.com/contact,,not contacted,,
Brillx,brillx.gg,https://brillx.gg,Elsikora Group Limitada,ALSI-202503005-FI1,2025-03-07,2027-03-06,no,https://brillx.gg/contact,,not contacted,,
Friends Casino,friends-casino.com,https://friends-casino.com,Elsikora Group Limitada,ALSI-202503005-FI1,2025-03-07,2027-03-06,no,https://friends-casino.com/contact,,not contacted,,
Selector,selector.gg,https://selector.gg,Elsikora Group Limitada,ALSI-202503005-FI1,2025-03-07,2027-03-06,no,https://selector.gg/contact,,not contacted,,
Paradice,paradice.game,https://paradice.game,Genesis Enterprise Ltd,ALSI-202503002-FI1,2025-03-07,2027-03-06,no,https://paradice.game/contact,,not contacted,,
Paradice,paradice.vip,https://paradice.vip,Genesis Enterprise Ltd,ALSI-202503002-FI1,2025-03-07,2027-03-06,no,https://paradice.vip/contact,,not contacted,,
Just,just.bet,https://just.bet,Just Bet SRL,ALSI-202503028-FI2,2025-03-07,2026-03-06,no,https://just.bet/contact,,not contacted,,
Wincashino,wincashino.com,https://wincashino.com,Ludus Alea Limitada,ALSI-202503003-FI1,2025-03-07,2026-03-06,no,https://wincashino.com/contact,,not contacted,,
Iwon88,iwon88.info,https://iwon88.info,"Sleekfork Co., Ltd.",ALSI-202503001-FI1,2025-03-07,2027-03-06,no,https://iwon88.info/contact,,not contacted,,
Thrillbusters,thrillbusters.com,https://thrillbusters.com,TechNova Solutions Limited,ALSI-202503006-FI1,2025-03-07,2026-03-06,no,https://thrillbusters.com/contact,,not contacted,,
Nv Casino,nv-casino.io,https://nv-casino.io,TechNova Solutions Limited,ALSI-202503006-FI1,2025-03-07,2026-03-06,no,https://nv-casino.io/contact,,not contacted,,
Maggico,maggico.io,https://maggico.io,TechNova Solutions Limited,ALSI-202503006-FI1,2025-03-07,2026-03-06,no,https://maggico.io/contact,,not contacted,,
Aoebet,aoebet.com,https://aoebet.com,AOEFUN LIMITADA,ALSI-202503008-FI1,2025-03-04,2027-03-03,no,https://aoebet.com/contact,,not contacted,,
Aoe,aoe.bet,https://aoe.bet,AOEFUN LIMITADA,ALSI-202503008-FI1,2025-03-04,2027-03-03,no,https://aoe.bet/contact,,not contacted,,
W88es,w88es.com,https://w88es.com,MRB Solutions Limitada,ALSI-202503011-FI1,2025-03-03,2027-03-02,no,https://w88es.com/contact,,not contacted,,
Bluechip,bluechip.io,https://bluechip.io,MRB Solutions Limitada,ALSI-202503011-FI1,2025-03-03,2027-03-02,no,https://bluechip.io/contact,,not contacted,,
Bluechipcasino,bluechipcasino.io,https://bluechipcasino.io,MRB Solutions Limitada,ALSI-202503011-FI1,2025-03-03,2027-03-02,no,https://bluechipcasino.io/contact,,not contacted,,
Spinozo,spinozo.com,https://spinozo.com,MRB Solutions Limitada,ALSI-202503011-FI1,2025-03-03,2027-03-02,no,https://spinozo.com/contact,,not contacted,,
Bluechip7,bluechip7.io,https://bluechip7.io,MRB Solutions Limitada,ALSI-202503011-FI1,2025-03-03,2027-03-02,no,https://bluechip7.io/contact,,not contacted,,
Kazmit,kazmit.com,https://kazmit.com,MRB Solutions Limitada,ALSI-202503011-FI1,2025-03-03,2027-03-02,no,https://kazmit.com/contact,,not contacted,,
Hunterplay,hunterplay.com,https://hunterplay.com,MRB Solutions Limitada,ALSI-202503011-FI1,2025-03-03,2027-03-02,no,https://hunterplay.com/contact,,not contacted,,
Alphabetz,alphabetz.com,https://alphabetz.com,MRB Solutions Limitada,ALSI-202503011-FI1,2025-03-03,2027-03-02,no,https://alphabetz.com/contact,,not contacted,,
Xobet,xobet.casino,https://xobet.casino,Beontop Prime Limitada,ALSI-202503013-FI1,2025-03-02,2027-03-01,no,https://xobet.casino/contact,,not contacted,,
Xobet,xobet.games,https://xobet.games,Beontop Prime Limitada,ALSI-202503013-FI1,2025-03-02,2027-03-01,no,https://xobet.games/contact,,not contacted,,
Plg,plg.bet,https://plg.bet,Csgoplg Limitada,ALSI-202503020-FI1,2025-03-02,2027-03-01,no,https://plg.bet/contact,,not contacted,,
Abcfortunazone,abcfortunazone.com,https://abcfortunazone.com,Fortunazone Limitada,ALSI-202503007-FI1,2025-03-02,2027-03-01,no,https://abcfortunazone.com/contact,,not contacted,,
Fortunazone,fortunazone.com,https://fortunazone.com,Fortunazone Limitada,ALSI-202503007-FI1,2025-03-02,2027-03-01,no,https://fortunazone.com/contact,,not contacted,,
Gamblr,gamblr.io,https://gamblr.io,Gamblr Gaming Ltd,ALSI-202503019-FI1,2025-03-02,2027-03-01,no,https://gamblr.io/contact,,not contacted,,
Arena365,arena365.com,https://arena365.com,Vanguard Games Ltd,ALSI-202503018-FI1,2025-03-02,2027-03-01,no,https://arena365.com/contact,,not contacted,,
Bitplay,bitplay.com,https://bitplay.com,Belvio Ltd.,ALSI-202502040-FI2,2025-02-28,2027-02-27,no,https://bitplay.com/contact,,not contacted,,
Nationalplay,nationalplay.com,https://nationalplay.com,Betarium Ltd.,ALSI-202502042-FI2,2025-02-28,2027-02-27,no,https://nationalplay.com/contact,,not contacted,,
Beton,beton.win,https://beton.win,Big D Ltd,ALSI-202502041-FI2,2025-02-28,2027-02-27,no,https://beton.win/contact,,not contacted,,
Sloti,sloti.co,https://sloti.co,Big D Ltd,ALSI-202502041-FI2,2025-02-28,2027-02-27,no,https://sloti.co/contact,,not contacted,,
Wagercasino,wagercasino.io,https://wagercasino.io,Longhorn Capital Inc,ALSI-202502044-FI2,2025-02-28,2027-02-27,no,https://wagercasino.io/contact,,not contacted,,
Ddcasino,ddcasino.online,https://ddcasino.online,Reel Motion Games Limitada,ALSI-202502043-FI2,2025-02-28,2027-02-27,no,https://ddcasino.online/contact,,not contacted,,
Getx,getx.games,https://getx.games,Getcrumb Ltd,ALSI 202502039 FI2,2025-02-27,2027-02-26,no,https://getx.games/contact,,not contacted,,
Bcfine,bcfine.tech,https://bcfine.tech,Oblectare G. Solutions N.V.,ALSI-202502036-FI2,2025-02-27,2026-02-26,no,https://bcfine.tech/contact,,not contacted,,
Logicasino,logicasino.com,https://logicasino.com,Sand Surf Creations S.A.,ALSI-202502037-FI2,2025-02-27,2027-02-26,no,https://logicasino.com/contact,,not contacted,,
Biggg,biggg.com,https://biggg.com,Sand Surf Creations S.A.,ALSI-202502037-FI2,2025-02-27,2027-02-26,no,https://biggg.com/contact,,not contacted,,
Pokies2go,pokies2go.io,https://pokies2go.io,Vivid Ventures Ltd,ALSI-202502020-FI1,2025-02-26,2026-02-25,no,https://pokies2go.io/contact,,not contacted,,
Pokies2go,pokies2go.com,https://pokies2go.com,Vivid Ventures Ltd,ALSI-202502020-FI1,2025-02-26,2026-02-25,no,https://pokies2go.com/contact,,not contacted,,
Betpanda,betpanda.gg,https://betpanda.gg,Interactive Pandas SRL,ALSI-202502003-FI1,2025-02-21,2026-02-20,no,https://betpanda.gg/contact,,not contacted,,
Hotspins,hotspins.io,https://hotspins.io,Interactive Pandas SRL,ALSI-202502003-FI1,2025-02-21,2026-02-20,no,https://hotspins.io/contact,,not contacted,,
Betski,betski.com,https://betski.com,PTY Global Fun LLC,ALSI-202502016-FI1,2025-02-21,2027-02-20,no,https://betski.com/contact,,not contacted,,
Vegasnova,vegasnova.com,https://vegasnova.com,Veganova Ltd,ALSI-202502018-FI1,2025-02-21,2027-02-20,no,https://vegasnova.com/contact,,not contacted,,
Jawhara,jawhara.bet,https://jawhara.bet,Altaris Ltd,ALSI-202502024-FI1,2025-02-20,2027-02-19,no,https://jawhara.bet/contact,,not contacted,,
Joefortune,joefortune.com,https://joefortune.com,Danum Ltd,ALSI-202502023-FI1,2025-02-20,2026-02-19,no,https://joefortune.com/contact,,not contacted,,
Pokerk,pokerk.com,https://pokerk.com,Litpixel Limitada,ALSI-202502025-FI1,2025-02-20,2027-02-19,no,https://pokerk.com/contact,,not contacted,,
Pokerok,pokerok.com,https://pokerok.com,Litpixel Limitada,ALSI-202502025-FI1,2025-02-20,2027-02-19,no,https://pokerok.com/contact,,not contacted,,
Fortebet,fortebet.com,https://fortebet.com,Massalia Company Limited,ALSI-202502028-FI1,2025-02-20,2027-02-19,no,https://fortebet.com/contact,,not contacted,,
Win,win.bet,https://win.bet,One Three Eight Soft SRL,ALSI-202502019-FI1,2025-02-20,2027-02-19,no,https://win.bet/contact,,not contacted,,
Overunder,overunder.xyz,https://overunder.xyz,Over Under Limited,ALSI-202502027-FI1,2025-02-20,2026-02-19,no,https://overunder.xyz/contact,,not contacted,,
Luckywolf,luckywolf.io,https://luckywolf.io,RNT Service Tech Group (Pty) Ltd,ALSI-202502029-FI1,2025-02-20,2026-02-19,no,https://luckywolf.io/contact,,not contacted,,
Luckywolf,luckywolf.com,https://luckywolf.com,RNT Service Tech Group (Pty) Ltd,ALSI-202502029-FI1,2025-02-20,2026-02-19,no,https://luckywolf.com/contact,,not contacted,,
Invexventure,invexventure.com,https://invexventure.com,Invex Venture Ltd,ALSI-202502039-FI2,2025-02-17,2027-02-16,no,https://invexventure.com/contact,,not contacted,,
Pin Up,pin-up.city,https://pin-up.city,3-102-947198 SRL,ALSI-202502012-FI1,2025-02-12,2027-02-11,no,https://pin-up.city/contact,,not contacted,,
Cryptoishtar,cryptoishtar.com,https://cryptoishtar.com,Boundless Technology inc.,ALSI-202502004-FI1,2025-02-12,2027-02-11,no,https://cryptoishtar.com/contact,,not contacted,,
Sanchezzz,sanchezzz.com,https://sanchezzz.com,GGWP Limitada,ALSI-202502007-FI1,2025-02-12,2026-02-11,no,https://sanchezzz.com/contact,,not contacted,,
Wettson,wettson.com,https://wettson.com,Green Champions Leader SRL,ALSI-202502014-FI1,2025-02-12,2027-02-11,no,https://wettson.com/contact,,not contacted,,
Spintexas,spintexas.com,https://spintexas.com,Green Champions Leader SRL,ALSI-202502014-FI1,2025-02-12,2027-02-11,no,https://spintexas.com/contact,,not contacted,,
Kaleocasino,kaleocasino.com,https://kaleocasino.com,Green Champions Leader SRL,ALSI-202502014-FI1,2025-02-12,2027-02-11,no,https://kaleocasino.com/contact,,not contacted,,
Gladiatorsbet,gladiatorsbet.com,https://gladiatorsbet.com,Green Champions Leader SRL,ALSI-202502014-FI1,2025-02-12,2027-02-11,no,https://gladiatorsbet.com/contact,,not contacted,,
Anonym,anonym.bet,https://anonym.bet,Green Champions Leader SRL,ALSI-202502014-FI1,2025-02-12,2027-02-11,no,https://anonym.bet/contact,,not contacted,,
Campeonbet,campeonbet.io,https://campeonbet.io,Green Champions Leader SRL,ALSI-202502014-FI1,2025-02-12,2027-02-11,no,https://campeonbet.io/contact,,not contacted,,
Cratosslot,cratosslot.io,https://cratosslot.io,Green Champions Leader SRL,ALSI-202502014-FI1,2025-02-12,2027-02-11,no,https://cratosslot.io/contact,,not contacted,,
Spinnycasino,spinnycasino.com,https://spinnycasino.com,Green Champions Leader SRL,ALSI-202502014-FI1,2025-02-12,2027-02-11,no,https://spinnycasino.com/contact,,not contacted,,
Rizzio,rizzio.io,https://rizzio.io,Green Champions Leader SRL,ALSI-202502014-FI1,2025-02-12,2027-02-11,no,https://rizzio.io/contact,,not contacted,,
Casinoist,casinoist.com,https://casinoist.com,Green Champions Leader SRL,ALSI-202502014-FI1,2025-02-12,2027-02-11,no,https://casinoist.com/contact,,not contacted,,
Evobet365,evobet365.com,https://evobet365.com,Green Champions Leader SRL,ALSI-202502014-FI1,2025-02-12,2027-02-11,no,https://evobet365.com/contact,,not contacted,,
Treasurespins58,treasurespins58.com,https://treasurespins58.com,Green Champions Leader SRL,ALSI-202502014-FI1,2025-02-12,2027-02-11,no,https://treasurespins58.com/contact,,not contacted,,
Svenbet46,svenbet46.com,https://svenbet46.com,Green Champions Leader SRL,ALSI-202502014-FI1,2025-02-12,2027-02-11,no,https://svenbet46.com/contact,,not contacted,,
Livewinz88,livewinz88.com,https://livewinz88.com,Green Champions Leader SRL,ALSI-202502014-FI1,2025-02-12,2027-02-11,no,https://livewinz88.com/contact,,not contacted,,
Playfastcasino12,playfastcasino12.com,https://playfastcasino12.com,Green Champions Leader SRL,ALSI-202502014-FI1,2025-02-12,2027-02-11,no,https://playfastcasino12.com/contact,,not contacted,,
Lolocasino,lolocasino.com,https://lolocasino.com,Green Champions Leader SRL,ALSI-202502014-FI1,2025-02-12,2027-02-11,no,https://lolocasino.com/contact,,not contacted,,
Casinoloots,casinoloots.com,https://casinoloots.com,Green Champions Leader SRL,ALSI-202502014-FI1,2025-02-12,2027-02-11,no,https://casinoloots.com/contact,,not contacted,,
Zuluspins,zuluspins.com,https://zuluspins.com,Green Champions Leader SRL,ALSI-202502014-FI1,2025-02-12,2027-02-11,no,https://zuluspins.com/contact,,not contacted,,
Blindluck,blindluck.io,https://blindluck.io,Green Champions Leader SRL,ALSI-202502014-FI1,2025-02-12,2027-02-11,no,https://blindluck.io/contact,,not contacted,,
Luxwinners,luxwinners.com,https://luxwinners.com,Green Champions Leader SRL,ALSI-202502014-FI1,2025-02-12,2027-02-11,no,https://luxwinners.com/contact,,not contacted,,
Gamblegorilla,gamblegorilla.io,https://gamblegorilla.io,Green Champions Leader SRL,ALSI-202502014-FI1,2025-02-12,2027-02-11,no,https://gamblegorilla.io/contact,,not contacted,,
Betbluff,betbluff.io,https://betbluff.io,Green Champions Leader SRL,ALSI-202502014-FI1,2025-02-12,2027-02-11,no,https://betbluff.io/contact,,not contacted,,
Foxyflush,foxyflush.com,https://foxyflush.com,Green Champions Leader SRL,ALSI-202502014-FI1,2025-02-12,2027-02-11,no,https://foxyflush.com/contact,,not contacted,,
Metrobetz,metrobetz.com,https://metrobetz.com,Green Champions Leader SRL,ALSI-202502014-FI1,2025-02-12,2027-02-11,no,https://metrobetz.com/contact,,not contacted,,
Betarenas,betarenas.com,https://betarenas.com,Green Champions Leader SRL,ALSI-202502014-FI1,2025-02-12,2027-02-11,no,https://betarenas.com/contact,,not contacted,,
Lunaloots,lunaloots.io,https://lunaloots.io,Green Champions Leader SRL,ALSI-202502014-FI1,2025-02-12,2027-02-11,no,https://lunaloots.io/contact,,not contacted,,
Fortunefox,fortunefox.io,https://fortunefox.io,Green Champions Leader SRL,ALSI-202502014-FI1,2025-02-12,2027-02-11,no,https://fortunefox.io/contact,,not contacted,,
Slotshopper,slotshopper.com,https://slotshopper.com,Green Champions Leader SRL,ALSI-202502014-FI1,2025-02-12,2027-02-11,no,https://slotshopper.com/contact,,not contacted,,
Jasminslots,jasminslots.com,https://jasminslots.com,Green Champions Leader SRL,ALSI-202502014-FI1,2025-02-12,2027-02-11,no,https://jasminslots.com/contact,,not contacted,,
Danielcasino,danielcasino.com,https://danielcasino.com,Green Champions Leader SRL,ALSI-202502014-FI1,2025-02-12,2027-02-11,no,https://danielcasino.com/contact,,not contacted,,
Piratepots,piratepots.io,https://piratepots.io,Green Champions Leader SRL,ALSI-202502014-FI1,2025-02-12,2027-02-11,no,https://piratepots.io/contact,,not contacted,,
Fiestaslots,fiestaslots.com,https://fiestaslots.com,Green Champions Leader SRL,ALSI-202502014-FI1,2025-02-12,2027-02-11,no,https://fiestaslots.com/contact,,not contacted,,
Turbosven,turbosven.com,https://turbosven.com,Green Champions Leader SRL,ALSI-202502014-FI1,2025-02-12,2027-02-11,yes,https://turbosven.com/contact,,not contacted,,
Rcasino83,rcasino83.com,https://rcasino83.com,Green Champions Leader SRL,ALSI-202502014-FI1,2025-02-12,2027-02-11,no,https://rcasino83.com/contact,,not contacted,,
Reelraven,reelraven.io,https://reelraven.io,Green Champions Leader SRL,ALSI-202502014-FI1,2025-02-12,2027-02-11,no,https://reelraven.io/contact,,not contacted,,
Emberbet,emberbet.io,https://emberbet.io,Green Champions Leader SRL,ALSI-202502014-FI1,2025-02-12,2027-02-11,no,https://emberbet.io/contact,,not contacted,,
Luckleopard,luckleopard.io,https://luckleopard.io,Green Champions Leader SRL,ALSI-202502014-FI1,2025-02-12,2027-02-11,no,https://luckleopard.io/contact,,not contacted,,
Andromedasino,andromedasino.com,https://andromedasino.com,Green Champions Leader SRL,ALSI-202502014-FI1,2025-02-12,2027-02-11,no,https://andromedasino.com/contact,,not contacted,,
Jackfruitx,jackfruitx.com,https://jackfruitx.com,Jackfruit Limitada,ALSI-202502006-FI1,2025-02-12,2026-02-11,no,https://jackfruitx.com/contact,,not contacted,,
Allplay365,allplay365.com,https://allplay365.com,lnnosys Technologies Limited,ALSI-202502011-FI1,2025-02-12,2026-02-11,no,https://allplay365.com/contact,,not contacted,,
Allfair365,allfair365.com,https://allfair365.com,lnnosys Technologies Limited,ALSI-202502011-FI1,2025-02-12,2026-02-11,no,https://allfair365.com/contact,,not contacted,,
Sky365,sky365.com,https://sky365.com,PrimeDigital Global Ltd,ALSI-202502010-FI1,2025-02-12,2026-02-11,no,https://sky365.com/contact,,not contacted,,
Sky247,sky247.com,https://sky247.com,PrimeDigital Global Ltd,ALSI-202502010-FI1,2025-02-12,2026-02-11,no,https://sky247.com/contact,,not contacted,,
Betbarter,betbarter.com,https://betbarter.com,PrimeDigital Global Ltd,ALSI-202502010-FI1,2025-02-12,2026-02-11,no,https://betbarter.com/contact,,not contacted,,
Emucasino,emucasino.com,https://emucasino.com,Qinrara Management Limited,ALSI-202502009-FI1,2025-02-12,2027-02-11,no,https://emucasino.com/contact,,not contacted,,
Eddyvegas,eddyvegas.com,https://eddyvegas.com,Qinrara Management Limited,ALSI-202502009-FI1,2025-02-12,2027-02-11,no,https://eddyvegas.com/contact,,not contacted,,
Vipwinnersclub,vipwinnersclub.com,https://vipwinnersclub.com,Qinrara Management Limited,ALSI-202502009-FI1,2025-02-12,2027-02-11,no,https://vipwinnersclub.com/contact,,not contacted,,
Wins88,wins88.com,https://wins88.com,Qinrara Management Limited,ALSI-202502009-FI1,2025-02-12,2027-02-11,no,https://wins88.com/contact,,not contacted,,
Urbancasino,urbancasino.net,https://urbancasino.net,Qinrara Management Limited,ALSI-202502009-FI1,2025-02-12,2027-02-11,no,https://urbancasino.net/contact,,not contacted,,
Imonro,imonro.com,https://imonro.com,Torus Solutions SRL,ALSI-202502001-FI1,2025-02-12,2027-02-11,no,https://imonro.com/contact,,not contacted,,
Nika,nika.casino,https://nika.casino,Torus Solutions SRL,ALSI-202502001-FI1,2025-02-12,2027-02-11,no,https://nika.casino/contact,,not contacted,,
Monacojack,monacojack.com,https://monacojack.com,Codatech Limitada,ALSI-202502022-FI1,2025-02-11,2027-02-10,no,https://monacojack.com/contact,,not contacted,,
Csgopositive,csgopositive.com,https://csgopositive.com,Positive Gaming Ltd,ALSI-202502008-FI1,2025-02-05,2027-02-04,no,https://csgopositive.com/contact,,not contacted,,
Csgopositive,csgopositive.gg,https://csgopositive.gg,Positive Gaming Ltd,ALSI-202502008-FI1,2025-02-05,2027-02-04,no,https://csgopositive.gg/contact,,not contacted,,
Csgopositive,csgopositive.me,https://csgopositive.me,Positive Gaming Ltd,ALSI-202502008-FI1,2025-02-05,2027-02-04,no,https://csgopositive.me/contact,,not contacted,,
Panda,panda.bet,https://panda.bet,Elysium Interactive SRL,ALSI-202502033-FI2,2025-02-04,2026-02-03,no,https://panda.bet/contact,,not contacted,,
Betenjoy07,betenjoy07.com,https://betenjoy07.com,Nexus Entertainment Ltd,ALSI-202502038-FI2,2025-02-03,2026-02-02,no,https://betenjoy07.com/contact,,not contacted,,
Bitcoin,bitcoin.game,https://bitcoin.game,Nexus Entertainment Ltd,ALSI-202502038-FI2,2025-02-03,2026-02-02,no,https://bitcoin.game/contact,,not contacted,,
Luckyin,luckyin.com,https://luckyin.com,Lucky International Ltd,ALSI-202502002-FI1,2025-02-01,2026-01-31,no,https://luckyin.com/contact,,not contacted,,
Claps,claps.com,https://claps.com,Redline Solutions Limited,ALSI-202502005-FI1,2025-02-01,2027-01-31,no,https://claps.com/contact,,not contacted,,
Claps,claps.net,https://claps.net,Redline Solutions Limited,ALSI-202502005-FI1,2025-02-01,2027-01-31,no,https://claps.net/contact,,not contacted,,
Superboss,superboss.casino,https://superboss.casino,Gambit Limited,ALSI-202412038-FI2,2025-01-31,2026-01-30,no,https://superboss.casino/contact,,not contacted,,
Casino Xo777,casino-xo777.com,https://casino-xo777.com,Gambit Limited,ALSI-202412038-FI2,2025-01-31,2026-01-30,no,https://casino-xo777.com/contact,,not contacted,,
Moovbet,moovbet.com,https://moovbet.com,Maktub Tech N.V.,ALSI-202501028-FI2,2025-01-31,2026-01-30,no,https://moovbet.com/contact,,not contacted,,
Topxgo,topxgo.com,https://topxgo.com,TopX Limited,ALSI-202501030-FI2,2025-01-31,2027-01-30,no,https://topxgo.com/contact,,not contacted,,
Top X Go,top-x-go.com,https://top-x-go.com,TopX Limited,ALSI-202501030-FI2,2025-01-31,2027-01-30,no,https://top-x-go.com/contact,,not contacted,,
Wager,wager.com,https://wager.com,Scivias Ltd,ALSI-202501037-FI2,2025-01-28,2027-01-27,no,https://wager.com/contact,,not contacted,,
Wager,wager.ltd,https://wager.ltd,Scivias Ltd,ALSI-202501037-FI2,2025-01-28,2027-01-27,no,https://wager.ltd/contact,,not contacted,,
Pickwin,pickwin.fun,https://pickwin.fun,Nalate SRL,ALSI-202501032-FI2,2025-01-26,2027-01-25,no,https://pickwin.fun/contact,,not contacted,,
Pickwin,pickwin.com,https://pickwin.com,Nalate SRL,ALSI-202501032-FI2,2025-01-26,2027-01-25,no,https://pickwin.com/contact,,not contacted,,
Pussybet1,pussybet1.com,https://pussybet1.com,PuraQuest Interactive Limitada,ALSI-202501034-FI2,2025-01-23,2027-01-22,no,https://pussybet1.com/contact,,not contacted,,
Gamelabs,gamelabs.com,https://gamelabs.com,Oriental Entertainment Limited,ALSI-202501027-FI2,2025-01-22,2027-01-21,no,https://gamelabs.com/contact,,not contacted,,
Grandbanco,grandbanco.live,https://grandbanco.live,Grand Baccarat Ltd,ALSI-202501019-FI1,2025-01-18,2026-01-17,no,https://grandbanco.live/contact,,not contacted,,
Grandbanco,grandbanco.casino,https://grandbanco.casino,Grand Baccarat Ltd,ALSI-202501019-FI1,2025-01-18,2026-01-17,no,https://grandbanco.casino/contact,,not contacted,,
Cashcasinohub,cashcasinohub.com,https://cashcasinohub.com,LuckyAce Ltd,ALSI-202501016-FI1,2025-01-18,2026-01-17,no,https://cashcasinohub.com/contact,,not contacted,,
Thunderpick,thunderpick.io,https://thunderpick.io,Napier Ltd,ALSI-202501018-FI1,2025-01-18,2027-01-17,no,https://thunderpick.io/contact,,not contacted,,
Thunderpick,thunderpick.com,https://thunderpick.com,Napier Ltd,ALSI-202501018-FI1,2025-01-18,2027-01-17,no,https://thunderpick.com/contact,,not contacted,,
Tnt,tnt.bet,https://tnt.bet,Softplay Limitada,ALSI-202501020-FI1,2025-01-18,2026-01-17,no,https://tnt.bet/contact,,not contacted,,
Dreamplay,dreamplay.bet,https://dreamplay.bet,TechLoom LLC,ALSI-202501015-FI1,2025-01-18,2026-01-17,no,https://dreamplay.bet/contact,,not contacted,,
Tenexcasino,tenexcasino.com,https://tenexcasino.com,Tenex Technologies Ltd,ALSI-202501017-FI1,2025-01-18,2027-01-17,no,https://tenexcasino.com/contact,,not contacted,,
Tenexcasino,tenexcasino.io,https://tenexcasino.io,Tenex Technologies Ltd,ALSI-202501017-FI1,2025-01-18,2027-01-17,no,https://tenexcasino.io/contact,,not contacted,,
Fortunica,fortunica.io,https://fortunica.io,Winstar N.V.,ALSI-202501022-FI1,2025-01-18,2026-01-17,no,https://fortunica.io/contact,,not contacted,,
Cactus,cactus.casino,https://cactus.casino,Ferzo Holding Limitada,ALSI-202501029-FI2,2025-01-15,2027-01-14,no,https://cactus.casino/contact,,not contacted,,
Fontan Casino,fontan-casino.com,https://fontan-casino.com,Ferzo Holding Limitada,ALSI-202501029-FI2,2025-01-15,2027-01-14,no,https://fontan-casino.com/contact,,not contacted,,
Gonzo Casino,gonzo-casino.com,https://gonzo-casino.com,Ferzo Holding Limitada,ALSI-202501029-FI2,2025-01-15,2027-01-14,no,https://gonzo-casino.com/contact,,not contacted,,
Tuz,tuz.bet,https://tuz.bet,Ferzo Holding Limitada,ALSI-202501029-FI2,2025-01-15,2027-01-14,no,https://tuz.bet/contact,,not contacted,,
Luckmore,luckmore.com,https://luckmore.com,Ferzo Holding Limitada,ALSI-202501029-FI2,2025-01-15,2027-01-14,no,https://luckmore.com/contact,,not contacted,,
Golden777nevada,golden777nevada.com,https://golden777nevada.com,Lionsdor Ltd,ALSI-202501010-FI1,2025-01-13,2027-01-12,no,https://golden777nevada.com/contact,,not contacted,,
Craftworld,craftworld.casino,https://craftworld.casino,Smandyx Gaming SRL,ALSI-202501033-FI2,2025-01-13,2026-01-12,no,https://craftworld.casino/contact,,not contacted,,
Lalalandcasino,lalalandcasino.com,https://lalalandcasino.com,Smandyx Gaming SRL,ALSI-202501033-FI2,2025-01-13,2026-01-12,no,https://lalalandcasino.com/contact,,not contacted,,
Toke,toke.casino,https://toke.casino,Smandyx Gaming SRL,ALSI-202501033-FI2,2025-01-13,2026-01-12,no,https://toke.casino/contact,,not contacted,,
Bonaplez,bonaplez.com,https://bonaplez.com,Sortudo Acaso Ltd,ALSI-202501024-FI2,2025-01-13,2026-01-12,no,https://bonaplez.com/contact,,not contacted,,
Betswap,betswap.gg,https://betswap.gg,BSGG Labs Limitada,ALSI-202501012-FI1,2025-01-10,2026-01-09,no,https://betswap.gg/contact,,not contacted,,
Highrollerwins,highrollerwins.com,https://highrollerwins.com,EINRAI LTD,ALSI-202501011-FI1,2025-01-06,2027-01-05,no,https://highrollerwins.com/contact,,not contacted,,
Spinhub,spinhub.casino,https://spinhub.casino,EINRAI LTD,ALSI-202501011-FI1,2025-01-06,2027-01-05,no,https://spinhub.casino/contact,,not contacted,,
Spinhub1,spinhub1.casino,https://spinhub1.casino,EINRAI LTD,ALSI-202501011-FI1,2025-01-06,2027-01-05,no,https://spinhub1.casino/contact,,not contacted,,
Spinhub 1,spinhub-1.casino,https://spinhub-1.casino,EINRAI LTD,ALSI-202501011-FI1,2025-01-06,2027-01-05,no,https://spinhub-1.casino/contact,,not contacted,,
Futurebet,futurebet.live,https://futurebet.live,Aventra Holdings Limitada,ALSI-202501026-FI2,2025-01-03,2027-01-02,no,https://futurebet.live/contact,,not contacted,,
Future,future.bet,https://future.bet,Aventra Holdings Limitada,ALSI-202501026-FI2,2025-01-03,2027-01-02,no,https://future.bet/contact,,not contacted,,
Daorealm,daorealm.io,https://daorealm.io,Dao Realm LLC,ALSI-202501013-FI1,2025-01-03,2026-01-02,no,https://daorealm.io/contact,,not contacted,,
Daorealm,daorealm.games,https://daorealm.games,Dao Realm LLC,ALSI-202501013-FI1,2025-01-03,2026-01-02,no,https://daorealm.games/contact,,not contacted,,
Daorealm,daorealm.vip,https://daorealm.vip,Dao Realm LLC,ALSI-202501013-FI1,2025-01-03,2026-01-02,no,https://daorealm.vip/contact,,not contacted,,
Khelio,khelio.net,https://khelio.net,Evonix Limitada,ALSI-202501004-FI1,2025-01-03,2027-01-02,no,https://khelio.net/contact,,not contacted,,
Fansbets,fansbets.com,https://fansbets.com,Fans Interactive Global Limited,ALSI-202501014-FI1,2025-01-03,2027-01-02,no,https://fansbets.com/contact,,not contacted,,
Fansbetsglobal,fansbetsglobal.com,https://fansbetsglobal.com,Fans Interactive Global Limited,ALSI-202501014-FI1,2025-01-03,2027-01-02,no,https://fansbetsglobal.com/contact,,not contacted,,
T1bet8,t1bet8.com,https://t1bet8.com,Innosoft N.V.,ALSI-202501008-FI1,2025-01-03,2026-01-02,no,https://t1bet8.com/contact,,not contacted,,
Sixty,sixty.gg,https://sixty.gg,Nexora Ltd,ALSI-202501001-FI1,2025-01-03,2027-01-02,no,https://sixty.gg/contact,,not contacted,,
Royalmega,royalmega.com,https://royalmega.com,Royalmega Online Limited,ALSI-202501009-FI1,2025-01-03,2027-01-02,no,https://royalmega.com/contact,,not contacted,,
Gbwin,gbwin.io,https://gbwin.io,TICOQUEST SOLUTIONS LIMITADA,ALSI-202501023-FI1,2025-01-03,2027-01-02,no,https://gbwin.io/contact,,not contacted,,
Nova Casino,nova-casino.com,https://nova-casino.com,WinnerSoft Technology Ltd,ALSI-202412036-FI2,2024-12-30,2026-12-29,no,https://nova-casino.com/contact,,not contacted,,
Bet4win,bet4win.net,https://bet4win.net,Cricketwin Ltd,ALSI-202412028-FI2,2024-12-29,2026-12-28,no,https://bet4win.net/contact,,not contacted,,
Vodka,vodka.bet,https://vodka.bet,Cricketwin Ltd,ALSI-202412028-FI2,2024-12-29,2026-12-28,no,https://vodka.bet/contact,,not contacted,,
Gamegram,gamegram.com,https://gamegram.com,Gamegram Ltd.,ALSI-202412030-FI2,2024-12-28,2025-12-27,no,https://gamegram.com/contact,,not contacted,,
Hepyek,hepyek.com,https://hepyek.com,Nova Tech Systems Ltd,ALSI-202412037-FI2,2024-12-28,2026-12-27,no,https://hepyek.com/contact,,not contacted,,
Slottio,slottio.com,https://slottio.com,Rabocse SRL,ALSI-202412035-FI2,2024-12-28,2026-12-27,no,https://slottio.com/contact,,not contacted,,
Winzter,winzter.com,https://winzter.com,Rabocse SRL,ALSI-202412035-FI2,2024-12-28,2026-12-27,no,https://winzter.com/contact,,not contacted,,
Winstler,winstler.co,https://winstler.co,Rabocse SRL,ALSI-202412035-FI2,2024-12-28,2026-12-27,no,https://winstler.co/contact,,not contacted,,
Palmcasino,palmcasino.io,https://palmcasino.io,Rabocse SRL,ALSI-202412035-FI2,2024-12-28,2026-12-27,no,https://palmcasino.io/contact,,not contacted,,
Gxmble,gxmble.io,https://gxmble.io,Rabocse SRL,ALSI-202412035-FI2,2024-12-28,2026-12-27,no,https://gxmble.io/contact,,not contacted,,
Seven7,seven7.casino,https://seven7.casino,Rabocse SRL,ALSI-202412035-FI2,2024-12-28,2026-12-27,no,https://seven7.casino/contact,,not contacted,,
Lucki,lucki.casino,https://lucki.casino,Rabocse SRL,ALSI-202412035-FI2,2024-12-28,2026-12-27,no,https://lucki.casino/contact,,not contacted,,
Prive,prive.casino,https://prive.casino,Rabocse SRL,ALSI-202412035-FI2,2024-12-28,2026-12-27,no,https://prive.casino/contact,,not contacted,,
Spinti,spinti.me,https://spinti.me,Rabocse SRL,ALSI-202412035-FI2,2024-12-28,2026-12-27,no,https://spinti.me/contact,,not contacted,,
Jinxcasino,jinxcasino.io,https://jinxcasino.io,Rabocse SRL,ALSI-202412035-FI2,2024-12-28,2026-12-27,no,https://jinxcasino.io/contact,,not contacted,,
Wildzy,wildzy.io,https://wildzy.io,Rabocse SRL,ALSI-202412035-FI2,2024-12-28,2026-12-27,no,https://wildzy.io/contact,,not contacted,,
Gamblii,gamblii.io,https://gamblii.io,Rabocse SRL,ALSI-202412035-FI2,2024-12-28,2026-12-27,no,https://gamblii.io/contact,,not contacted,,
Luckzie,luckzie.io,https://luckzie.io,Rabocse SRL,ALSI-202412035-FI2,2024-12-28,2026-12-27,no,https://luckzie.io/contact,,not contacted,,
Casineia,casineia.io,https://casineia.io,Rabocse SRL,ALSI-202412035-FI2,2024-12-28,2026-12-27,no,https://casineia.io/contact,,not contacted,,
Slothive,slothive.io,https://slothive.io,Rabocse SRL,ALSI-202412035-FI2,2024-12-28,2026-12-27,no,https://slothive.io/contact,,not contacted,,
Spintowin,spintowin.io,https://spintowin.io,Rabocse SRL,ALSI-202412035-FI2,2024-12-28,2026-12-27,no,https://spintowin.io/contact,,not contacted,,
Jokersino,jokersino.io,https://jokersino.io,Rabocse SRL,ALSI-202412035-FI2,2024-12-28,2026-12-27,no,https://jokersino.io/contact,,not contacted,,
Bodog,bodog.io,https://bodog.io,Belvila Ltd,ALSI-202412049-FI2,2024-12-24,2026-12-23,no,https://bodog.io/contact,,not contacted,,
Bumbet,bumbet.com,https://bumbet.com,Blulane Ltd,ALSI-202412051-FI2,2024-12-24,2026-12-23,no,https://bumbet.com/contact,,not contacted,,
Bodog,bodog.com,https://bodog.com,Valero Ltd,ALSI-202412050-FI2,2024-12-24,2026-12-23,no,https://bodog.com/contact,,not contacted,,
Slots,slots.com,https://slots.com,Ambon Ltd,ALSI-202412048-FI2,2024-12-23,2026-12-22,no,https://slots.com/contact,,not contacted,,
Madnix,madnix.com,https://madnix.com,Entertiza Ltd,ALSI-202411076-FI2,2024-12-22,2026-12-21,no,https://madnix.com/contact,,not contacted,,
Yokikana,yokikana.com,https://yokikana.com,Entertiza Ltd,ALSI-202411076-FI2,2024-12-22,2026-12-21,no,https://yokikana.com/contact,,not contacted,,
Wildsultan,wildsultan.com,https://wildsultan.com,Reliant Ltd,ALSI-202411075-FI2,2024-12-22,2026-12-21,no,https://wildsultan.com/contact,,not contacted,,
Roostake,roostake.com,https://roostake.com,V.D. International Ltd.,ALSI-202411047-FI2,2024-12-19,2025-12-18,no,https://roostake.com/contact,,not contacted,,
Vivadice,vivadice.com,https://vivadice.com,V.D. International Ltd.,ALSI-202411047-FI2,2024-12-19,2025-12-18,no,https://vivadice.com/contact,,not contacted,,
Betium,betium.com,https://betium.com,Buscarar SRL,ALSI-202412042-FI2,2024-12-18,2026-12-17,no,https://betium.com/contact,,not contacted,,
Hashlucky,hashlucky.io,https://hashlucky.io,Buscarar SRL,ALSI-202412042-FI2,2024-12-18,2026-12-17,no,https://hashlucky.io/contact,,not contacted,,
Blitz Bet,blitz-bet.com,https://blitz-bet.com,Buscarar SRL,ALSI-202412042-FI2,2024-12-18,2026-12-17,no,https://blitz-bet.com/contact,,not contacted,,
Spindjinn,spindjinn.co,https://spindjinn.co,Buscarar SRL,ALSI-202412042-FI2,2024-12-18,2026-12-17,no,https://spindjinn.co/contact,,not contacted,,
Spinmills,spinmills.com,https://spinmills.com,Buscarar SRL,ALSI-202412042-FI2,2024-12-18,2026-12-17,no,https://spinmills.com/contact,,not contacted,,
Velwins,velwins.vip,https://velwins.vip,Buscarar SRL,ALSI-202412042-FI2,2024-12-18,2026-12-17,no,https://velwins.vip/contact,,not contacted,,
Nikaspin,nikaspin.vip,https://nikaspin.vip,Buscarar SRL,ALSI-202412042-FI2,2024-12-18,2026-12-17,no,https://nikaspin.vip/contact,,not contacted,,
Crixcasino,crixcasino.vip,https://crixcasino.vip,Buscarar SRL,ALSI-202412042-FI2,2024-12-18,2026-12-17,no,https://crixcasino.vip/contact,,not contacted,,
Kairosbet,kairosbet.vip,https://kairosbet.vip,Buscarar SRL,ALSI-202412042-FI2,2024-12-18,2026-12-17,no,https://kairosbet.vip/contact,,not contacted,,
Spintado,spintado.vip,https://spintado.vip,Buscarar SRL,ALSI-202412042-FI2,2024-12-18,2026-12-17,no,https://spintado.vip/contact,,not contacted,,
Spartibet,spartibet.vip,https://spartibet.vip,Buscarar SRL,ALSI-202412042-FI2,2024-12-18,2026-12-17,no,https://spartibet.vip/contact,,not contacted,,
Spinfyre,spinfyre.vip,https://spinfyre.vip,Buscarar SRL,ALSI-202412042-FI2,2024-12-18,2026-12-17,no,https://spinfyre.vip/contact,,not contacted,,
Vibespins,vibespins.vip,https://vibespins.vip,Buscarar SRL,ALSI-202412042-FI2,2024-12-18,2026-12-17,no,https://vibespins.vip/contact,,not contacted,,
Casikora,casikora.vip,https://casikora.vip,Buscarar SRL,ALSI-202412042-FI2,2024-12-18,2026-12-17,no,https://casikora.vip/contact,,not contacted,,
Spinko,spinko.vip,https://spinko.vip,Buscarar SRL,ALSI-202412042-FI2,2024-12-18,2026-12-17,no,https://spinko.vip/contact,,not contacted,,
Dionyx,dionyx.vip,https://dionyx.vip,Buscarar SRL,ALSI-202412042-FI2,2024-12-18,2026-12-17,no,https://dionyx.vip/contact,,not contacted,,
Olymposwin,olymposwin.vip,https://olymposwin.vip,Buscarar SRL,ALSI-202412042-FI2,2024-12-18,2026-12-17,no,https://olymposwin.vip/contact,,not contacted,,
Winserra,winserra.vip,https://winserra.vip,Buscarar SRL,ALSI-202412042-FI2,2024-12-18,2026-12-17,no,https://winserra.vip/contact,,not contacted,,
Rollizor,rollizor.vip,https://rollizor.vip,Buscarar SRL,ALSI-202412042-FI2,2024-12-18,2026-12-17,no,https://rollizor.vip/contact,,not contacted,,
Betnaro,betnaro.vip,https://betnaro.vip,Buscarar SRL,ALSI-202412042-FI2,2024-12-18,2026-12-17,no,https://betnaro.vip/contact,,not contacted,,
Beonbtgo,beonbtgo.com,https://beonbtgo.com,Buscarar SRL,ALSI-202412042-FI2,2024-12-18,2026-12-17,no,https://beonbtgo.com/contact,,not contacted,,
Richville,richville.net,https://richville.net,Buscarar SRL,ALSI-202412042-FI2,2024-12-18,2026-12-17,no,https://richville.net/contact,,not contacted,,
Yonibet,yonibet.fm,https://yonibet.fm,Buscarar SRL,ALSI-202412042-FI2,2024-12-18,2026-12-17,no,https://yonibet.fm/contact,,not contacted,,
Betify,betify.fm,https://betify.fm,Buscarar SRL,ALSI-202412042-FI2,2024-12-18,2026-12-17,no,https://betify.fm/contact,,not contacted,,
Casinozer,casinozer.fm,https://casinozer.fm,Buscarar SRL,ALSI-202412042-FI2,2024-12-18,2026-12-17,no,https://casinozer.fm/contact,,not contacted,,
Cashlounge,cashlounge.com,https://cashlounge.com,Buscarar SRL,ALSI-202412042-FI2,2024-12-18,2026-12-17,no,https://cashlounge.com/contact,,not contacted,,
Spellwin,spellwin.co,https://spellwin.co,Buscarar SRL,ALSI-202412042-FI2,2024-12-18,2026-12-17,no,https://spellwin.co/contact,,not contacted,,
Trinocasino,trinocasino.co,https://trinocasino.co,Buscarar SRL,ALSI-202412042-FI2,2024-12-18,2026-12-17,no,https://trinocasino.co/contact,,not contacted,,
Betflare,betflare.ws,https://betflare.ws,Buscarar SRL,ALSI-202412042-FI2,2024-12-18,2026-12-17,no,https://betflare.ws/contact,,not contacted,,
Corsaza,corsaza.ws,https://corsaza.ws,Buscarar SRL,ALSI-202412042-FI2,2024-12-18,2026-12-17,no,https://corsaza.ws/contact,,not contacted,,
Megarich,megarich.ws,https://megarich.ws,Buscarar SRL,ALSI-202412042-FI2,2024-12-18,2026-12-17,no,https://megarich.ws/contact,,not contacted,,
Casabet,casabet.ws,https://casabet.ws,Buscarar SRL,ALSI-202412042-FI2,2024-12-18,2026-12-17,no,https://casabet.ws/contact,,not contacted,,
Lollyspins,lollyspins.ws,https://lollyspins.ws,Buscarar SRL,ALSI-202412042-FI2,2024-12-18,2026-12-17,no,https://lollyspins.ws/contact,,not contacted,,
Spinmills,spinmills.ws,https://spinmills.ws,Buscarar SRL,ALSI-202412042-FI2,2024-12-18,2026-12-17,no,https://spinmills.ws/contact,,not contacted,,
Cosmicslotz,cosmicslotz.com,https://cosmicslotz.com,Buscarar SRL,ALSI-202412042-FI2,2024-12-18,2026-12-17,no,https://cosmicslotz.com/contact,,not contacted,,
Egogames,egogames.vip,https://egogames.vip,Buscarar SRL,ALSI-202412042-FI2,2024-12-18,2026-12-17,no,https://egogames.vip/contact,,not contacted,,
Winbandits,winbandits.io,https://winbandits.io,Buscarar SRL,ALSI-202412042-FI2,2024-12-18,2026-12-17,no,https://winbandits.io/contact,,not contacted,,
Spintitans,spintitans.io,https://spintitans.io,Buscarar SRL,ALSI-202412042-FI2,2024-12-18,2026-12-17,no,https://spintitans.io/contact,,not contacted,,
Drellabet,drellabet.io,https://drellabet.io,Buscarar SRL,ALSI-202412042-FI2,2024-12-18,2026-12-17,no,https://drellabet.io/contact,,not contacted,,
Grattiano,grattiano.io,https://grattiano.io,Buscarar SRL,ALSI-202412042-FI2,2024-12-18,2026-12-17,no,https://grattiano.io/contact,,not contacted,,
Eclipspins,eclipspins.io,https://eclipspins.io,Buscarar SRL,ALSI-202412042-FI2,2024-12-18,2026-12-17,no,https://eclipspins.io/contact,,not contacted,,
Pulsarspins,pulsarspins.io,https://pulsarspins.io,Buscarar SRL,ALSI-202412042-FI2,2024-12-18,2026-12-17,no,https://pulsarspins.io/contact,,not contacted,,
Gamblezen,gamblezen.casino,https://gamblezen.casino,Buscarar SRL,ALSI-202412042-FI2,2024-12-18,2026-12-17,no,https://gamblezen.casino/contact,,not contacted,,
Callbet369,callbet369.com,https://callbet369.com,Call Entertainment Ltd.,ALSI-202412044-FI2,2024-12-18,2025-12-17,no,https://callbet369.com/contact,,not contacted,,
Runtobet,runtobet.com,https://runtobet.com,Enigma Digital Solutions Limitada,ALSI-202412045-FI2,2024-12-18,2026-12-17,no,https://runtobet.com/contact,,not contacted,,
Betvast,betvast.bet,https://betvast.bet,Enigma Digital Solutions Limitada,ALSI-202412045-FI2,2024-12-18,2026-12-17,no,https://betvast.bet/contact,,not contacted,,
Betturka,betturka.com,https://betturka.com,Enigma Digital Solutions Limitada,ALSI-202412045-FI2,2024-12-18,2026-12-17,no,https://betturka.com/contact,,not contacted,,
Emiratesbet1,emiratesbet1.com,https://emiratesbet1.com,Enigma Digital Solutions Limitada,ALSI-202412045-FI2,2024-12-18,2026-12-17,no,https://emiratesbet1.com/contact,,not contacted,,
Amarobet,amarobet.com,https://amarobet.com,Enigma Digital Solutions Limitada,ALSI-202412045-FI2,2024-12-18,2026-12-17,no,https://amarobet.com/contact,,not contacted,,
Ciprobet,ciprobet.com,https://ciprobet.com,Enigma Digital Solutions Limitada,ALSI-202412045-FI2,2024-12-18,2026-12-17,no,https://ciprobet.com/contact,,not contacted,,
Bahissenin,bahissenin.com,https://bahissenin.com,Enigma Digital Solutions Limitada,ALSI-202412045-FI2,2024-12-18,2026-12-17,no,https://bahissenin.com/contact,,not contacted,,
Betlima,betlima.com,https://betlima.com,Enigma Digital Solutions Limitada,ALSI-202412045-FI2,2024-12-18,2026-12-17,no,https://betlima.com/contact,,not contacted,,
Efsanebahis,efsanebahis.com,https://efsanebahis.com,Enigma Digital Solutions Limitada,ALSI-202412045-FI2,2024-12-18,2026-12-17,no,https://efsanebahis.com/contact,,not contacted,,
Maksatbahis,maksatbahis.com,https://maksatbahis.com,Enigma Digital Solutions Limitada,ALSI-202412045-FI2,2024-12-18,2026-12-17,no,https://maksatbahis.com/contact,,not contacted,,
Retrobet,retrobet.link,https://retrobet.link,Enigma Digital Solutions Limitada,ALSI-202412045-FI2,2024-12-18,2026-12-17,no,https://retrobet.link/contact,,not contacted,,
Cazilyon,cazilyon.com,https://cazilyon.com,Enigma Digital Solutions Limitada,ALSI-202412045-FI2,2024-12-18,2026-12-17,no,https://cazilyon.com/contact,,not contacted,,
Luckyman,luckyman.com,https://luckyman.com,Enigma Digital Solutions Limitada,ALSI-202412045-FI2,2024-12-18,2026-12-17,no,https://luckyman.com/contact,,not contacted,,
Tenusbet,tenusbet.com,https://tenusbet.com,Enigma Digital Solutions Limitada,ALSI-202412045-FI2,2024-12-18,2026-12-17,no,https://tenusbet.com/contact,,not contacted,,
Betveben,betveben.com,https://betveben.com,Enigma Digital Solutions Limitada,ALSI-202412045-FI2,2024-12-18,2026-12-17,no,https://betveben.com/contact,,not contacted,,
Candycasino66,candycasino66.com,https://candycasino66.com,GSR Technology Holding Limitada,ALSI-202412047-FI2,2024-12-18,2026-12-17,no,https://candycasino66.com/contact,,not contacted,,
Betparibu,betparibu.com,https://betparibu.com,GSR Technology Holding Limitada,ALSI-202412047-FI2,2024-12-18,2026-12-17,no,https://betparibu.com/contact,,not contacted,,
Loyalbahis,loyalbahis.com,https://loyalbahis.com,GSR Technology Holding Limitada,ALSI-202412047-FI2,2024-12-18,2026-12-17,no,https://loyalbahis.com/contact,,not contacted,,
Grandoperabet,grandoperabet.com,https://grandoperabet.com,GSR Technology Holding Limitada,ALSI-202412047-FI2,2024-12-18,2026-12-17,no,https://grandoperabet.com/contact,,not contacted,,
Grandpashabet365,grandpashabet365.com,https://grandpashabet365.com,GSR Technology Holding Limitada,ALSI-202412047-FI2,2024-12-18,2026-12-17,no,https://grandpashabet365.com/contact,,not contacted,,
Meritkingslot,meritkingslot.com,https://meritkingslot.com,GSR Technology Holding Limitada,ALSI-202412047-FI2,2024-12-18,2026-12-17,no,https://meritkingslot.com/contact,,not contacted,,
Spinco365,spinco365.com,https://spinco365.com,GSR Technology Holding Limitada,ALSI-202412047-FI2,2024-12-18,2026-12-17,no,https://spinco365.com/contact,,not contacted,,
Kulisbet,kulisbet.com,https://kulisbet.com,GSR Technology Holding Limitada,ALSI-202412047-FI2,2024-12-18,2026-12-17,no,https://kulisbet.com/contact,,not contacted,,
Dedebet365,dedebet365.com,https://dedebet365.com,GSR Technology Holding Limitada,ALSI-202412047-FI2,2024-12-18,2026-12-17,no,https://dedebet365.com/contact,,not contacted,,
1favorisen,1favorisen.com,https://1favorisen.com,GSR Technology Holding Limitada,ALSI-202412047-FI2,2024-12-18,2026-12-17,no,https://1favorisen.com/contact,,not contacted,,
Betsalvador,betsalvador.com,https://betsalvador.com,GSR Technology Holding Limitada,ALSI-202412047-FI2,2024-12-18,2026-12-17,no,https://betsalvador.com/contact,,not contacted,,
Cratosroyalbet,cratosroyalbet.com,https://cratosroyalbet.com,GSR Technology Holding Limitada,ALSI-202412047-FI2,2024-12-18,2026-12-17,no,https://cratosroyalbet.com/contact,,not contacted,,
Betrupi,betrupi.com,https://betrupi.com,GSR Technology Holding Limitada,ALSI-202412047-FI2,2024-12-18,2026-12-17,no,https://betrupi.com/contact,,not contacted,,
Damabet,damabet.com,https://damabet.com,GSR Technology Holding Limitada,ALSI-202412047-FI2,2024-12-18,2026-12-17,no,https://damabet.com/contact,,not contacted,,
Gettobet,gettobet.com,https://gettobet.com,GSR Technology Holding Limitada,ALSI-202412047-FI2,2024-12-18,2026-12-17,no,https://gettobet.com/contact,,not contacted,,
Betwild365,betwild365.com,https://betwild365.com,GSR Technology Holding Limitada,ALSI-202412047-FI2,2024-12-18,2026-12-17,no,https://betwild365.com/contact,,not contacted,,
Betwoon365,betwoon365.com,https://betwoon365.com,GSR Technology Holding Limitada,ALSI-202412047-FI2,2024-12-18,2026-12-17,no,https://betwoon365.com/contact,,not contacted,,
Radissonbet360,radissonbet360.com,https://radissonbet360.com,GSR Technology Holding Limitada,ALSI-202412047-FI2,2024-12-18,2026-12-17,no,https://radissonbet360.com/contact,,not contacted,,
Betgit360,betgit360.com,https://betgit360.com,GSR Technology Holding Limitada,ALSI-202412047-FI2,2024-12-18,2026-12-17,no,https://betgit360.com/contact,,not contacted,,
Hasbet356,hasbet356.com,https://hasbet356.com,GSR Technology Holding Limitada,ALSI-202412047-FI2,2024-12-18,2026-12-17,no,https://hasbet356.com/contact,,not contacted,,
Vitrinbet,vitrinbet.com,https://vitrinbet.com,GSR Technology Holding Limitada,ALSI-202412047-FI2,2024-12-18,2026-12-17,no,https://vitrinbet.com/contact,,not contacted,,
Inagaming,inagaming.com,https://inagaming.com,GSR Technology Holding Limitada,ALSI-202412047-FI2,2024-12-18,2026-12-17,no,https://inagaming.com/contact,,not contacted,,
Winowin,winowin.com,https://winowin.com,GSR Technology Holding Limitada,ALSI-202412047-FI2,2024-12-18,2026-12-17,no,https://winowin.com/contact,,not contacted,,
Royalbet360,royalbet360.com,https://royalbet360.com,GSR Technology Holding Limitada,ALSI-202412047-FI2,2024-12-18,2026-12-17,no,https://royalbet360.com/contact,,not contacted,,
Piabellacasino,piabellacasino.com,https://piabellacasino.com,GSR Technology Holding Limitada,ALSI-202412047-FI2,2024-12-18,2026-12-17,no,https://piabellacasino.com/contact,,not contacted,,
Maxwin724,maxwin724.com,https://maxwin724.com,GSR Technology Holding Limitada,ALSI-202412047-FI2,2024-12-18,2026-12-17,no,https://maxwin724.com/contact,,not contacted,,
Masterbetting,masterbetting.com,https://masterbetting.com,GSR Technology Holding Limitada,ALSI-202412047-FI2,2024-12-18,2026-12-17,no,https://masterbetting.com/contact,,not contacted,,
Olaycasino,olaycasino.com,https://olaycasino.com,GSR Technology Holding Limitada,ALSI-202412047-FI2,2024-12-18,2026-12-17,no,https://olaycasino.com/contact,,not contacted,,
Exonbet,exonbet.com,https://exonbet.com,GSR Technology Holding Limitada,ALSI-202412047-FI2,2024-12-18,2026-12-17,no,https://exonbet.com/contact,,not contacted,,
Palazzobet,palazzobet.com,https://palazzobet.com,GSR Technology Holding Limitada,ALSI-202412047-FI2,2024-12-18,2026-12-17,no,https://palazzobet.com/contact,,not contacted,,
Ramadabet365,ramadabet365.com,https://ramadabet365.com,GSR Technology Holding Limitada,ALSI-202412047-FI2,2024-12-18,2026-12-17,no,https://ramadabet365.com/contact,,not contacted,,
Salamisbet365,salamisbet365.com,https://salamisbet365.com,GSR Technology Holding Limitada,ALSI-202412047-FI2,2024-12-18,2026-12-17,no,https://salamisbet365.com/contact,,not contacted,,
Venombet,venombet.com,https://venombet.com,GSR Technology Holding Limitada,ALSI-202412047-FI2,2024-12-18,2026-12-17,no,https://venombet.com/contact,,not contacted,,
Betsin,betsin.co,https://betsin.co,GSR Technology Holding Limitada,ALSI-202412047-FI2,2024-12-18,2026-12-17,no,https://betsin.co/contact,,not contacted,,
Slotday,slotday.com,https://slotday.com,GSR Technology Holding Limitada,ALSI-202412047-FI2,2024-12-18,2026-12-17,no,https://slotday.com/contact,,not contacted,,
Palacebet724,palacebet724.com,https://palacebet724.com,GSR Technology Holding Limitada,ALSI-202412047-FI2,2024-12-18,2026-12-17,no,https://palacebet724.com/contact,,not contacted,,
Superbet724,superbet724.com,https://superbet724.com,GSR Technology Holding Limitada,ALSI-202412047-FI2,2024-12-18,2026-12-17,no,https://superbet724.com/contact,,not contacted,,
Leograndbet365,leograndbet365.com,https://leograndbet365.com,GSR Technology Holding Limitada,ALSI-202412047-FI2,2024-12-18,2026-12-17,no,https://leograndbet365.com/contact,,not contacted,,
Almanbahis100,almanbahis100.com,https://almanbahis100.com,GSR Technology Holding Limitada,ALSI-202412047-FI2,2024-12-18,2026-12-17,no,https://almanbahis100.com/contact,,not contacted,,
Ritzbet,ritzbet.com,https://ritzbet.com,GSR Technology Holding Limitada,ALSI-202412047-FI2,2024-12-18,2026-12-17,no,https://ritzbet.com/contact,,not contacted,,
Bekabet,bekabet.com,https://bekabet.com,GSR Technology Holding Limitada,ALSI-202412047-FI2,2024-12-18,2026-12-17,no,https://bekabet.com/contact,,not contacted,,
Megabahis,megabahis.com,https://megabahis.com,GSR Technology Holding Limitada,ALSI-202412047-FI2,2024-12-18,2026-12-17,no,https://megabahis.com/contact,,not contacted,,
Odeonbet,odeonbet.com,https://odeonbet.com,GSR Technology Holding Limitada,ALSI-202412047-FI2,2024-12-18,2026-12-17,no,https://odeonbet.com/contact,,not contacted,,
Vevobahis,vevobahis.com,https://vevobahis.com,GSR Technology Holding Limitada,ALSI-202412047-FI2,2024-12-18,2026-12-17,no,https://vevobahis.com/contact,,not contacted,,
Ilelebet777,ilelebet777.com,https://ilelebet777.com,Nova Data Solutions Limitada,ALSI-202412046-FI2,2024-12-18,2026-12-17,no,https://ilelebet777.com/contact,,not contacted,,
Beinwon,beinwon.com,https://beinwon.com,Nova Data Solutions Limitada,ALSI-202412046-FI2,2024-12-18,2026-12-17,no,https://beinwon.com/contact,,not contacted,,
Sirwin,sirwin.com,https://sirwin.com,Nova Data Solutions Limitada,ALSI-202412046-FI2,2024-12-18,2026-12-17,no,https://sirwin.com/contact,,not contacted,,
Betmoney2,betmoney2.com,https://betmoney2.com,Nova Data Solutions Limitada,ALSI-202412046-FI2,2024-12-18,2026-12-17,no,https://betmoney2.com/contact,,not contacted,,
Wbahis,wbahis.com,https://wbahis.com,Nova Data Solutions Limitada,ALSI-202412046-FI2,2024-12-18,2026-12-17,no,https://wbahis.com/contact,,not contacted,,
Anadoluslot,anadoluslot.com,https://anadoluslot.com,Nova Data Solutions Limitada,ALSI-202412046-FI2,2024-12-18,2026-12-17,no,https://anadoluslot.com/contact,,not contacted,,
Yakabet,yakabet.com,https://yakabet.com,Nova Data Solutions Limitada,ALSI-202412046-FI2,2024-12-18,2026-12-17,no,https://yakabet.com/contact,,not contacted,,
Savoycasino,savoycasino.com,https://savoycasino.com,Nova Data Solutions Limitada,ALSI-202412046-FI2,2024-12-18,2026-12-17,no,https://savoycasino.com/contact,,not contacted,,
Bahiscasino,bahiscasino.com,https://bahiscasino.com,Nova Data Solutions Limitada,ALSI-202412046-FI2,2024-12-18,2026-12-17,no,https://bahiscasino.com/contact,,not contacted,,
Tlcasino,tlcasino.com,https://tlcasino.com,Nova Data Solutions Limitada,ALSI-202412046-FI2,2024-12-18,2026-12-17,no,https://tlcasino.com/contact,,not contacted,,
Maritbet,maritbet.com,https://maritbet.com,Nova Data Solutions Limitada,ALSI-202412046-FI2,2024-12-18,2026-12-17,no,https://maritbet.com/contact,,not contacted,,
Hazbet,hazbet.com,https://hazbet.com,Nova Data Solutions Limitada,ALSI-202412046-FI2,2024-12-18,2026-12-17,no,https://hazbet.com/contact,,not contacted,,
Wiocasino,wiocasino.com,https://wiocasino.com,Nova Data Solutions Limitada,ALSI-202412046-FI2,2024-12-18,2026-12-17,no,https://wiocasino.com/contact,,not contacted,,
Casinowon,casinowon.com,https://casinowon.com,Nova Data Solutions Limitada,ALSI-202412046-FI2,2024-12-18,2026-12-17,no,https://casinowon.com/contact,,not contacted,,
Betsnice,betsnice.com,https://betsnice.com,Nova Data Solutions Limitada,ALSI-202412046-FI2,2024-12-18,2026-12-17,no,https://betsnice.com/contact,,not contacted,,
Trwin,trwin.com,https://trwin.com,Nova Data Solutions Limitada,ALSI-202412046-FI2,2024-12-18,2026-12-17,no,https://trwin.com/contact,,not contacted,,
Joybet,joybet.dev,https://joybet.dev,Nova Data Solutions Limitada,ALSI-202412046-FI2,2024-12-18,2026-12-17,no,https://joybet.dev/contact,,not contacted,,
Vizyonbet,vizyonbet.com,https://vizyonbet.com,Nova Data Solutions Limitada,ALSI-202412046-FI2,2024-12-18,2026-12-17,no,https://vizyonbet.com/contact,,not contacted,,
Ibizabet,ibizabet.com,https://ibizabet.com,Nova Data Solutions Limitada,ALSI-202412046-FI2,2024-12-18,2026-12-17,no,https://ibizabet.com/contact,,not contacted,,
Cenabet,cenabet.com,https://cenabet.com,Nova Data Solutions Limitada,ALSI-202412046-FI2,2024-12-18,2026-12-17,no,https://cenabet.com/contact,,not contacted,,
Betcell,betcell.com,https://betcell.com,Nova Data Solutions Limitada,ALSI-202412046-FI2,2024-12-18,2026-12-17,no,https://betcell.com/contact,,not contacted,,
Betosfer,betosfer.com,https://betosfer.com,Nova Data Solutions Limitada,ALSI-202412046-FI2,2024-12-18,2026-12-17,no,https://betosfer.com/contact,,not contacted,,
Betx2,betx2.com,https://betx2.com,Nova Data Solutions Limitada,ALSI-202412046-FI2,2024-12-18,2026-12-17,no,https://betx2.com/contact,,not contacted,,
Casinosezar,casinosezar.com,https://casinosezar.com,Nova Data Solutions Limitada,ALSI-202412046-FI2,2024-12-18,2026-12-17,no,https://casinosezar.com/contact,,not contacted,,
Altspin,altspin.com,https://altspin.com,Nova Data Solutions Limitada,ALSI-202412046-FI2,2024-12-18,2026-12-17,no,https://altspin.com/contact,,not contacted,,
Vegabet1000,vegabet1000.com,https://vegabet1000.com,Nova Data Solutions Limitada,ALSI-202412046-FI2,2024-12-18,2026-12-17,no,https://vegabet1000.com/contact,,not contacted,,
Betnis,betnis.com,https://betnis.com,Nova Data Solutions Limitada,ALSI-202412046-FI2,2024-12-18,2026-12-17,no,https://betnis.com/contact,,not contacted,,
Bidaha,bidaha.com,https://bidaha.com,Nova Data Solutions Limitada,ALSI-202412046-FI2,2024-12-18,2026-12-17,no,https://bidaha.com/contact,,not contacted,,
Raykobet,raykobet.com,https://raykobet.com,Nova Data Solutions Limitada,ALSI-202412046-FI2,2024-12-18,2026-12-17,no,https://raykobet.com/contact,,not contacted,,
Slotaro,slotaro.com,https://slotaro.com,Nova Data Solutions Limitada,ALSI-202412046-FI2,2024-12-18,2026-12-17,no,https://slotaro.com/contact,,not contacted,,
Cratoscasino,cratoscasino.co,https://cratoscasino.co,Nova Data Solutions Limitada,ALSI-202412046-FI2,2024-12-18,2026-12-17,no,https://cratoscasino.co/contact,,not contacted,,
Betneon,betneon.com,https://betneon.com,Nova Data Solutions Limitada,ALSI-202412046-FI2,2024-12-18,2026-12-17,no,https://betneon.com/contact,,not contacted,,
Reslot,reslot.com,https://reslot.com,Nova Data Solutions Limitada,ALSI-202412046-FI2,2024-12-18,2026-12-17,no,https://reslot.com/contact,,not contacted,,
Bigs,bigs.bet,https://bigs.bet,Bigs Global Ltd.,ALSI-202412033-FI2,2024-12-16,2026-12-15,no,https://bigs.bet/contact,,not contacted,,
Grams,grams.bet,https://grams.bet,Global Nexus Ltd.,ALSI-202412043-FI2,2024-12-16,2026-12-15,no,https://grams.bet/contact,,not contacted,,
Mega,mega.bet,https://mega.bet,Global Nexus Ltd.,ALSI-202412043-FI2,2024-12-16,2026-12-15,no,https://mega.bet/contact,,not contacted,,
Sterlingbet,sterlingbet.com,https://sterlingbet.com,Sterling Interactive Ltd.,ALSI-202412040-FI2,2024-12-16,2026-12-15,no,https://sterlingbet.com/contact,,not contacted,,
Mrwest,mrwest.win,https://mrwest.win,Upscale Entertainment Ltd,ALSI-202411012-FI1,2024-12-16,2026-11-03,no,https://mrwest.win/contact,,not contacted,,
Betmaximus,betmaximus.win,https://betmaximus.win,Upscale Entertainment Ltd,ALSI-202411012-FI1,2024-12-16,2026-11-03,no,https://betmaximus.win/contact,,not contacted,,
Goldwin,goldwin.com,https://goldwin.com,Upscale Entertainment Ltd,ALSI-202411012-FI1,2024-12-16,2026-11-03,no,https://goldwin.com/contact,,not contacted,,
Bulgarianbet,bulgarianbet.com,https://bulgarianbet.com,Ajax Capital Ltd.,ALSI-202412010-FI1,2024-12-05,2026-12-04,no,https://bulgarianbet.com/contact,,not contacted,,
Timebet,timebet.com,https://timebet.com,Ajax Capital Ltd.,ALSI-202412010-FI1,2024-12-05,2026-12-04,no,https://timebet.com/contact,,not contacted,,
Pumabet,pumabet.com,https://pumabet.com,Ajax Capital Ltd.,ALSI-202412010-FI1,2024-12-05,2026-12-04,no,https://pumabet.com/contact,,not contacted,,
Kingbetting,kingbetting.com,https://kingbetting.com,Ajax Capital Ltd.,ALSI-202412010-FI1,2024-12-05,2026-12-04,no,https://kingbetting.com/contact,,not contacted,,
Kazandra,kazandra.com,https://kazandra.com,Ajax Capital Ltd.,ALSI-202412010-FI1,2024-12-05,2026-12-04,no,https://kazandra.com/contact,,not contacted,,
Hilarionbet,hilarionbet.com,https://hilarionbet.com,Ajax Capital Ltd.,ALSI-202412010-FI1,2024-12-05,2026-12-04,no,https://hilarionbet.com/contact,,not contacted,,
Enobahis,enobahis.com,https://enobahis.com,Ajax Capital Ltd.,ALSI-202412010-FI1,2024-12-05,2026-12-04,no,https://enobahis.com/contact,,not contacted,,
Cratossporting,cratossporting.com,https://cratossporting.com,Ajax Capital Ltd.,ALSI-202412010-FI1,2024-12-05,2026-12-04,no,https://cratossporting.com/contact,,not contacted,,
Bahislion,bahislion.com,https://bahislion.com,Ajax Capital Ltd.,ALSI-202412010-FI1,2024-12-05,2026-12-04,no,https://bahislion.com/contact,,not contacted,,
Ntvsporbet,ntvsporbet.com,https://ntvsporbet.com,Ajax Capital Ltd.,ALSI-202412010-FI1,2024-12-05,2026-12-04,no,https://ntvsporbet.com/contact,,not contacted,,
Betvakti,betvakti.com,https://betvakti.com,Ajax Capital Ltd.,ALSI-202412010-FI1,2024-12-05,2026-12-04,no,https://betvakti.com/contact,,not contacted,,
Istana55bisa,istana55bisa.online,https://istana55bisa.online,Aquila Ltd,ALSI-202412014-FI1,2024-12-05,2025-12-04,no,https://istana55bisa.online/contact,,not contacted,,
Cepat89company,cepat89company.online,https://cepat89company.online,Aquila Ltd,ALSI-202412014-FI1,2024-12-05,2025-12-04,no,https://cepat89company.online/contact,,not contacted,,
Viral99pop,viral99pop.online,https://viral99pop.online,Aquila Ltd,ALSI-202412014-FI1,2024-12-05,2025-12-04,no,https://viral99pop.online/contact,,not contacted,,
Raden38official,raden38official.online,https://raden38official.online,Aquila Ltd,ALSI-202412014-FI1,2024-12-05,2025-12-04,no,https://raden38official.online/contact,,not contacted,,
Dotabee,dotabee.online,https://dotabee.online,Aquila Ltd,ALSI-202412014-FI1,2024-12-05,2025-12-04,no,https://dotabee.online/contact,,not contacted,,
Daftarpb,daftarpb.space,https://daftarpb.space,Aquila Ltd,ALSI-202412014-FI1,2024-12-05,2025-12-04,no,https://daftarpb.space/contact,,not contacted,,
Uw88kitav2,uw88kitav2.online,https://uw88kitav2.online,Aquila Ltd,ALSI-202412014-FI1,2024-12-05,2025-12-04,no,https://uw88kitav2.online/contact,,not contacted,,
Spinhub168,spinhub168.space,https://spinhub168.space,Aquila Ltd,ALSI-202412014-FI1,2024-12-05,2025-12-04,no,https://spinhub168.space/contact,,not contacted,,
M9winboost,m9winboost.online,https://m9winboost.online,Aquila Ltd,ALSI-202412014-FI1,2024-12-05,2025-12-04,no,https://m9winboost.online/contact,,not contacted,,
Betvitosha,betvitosha.com,https://betvitosha.com,Ares Capital Ltd.,ALSI-202412011-FI1,2024-12-05,2026-12-04,no,https://betvitosha.com/contact,,not contacted,,
Casinoprestij,casinoprestij.com,https://casinoprestij.com,Ares Capital Ltd.,ALSI-202412011-FI1,2024-12-05,2026-12-04,no,https://casinoprestij.com/contact,,not contacted,,
Gazzino,gazzino.com,https://gazzino.com,Ares Capital Ltd.,ALSI-202412011-FI1,2024-12-05,2026-12-04,no,https://gazzino.com/contact,,not contacted,,
Casinoelit,casinoelit.com,https://casinoelit.com,Ares Capital Ltd.,ALSI-202412011-FI1,2024-12-05,2026-12-04,no,https://casinoelit.com/contact,,not contacted,,
Cratosslot,cratosslot.com,https://cratosslot.com,Ares Capital Ltd.,ALSI-202412011-FI1,2024-12-05,2026-12-04,no,https://cratosslot.com/contact,,not contacted,,
Istanbulcasino,istanbulcasino.com,https://istanbulcasino.com,Ares Capital Ltd.,ALSI-202412011-FI1,2024-12-05,2026-12-04,no,https://istanbulcasino.com/contact,,not contacted,,
Rudicasino,rudicasino.com,https://rudicasino.com,Ares Capital Ltd.,ALSI-202412011-FI1,2024-12-05,2026-12-04,no,https://rudicasino.com/contact,,not contacted,,
Slotbar,slotbar.com,https://slotbar.com,Ares Capital Ltd.,ALSI-202412011-FI1,2024-12-05,2026-12-04,no,https://slotbar.com/contact,,not contacted,,
Casinovice,casinovice.com,https://casinovice.com,Aspera Operations Limitada,ALSI-202412012-FI1,2024-12-05,2026-12-04,no,https://casinovice.com/contact,,not contacted,,
Slotmonkey,slotmonkey.io,https://slotmonkey.io,Aspera Operations Limitada,ALSI-202412012-FI1,2024-12-05,2026-12-04,no,https://slotmonkey.io/contact,,not contacted,,
Championslots,championslots.com,https://championslots.com,F3 MARKETS LTD,ALSI-202412007-FI1,2024-12-05,2026-12-04,no,https://championslots.com/contact,,not contacted,,
Luckykong,luckykong.com,https://luckykong.com,Happy Players LLC,ALSI-202412006-FI1,2024-12-05,2026-12-04,no,https://luckykong.com/contact,,not contacted,,
Sapphirepalace,sapphirepalace.com,https://sapphirepalace.com,Medina Entertainment Ltd.,ALSI-202412008-FI1,2024-12-05,2026-12-04,no,https://sapphirepalace.com/contact,,not contacted,,
Ganyanbet,ganyanbet.com,https://ganyanbet.com,Medina Entertainment Ltd.,ALSI-202412008-FI1,2024-12-05,2026-12-04,no,https://ganyanbet.com/contact,,not contacted,,
Hepsibet,hepsibet.com,https://hepsibet.com,Medina Entertainment Ltd.,ALSI-202412008-FI1,2024-12-05,2026-12-04,no,https://hepsibet.com/contact,,not contacted,,
Poliwin365,poliwin365.com,https://poliwin365.com,Medina Entertainment Ltd.,ALSI-202412008-FI1,2024-12-05,2026-12-04,no,https://poliwin365.com/contact,,not contacted,,
Reynabet,reynabet.com,https://reynabet.com,Medina Entertainment Ltd.,ALSI-202412008-FI1,2024-12-05,2026-12-04,no,https://reynabet.com/contact,,not contacted,,
Vipgames,vipgames.live,https://vipgames.live,Medina Entertainment Ltd.,ALSI-202412008-FI1,2024-12-05,2026-12-04,no,https://vipgames.live/contact,,not contacted,,
Avibet,avibet.com,https://avibet.com,Medina Entertainment Ltd.,ALSI-202412008-FI1,2024-12-05,2026-12-04,no,https://avibet.com/contact,,not contacted,,
Gamabet,gamabet.com,https://gamabet.com,Medina Entertainment Ltd.,ALSI-202412008-FI1,2024-12-05,2026-12-04,no,https://gamabet.com/contact,,not contacted,,
Limrabet,limrabet.com,https://limrabet.com,Medina Entertainment Ltd.,ALSI-202412008-FI1,2024-12-05,2026-12-04,no,https://limrabet.com/contact,,not contacted,,
Bahisvar,bahisvar.com,https://bahisvar.com,Medina Entertainment Ltd.,ALSI-202412008-FI1,2024-12-05,2026-12-04,no,https://bahisvar.com/contact,,not contacted,,
Super7bet,super7bet.com,https://super7bet.com,Medina Entertainment Ltd.,ALSI-202412008-FI1,2024-12-05,2026-12-04,no,https://super7bet.com/contact,,not contacted,,
Bigwon,bigwon.com,https://bigwon.com,Medina Entertainment Ltd.,ALSI-202412008-FI1,2024-12-05,2026-12-04,no,https://bigwon.com/contact,,not contacted,,
Bet Sevens,bet-sevens.com,https://bet-sevens.com,Medina Entertainment Ltd.,ALSI-202412008-FI1,2024-12-05,2026-12-04,no,https://bet-sevens.com/contact,,not contacted,,
Rekabet,rekabet.io,https://rekabet.io,Medina Entertainment Ltd.,ALSI-202412008-FI1,2024-12-05,2026-12-04,no,https://rekabet.io/contact,,not contacted,,
Betbon,betbon.com,https://betbon.com,Medina Entertainment Ltd.,ALSI-202412008-FI1,2024-12-05,2026-12-04,no,https://betbon.com/contact,,not contacted,,
1xplay,1xplay.io,https://1xplay.io,Medina Entertainment Ltd.,ALSI-202412008-FI1,2024-12-05,2026-12-04,no,https://1xplay.io/contact,,not contacted,,
Atmbahis,atmbahis.com,https://atmbahis.com,Medina Entertainment Ltd.,ALSI-202412008-FI1,2024-12-05,2026-12-04,no,https://atmbahis.com/contact,,not contacted,,
Iron7bet,iron7bet.com,https://iron7bet.com,Medina Entertainment Ltd.,ALSI-202412008-FI1,2024-12-05,2026-12-04,no,https://iron7bet.com/contact,,not contacted,,
Sefirbet,sefirbet.com,https://sefirbet.com,Medina Entertainment Ltd.,ALSI-202412008-FI1,2024-12-05,2026-12-04,no,https://sefirbet.com/contact,,not contacted,,
Beteyo,beteyo.com,https://beteyo.com,Medina Entertainment Ltd.,ALSI-202412008-FI1,2024-12-05,2026-12-04,no,https://beteyo.com/contact,,not contacted,,
Betinlife,betinlife.com,https://betinlife.com,Medina Entertainment Ltd.,ALSI-202412008-FI1,2024-12-05,2026-12-04,no,https://betinlife.com/contact,,not contacted,,
Haremcasino,haremcasino.com,https://haremcasino.com,Medina Entertainment Ltd.,ALSI-202412008-FI1,2024-12-05,2026-12-04,no,https://haremcasino.com/contact,,not contacted,,
Uni Interactive,uni-interactive.com,https://uni-interactive.com,Medina Entertainment Ltd.,ALSI-202412008-FI1,2024-12-05,2026-12-04,no,https://uni-interactive.com/contact,,not contacted,,
Winazbet,winazbet.com,https://winazbet.com,Medina Entertainment Ltd.,ALSI-202412008-FI1,2024-12-05,2026-12-04,no,https://winazbet.com/contact,,not contacted,,
Casivan,casivan.com,https://casivan.com,Medina Entertainment Ltd.,ALSI-202412008-FI1,2024-12-05,2026-12-04,no,https://casivan.com/contact,,not contacted,,
Tiklabet,tiklabet.com,https://tiklabet.com,Medina Entertainment Ltd.,ALSI-202412008-FI1,2024-12-05,2026-12-04,no,https://tiklabet.com/contact,,not contacted,,
Zynobet,zynobet.com,https://zynobet.com,Medina Entertainment Ltd.,ALSI-202412008-FI1,2024-12-05,2026-12-04,no,https://zynobet.com/contact,,not contacted,,
Betmabet,betmabet.com,https://betmabet.com,Medina Entertainment Ltd.,ALSI-202412008-FI1,2024-12-05,2026-12-04,no,https://betmabet.com/contact,,not contacted,,
Wipbet365,wipbet365.com,https://wipbet365.com,Medina Entertainment Ltd.,ALSI-202412008-FI1,2024-12-05,2026-12-04,no,https://wipbet365.com/contact,,not contacted,,
Lordbahis,lordbahis.com,https://lordbahis.com,Medina Entertainment Ltd.,ALSI-202412008-FI1,2024-12-05,2026-12-04,no,https://lordbahis.com/contact,,not contacted,,
Kalibet,kalibet.com,https://kalibet.com,Medina Entertainment Ltd.,ALSI-202412008-FI1,2024-12-05,2026-12-04,no,https://kalibet.com/contact,,not contacted,,
Bahissende,bahissende.com,https://bahissende.com,Medina Entertainment Ltd.,ALSI-202412008-FI1,2024-12-05,2026-12-04,no,https://bahissende.com/contact,,not contacted,,
Grandbahistr,grandbahistr.com,https://grandbahistr.com,Medina Entertainment Ltd.,ALSI-202412008-FI1,2024-12-05,2026-12-04,no,https://grandbahistr.com/contact,,not contacted,,
Atekbet,atekbet.com,https://atekbet.com,Medina Entertainment Ltd.,ALSI-202412008-FI1,2024-12-05,2026-12-04,no,https://atekbet.com/contact,,not contacted,,
Betbank300,betbank300.com,https://betbank300.com,Medina Entertainment Ltd.,ALSI-202412008-FI1,2024-12-05,2026-12-04,no,https://betbank300.com/contact,,not contacted,,
Pisabet10,pisabet10.com,https://pisabet10.com,Medina Entertainment Ltd.,ALSI-202412008-FI1,2024-12-05,2026-12-04,no,https://pisabet10.com/contact,,not contacted,,
Leokingbet,leokingbet.com,https://leokingbet.com,Medina Entertainment Ltd.,ALSI-202412008-FI1,2024-12-05,2026-12-04,no,https://leokingbet.com/contact,,not contacted,,
Betcanavar,betcanavar.com,https://betcanavar.com,Medina Entertainment Ltd.,ALSI-202412008-FI1,2024-12-05,2026-12-04,no,https://betcanavar.com/contact,,not contacted,,
Milasbet,milasbet.com,https://milasbet.com,Medina Entertainment Ltd.,ALSI-202412008-FI1,2024-12-05,2026-12-04,no,https://milasbet.com/contact,,not contacted,,
Betface1,betface1.com,https://betface1.com,Medina Entertainment Ltd.,ALSI-202412008-FI1,2024-12-05,2026-12-04,no,https://betface1.com/contact,,not contacted,,
Harbiwin,harbiwin.com,https://harbiwin.com,Medina Entertainment Ltd.,ALSI-202412008-FI1,2024-12-05,2026-12-04,no,https://harbiwin.com/contact,,not contacted,,
Bydcasino,bydcasino.com,https://bydcasino.com,Medina Entertainment Ltd.,ALSI-202412008-FI1,2024-12-05,2026-12-04,no,https://bydcasino.com/contact,,not contacted,,
Plabets,plabets.com,https://plabets.com,Medina Entertainment Ltd.,ALSI-202412008-FI1,2024-12-05,2026-12-04,no,https://plabets.com/contact,,not contacted,,
Natobet,natobet.com,https://natobet.com,Medina Entertainment Ltd.,ALSI-202412008-FI1,2024-12-05,2026-12-04,no,https://natobet.com/contact,,not contacted,,
Luxorbahis,luxorbahis.com,https://luxorbahis.com,Medina Entertainment Ltd.,ALSI-202412008-FI1,2024-12-05,2026-12-04,no,https://luxorbahis.com/contact,,not contacted,,
Coinpoker,coinpoker.com,https://coinpoker.com,PRECISE INTERACTIVE INC,ALSI-202412004-FI1,2024-12-05,2026-12-04,no,https://coinpoker.com/contact,,not contacted,,
Siete,siete.com,https://siete.com,PRECISE INTERACTIVE INC,ALSI-202412004-FI1,2024-12-05,2026-12-04,no,https://siete.com/contact,,not contacted,,
8black,8black.com,https://8black.com,Seven23 Limited,ALSI-202412025-FI1,2024-12-05,2026-12-04,no,https://8black.com/contact,,not contacted,,
Kickbackcasino,kickbackcasino.com,https://kickbackcasino.com,Seven23 Limited,ALSI-202412025-FI1,2024-12-05,2026-12-04,no,https://kickbackcasino.com/contact,,not contacted,,
Bcfine,bcfine.com,https://bcfine.com,Spark Marketing & Consulting Corp,ALSI-202412021-FI1,2024-12-05,2025-12-04,no,https://bcfine.com/contact,,not contacted,,
Laki,laki.world,https://laki.world,Unambiguity Limitada,ALSI-202412003-FI1,2024-12-05,2026-12-04,no,https://laki.world/contact,,not contacted,,
Azurebet,azurebet.com,https://azurebet.com,Unambiguity Limitada,ALSI-202412003-FI1,2024-12-05,2026-12-04,no,https://azurebet.com/contact,,not contacted,,
Elonbet,elonbet.com,https://elonbet.com,Unambiguity Limitada,ALSI-202412003-FI1,2024-12-05,2026-12-04,no,https://elonbet.com/contact,,not contacted,,
Cawabanga,cawabanga.com,https://cawabanga.com,Unambiguity Limitada,ALSI-202412003-FI1,2024-12-05,2026-12-04,no,https://cawabanga.com/contact,,not contacted,,
Kokozino,kokozino.com,https://kokozino.com,Unambiguity Limitada,ALSI-202412003-FI1,2024-12-05,2026-12-04,no,https://kokozino.com/contact,,not contacted,,
Jabibet,jabibet.com,https://jabibet.com,Unambiguity Limitada,ALSI-202412003-FI1,2024-12-05,2026-12-04,no,https://jabibet.com/contact,,not contacted,,
Fswin,fswin.com,https://fswin.com,Unambiguity Limitada,ALSI-202412003-FI1,2024-12-05,2026-12-04,no,https://fswin.com/contact,,not contacted,,
Xxx,xxx.bet,https://xxx.bet,Unambiguity Limitada,ALSI-202412003-FI1,2024-12-05,2026-12-04,no,https://xxx.bet/contact,,not contacted,,
Raycasino,raycasino.com,https://raycasino.com,Vikeliz Media N.V.,ALSI-202412005-FI1,2024-12-05,2025-12-04,no,https://raycasino.com/contact,,not contacted,,
Raycasino,raycasino.net,https://raycasino.net,Vikeliz Media N.V.,ALSI-202412005-FI1,2024-12-05,2025-12-04,no,https://raycasino.net/contact,,not contacted,,
Betlix,betlix.com,https://betlix.com,BlockBets Entertainment Limitada,ALSI-202412013-FI1,2024-12-02,2026-12-01,no,https://betlix.com/contact,,not contacted,,
Nocturnalcasino,nocturnalcasino.com,https://nocturnalcasino.com,BlockBets Entertainment Limitada,ALSI-202412013-FI1,2024-12-02,2026-12-01,no,https://nocturnalcasino.com/contact,,not contacted,,
Aurora Dragon,aurora-dragon.com,https://aurora-dragon.com,BlockBets Entertainment Limitada,ALSI-202412013-FI1,2024-12-02,2026-12-01,no,https://aurora-dragon.com/contact,,not contacted,,
Moneydream,moneydream.io,https://moneydream.io,BlockBets Entertainment Limitada,ALSI-202412013-FI1,2024-12-02,2026-12-01,no,https://moneydream.io/contact,,not contacted,,
Mojobetz,mojobetz.com,https://mojobetz.com,BlockBets Entertainment Limitada,ALSI-202412013-FI1,2024-12-02,2026-12-01,no,https://mojobetz.com/contact,,not contacted,,
Starfy,starfy.co,https://starfy.co,BlockBets Entertainment Limitada,ALSI-202412013-FI1,2024-12-02,2026-12-01,no,https://starfy.co/contact,,not contacted,,
Betstaro,betstaro.com,https://betstaro.com,BlockBets Entertainment Limitada,ALSI-202412013-FI1,2024-12-02,2026-12-01,no,https://betstaro.com/contact,,not contacted,,
Casinoalexa,casinoalexa.com,https://casinoalexa.com,BlockBets Entertainment Limitada,ALSI-202412013-FI1,2024-12-02,2026-12-01,no,https://casinoalexa.com/contact,,not contacted,,
Andeswin,andeswin.com,https://andeswin.com,BlockBets Entertainment Limitada,ALSI-202412013-FI1,2024-12-02,2026-12-01,no,https://andeswin.com/contact,,not contacted,,
Vivibet,vivibet.vip,https://vivibet.vip,Epicade Limited,ALSI-202412031-FI2,2024-12-02,2026-12-01,no,https://vivibet.vip/contact,,not contacted,,
Epicade,epicade.net,https://epicade.net,Epicade Limited,ALSI-202412031-FI2,2024-12-02,2026-12-01,no,https://epicade.net/contact,,not contacted,,
Moonroll,moonroll.io,https://moonroll.io,Space Entertainment Ltd.,ALSI-202412032-FI2,2024-12-02,2026-12-01,no,https://moonroll.io/contact,,not contacted,,
Bets777,bets777.com,https://bets777.com,SPQR INTERACTIVE LTD,ALSI-202412001-FI1,2024-12-02,2026-12-01,no,https://bets777.com/contact,,not contacted,,
Betcabj6868,betcabj6868.com,https://betcabj6868.com,Vorterix Gaming Solutions Inc,ALSI-202412041-FI2,2024-12-02,2026-12-01,no,https://betcabj6868.com/contact,,not contacted,,
Masterplay,masterplay.io,https://masterplay.io,ActiveX technologies Limited,ALSI-202412020-FI1,2024-11-25,2026-11-24,no,https://masterplay.io/contact,,not contacted,,
Parivo,parivo.com,https://parivo.com,ActiveX technologies Limited,ALSI-202412020-FI1,2024-11-25,2026-11-24,no,https://parivo.com/contact,,not contacted,,
Goldriders,goldriders.com,https://goldriders.com,ActiveX technologies Limited,ALSI-202412020-FI1,2024-11-25,2026-11-24,no,https://goldriders.com/contact,,not contacted,,
Ezbitcasino,ezbitcasino.com,https://ezbitcasino.com,EZ Bit Inc.,ALSI-202412016-FI1,2024-11-25,2026-11-24,no,https://ezbitcasino.com/contact,,not contacted,,
Buunix,buunix.com,https://buunix.com,EZ Bit Inc.,ALSI-202412016-FI1,2024-11-25,2026-11-24,no,https://buunix.com/contact,,not contacted,,
Hometacasino,hometacasino.com,https://hometacasino.com,HMC Ltd,ALSI-202412022-FI1,2024-11-25,2026-11-24,no,https://hometacasino.com/contact,,not contacted,,
Whaleplay,whaleplay.com,https://whaleplay.com,HMC Ltd,ALSI-202412022-FI1,2024-11-25,2026-11-24,no,https://whaleplay.com/contact,,not contacted,,
Luxcasino,luxcasino.club,https://luxcasino.club,Maxline N.V.,ALSI 202412017 FI1,2024-11-25,2025-11-24,no,https://luxcasino.club/contact,,not contacted,,
Luxcasino,luxcasino.net,https://luxcasino.net,Maxline N.V.,ALSI 202412017 FI1,2024-11-25,2025-11-24,no,https://luxcasino.net/contact,,not contacted,,
Rollblock,rollblock.io,https://rollblock.io,Mucho Gaming Limited,ALSI-202412018-FI1,2024-11-25,2026-11-24,no,https://rollblock.io/contact,,not contacted,,
Winnerisland,winnerisland.com,https://winnerisland.com,BitzEnt Ltd.,ALSI-202411081-FI2,2024-11-22,2026-11-21,no,https://winnerisland.com/contact,,not contacted,,
Betroller,betroller.com,https://betroller.com,BR Technologies Limited,ALSI-202411069-FI2,2024-11-22,2026-11-21,no,https://betroller.com/contact,,not contacted,,
Slotoroller,slotoroller.com,https://slotoroller.com,BR Technologies Limited,ALSI-202411069-FI2,2024-11-22,2026-11-21,no,https://slotoroller.com/contact,,not contacted,,
Ronospin,ronospin.com,https://ronospin.com,Bracinco87 N.V.,ALSI-202411041-FI2,2024-11-22,2025-11-21,no,https://ronospin.com/contact,,not contacted,,
Oopspin,oopspin.com,https://oopspin.com,Bracinco87 N.V.,ALSI-202411041-FI2,2024-11-22,2025-11-21,no,https://oopspin.com/contact,,not contacted,,
Betvibe,betvibe.com,https://betvibe.com,DigiServe Limitada,ALSI-202411057-FI2,2024-11-22,2026-11-21,no,https://betvibe.com/contact,,not contacted,,
Qqbet,qqbet.net,https://qqbet.net,Green Web Design and Development Ltd,ALSI-202411070-FI2,2024-11-22,2026-11-21,no,https://qqbet.net/contact,,not contacted,,
Betveo,betveo.com,https://betveo.com,Green Web Design and Development Ltd,ALSI-202411070-FI2,2024-11-22,2026-11-21,no,https://betveo.com/contact,,not contacted,,
Oxibet,oxibet.com,https://oxibet.com,Green Web Design and Development Ltd,ALSI-202411070-FI2,2024-11-22,2026-11-21,no,https://oxibet.com/contact,,not contacted,,
Betwix,betwix.com,https://betwix.com,Green Web Design and Development Ltd,ALSI-202411070-FI2,2024-11-22,2026-11-21,no,https://betwix.com/contact,,not contacted,,
Lolly Bet,lolly-bet.com,https://lolly-bet.com,LBNGCR Ventures Limitada,ALSI-202411062-FI2,2024-11-22,2026-11-21,no,https://lolly-bet.com/contact,,not contacted,,
Chilistakes,chilistakes.com,https://chilistakes.com,MBZF Digital Entertainment Group Limitada,ALSI-202411080-FI2,2024-11-22,2026-11-21,no,https://chilistakes.com/contact,,not contacted,,
Whiskywin,whiskywin.com,https://whiskywin.com,MBZF Digital Entertainment Group Limitada,ALSI-202411080-FI2,2024-11-22,2026-11-21,no,https://whiskywin.com/contact,,not contacted,,
Winoui,winoui.com,https://winoui.com,Nexuscraft Ltd,ALSI-202411078-FI2,2024-11-22,2026-11-21,no,https://winoui.com/contact,,not contacted,,
Ultrapari,ultrapari.com,https://ultrapari.com,Pestus Limited,ALSI-202411072-FI2,2024-11-22,2026-11-21,no,https://ultrapari.com/contact,,not contacted,,
Ultrapariuz,ultrapariuz.com,https://ultrapariuz.com,Pestus Limited,ALSI-202411072-FI2,2024-11-22,2026-11-21,no,https://ultrapariuz.com/contact,,not contacted,,
Wowbet,wowbet.win,https://wowbet.win,Roostman Limited,ALSI-202411071-FI2,2024-11-22,2026-11-22,no,https://wowbet.win/contact,,not contacted,,
Jackpotbarrel,jackpotbarrel.com,https://jackpotbarrel.com,Stellar Ltd,ALSI-202411077-FI2,2024-11-22,2026-11-21,no,https://jackpotbarrel.com/contact,,not contacted,,
Bingobongostars,bingobongostars.com,https://bingobongostars.com,Stellar Ltd,ALSI-202411077-FI2,2024-11-22,2026-11-21,no,https://bingobongostars.com/contact,,not contacted,,
Botspinsbet,botspinsbet.com,https://botspinsbet.com,Stellar Ltd,ALSI-202411077-FI2,2024-11-22,2026-11-21,no,https://botspinsbet.com/contact,,not contacted,,
Luckyminning,luckyminning.com,https://luckyminning.com,Stellar Ltd,ALSI-202411077-FI2,2024-11-22,2026-11-21,no,https://luckyminning.com/contact,,not contacted,,
Shibuspins,shibuspins.com,https://shibuspins.com,Stellar Ltd,ALSI-202411077-FI2,2024-11-22,2026-11-21,no,https://shibuspins.com/contact,,not contacted,,
Tornadoboomz,tornadoboomz.com,https://tornadoboomz.com,Stellar Ltd,ALSI-202411077-FI2,2024-11-22,2026-11-21,no,https://tornadoboomz.com/contact,,not contacted,,
Candicabz,candicabz.com,https://candicabz.com,Stellar Ltd,ALSI-202411077-FI2,2024-11-22,2026-11-21,no,https://candicabz.com/contact,,not contacted,,
Flashbetcasino,flashbetcasino.com,https://flashbetcasino.com,Stellar Ltd,ALSI-202411077-FI2,2024-11-22,2026-11-21,no,https://flashbetcasino.com/contact,,not contacted,,
Lichibet,lichibet.com,https://lichibet.com,Stellar Ltd,ALSI-202411077-FI2,2024-11-22,2026-11-21,no,https://lichibet.com/contact,,not contacted,,
Panteoncasino,panteoncasino.com,https://panteoncasino.com,Stellar Ltd,ALSI-202411077-FI2,2024-11-22,2026-11-21,no,https://panteoncasino.com/contact,,not contacted,,
Binnarybet,binnarybet.com,https://binnarybet.com,Stellar Ltd,ALSI-202411077-FI2,2024-11-22,2026-11-21,no,https://binnarybet.com/contact,,not contacted,,
Bookyspinz,bookyspinz.com,https://bookyspinz.com,Stellar Ltd,ALSI-202411077-FI2,2024-11-22,2026-11-21,no,https://bookyspinz.com/contact,,not contacted,,
Lastingwinz,lastingwinz.com,https://lastingwinz.com,Stellar Ltd,ALSI-202411077-FI2,2024-11-22,2026-11-21,no,https://lastingwinz.com/contact,,not contacted,,
Strikerroomz,strikerroomz.com,https://strikerroomz.com,Stellar Ltd,ALSI-202411077-FI2,2024-11-22,2026-11-21,no,https://strikerroomz.com/contact,,not contacted,,
Stromstrikecasino,stromstrikecasino.com,https://stromstrikecasino.com,Stellar Ltd,ALSI-202411077-FI2,2024-11-22,2026-11-21,no,https://stromstrikecasino.com/contact,,not contacted,,
Superquantumplay,superquantumplay.com,https://superquantumplay.com,Stellar Ltd,ALSI-202411077-FI2,2024-11-22,2026-11-21,no,https://superquantumplay.com/contact,,not contacted,,
Vinniewinners,vinniewinners.com,https://vinniewinners.com,Stellar Ltd,ALSI-202411077-FI2,2024-11-22,2026-11-21,no,https://vinniewinners.com/contact,,not contacted,,
Winningzrush,winningzrush.com,https://winningzrush.com,Stellar Ltd,ALSI-202411077-FI2,2024-11-22,2026-11-21,no,https://winningzrush.com/contact,,not contacted,,
Azimutbet,azimutbet.com,https://azimutbet.com,Tetaron Limited,ALSI-202411073-FI2,2024-11-22,2026-11-21,no,https://azimutbet.com/contact,,not contacted,,
Magnatbet,magnatbet.com,https://magnatbet.com,Tetaron Limited,ALSI-202411073-FI2,2024-11-22,2026-11-21,no,https://magnatbet.com/contact,,not contacted,,
Greenbet,greenbet.gg,https://greenbet.gg,Tetaron Limited,ALSI-202411073-FI2,2024-11-22,2026-11-21,no,https://greenbet.gg/contact,,not contacted,,
B86bet,b86bet.com,https://b86bet.com,Tetaron Limited,ALSI-202411073-FI2,2024-11-22,2026-11-21,no,https://b86bet.com/contact,,not contacted,,
Secretbet,secretbet.com,https://secretbet.com,Tetaron Limited,ALSI-202411073-FI2,2024-11-22,2026-11-21,no,https://secretbet.com/contact,,not contacted,,
Bitz,bitz.io,https://bitz.io,Win Sector N.V.,ALSI-202411066-FI2,2024-11-22,2026-11-21,no,https://bitz.io/contact,,not contacted,,
1rajbet,1rajbet.in,https://1rajbet.in,Win Sector N.V.,ALSI-202411066-FI2,2024-11-22,2026-11-21,no,https://1rajbet.in/contact,,not contacted,,
Yamas,yamas.global,https://yamas.global,Yamas Group Ltd A.G,ALSI-202411064-FI2,2024-11-22,2025-11-21,no,https://yamas.global/contact,,not contacted,,
Zoombaplay,zoombaplay.com,https://zoombaplay.com,Zoomba Ltd.,ALSI-202411053-FI2,2024-11-22,2026-11-21,no,https://zoombaplay.com/contact,,not contacted,,
Migallo,migallo.mx,https://migallo.mx,Zoomba Ltd.,ALSI-202411053-FI2,2024-11-22,2026-11-21,no,https://migallo.mx/contact,,not contacted,,
Casinomcw,casinomcw.com,https://casinomcw.com,MCW Consultancy Ltd.,ALSI-202411037-FI1,2024-11-18,2026-11-17,no,https://casinomcw.com/contact,,not contacted,,
Ga888vn,ga888vn.com,https://ga888vn.com,MCW Consultancy Ltd.,ALSI-202411037-FI1,2024-11-18,2026-11-17,no,https://ga888vn.com/contact,,not contacted,,
Khelaghor88,khelaghor88.com,https://khelaghor88.com,MCW Consultancy Ltd.,ALSI-202411037-FI1,2024-11-18,2026-11-17,no,https://khelaghor88.com/contact,,not contacted,,
Banglabet88,banglabet88.com,https://banglabet88.com,MCW Consultancy Ltd.,ALSI-202411037-FI1,2024-11-18,2026-11-17,no,https://banglabet88.com/contact,,not contacted,,
Bengalbd88,bengalbd88.com,https://bengalbd88.com,MCW Consultancy Ltd.,ALSI-202411037-FI1,2024-11-18,2026-11-17,no,https://bengalbd88.com/contact,,not contacted,,
Cricbd99,cricbd99.com,https://cricbd99.com,MCW Consultancy Ltd.,ALSI-202411037-FI1,2024-11-18,2026-11-17,no,https://cricbd99.com/contact,,not contacted,,
Mcwcasino,mcwcasino.io,https://mcwcasino.io,MCW Consultancy Ltd.,ALSI-202411037-FI1,2024-11-18,2026-11-17,no,https://mcwcasino.io/contact,,not contacted,,
Megacricketworld,megacricketworld.com,https://megacricketworld.com,MCW Consultancy Ltd.,ALSI-202411037-FI1,2024-11-18,2026-11-17,no,https://megacricketworld.com/contact,,not contacted,,
Mnlbet88,mnlbet88.ph,https://mnlbet88.ph,MCW Consultancy Ltd.,ALSI-202411037-FI1,2024-11-18,2026-11-17,no,https://mnlbet88.ph/contact,,not contacted,,
Progambling,progambling.bet,https://progambling.bet,Big Next Stage Limitada,ALSI-202411061-FI2,2024-11-17,2026-11-16,no,https://progambling.bet/contact,,not contacted,,
Slotshub,slotshub.io,https://slotshub.io,Antares Technologies Ltd.,ALSI-202411031-FI1,2024-11-15,2026-11-14,no,https://slotshub.io/contact,,not contacted,,
Blockasino,blockasino.gg,https://blockasino.gg,Block Labs Ltd.,ALSI-202411052-FI2,2024-11-15,2025-11-14,no,https://blockasino.gg/contact,,not contacted,,
Blockasino,blockasino.com,https://blockasino.com,Block Labs Ltd.,ALSI-202411052-FI2,2024-11-15,2025-11-14,no,https://blockasino.com/contact,,not contacted,,
Rx,rx.games,https://rx.games,CX Fancy Limited,ALSI-202411043-FI2,2024-11-15,2026-11-14,no,https://rx.games/contact,,not contacted,,
Spin Masters,spin-masters.com,https://spin-masters.com,CX Fancy Limited,ALSI-202411043-FI2,2024-11-15,2026-11-14,no,https://spin-masters.com/contact,,not contacted,,
Rx,rx.casino,https://rx.casino,CX Fancy Limited,ALSI-202411043-FI2,2024-11-15,2026-11-14,no,https://rx.casino/contact,,not contacted,,
Aziabet,aziabet.com,https://aziabet.com,Go Asia Ltd.,ALSI-202411046-FI2,2024-11-15,2026-11-14,no,https://aziabet.com/contact,,not contacted,,
Azia,azia.casino,https://azia.casino,Go Asia Ltd.,ALSI-202411046-FI2,2024-11-15,2026-11-14,no,https://azia.casino/contact,,not contacted,,
Aziacasino,aziacasino.com,https://aziacasino.com,Go Asia Ltd.,ALSI-202411046-FI2,2024-11-15,2026-11-14,no,https://aziacasino.com/contact,,not contacted,,
Kairosinters,kairosinters.com,https://kairosinters.com,Kairos International Limited,ALSI-202411074-FI2,2024-11-15,2026-11-14,no,https://kairosinters.com/contact,,not contacted,,
Solama,solama.com,https://solama.com,Publishing Profits SRL,ALSI-202411032-FI1,2024-11-15,2025-11-14,no,https://solama.com/contact,,not contacted,,
Questpari,questpari.com,https://questpari.com,QUANTUM GAME VENTURES LIMITED,ALSI-202411042-FI2,2024-11-15,2026-11-14,no,https://questpari.com/contact,,not contacted,,
Sitonix,sitonix.net,https://sitonix.net,Sitonix Limited,ALSI-202411045-FI2,2024-11-15,2026-11-14,no,https://sitonix.net/contact,,not contacted,,
Betandreas,betandreas.vip,https://betandreas.vip,Sitonix Limited,ALSI-202411045-FI2,2024-11-15,2026-11-14,no,https://betandreas.vip/contact,,not contacted,,
Betbits,betbits.com,https://betbits.com,Unstoppable AC LTD,ALSI-202411055-FI2,2024-11-15,2026-11-14,no,https://betbits.com/contact,,not contacted,,
Gojibet,gojibet.com,https://gojibet.com,Ante Group Limitada,ALSI-202411059-FI2,2024-11-12,2026-11-11,no,https://gojibet.com/contact,,not contacted,,
Gojicasino,gojicasino.com,https://gojicasino.com,Ante Group Limitada,ALSI-202411059-FI2,2024-11-12,2026-11-11,no,https://gojicasino.com/contact,,not contacted,,
Fp,fp.bet,https://fp.bet,SmartPlay Interactive Limitada,ALSI-202411067-FI2,2024-11-12,2026-11-11,no,https://fp.bet/contact,,not contacted,,
Fairplay,fairplay.bet,https://fairplay.bet,SmartPlay Interactive Limitada,ALSI-202411067-FI2,2024-11-12,2026-11-11,no,https://fairplay.bet/contact,,not contacted,,
Bettajon88,bettajon88.com,https://bettajon88.com,BetNexus Ltd,ALSI-202411036-FI1,2024-11-11,2026-11-10,no,https://bettajon88.com/contact,,not contacted,,
Rake,rake.com,https://rake.com,Elixir Tech Ltd.,ALSI-202411033-FI1,2024-11-11,2026-11-10,no,https://rake.com/contact,,not contacted,,
Indiebet,indiebet.com,https://indiebet.com,Indiebet Ltd,ALSI-202411038-FI1,2024-11-11,2026-11-10,no,https://indiebet.com/contact,,not contacted,,
Betcrib,betcrib.com,https://betcrib.com,Redstone Interactive Ltd.,ALSI-202411039-FI1,2024-11-11,2026-11-10,no,https://betcrib.com/contact,,not contacted,,
Luckyreels,luckyreels.com,https://luckyreels.com,Redstone Interactive Ltd.,ALSI-202411039-FI1,2024-11-11,2026-11-10,no,https://luckyreels.com/contact,,not contacted,,
Pikebit,pikebit.com,https://pikebit.com,TechFlick Ltd,ALSI-202411060-FI2,2024-11-11,2026-11-10,no,https://pikebit.com/contact,,not contacted,,
Speicasino,speicasino.com,https://speicasino.com,TechFlick Ltd,ALSI-202411060-FI2,2024-11-11,2026-11-10,no,https://speicasino.com/contact,,not contacted,,
Nutspoker,nutspoker.cc,https://nutspoker.cc,TechPulse Limited,ALSI-202411040-FI1,2024-11-11,2026-11-10,no,https://nutspoker.cc/contact,,not contacted,,
Nutspoker,nutspoker.co,https://nutspoker.co,TechPulse Limited,ALSI-202411040-FI1,2024-11-11,2026-11-10,no,https://nutspoker.co/contact,,not contacted,,
Aouna688bet,aouna688bet.com,https://aouna688bet.com,Vault Bet Ltd,ALSI-202411035-FI1,2024-11-11,2026-11-10,no,https://aouna688bet.com/contact,,not contacted,,
Herake,herake.com,https://herake.com,DVG Capital Ltd,ALSI-202411024-FI1,2024-11-08,2026-11-07,no,https://herake.com/contact,,not contacted,,
Urake,urake.com,https://urake.com,DVG Capital Ltd,ALSI-202411024-FI1,2024-11-08,2026-11-07,no,https://urake.com/contact,,not contacted,,
Avatechsdn,avatechsdn.com,https://avatechsdn.com,Avatech SDN Ltd,ALSI-202411048-FI2,2024-11-05,2025-11-04,no,https://avatechsdn.com/contact,,not contacted,,
Richroger,richroger.com,https://richroger.com,3-102-941192 SRL,ALSI-202411004-FI1,2024-11-04,2026-11-03,no,https://richroger.com/contact,,not contacted,,
R2pbet,r2pbet.com,https://r2pbet.com,3-102-941192 SRL,ALSI-202411004-FI1,2024-11-04,2026-11-03,no,https://r2pbet.com/contact,,not contacted,,
Katanaspin,katanaspin.com,https://katanaspin.com,3-102-941192 SRL,ALSI-202411004-FI1,2024-11-04,2026-11-03,no,https://katanaspin.com/contact,,not contacted,,
Piperspin,piperspin.com,https://piperspin.com,3-102-941192 SRL,ALSI-202411004-FI1,2024-11-04,2026-11-03,no,https://piperspin.com/contact,,not contacted,,
Bethehouse,bethehouse.com,https://bethehouse.com,AURORA TECH Ltd,ALSI-202411013-FI1,2024-11-04,2026-11-03,no,https://bethehouse.com/contact,,not contacted,,
Earnbet,earnbet.io,https://earnbet.io,AURORA TECH Ltd,ALSI-202411013-FI1,2024-11-04,2026-11-03,no,https://earnbet.io/contact,,not contacted,,
Betcred,betcred.com,https://betcred.com,Axis Momentum Limitada,ALSI-202411019-FI1,2024-11-04,2025-11-03,no,https://betcred.com/contact,,not contacted,,
Betnordestina,betnordestina.com,https://betnordestina.com,Axis Momentum Limitada,ALSI-202411019-FI1,2024-11-04,2025-11-03,no,https://betnordestina.com/contact,,not contacted,,
Bloxgame,bloxgame.com,https://bloxgame.com,Bazooki Studios Ltd,ALSI-202411014-FI1,2024-11-04,2026-11-03,no,https://bloxgame.com/contact,,not contacted,,
Vegastars,vegastars.com,https://vegastars.com,Cassa Bombassa Limitada,ALSI-202411027-FI1,2024-11-04,2026-11-03,no,https://vegastars.com/contact,,not contacted,,
Twincr,twincr.bet,https://twincr.bet,Dorado Entertainment S.A.,ALSI-202411022-FI1,2024-11-04,2026-11-03,no,https://twincr.bet/contact,,not contacted,,
Leoncr,leoncr.bet,https://leoncr.bet,Dorado Entertainment S.A.,ALSI-202411022-FI1,2024-11-04,2026-11-03,no,https://leoncr.bet/contact,,not contacted,,
Dwplay,dwplay.pro,https://dwplay.pro,DWP Interactive Ventures Inc.,ALSI-202411023-FI1,2024-11-04,2025-11-03,no,https://dwplay.pro/contact,,not contacted,,
Dwplay,dwplay.live,https://dwplay.live,DWP Interactive Ventures Inc.,ALSI-202411023-FI1,2024-11-04,2025-11-03,no,https://dwplay.live/contact,,not contacted,,
Dwplay,dwplay.club,https://dwplay.club,DWP Interactive Ventures Inc.,ALSI-202411023-FI1,2024-11-04,2025-11-03,no,https://dwplay.club/contact,,not contacted,,
Airbet,airbet.io,https://airbet.io,Grandheimer Ltd,ALSI-202411006-FI1,2024-11-04,2025-11-03,no,https://airbet.io/contact,,not contacted,,
Kayacasino,kayacasino.com,https://kayacasino.com,Hyperspace N.V.,ALSI-202411016-FI1,2024-11-04,2026-11-03,no,https://kayacasino.com/contact,,not contacted,,
Macacasino,macacasino.com,https://macacasino.com,Hyperspace N.V.,ALSI-202411016-FI1,2024-11-04,2026-11-03,no,https://macacasino.com/contact,,not contacted,,
Duel,duel.com,https://duel.com,Immortal Snail LLC,ALSI-202411026-FI1,2024-11-04,2026-11-03,no,https://duel.com/contact,,not contacted,,
29black,29black.com,https://29black.com,LunaGate Ltd,ALSI-202411007-FI1,2024-11-04,2026-11-03,no,https://29black.com/contact,,not contacted,,
Goated,goated.com,https://goated.com,Mirai Kaze Ltd,ALSI-202411063-FI2,2024-11-04,2026-11-03,no,https://goated.com/contact,,not contacted,,
Altin,altin.casino,https://altin.casino,Moravente SRL,ALSI-202411005-FI1,2024-11-04,2025-11-03,no,https://altin.casino/contact,,not contacted,,
Viperspin,viperspin.org,https://viperspin.org,OMNT Limited,ALSI-202411050-FI2,2024-11-04,2026-11-03,no,https://viperspin.org/contact,,not contacted,,
Viperspin,viperspin.online,https://viperspin.online,OMNT Limited,ALSI-202411050-FI2,2024-11-04,2026-11-03,no,https://viperspin.online/contact,,not contacted,,
Viperspin,viperspin.net,https://viperspin.net,OMNT Limited,ALSI-202411050-FI2,2024-11-04,2026-11-03,no,https://viperspin.net/contact,,not contacted,,
Viperspin,viperspin.info,https://viperspin.info,OMNT Limited,ALSI-202411050-FI2,2024-11-04,2026-11-03,no,https://viperspin.info/contact,,not contacted,,
Viperspin,viperspin.com,https://viperspin.com,OMNT Limited,ALSI-202411050-FI2,2024-11-04,2026-11-03,no,https://viperspin.com/contact,,not contacted,,
Viperspin,viperspin.casino,https://viperspin.casino,OMNT Limited,ALSI-202411050-FI2,2024-11-04,2026-11-03,no,https://viperspin.casino/contact,,not contacted,,
Viperspin,viperspin.bet,https://viperspin.bet,OMNT Limited,ALSI-202411050-FI2,2024-11-04,2026-11-03,no,https://viperspin.bet/contact,,not contacted,,
Zesty,zesty.bet,https://zesty.bet,OMNT Limited,ALSI-202411050-FI2,2024-11-04,2026-11-03,no,https://zesty.bet/contact,,not contacted,,
Fortunejack,fortunejack.com,https://fortunejack.com,PlayWave SRL,ALSI-202411021-FI1,2024-11-04,2026-11-03,no,https://fortunejack.com/contact,,not contacted,,
Playwave,playwave.club,https://playwave.club,PlayWave SRL,ALSI-202411021-FI1,2024-11-04,2026-11-03,no,https://playwave.club/contact,,not contacted,,
Polker,polker.com,https://polker.com,Polker Entertainment Ltd.,ALSI-202411010-FI1,2024-11-04,2025-11-03,no,https://polker.com/contact,,not contacted,,
7xl,7xl.com,https://7xl.com,Quickplay Ltd,ALSI-202411011-FI1,2024-11-04,2026-11-03,no,https://7xl.com/contact,,not contacted,,
Ybets,ybets.net,https://ybets.net,Sigg Marketing Limited,ALSI-202411003-FI1,2024-11-04,2026-11-03,no,https://ybets.net/contact,,not contacted,,
Slotaxy,slotaxy.com,https://slotaxy.com,Triumph Gaming Solutions Ltd,ALSI-202411008-FI1,2024-11-04,2025-11-03,no,https://slotaxy.com/contact,,not contacted,,
Betnow,betnow.eu,https://betnow.eu,TSSI HUMAN RESOURCES SRL,ALSI-202411029-FI1,2024-11-04,2026-11-03,no,https://betnow.eu/contact,,not contacted,,
Sbgglobal,sbgglobal.eu,https://sbgglobal.eu,TSSI HUMAN RESOURCES SRL,ALSI-202411029-FI1,2024-11-04,2026-11-03,no,https://sbgglobal.eu/contact,,not contacted,,
Theonlinecasino,theonlinecasino.com,https://theonlinecasino.com,TSSI HUMAN RESOURCES SRL,ALSI-202411029-FI1,2024-11-04,2026-11-03,no,https://theonlinecasino.com/contact,,not contacted,,
Rolladolla,rolladolla.com,https://rolladolla.com,Velaris Arcadia Limited,ALSI-202411017-FI1,2024-11-04,2025-11-03,no,https://rolladolla.com/contact,,not contacted,,
Windice,windice.org,https://windice.org,Windice Group Limited,ALSI-202411018-FI1,2024-11-04,2026-11-03,no,https://windice.org/contact,,not contacted,,
Windice,windice.link,https://windice.link,Windice Group Limited,ALSI-202411018-FI1,2024-11-04,2026-11-03,no,https://windice.link/contact,,not contacted,,
Windice,windice.io,https://windice.io,Windice Group Limited,ALSI-202411018-FI1,2024-11-04,2026-11-03,no,https://windice.io/contact,,not contacted,,
Windice1,windice1.io,https://windice1.io,Windice Group Limited,ALSI-202411018-FI1,2024-11-04,2026-11-03,no,https://windice1.io/contact,,not contacted,,
Playgoldy,playgoldy.com,https://playgoldy.com,Royal Flush Ventures Ltd,ALSI-202411028-FI1,2024-11-01,2026-10-31,no,https://playgoldy.com/contact,,not contacted,,
Crowngreen,crowngreen.com,https://crowngreen.com,Royal Flush Ventures Ltd,ALSI-202411028-FI1,2024-11-01,2026-10-31,no,https://crowngreen.com/contact,,not contacted,,
Vivawin,vivawin.co,https://vivawin.co,Vivawin Limited,ALSI-202410004-FI1,2024-10-30,2025-10-29,no,https://vivawin.co/contact,,not contacted,,
Vivawin,vivawin.io,https://vivawin.io,Vivawin Limited,ALSI-202410004-FI1,2024-10-30,2025-10-29,no,https://vivawin.io/contact,,not contacted,,
Bettobet,bettobet.online,https://bettobet.online,Overtensis Limitada,ALSI-202410062-FI2,2024-10-28,2026-10-27,no,https://bettobet.online/contact,,not contacted,,
Playdash,playdash.net,https://playdash.net,Overtensis Limitada,ALSI-202410062-FI2,2024-10-28,2026-10-27,no,https://playdash.net/contact,,not contacted,,
Playdash,playdash.io,https://playdash.io,Overtensis Limitada,ALSI-202410062-FI2,2024-10-28,2026-10-27,no,https://playdash.io/contact,,not contacted,,
Playdash66,playdash66.com,https://playdash66.com,Overtensis Limitada,ALSI-202410062-FI2,2024-10-28,2026-10-27,no,https://playdash66.com/contact,,not contacted,,
Oddami,oddami.com,https://oddami.com,Overtensis Limitada,ALSI-202410062-FI2,2024-10-28,2026-10-27,no,https://oddami.com/contact,,not contacted,,
Maxislot,maxislot.com,https://maxislot.com,Overtensis Limitada,ALSI-202410062-FI2,2024-10-28,2026-10-27,no,https://maxislot.com/contact,,not contacted,,
Oroplay,oroplay.com,https://oroplay.com,Overtensis Limitada,ALSI-202410062-FI2,2024-10-28,2026-10-27,no,https://oroplay.com/contact,,not contacted,,
Ruletto724,ruletto724.com,https://ruletto724.com,Overtensis Limitada,ALSI-202410062-FI2,2024-10-28,2026-10-27,no,https://ruletto724.com/contact,,not contacted,,
Chainspin,chainspin.com,https://chainspin.com,Overtensis Limitada,ALSI-202410062-FI2,2024-10-28,2026-10-27,no,https://chainspin.com/contact,,not contacted,,
Betcan,betcan.com,https://betcan.com,Overtensis Limitada,ALSI-202410062-FI2,2024-10-28,2026-10-27,no,https://betcan.com/contact,,not contacted,,
88cashwin,88cashwin.com,https://88cashwin.com,Overtensis Limitada,ALSI-202410062-FI2,2024-10-28,2026-10-27,no,https://88cashwin.com/contact,,not contacted,,
Milsuertes,milsuertes.com,https://milsuertes.com,Overtensis Limitada,ALSI-202410062-FI2,2024-10-28,2026-10-27,no,https://milsuertes.com/contact,,not contacted,,
Coins,coins.game,https://coins.game,Royal Way Limited,ALSI-202410033-FI2,2024-10-28,2026-10-27,no,https://coins.game/contact,,not contacted,,
Kings,kings.game,https://kings.game,Royal Way Limited,ALSI-202410033-FI2,2024-10-28,2026-10-27,yes,https://kings.game/contact,,not contacted,,
7gear,7gear.io,https://7gear.io,Industrial Mystic Labs SRL,ALSI-202410049-FI2,2024-10-24,2026-10-23,no,https://7gear.io/contact,,not contacted,,
Catch Bet,catch-bet.com,https://catch-bet.com,Industrial Mystic Labs SRL,ALSI-202410049-FI2,2024-10-24,2026-10-23,no,https://catch-bet.com/contact,,not contacted,,
Catch,catch.bet,https://catch.bet,Industrial Mystic Labs SRL,ALSI-202410049-FI2,2024-10-24,2026-10-23,no,https://catch.bet/contact,,not contacted,,
Betseven,betseven.com,https://betseven.com,Solidminds Ltd,ALSI-202410063-FI2,2024-10-24,2026-10-23,no,https://betseven.com/contact,,not contacted,,
Bet7,bet7.com,https://bet7.com,Solidminds Ltd,ALSI-202410063-FI2,2024-10-24,2026-10-23,no,https://bet7.com/contact,,not contacted,,
Elisa,elisa.bet,https://elisa.bet,Throne Stone Partners B.V.,ALSI-202410051-FI2,2024-10-23,2025-10-22,no,https://elisa.bet/contact,,not contacted,,
Megabook,megabook.org,https://megabook.org,Inspire Media and Gaming SRL,ALSI-202410055-FI2,2024-10-22,2025-10-21,no,https://megabook.org/contact,,not contacted,,
Megabook,megabook.bet,https://megabook.bet,Inspire Media and Gaming SRL,ALSI-202410055-FI2,2024-10-22,2025-10-21,no,https://megabook.bet/contact,,not contacted,,
Baji,baji.com,https://baji.com,Northern Lights Limited,ALSI-202410030-FI1,2024-10-19,2026-10-18,no,https://baji.com/contact,,not contacted,,
Bj88ca,bj88ca.com,https://bj88ca.com,Northern Lights Limited,ALSI-202410030-FI1,2024-10-19,2026-10-18,no,https://bj88ca.com/contact,,not contacted,,
Bj88,bj88.com,https://bj88.com,Northern Lights Limited,ALSI-202410030-FI1,2024-10-19,2026-10-18,no,https://bj88.com/contact,,not contacted,,
Borajogar,borajogar.com,https://borajogar.com,Northern Lights Limited,ALSI-202410030-FI1,2024-10-19,2026-10-18,no,https://borajogar.com/contact,,not contacted,,
E28,e28.com,https://e28.com,Northern Lights Limited,ALSI-202410030-FI1,2024-10-19,2026-10-18,no,https://e28.com/contact,,not contacted,,
E2bet,e2bet.com,https://e2bet.com,Northern Lights Limited,ALSI-202410030-FI1,2024-10-19,2026-10-18,no,https://e2bet.com/contact,,not contacted,,
Jeetbuzz,jeetbuzz.com,https://jeetbuzz.com,Northern Lights Limited,ALSI-202410030-FI1,2024-10-19,2026-10-18,no,https://jeetbuzz.com/contact,,not contacted,,
Six6s,six6s.com,https://six6s.com,Northern Lights Limited,ALSI-202410030-FI1,2024-10-19,2026-10-18,no,https://six6s.com/contact,,not contacted,,
24cryptocasino,24cryptocasino.com,https://24cryptocasino.com,Northern Lights Limited,ALSI-202410030-FI1,2024-10-19,2026-10-18,no,https://24cryptocasino.com/contact,,not contacted,,
Citinow,citinow.co,https://citinow.co,Northern Lights Limited,ALSI-202410030-FI1,2024-10-19,2026-10-18,no,https://citinow.co/contact,,not contacted,,
Myez8,myez8.com,https://myez8.com,Northern Lights Limited,ALSI-202410030-FI1,2024-10-19,2026-10-18,no,https://myez8.com/contact,,not contacted,,
Ez8,ez8.bet,https://ez8.bet,Northern Lights Limited,ALSI-202410030-FI1,2024-10-19,2026-10-18,no,https://ez8.bet/contact,,not contacted,,
Brazino777,brazino777.com,https://brazino777.com,Astral Limited,ALSI-202410045-FI2,2024-10-18,2026-10-17,no,https://brazino777.com/contact,,not contacted,,
Brazino777,brazino777.io,https://brazino777.io,Astral Limited,ALSI-202410045-FI2,2024-10-18,2026-10-17,no,https://brazino777.io/contact,,not contacted,,
Scoras,scoras.io,https://scoras.io,Belincore Limitada,ALSI-202410044-FI2,2024-10-18,2026-10-17,no,https://scoras.io/contact,,not contacted,,
Betx1000,betx1000.com,https://betx1000.com,Belincore Limitada,ALSI-202410044-FI2,2024-10-18,2026-10-17,no,https://betx1000.com/contact,,not contacted,,
Gamino1,gamino1.com,https://gamino1.com,Belincore Limitada,ALSI-202410044-FI2,2024-10-18,2026-10-17,no,https://gamino1.com/contact,,not contacted,,
Betomi,betomi.com,https://betomi.com,Belincore Limitada,ALSI-202410044-FI2,2024-10-18,2026-10-17,no,https://betomi.com/contact,,not contacted,,
Yourloot,yourloot.io,https://yourloot.io,Cintra Soft Ltd,ALSI-202410046-FI2,2024-10-18,2026-10-17,no,https://yourloot.io/contact,,not contacted,,
Bladecasino,bladecasino.games,https://bladecasino.games,Cintra Soft Ltd,ALSI-202410046-FI2,2024-10-18,2026-10-17,no,https://bladecasino.games/contact,,not contacted,,
Bilionario,bilionario.bet,https://bilionario.bet,Echo Labs Ltd,ALSI-202410056-FI2,2024-10-18,2027-10-17,no,https://bilionario.bet/contact,,not contacted,,
Sltmen,sltmen.com,https://sltmen.com,Exertus N.V.,ALSI-202410064-FI2,2024-10-18,2025-10-17,no,https://sltmen.com/contact,,not contacted,,
Celebrino,celebrino.com,https://celebrino.com,Feature Buy Ltd,ALSI-202410039-FI2,2024-10-18,2026-10-17,no,https://celebrino.com/contact,,not contacted,,
Trickz,trickz.com,https://trickz.com,Feature Buy Ltd,ALSI-202410039-FI2,2024-10-18,2026-10-17,no,https://trickz.com/contact,,not contacted,,
Winnerz,winnerz.com,https://winnerz.com,Feature Buy Ltd,ALSI-202410039-FI2,2024-10-18,2026-10-17,no,https://winnerz.com/contact,,not contacted,,
Wisho,wisho.com,https://wisho.com,Feature Buy Ltd,ALSI-202410039-FI2,2024-10-18,2026-10-17,no,https://wisho.com/contact,,not contacted,,
Hypekasino,hypekasino.com,https://hypekasino.com,Feature Buy Ltd,ALSI-202410039-FI2,2024-10-18,2026-10-17,no,https://hypekasino.com/contact,,not contacted,,
Cubet,cubet.io,https://cubet.io,Feature Buy Ltd,ALSI-202410039-FI2,2024-10-18,2026-10-17,no,https://cubet.io/contact,,not contacted,,
Meowcasino,meowcasino.com,https://meowcasino.com,Feature Buy Ltd,ALSI-202410039-FI2,2024-10-18,2026-10-17,no,https://meowcasino.com/contact,,not contacted,,
Acebet,acebet.com,https://acebet.com,Golden Frog Inc.,ALSI-202410059-FI2,2024-10-18,2026-10-17,no,https://acebet.com/contact,,not contacted,,
Acebet,acebet.co,https://acebet.co,Golden Frog Inc.,ALSI-202410059-FI2,2024-10-18,2026-10-17,no,https://acebet.co/contact,,not contacted,,
24680,24680.com,https://24680.com,Jack Entertainment N.V.,ALSI-202410050-FI2,2024-10-18,2025-10-17,no,https://24680.com/contact,,not contacted,,
Rockstar,rockstar.casino,https://rockstar.casino,JEUX CRAFT LIMITADA,ALSI-202410042-FI2,2024-10-18,2026-10-17,no,https://rockstar.casino/contact,,not contacted,,
Spinwiz,spinwiz.com,https://spinwiz.com,Konfatta Ltd,ALSI-202410032-FI2,2024-10-18,2026-10-17,no,https://spinwiz.com/contact,,not contacted,,
Tip Top,tip-top.casino,https://tip-top.casino,Lucky Mirage Ltd.,ALSI-202410035-FI2,2024-10-18,2025-10-17,no,https://tip-top.casino/contact,,not contacted,,
Tiptopcasino,tiptopcasino.net,https://tiptopcasino.net,Lucky Mirage Ltd.,ALSI-202410035-FI2,2024-10-18,2025-10-17,no,https://tiptopcasino.net/contact,,not contacted,,
12bet,12bet.com,https://12bet.com,Micro Info Systems Ltd,ALSI-202410034-FI2,2024-10-18,2026-10-17,no,https://12bet.com/contact,,not contacted,,
12betsport,12betsport.com,https://12betsport.com,Micro Info Systems Ltd,ALSI-202410034-FI2,2024-10-18,2026-10-17,no,https://12betsport.com/contact,,not contacted,,
Bingoemcasa,bingoemcasa.com,https://bingoemcasa.com,Nexus Tech Ltd,ALSI-202410043-FI2,2024-10-18,2026-10-17,no,https://bingoemcasa.com/contact,,not contacted,,
Palpiteemcasa,palpiteemcasa.com,https://palpiteemcasa.com,Nexus Tech Ltd,ALSI-202410043-FI2,2024-10-18,2026-10-17,no,https://palpiteemcasa.com/contact,,not contacted,,
Spindragons,spindragons.com,https://spindragons.com,Round Square Ltd,ALSI-202410052-FI2,2024-10-18,2026-10-17,no,https://spindragons.com/contact,,not contacted,,
Theslotz,theslotz.com,https://theslotz.com,Round Square Ltd,ALSI-202410052-FI2,2024-10-18,2026-10-17,no,https://theslotz.com/contact,,not contacted,,
Flappycasino,flappycasino.com,https://flappycasino.com,Round Square Ltd,ALSI-202410052-FI2,2024-10-18,2026-10-17,no,https://flappycasino.com/contact,,not contacted,,
Allspins,allspins.com,https://allspins.com,Round Square Ltd,ALSI-202410052-FI2,2024-10-18,2026-10-17,no,https://allspins.com/contact,,not contacted,,
Wintopia,wintopia.com,https://wintopia.com,Round Square Ltd,ALSI-202410052-FI2,2024-10-18,2026-10-17,no,https://wintopia.com/contact,,not contacted,,
Kazeeno,kazeeno.com,https://kazeeno.com,Round Square Ltd,ALSI-202410052-FI2,2024-10-18,2026-10-17,no,https://kazeeno.com/contact,,not contacted,,
Megafishwins,megafishwins.com,https://megafishwins.com,Round Square Ltd,ALSI-202410052-FI2,2024-10-18,2026-10-17,no,https://megafishwins.com/contact,,not contacted,,
Myvip,myvip.casino,https://myvip.casino,Round Square Ltd,ALSI-202410052-FI2,2024-10-18,2026-10-17,no,https://myvip.casino/contact,,not contacted,,
Pampago2,pampago2.com,https://pampago2.com,Rozairo N.V.,ALSI-202410053-FI2,2024-10-18,2025-10-17,no,https://pampago2.com/contact,,not contacted,,
Pampago1,pampago1.com,https://pampago1.com,Rozairo N.V.,ALSI-202410053-FI2,2024-10-18,2025-10-17,no,https://pampago1.com/contact,,not contacted,,
Yedibahis,yedibahis.com,https://yedibahis.com,Summergate Limitada,ALSI-202410040-FI2,2024-10-18,2026-10-17,no,https://yedibahis.com/contact,,not contacted,,
Epikbahis,epikbahis.com,https://epikbahis.com,Summergate Limitada,ALSI-202410040-FI2,2024-10-18,2026-10-17,no,https://epikbahis.com/contact,,not contacted,,
Ganobet,ganobet.com,https://ganobet.com,Summergate Limitada,ALSI-202410040-FI2,2024-10-18,2026-10-17,no,https://ganobet.com/contact,,not contacted,,
Bets,bets.io,https://bets.io,TESSERA LIMITED SRL,ALSI-202410047-FI2,2024-10-18,2026-10-17,no,https://bets.io/contact,,not contacted,,
Betsio,betsio.com,https://betsio.com,TESSERA LIMITED SRL,ALSI-202410047-FI2,2024-10-18,2026-10-17,no,https://betsio.com/contact,,not contacted,,
50crowns,50crowns.com,https://50crowns.com,TESSERA LIMITED SRL,ALSI-202410047-FI2,2024-10-18,2026-10-17,no,https://50crowns.com/contact,,not contacted,,
1red,1red.com,https://1red.com,TESSERA LIMITED SRL,ALSI-202410047-FI2,2024-10-18,2026-10-17,no,https://1red.com/contact,,not contacted,,
Spinch,spinch.com,https://spinch.com,TESSERA LIMITED SRL,ALSI-202410047-FI2,2024-10-18,2026-10-17,no,https://spinch.com/contact,,not contacted,,
Lokicasino,lokicasino.com,https://lokicasino.com,TESSERA LIMITED SRL,ALSI-202410047-FI2,2024-10-18,2026-10-17,no,https://lokicasino.com/contact,,not contacted,,
Onluck,onluck.com,https://onluck.com,TESSERA LIMITED SRL,ALSI-202410047-FI2,2024-10-18,2026-10-17,no,https://onluck.com/contact,,not contacted,,
Slotneo,slotneo.com,https://slotneo.com,ThePion Limitada,ALSI-202410048-FI2,2024-10-18,2026-10-17,no,https://slotneo.com/contact,,not contacted,,
Mrbit,mrbit.bet,https://mrbit.bet,Zynerica Limitada,ALSI-202410065-FI2,2024-10-18,2026-10-17,no,https://mrbit.bet/contact,,not contacted,,
Frankclubcasino,frankclubcasino.com,https://frankclubcasino.com,Zynerica Limitada,ALSI-202410065-FI2,2024-10-18,2026-10-17,no,https://frankclubcasino.com/contact,,not contacted,,
Cricv,cricv.com,https://cricv.com,Zynerica Limitada,ALSI-202410065-FI2,2024-10-18,2026-10-17,no,https://cricv.com/contact,,not contacted,,
Aplay,aplay.casino,https://aplay.casino,Zynerica Limitada,ALSI-202410065-FI2,2024-10-18,2026-10-17,no,https://aplay.casino/contact,,not contacted,,
Cslotv,cslotv.com,https://cslotv.com,Zynerica Limitada,ALSI-202410065-FI2,2024-10-18,2026-10-17,no,https://cslotv.com/contact,,not contacted,,
Drift,drift.casino,https://drift.casino,Zynerica Limitada,ALSI-202410065-FI2,2024-10-18,2026-10-17,no,https://drift.casino/contact,,not contacted,,
Puma,puma.bet,https://puma.bet,DLDAtech N.V.,ALSI-202410023-FI1,2024-10-16,2026-10-15,no,https://puma.bet/contact,,not contacted,,
Evo,evo.win,https://evo.win,Arcane Ember Limitada,ALSI-202410020-FI1,2024-10-15,2026-10-14,no,https://evo.win/contact,,not contacted,,
Pixmile,pixmile.com,https://pixmile.com,GSF Investments LLP,ALSI-202410024-FI1,2024-10-12,2025-10-11,no,https://pixmile.com/contact,,not contacted,,
Apostatudo,apostatudo.bet,https://apostatudo.bet,GSF Investments LLP,ALSI-202410024-FI1,2024-10-12,2025-10-11,no,https://apostatudo.bet/contact,,not contacted,,
Betfusion,betfusion.bet,https://betfusion.bet,GSF Investments LLP,ALSI-202410024-FI1,2024-10-12,2025-10-11,no,https://betfusion.bet/contact,,not contacted,,
Sortenabet,sortenabet.com,https://sortenabet.com,GSF Investments LLP,ALSI-202410024-FI1,2024-10-12,2025-10-11,no,https://sortenabet.com/contact,,not contacted,,
Betzou,betzou.com,https://betzou.com,GSF Investments LLP,ALSI-202410024-FI1,2024-10-12,2025-10-11,no,https://betzou.com/contact,,not contacted,,
Rave,rave.casino,https://rave.casino,Innovent Limitada,ALSI-202410022-FI1,2024-10-08,2026-10-07,no,https://rave.casino/contact,,not contacted,,
Lider,lider.casino,https://lider.casino,Innovent Limitada,ALSI-202410022-FI1,2024-10-08,2026-10-07,no,https://lider.casino/contact,,not contacted,,
Tura,tura.bet,https://tura.bet,Innovent Limitada,ALSI-202410022-FI1,2024-10-08,2026-10-07,no,https://tura.bet/contact,,not contacted,,
Tura,tura.casino,https://tura.casino,Innovent Limitada,ALSI-202410022-FI1,2024-10-08,2026-10-07,no,https://tura.casino/contact,,not contacted,,
Sultopia,sultopia.bet,https://sultopia.bet,Innovent Limitada,ALSI-202410022-FI1,2024-10-08,2026-10-07,no,https://sultopia.bet/contact,,not contacted,,
Turix,turix.casino,https://turix.casino,Innovent Limitada,ALSI-202410022-FI1,2024-10-08,2026-10-07,no,https://turix.casino/contact,,not contacted,,
Osomeg,osomeg.com,https://osomeg.com,OSOM Entertainment Group,ALSI-202410027-FI1,2024-10-08,2026-10-07,no,https://osomeg.com/contact,,not contacted,,
Osombet,osombet.com,https://osombet.com,OSOM Entertainment Group,ALSI-202410027-FI1,2024-10-08,2026-10-07,no,https://osombet.com/contact,,not contacted,,
Slotssharks,slotssharks.com,https://slotssharks.com,Blue Planet Limited,ALSI-202410057-FI2,2024-10-07,2025-10-06,no,https://slotssharks.com/contact,,not contacted,,
Yallabet30,yallabet30.com,https://yallabet30.com,Wonderland Ltd,ALSI-202410058-FI2,2024-10-07,2026-10-06,no,https://yallabet30.com/contact,,not contacted,,
Yallabetpartners,yallabetpartners.com,https://yallabetpartners.com,Wonderland Ltd,ALSI-202410058-FI2,2024-10-07,2026-10-06,no,https://yallabetpartners.com/contact,,not contacted,,
Speedyspins,speedyspins.com,https://speedyspins.com,May Sun Services S.A.,ALSI-202411025-FI1,2024-10-04,2026-11-03,no,https://speedyspins.com/contact,,not contacted,,
Playbunnycasino,playbunnycasino.com,https://playbunnycasino.com,May Sun Services S.A.,ALSI-202411025-FI1,2024-10-04,2026-11-03,no,https://playbunnycasino.com/contact,,not contacted,,
Reelduck,reelduck.com,https://reelduck.com,May Sun Services S.A.,ALSI-202411025-FI1,2024-10-04,2026-11-03,no,https://reelduck.com/contact,,not contacted,,
Betenza,betenza.com,https://betenza.com,May Sun Services S.A.,ALSI-202411025-FI1,2024-10-04,2026-11-03,no,https://betenza.com/contact,,not contacted,,
Spinko,spinko.com,https://spinko.com,May Sun Services S.A.,ALSI-202411025-FI1,2024-10-04,2026-11-03,no,https://spinko.com/contact,,not contacted,,
Shakebet,shakebet.com,https://shakebet.com,May Sun Services S.A.,ALSI-202411025-FI1,2024-10-04,2026-11-03,no,https://shakebet.com/contact,,not contacted,,
Spacehills,spacehills.com,https://spacehills.com,May Sun Services S.A.,ALSI-202411025-FI1,2024-10-04,2026-11-03,no,https://spacehills.com/contact,,not contacted,,
Noxino,noxino.bet,https://noxino.bet,May Sun Services S.A.,ALSI-202411025-FI1,2024-10-04,2026-11-03,no,https://noxino.bet/contact,,not contacted,,
Sirbetalot,sirbetalot.com,https://sirbetalot.com,May Sun Services S.A.,ALSI-202411025-FI1,2024-10-04,2026-11-03,no,https://sirbetalot.com/contact,,not contacted,,
Dreamzcasino,dreamzcasino.com,https://dreamzcasino.com,May Sun Services S.A.,ALSI-202411025-FI1,2024-10-04,2026-11-03,no,https://dreamzcasino.com/contact,,not contacted,,
96in,96in.com,https://96in.com,Dynasty Chain Success Limited,ALSI-202410013-FI1,2024-10-02,2027-10-01,no,https://96in.com/contact,,not contacted,,
96,96.com,https://96.com,Dynasty Chain Success Limited,ALSI-202410013-FI1,2024-10-02,2027-10-01,no,https://96.com/contact,,not contacted,,
Spinkolik,spinkolik.com,https://spinkolik.com,Echo Pro Tech Ltd,ALSI-202410003-FI1,2024-10-02,2026-10-01,no,https://spinkolik.com/contact,,not contacted,,
Crazywinnings,crazywinnings.io,https://crazywinnings.io,Echo Pro Tech Ltd,ALSI-202410003-FI1,2024-10-02,2026-10-01,no,https://crazywinnings.io/contact,,not contacted,,
Iqplayers,iqplayers.io,https://iqplayers.io,Echo Pro Tech Ltd,ALSI-202410003-FI1,2024-10-02,2026-10-01,no,https://iqplayers.io/contact,,not contacted,,
Mycazino777,mycazino777.com,https://mycazino777.com,Echo Pro Tech Ltd,ALSI-202410003-FI1,2024-10-02,2026-10-01,no,https://mycazino777.com/contact,,not contacted,,
Betssofia,betssofia.com,https://betssofia.com,Incivus Capital Ltd,ALSI-202410008-FI1,2024-10-02,2026-10-01,no,https://betssofia.com/contact,,not contacted,,
Mervcasino,mervcasino.com,https://mervcasino.com,MervCF Limitada,ALSI-202410018-FI1,2024-10-02,2025-10-01,no,https://mervcasino.com/contact,,not contacted,,
We88search,we88search.com,https://we88search.com,MockingBird Technologies Pte. Ltd,ALSI-202410012-FI1,2024-10-02,2026-10-01,no,https://we88search.com/contact,,not contacted,,
Casinofortuna,casinofortuna.club,https://casinofortuna.club,Robustiano Limitada,ALSI-202410009-FI1,2024-10-02,2025-10-01,no,https://casinofortuna.club/contact,,not contacted,,
Yodds,yodds.com,https://yodds.com,Sarapiqui Finanzas Globales Limitada,ALSI-202410002-FI1,2024-10-02,2026-10-01,no,https://yodds.com/contact,,not contacted,,
Juegggo,juegggo.com,https://juegggo.com,Sarapiqui Finanzas Globales Limitada,ALSI-202410002-FI1,2024-10-02,2026-10-01,no,https://juegggo.com/contact,,not contacted,,
Jogggo,jogggo.com,https://jogggo.com,Sarapiqui Finanzas Globales Limitada,ALSI-202410002-FI1,2024-10-02,2026-10-01,no,https://jogggo.com/contact,,not contacted,,
Apostart,apostart.com,https://apostart.com,Sarapiqui Finanzas Globales Limitada,ALSI-202410002-FI1,2024-10-02,2026-10-01,no,https://apostart.com/contact,,not contacted,,
Tsunamifortune,tsunamifortune.com,https://tsunamifortune.com,Tsunami Ltd,ALSI-202410006-FI1,2024-10-02,2025-10-01,no,https://tsunamifortune.com/contact,,not contacted,,
Bckm,bckm.top,https://bckm.top,Twocent Technology Limited,ALSI-202410011-FI1,2024-10-02,2026-10-01,no,https://bckm.top/contact,,not contacted,,
Bcpoker,bcpoker.com,https://bcpoker.com,Twocent Technology Limited,ALSI-202410011-FI1,2024-10-02,2026-10-01,no,https://bcpoker.com/contact,,not contacted,,
Bc,bc.game,https://bc.game,Twocent Technology Limited,ALSI-202410011-FI1,2024-10-02,2026-10-01,no,https://bc.game/contact,,not contacted,,
Redgreenyellow,redgreenyellow.top,https://redgreenyellow.top,Twocent Technology Limited,ALSI-202410011-FI1,2024-10-02,2026-10-01,no,https://redgreenyellow.top/contact,,not contacted,,
Hash,hash.game,https://hash.game,Twocent Technology Limited,ALSI-202410011-FI1,2024-10-02,2026-10-01,no,https://hash.game/contact,,not contacted,,
Greenmoon,greenmoon.top,https://greenmoon.top,Twocent Technology Limited,ALSI-202410011-FI1,2024-10-02,2026-10-01,no,https://greenmoon.top/contact,,not contacted,,
Fastrun100,fastrun100.top,https://fastrun100.top,Twocent Technology Limited,ALSI-202410011-FI1,2024-10-02,2026-10-01,no,https://fastrun100.top/contact,,not contacted,,
Cocobeast,cocobeast.com,https://cocobeast.com,Twocent Technology Limited,ALSI-202410011-FI1,2024-10-02,2026-10-01,no,https://cocobeast.com/contact,,not contacted,,
Blaze,blaze.game,https://blaze.game,Twocent Technology Limited,ALSI-202410011-FI1,2024-10-02,2026-10-01,no,https://blaze.game/contact,,not contacted,,
Keepflying,keepflying.top,https://keepflying.top,Twocent Technology Limited,ALSI-202410011-FI1,2024-10-02,2026-10-01,no,https://keepflying.top/contact,,not contacted,,
Winnerinlife,winnerinlife.top,https://winnerinlife.top,Twocent Technology Limited,ALSI-202410011-FI1,2024-10-02,2026-10-01,no,https://winnerinlife.top/contact,,not contacted,,
Bcgame,bcgame.sk,https://bcgame.sk,Twocent Technology Limited,ALSI-202410011-FI1,2024-10-02,2026-10-01,no,https://bcgame.sk/contact,,not contacted,,
Bc,bc.fun,https://bc.fun,Twocent Technology Limited,ALSI-202410011-FI1,2024-10-02,2026-10-01,no,https://bc.fun/contact,,not contacted,,
Bcgame,bcgame.top,https://bcgame.top,Twocent Technology Limited,ALSI-202410011-FI1,2024-10-02,2026-10-01,no,https://bcgame.top/contact,,not contacted,,
Bcgame,bcgame.lu,https://bcgame.lu,Twocent Technology Limited,ALSI-202410011-FI1,2024-10-02,2026-10-01,no,https://bcgame.lu/contact,,not contacted,,
Bcgame,bcgame.nz,https://bcgame.nz,Twocent Technology Limited,ALSI-202410011-FI1,2024-10-02,2026-10-01,no,https://bcgame.nz/contact,,not contacted,,
Bcgame,bcgame.st,https://bcgame.st,Twocent Technology Limited,ALSI-202410011-FI1,2024-10-02,2026-10-01,no,https://bcgame.st/contact,,not contacted,,
Bc,bc.poker,https://bc.poker,Twocent Technology Limited,ALSI-202410011-FI1,2024-10-02,2026-10-01,no,https://bc.poker/contact,,not contacted,,
Dice,dice.bet,https://dice.bet,Zephyr B.V.,ALSI-202410015-FI1,2024-10-02,2025-10-01,no,https://dice.bet/contact,,not contacted,,
Krundi,krundi.com,https://krundi.com,Coral Coast Ltd,ALSI-202410005-FI1,2024-10-01,2026-09-30,no,https://krundi.com/contact,,not contacted,,
Cyclixgames,cyclixgames.com,https://cyclixgames.com,Global Dragon Ventures Ltd,ALSI-202410026-FI1,2024-10-01,2025-09-30,no,https://cyclixgames.com/contact,,not contacted,,
Leonbz,leonbz.bet,https://leonbz.bet,Jade Reef Ventures Corp.,ALSI-202410001-FI1,2024-10-01,2026-09-30,no,https://leonbz.bet/contact,,not contacted,,
Leon,leon.net,https://leon.net,Jade Reef Ventures Corp.,ALSI-202410001-FI1,2024-10-01,2026-09-30,no,https://leon.net/contact,,not contacted,,
Leon,leon.casino,https://leon.casino,Jade Reef Ventures Corp.,ALSI-202410001-FI1,2024-10-01,2026-09-30,no,https://leon.casino/contact,,not contacted,,
Leonbets,leonbets.net,https://leonbets.net,Jade Reef Ventures Corp.,ALSI-202410001-FI1,2024-10-01,2026-09-30,no,https://leonbets.net/contact,,not contacted,,
Leonbets,leonbets.com,https://leonbets.com,Jade Reef Ventures Corp.,ALSI-202410001-FI1,2024-10-01,2026-09-30,no,https://leonbets.com/contact,,not contacted,,
Twin,twin.com,https://twin.com,Jade Reef Ventures Corp.,ALSI-202410001-FI1,2024-10-01,2026-09-30,no,https://twin.com/contact,,not contacted,,
Leon,leon.bet,https://leon.bet,Jade Reef Ventures Corp.,ALSI-202410001-FI1,2024-10-01,2026-09-30,no,https://leon.bet/contact,,not contacted,,
Twinbz,twinbz.bet,https://twinbz.bet,Jade Reef Ventures Corp.,ALSI-202410001-FI1,2024-10-01,2026-09-30,no,https://twinbz.bet/contact,,not contacted,,
Crashbet,crashbet.live,https://crashbet.live,ATOM Technology Limited,ALSI-202409049-FI2,2024-09-30,2026-09-29,no,https://crashbet.live/contact,,not contacted,,
Slotngo,slotngo.com,https://slotngo.com,ATOM Technology Limited,ALSI-202409049-FI2,2024-09-30,2026-09-29,no,https://slotngo.com/contact,,not contacted,,
8ty8,8ty8.io,https://8ty8.io,ATOM Technology Limited,ALSI-202409049-FI2,2024-09-30,2026-09-29,no,https://8ty8.io/contact,,not contacted,,
Luckyclint,luckyclint.bet,https://luckyclint.bet,ATOM Technology Limited,ALSI-202409049-FI2,2024-09-30,2026-09-29,no,https://luckyclint.bet/contact,,not contacted,,
Player88,player88.io,https://player88.io,ATOM Technology Limited,ALSI-202409049-FI2,2024-09-30,2026-09-29,no,https://player88.io/contact,,not contacted,,
Mrwildz,mrwildz.com,https://mrwildz.com,ATOM Technology Limited,ALSI-202409049-FI2,2024-09-30,2026-09-29,no,https://mrwildz.com/contact,,not contacted,,
Mrlucky,mrlucky.bet,https://mrlucky.bet,ATOM Technology Limited,ALSI-202409049-FI2,2024-09-30,2026-09-29,no,https://mrlucky.bet/contact,,not contacted,,
Bitwallet,bitwallet.bet,https://bitwallet.bet,Bitwallet B.V.,ALSI-202409047-FI2,2024-09-30,2025-09-29,no,https://bitwallet.bet/contact,,not contacted,,
Msbf,msbf.io,https://msbf.io,Infinitum Ltd,ALSI-202409033-FI2,2024-09-30,2025-09-29,no,https://msbf.io/contact,,not contacted,,
31bets,31bets.com,https://31bets.com,PixelForge Solutions SRL,ALSl-202409046-FI2,2024-09-30,2026-09-29,no,https://31bets.com/contact,,not contacted,,
31bets,31bets.online,https://31bets.online,PixelForge Solutions SRL,ALSl-202409046-FI2,2024-09-30,2026-09-29,no,https://31bets.online/contact,,not contacted,,
Betride,betride.com,https://betride.com,PixelForge Solutions SRL,ALSl-202409046-FI2,2024-09-30,2026-09-29,no,https://betride.com/contact,,not contacted,,
Kirgo,kirgo.com,https://kirgo.com,Raining Games LLC,ALSI-202409050-FI2,2024-09-30,2026-09-29,no,https://kirgo.com/contact,,not contacted,,
Twocards,twocards.com,https://twocards.com,Softspark Services SRL,ALSI-202409048-FI2,2024-09-30,2026-09-29,no,https://twocards.com/contact,,not contacted,,
Jackpot,jackpot.bet,https://jackpot.bet,Take The Crown LLC,ALSI-202409051-FI2,2024-09-30,2026-09-29,no,https://jackpot.bet/contact,,not contacted,,
Casinoscapes,casinoscapes.com,https://casinoscapes.com,Winner Tech Ltd,ALSI-202409045-FI2,2024-09-30,2026-09-29,no,https://casinoscapes.com/contact,,not contacted,,
Spinlander,spinlander.com,https://spinlander.com,Fionex Holding LTD,ALSI-202409044-FI2,2024-09-23,2026-09-22,no,https://spinlander.com/contact,,not contacted,,
Slotsvader,slotsvader.com,https://slotsvader.com,Fionex Holding LTD,ALSI-202409044-FI2,2024-09-23,2026-09-22,no,https://slotsvader.com/contact,,not contacted,,
Birdspin,birdspin.com,https://birdspin.com,Fionex Holding LTD,ALSI-202409044-FI2,2024-09-23,2026-09-22,no,https://birdspin.com/contact,,not contacted,,
Spinzen,spinzen.com,https://spinzen.com,Fionex Holding LTD,ALSI-202409044-FI2,2024-09-23,2026-09-22,yes,https://spinzen.com/contact,,not contacted,,
Theacecasino,theacecasino.com,https://theacecasino.com,TGIF Limited,ALSI-202409042-FI2,2024-09-23,2026-09-22,no,https://theacecasino.com/contact,,not contacted,,
S9,s9.com,https://s9.com,TGIF Limited,ALSI-202409042-FI2,2024-09-23,2026-09-22,no,https://s9.com/contact,,not contacted,,
X5bet,x5bet.com,https://x5bet.com,TGIF Limited,ALSI-202409042-FI2,2024-09-23,2026-09-22,no,https://x5bet.com/contact,,not contacted,,
Nisanbet,nisanbet.com,https://nisanbet.com,Aninda Solutions Ltd,ALSI-202409036-FI2,2024-09-16,2026-09-15,no,https://nisanbet.com/contact,,not contacted,,
Siyahbet,siyahbet.com,https://siyahbet.com,Aninda Solutions Ltd,ALSI-202409036-FI2,2024-09-16,2026-09-15,no,https://siyahbet.com/contact,,not contacted,,
Betkong,betkong.com,https://betkong.com,Aninda Solutions Ltd,ALSI-202409036-FI2,2024-09-16,2026-09-15,no,https://betkong.com/contact,,not contacted,,
Portbet,portbet.com,https://portbet.com,Aninda Solutions Ltd,ALSI-202409036-FI2,2024-09-16,2026-09-15,no,https://portbet.com/contact,,not contacted,,
Airbahis,airbahis.com,https://airbahis.com,Aninda Solutions Ltd,ALSI-202409036-FI2,2024-09-16,2026-09-15,no,https://airbahis.com/contact,,not contacted,,
Clubworldcasinos,clubworldcasinos.com,https://clubworldcasinos.com,Apex Dynamics Ltd.,ALSI-202409030-FI2,2024-09-16,2026-09-15,no,https://clubworldcasinos.com/contact,,not contacted,,
Aladdinsgoldcasino,aladdinsgoldcasino.com,https://aladdinsgoldcasino.com,Apex Dynamics Ltd.,ALSI-202409030-FI2,2024-09-16,2026-09-15,no,https://aladdinsgoldcasino.com/contact,,not contacted,,
Luckyredcasino,luckyredcasino.com,https://luckyredcasino.com,Apex Dynamics Ltd.,ALSI-202409030-FI2,2024-09-16,2026-09-15,no,https://luckyredcasino.com/contact,,not contacted,,
Highnooncasino,highnooncasino.com,https://highnooncasino.com,Apex Dynamics Ltd.,ALSI-202409030-FI2,2024-09-16,2026-09-15,no,https://highnooncasino.com/contact,,not contacted,,
Buzzluck,buzzluck.com,https://buzzluck.com,Apex Dynamics Ltd.,ALSI-202409030-FI2,2024-09-16,2026-09-15,no,https://buzzluck.com/contact,,not contacted,,
Allstarslots,allstarslots.com,https://allstarslots.com,Apex Dynamics Ltd.,ALSI-202409030-FI2,2024-09-16,2026-09-15,no,https://allstarslots.com/contact,,not contacted,,
Slotter,slotter.casino,https://slotter.casino,Apex Dynamics Ltd.,ALSI-202409030-FI2,2024-09-16,2026-09-15,no,https://slotter.casino/contact,,not contacted,,
Manhattanslots,manhattanslots.com,https://manhattanslots.com,Apex Dynamics Ltd.,ALSI-202409030-FI2,2024-09-16,2026-09-15,no,https://manhattanslots.com/contact,,not contacted,,
Reelspin,reelspin.casino,https://reelspin.casino,Apex Dynamics Ltd.,ALSI-202409030-FI2,2024-09-16,2026-09-15,no,https://reelspin.casino/contact,,not contacted,,
Cryptoreels,cryptoreels.com,https://cryptoreels.com,Apex Dynamics Ltd.,ALSI-202409030-FI2,2024-09-16,2026-09-15,no,https://cryptoreels.com/contact,,not contacted,,
Zinocasinoarab,zinocasinoarab.com,https://zinocasinoarab.com,ChapChap Technologies Limited,ALSI-202409025-FI2,2024-09-16,2026-09-15,no,https://zinocasinoarab.com/contact,,not contacted,,
Zinocasino,zinocasino.com,https://zinocasino.com,ChapChap Technologies Limited,ALSI-202409025-FI2,2024-09-16,2026-09-15,no,https://zinocasino.com/contact,,not contacted,,
Megawaysvip,megawaysvip.com,https://megawaysvip.com,ChapChap Technologies Limited,ALSI-202409025-FI2,2024-09-16,2026-09-15,no,https://megawaysvip.com/contact,,not contacted,,
Aztecparadise,aztecparadise.com,https://aztecparadise.com,ChapChap Technologies Limited,ALSI-202409025-FI2,2024-09-16,2026-09-15,no,https://aztecparadise.com/contact,,not contacted,,
Mrjonescasino,mrjonescasino.com,https://mrjonescasino.com,ChapChap Technologies Limited,ALSI-202409025-FI2,2024-09-16,2026-09-15,no,https://mrjonescasino.com/contact,,not contacted,,
Jackpotlatino,jackpotlatino.com,https://jackpotlatino.com,ChapChap Technologies Limited,ALSI-202409025-FI2,2024-09-16,2026-09-15,no,https://jackpotlatino.com/contact,,not contacted,,
Casino007,casino007.co,https://casino007.co,ChapChap Technologies Limited,ALSI-202409025-FI2,2024-09-16,2026-09-15,no,https://casino007.co/contact,,not contacted,,
7goldcasino,7goldcasino.com,https://7goldcasino.com,ChapChap Technologies Limited,ALSI-202409025-FI2,2024-09-16,2026-09-15,no,https://7goldcasino.com/contact,,not contacted,,
Zangabet,zangabet.com,https://zangabet.com,ChapChap Technologies Limited,ALSI-202409025-FI2,2024-09-16,2026-09-15,no,https://zangabet.com/contact,,not contacted,,
Fortunazz,fortunazz.casino,https://fortunazz.casino,Crea Tech Dynamics Limitada,ALSI-202409037-FI2,2024-09-16,2026-09-15,no,https://fortunazz.casino/contact,,not contacted,,
Minebit,minebit.io,https://minebit.io,Crea Tech Dynamics Limitada,ALSI-202409037-FI2,2024-09-16,2026-09-15,no,https://minebit.io/contact,,not contacted,,
Bitwave,bitwave.casino,https://bitwave.casino,Crea Tech Dynamics Limitada,ALSI-202409037-FI2,2024-09-16,2026-09-15,no,https://bitwave.casino/contact,,not contacted,,
Minebit,minebit.com,https://minebit.com,Crea Tech Dynamics Limitada,ALSI-202409037-FI2,2024-09-16,2026-09-15,no,https://minebit.com/contact,,not contacted,,
Starlit,starlit.casino,https://starlit.casino,Cybermesh Limitada,ALSI-202409040-FI2,2024-09-16,2026-09-15,no,https://starlit.casino/contact,,not contacted,,
R7,r7.casino,https://r7.casino,Cybermesh Limitada,ALSI-202409040-FI2,2024-09-16,2026-09-15,no,https://r7.casino/contact,,not contacted,,
Kometa,kometa.casino,https://kometa.casino,Cybermesh Limitada,ALSI-202409040-FI2,2024-09-16,2026-09-15,no,https://kometa.casino/contact,,not contacted,,
Arkada,arkada.casino,https://arkada.casino,Cybermesh Limitada,ALSI-202409040-FI2,2024-09-16,2026-09-15,no,https://arkada.casino/contact,,not contacted,,
Ggsix,ggsix.com,https://ggsix.com,DRS Limited,ALSI-202409032-FI2,2024-09-16,2025-09-15,no,https://ggsix.com/contact,,not contacted,,
Cybet,cybet.com,https://cybet.com,Eskimo Adventures Ltd.,ALSI-202409034-FI2,2024-09-16,2026-09-15,no,https://cybet.com/contact,,not contacted,,
Winstara,winstara.casino,https://winstara.casino,Funnexus Limitada,ALSI-202409039-FI2,2024-09-16,2026-09-15,no,https://winstara.casino/contact,,not contacted,,
Velora,velora.casino,https://velora.casino,Funnexus Limitada,ALSI-202409039-FI2,2024-09-16,2026-09-15,no,https://velora.casino/contact,,not contacted,,
Catcasino,catcasino.com,https://catcasino.com,Funnexus Limitada,ALSI-202409039-FI2,2024-09-16,2026-09-15,no,https://catcasino.com/contact,,not contacted,,
Gama,gama.casino,https://gama.casino,Funnexus Limitada,ALSI-202409039-FI2,2024-09-16,2026-09-15,no,https://gama.casino/contact,,not contacted,,
Daddy,daddy.casino,https://daddy.casino,Funnexus Limitada,ALSI-202409039-FI2,2024-09-16,2026-09-15,no,https://daddy.casino/contact,,not contacted,,
Mers,mers.casino,https://mers.casino,Funnexus Limitada,ALSI-202409039-FI2,2024-09-16,2026-09-15,no,https://mers.casino/contact,,not contacted,,
Kent,kent.casino,https://kent.casino,Funnexus Limitada,ALSI-202409039-FI2,2024-09-16,2026-09-15,no,https://kent.casino/contact,,not contacted,,
Crorebet,crorebet.com,https://crorebet.com,Global NS Technology Limitada,ALSI-202409041-FI2,2024-09-16,2026-09-15,no,https://crorebet.com/contact,,not contacted,,
Crorewin,crorewin.com,https://crorewin.com,Global NS Technology Limitada,ALSI-202409041-FI2,2024-09-16,2026-09-15,no,https://crorewin.com/contact,,not contacted,,
Beatbetgames,beatbetgames.com,https://beatbetgames.com,Lamoona LLC,ALSI-202409028-FI2,2024-09-16,2026-09-15,no,https://beatbetgames.com/contact,,not contacted,,
Havanabet,havanabet.com,https://havanabet.com,Mega Technology Ltd,ALSI-202409020-FI2,2024-09-16,2026-09-15,no,https://havanabet.com/contact,,not contacted,,
777bet,777bet.io,https://777bet.io,Mega Technology Ltd,ALSI-202409020-FI2,2024-09-16,2026-09-15,no,https://777bet.io/contact,,not contacted,,
Zaferbet,zaferbet.com,https://zaferbet.com,Mega Technology Ltd,ALSI-202409020-FI2,2024-09-16,2026-09-15,no,https://zaferbet.com/contact,,not contacted,,
Kalitebet,kalitebet.com,https://kalitebet.com,Mega Technology Ltd,ALSI-202409020-FI2,2024-09-16,2026-09-15,no,https://kalitebet.com/contact,,not contacted,,
Nycbahis,nycbahis.com,https://nycbahis.com,Mega Technology Ltd,ALSI-202409020-FI2,2024-09-16,2026-09-15,no,https://nycbahis.com/contact,,not contacted,,
Casinoburada,casinoburada.com,https://casinoburada.com,Mega Technology Ltd,ALSI-202409020-FI2,2024-09-16,2026-09-15,no,https://casinoburada.com/contact,,not contacted,,
Dodobet2022,dodobet2022.com,https://dodobet2022.com,Mega Technology Ltd,ALSI-202409020-FI2,2024-09-16,2026-09-15,no,https://dodobet2022.com/contact,,not contacted,,
Gglbet,gglbet.com,https://gglbet.com,Mega Technology Ltd,ALSI-202409020-FI2,2024-09-16,2026-09-15,no,https://gglbet.com/contact,,not contacted,,
Bahiks,bahiks.com,https://bahiks.com,Mega Technology Ltd,ALSI-202409020-FI2,2024-09-16,2026-09-15,no,https://bahiks.com/contact,,not contacted,,
Exxenbet,exxenbet.com,https://exxenbet.com,Mega Technology Ltd,ALSI-202409020-FI2,2024-09-16,2026-09-15,no,https://exxenbet.com/contact,,not contacted,,
Ruabet,ruabet.com,https://ruabet.com,Mega Technology Ltd,ALSI-202409020-FI2,2024-09-16,2026-09-15,no,https://ruabet.com/contact,,not contacted,,
Winora Casino,winora-casino.com,https://winora-casino.com,Mega Technology Ltd,ALSI-202409020-FI2,2024-09-16,2026-09-15,no,https://winora-casino.com/contact,,not contacted,,
Premiera,premiera.bet,https://premiera.bet,Mega Technology Ltd,ALSI-202409020-FI2,2024-09-16,2026-09-15,no,https://premiera.bet/contact,,not contacted,,
Roysbet,roysbet.com,https://roysbet.com,Mega Technology Ltd,ALSI-202409020-FI2,2024-09-16,2026-09-15,no,https://roysbet.com/contact,,not contacted,,
Grandsapphirebet365,grandsapphirebet365.com,https://grandsapphirebet365.com,Mega Technology Ltd,ALSI-202409020-FI2,2024-09-16,2026-09-15,no,https://grandsapphirebet365.com/contact,,not contacted,,
Betmera,betmera.com,https://betmera.com,Mega Technology Ltd,ALSI-202409020-FI2,2024-09-16,2026-09-15,no,https://betmera.com/contact,,not contacted,,
Defnebet,defnebet.com,https://defnebet.com,Mega Technology Ltd,ALSI-202409020-FI2,2024-09-16,2026-09-15,no,https://defnebet.com/contact,,not contacted,,
Betnano,betnano.africa,https://betnano.africa,Mega Technology Ltd,ALSI-202409020-FI2,2024-09-16,2026-09-15,no,https://betnano.africa/contact,,not contacted,,
Casimario,casimario.com,https://casimario.com,Mega Technology Ltd,ALSI-202409020-FI2,2024-09-16,2026-09-15,no,https://casimario.com/contact,,not contacted,,
5stakes,5stakes.com,https://5stakes.com,Mega Technology Ltd,ALSI-202409020-FI2,2024-09-16,2026-09-15,no,https://5stakes.com/contact,,not contacted,,
Betgevin,betgevin.com,https://betgevin.com,Mega Technology Ltd,ALSI-202409020-FI2,2024-09-16,2026-09-15,no,https://betgevin.com/contact,,not contacted,,
Wadabet,wadabet.com,https://wadabet.com,Mega Technology Ltd,ALSI-202409020-FI2,2024-09-16,2026-09-15,no,https://wadabet.com/contact,,not contacted,,
Betozof,betozof.com,https://betozof.com,Mega Technology Ltd,ALSI-202409020-FI2,2024-09-16,2026-09-15,no,https://betozof.com/contact,,not contacted,,
Betnovo,betnovo.com,https://betnovo.com,Mega Technology Ltd,ALSI-202409020-FI2,2024-09-16,2026-09-15,no,https://betnovo.com/contact,,not contacted,,
Izzabahis1,izzabahis1.com,https://izzabahis1.com,Mega Technology Ltd,ALSI-202409020-FI2,2024-09-16,2026-09-15,no,https://izzabahis1.com/contact,,not contacted,,
Kulebets,kulebets.com,https://kulebets.com,Mega Technology Ltd,ALSI-202409020-FI2,2024-09-16,2026-09-15,no,https://kulebets.com/contact,,not contacted,,
Betingo,betingo.com,https://betingo.com,Mega Technology Ltd,ALSI-202409020-FI2,2024-09-16,2026-09-15,no,https://betingo.com/contact,,not contacted,,
Betaryan,betaryan.com,https://betaryan.com,Mega Technology Ltd,ALSI-202409020-FI2,2024-09-16,2026-09-15,no,https://betaryan.com/contact,,not contacted,,
Kareasbet,kareasbet.com,https://kareasbet.com,Mega Technology Ltd,ALSI-202409020-FI2,2024-09-16,2026-09-15,no,https://kareasbet.com/contact,,not contacted,,
Winovcasino,winovcasino.com,https://winovcasino.com,Mega Technology Ltd,ALSI-202409020-FI2,2024-09-16,2026-09-15,no,https://winovcasino.com/contact,,not contacted,,
Bonibon,bonibon.com,https://bonibon.com,Mega Technology Ltd,ALSI-202409020-FI2,2024-09-16,2026-09-15,no,https://bonibon.com/contact,,not contacted,,
Spinkazan,spinkazan.com,https://spinkazan.com,Mega Technology Ltd,ALSI-202409020-FI2,2024-09-16,2026-09-15,no,https://spinkazan.com/contact,,not contacted,,
Martislot,martislot.com,https://martislot.com,Mega Technology Ltd,ALSI-202409020-FI2,2024-09-16,2026-09-15,no,https://martislot.com/contact,,not contacted,,
Reiscasino,reiscasino.com,https://reiscasino.com,Mega Technology Ltd,ALSI-202409020-FI2,2024-09-16,2026-09-15,no,https://reiscasino.com/contact,,not contacted,,
Narwin310,narwin310.com,https://narwin310.com,Mega Technology Ltd,ALSI-202409020-FI2,2024-09-16,2026-09-15,no,https://narwin310.com/contact,,not contacted,,
Gedikbet,gedikbet.com,https://gedikbet.com,Mega Technology Ltd,ALSI-202409020-FI2,2024-09-16,2026-09-15,no,https://gedikbet.com/contact,,not contacted,,
Betralli,betralli.com,https://betralli.com,Mega Technology Ltd,ALSI-202409020-FI2,2024-09-16,2026-09-15,no,https://betralli.com/contact,,not contacted,,
Milanbahis,milanbahis.com,https://milanbahis.com,Mega Technology Ltd,ALSI-202409020-FI2,2024-09-16,2026-09-15,no,https://milanbahis.com/contact,,not contacted,,
Betsekiz,betsekiz.com,https://betsekiz.com,Mega Technology Ltd,ALSI-202409020-FI2,2024-09-16,2026-09-15,no,https://betsekiz.com/contact,,not contacted,,
Hurbahis,hurbahis.com,https://hurbahis.com,Mega Technology Ltd,ALSI-202409020-FI2,2024-09-16,2026-09-15,no,https://hurbahis.com/contact,,not contacted,,
Megaposta,megaposta.com,https://megaposta.com,Nexus International Entertainment Ltd,ALSI-202409038-FI2,2024-09-16,2026-09-15,no,https://megaposta.com/contact,,not contacted,,
Lanistar,lanistar.com,https://lanistar.com,Nexus International Entertainment Ltd,ALSI-202409038-FI2,2024-09-16,2026-09-15,no,https://lanistar.com/contact,,not contacted,,
Spartans,spartans.com,https://spartans.com,Nexus International Entertainment Ltd,ALSI-202409038-FI2,2024-09-16,2026-09-15,no,https://spartans.com/contact,,not contacted,,
1xbit,1xbit.com,https://1xbit.com,OCEAVENTURE LIMITED,ALSI-202409027-FI2,2024-09-16,2026-09-15,no,https://1xbit.com/contact,,not contacted,,
1xbitx,1xbitx.com,https://1xbitx.com,OCEAVENTURE LIMITED,ALSI-202409027-FI2,2024-09-16,2026-09-15,no,https://1xbitx.com/contact,,not contacted,,
Betjam,betjam.games,https://betjam.games,POLYNATO LLC,ALSI-202409029-FI2,2024-09-16,2026-09-15,no,https://betjam.games/contact,,not contacted,,
Rubyslots,rubyslots.com,https://rubyslots.com,Primrose Media Limited,ALSI-202409021-FI2,2024-09-16,2026-09-15,no,https://rubyslots.com/contact,,not contacted,,
Slotsofvegas,slotsofvegas.com,https://slotsofvegas.com,Primrose Media Limited,ALSI-202409021-FI2,2024-09-16,2026-09-15,no,https://slotsofvegas.com/contact,,not contacted,,
Ragingbullslots,ragingbullslots.com,https://ragingbullslots.com,Primrose Media Limited,ALSI-202409021-FI2,2024-09-16,2026-09-15,no,https://ragingbullslots.com/contact,,not contacted,,
Juicy,juicy.casino,https://juicy.casino,Red Wolf Ltd,ALSI-202409035-FI2,2024-09-16,2025-09-15,no,https://juicy.casino/contact,,not contacted,,
Popstake,popstake.com,https://popstake.com,Red Wolf Ltd,ALSI-202409035-FI2,2024-09-16,2025-09-15,no,https://popstake.com/contact,,not contacted,,
1xbet,1xbet.global,https://1xbet.global,STRANTON LLC,ALSI-202409031-FI2,2024-09-16,2026-09-15,no,https://1xbet.global/contact,,not contacted,,
1x Singa,1x-singa.com,https://1x-singa.com,STRANTON LLC,ALSI-202409031-FI2,2024-09-16,2026-09-15,no,https://1x-singa.com/contact,,not contacted,,
1x Bet Id,1x-bet-id.mobi,https://1x-bet-id.mobi,STRANTON LLC,ALSI-202409031-FI2,2024-09-16,2026-09-15,no,https://1x-bet-id.mobi/contact,,not contacted,,
1xbet Malaysia Bet,1xbet-malaysia-bet.com,https://1xbet-malaysia-bet.com,STRANTON LLC,ALSI-202409031-FI2,2024-09-16,2026-09-15,no,https://1xbet-malaysia-bet.com/contact,,not contacted,,
1xbet Malaysia Bet,1xbet-malaysia-bet.mobi,https://1xbet-malaysia-bet.mobi,STRANTON LLC,ALSI-202409031-FI2,2024-09-16,2026-09-15,no,https://1xbet-malaysia-bet.mobi/contact,,not contacted,,
Ph1xbet,ph1xbet.ph,https://ph1xbet.ph,STRANTON LLC,ALSI-202409031-FI2,2024-09-16,2026-09-15,no,https://ph1xbet.ph/contact,,not contacted,,
1xbet Ph,1xbet-ph.mobi,https://1xbet-ph.mobi,STRANTON LLC,ALSI-202409031-FI2,2024-09-16,2026-09-15,no,https://1xbet-ph.mobi/contact,,not contacted,,
1x Bet Cambodia,1x-bet-cambodia.mobi,https://1x-bet-cambodia.mobi,STRANTON LLC,ALSI-202409031-FI2,2024-09-16,2026-09-15,no,https://1x-bet-cambodia.mobi/contact,,not contacted,,
1xbetjap,1xbetjap.com,https://1xbetjap.com,STRANTON LLC,ALSI-202409031-FI2,2024-09-16,2026-09-15,no,https://1xbetjap.com/contact,,not contacted,,
1xcasino Ph,1xcasino-ph.com,https://1xcasino-ph.com,STRANTON LLC,ALSI-202409031-FI2,2024-09-16,2026-09-15,no,https://1xcasino-ph.com/contact,,not contacted,,
1xbet Indonesia Mobile,1xbet-indonesia-mobile.com,https://1xbet-indonesia-mobile.com,STRANTON LLC,ALSI-202409031-FI2,2024-09-16,2026-09-15,no,https://1xbet-indonesia-mobile.com/contact,,not contacted,,
1xbet Sing,1xbet-sing.com,https://1xbet-sing.com,STRANTON LLC,ALSI-202409031-FI2,2024-09-16,2026-09-15,no,https://1xbet-sing.com/contact,,not contacted,,
1xbet Malaysia,1xbet-malaysia.mobi,https://1xbet-malaysia.mobi,STRANTON LLC,ALSI-202409031-FI2,2024-09-16,2026-09-15,no,https://1xbet-malaysia.mobi/contact,,not contacted,,
Luckorio,luckorio.casino,https://luckorio.casino,Techalliance Limitada,ALSI-202409043-FI2,2024-09-16,2026-09-15,no,https://luckorio.casino/contact,,not contacted,,
Alev,alev.casino,https://alev.casino,Techalliance Limitada,ALSI-202409043-FI2,2024-09-16,2026-09-15,no,https://alev.casino/contact,,not contacted,,
Hugewin,hugewin.com,https://hugewin.com,Winter Sun Limitada,ALSI-202409022-FI2,2024-09-16,2026-09-15,no,https://hugewin.com/contact,,not contacted,,
Casinolevant,casinolevant.com,https://casinolevant.com,Winter Sun Limitada,ALSI-202409022-FI2,2024-09-16,2026-09-15,no,https://casinolevant.com/contact,,not contacted,,
Vidobet,vidobet.com,https://vidobet.com,Winter Sun Limitada,ALSI-202409022-FI2,2024-09-16,2026-09-15,no,https://vidobet.com/contact,,not contacted,,
Wonncasino,wonncasino.com,https://wonncasino.com,Winter Sun Limitada,ALSI-202409022-FI2,2024-09-16,2026-09-15,no,https://wonncasino.com/contact,,not contacted,,
Wonodd,wonodd.com,https://wonodd.com,Olimpos Limited,ALSI-202409018-FI1,2024-09-10,2026-09-09,no,https://wonodd.com/contact,,not contacted,,
Olimposcasino,olimposcasino.com,https://olimposcasino.com,Olimpos Limited,ALSI-202409018-FI1,2024-09-10,2026-09-09,no,https://olimposcasino.com/contact,,not contacted,,
Betscape,betscape.casino,https://betscape.casino,Innovista Limitada,ALSI-202409026-FI2,2024-09-09,2026-09-08,no,https://betscape.casino/contact,,not contacted,,
Wagibet,wagibet.asia,https://wagibet.asia,Innovista Limitada,ALSI-202409026-FI2,2024-09-09,2026-09-08,no,https://wagibet.asia/contact,,not contacted,,
Wagibet,wagibet.com,https://wagibet.com,Innovista Limitada,ALSI-202409026-FI2,2024-09-09,2026-09-08,no,https://wagibet.com/contact,,not contacted,,
Betazo,betazo.casino,https://betazo.casino,Innovista Limitada,ALSI-202409026-FI2,2024-09-09,2026-09-08,no,https://betazo.casino/contact,,not contacted,,
Privateclubcasino,privateclubcasino.com,https://privateclubcasino.com,Akateco Limitada,ALSI-202409016-FI1,2024-09-07,2026-09-06,no,https://privateclubcasino.com/contact,,not contacted,,
Captainslots,captainslots.com,https://captainslots.com,Akateco Limitada,ALSI-202409016-FI1,2024-09-07,2026-09-06,no,https://captainslots.com/contact,,not contacted,,
Casino Nova,casino-nova.com,https://casino-nova.com,Akateco Limitada,ALSI-202409016-FI1,2024-09-07,2026-09-06,no,https://casino-nova.com/contact,,not contacted,,
Romuscasino,romuscasino.com,https://romuscasino.com,Akateco Limitada,ALSI-202409016-FI1,2024-09-07,2026-09-06,no,https://romuscasino.com/contact,,not contacted,,
Mrcashino,mrcashino.com,https://mrcashino.com,Akateco Limitada,ALSI-202409016-FI1,2024-09-07,2026-09-06,no,https://mrcashino.com/contact,,not contacted,,
Barbossabet,barbossabet.com,https://barbossabet.com,Akateco Limitada,ALSI-202409016-FI1,2024-09-07,2026-09-06,no,https://barbossabet.com/contact,,not contacted,,
Epicjack,epicjack.com,https://epicjack.com,Akateco Limitada,ALSI-202409016-FI1,2024-09-07,2026-09-06,no,https://epicjack.com/contact,,not contacted,,
Jinwinn,jinwinn.io,https://jinwinn.io,Alajinn N.V.,ALSI-202409001-FI1,2024-09-07,2026-09-06,no,https://jinwinn.io/contact,,not contacted,,
Jinwinn,jinwinn.com,https://jinwinn.com,Alajinn N.V.,ALSI-202409001-FI1,2024-09-07,2026-09-06,no,https://jinwinn.com/contact,,not contacted,,
Bet,bet.app,https://bet.app,Dubet N.V.,ALSI-202409009-FI1,2024-09-07,2025-09-06,no,https://bet.app/contact,,not contacted,,
9f,9f.com,https://9f.com,Dubet N.V.,ALSI-202409009-FI1,2024-09-07,2025-09-06,no,https://9f.com/contact,,not contacted,,
6r,6r.com,https://6r.com,Dubet N.V.,ALSI-202409009-FI1,2024-09-07,2025-09-06,no,https://6r.com/contact,,not contacted,,
Fogo777,fogo777.com,https://fogo777.com,Dubet N.V.,ALSI-202409009-FI1,2024-09-07,2025-09-06,no,https://fogo777.com/contact,,not contacted,,
Ijogo,ijogo.com,https://ijogo.com,Dubet N.V.,ALSI-202409009-FI1,2024-09-07,2025-09-06,no,https://ijogo.com/contact,,not contacted,,
Timbet,timbet.com,https://timbet.com,Dubet N.V.,ALSI-202409009-FI1,2024-09-07,2025-09-06,no,https://timbet.com/contact,,not contacted,,
Vermelho555,vermelho555.com,https://vermelho555.com,Dubet N.V.,ALSI-202409009-FI1,2024-09-07,2025-09-06,no,https://vermelho555.com/contact,,not contacted,,
9,9.game,https://9.game,Dubet N.V.,ALSI-202409009-FI1,2024-09-07,2025-09-06,no,https://9.game/contact,,not contacted,,
Mwin,mwin.com,https://mwin.com,Dubet N.V.,ALSI-202409009-FI1,2024-09-07,2025-09-06,no,https://mwin.com/contact,,not contacted,,
Shangrilavip,shangrilavip.com,https://shangrilavip.com,Elentertain SRL,ALSI-202409013-FI1,2024-09-07,2026-09-06,no,https://shangrilavip.com/contact,,not contacted,,
Shangrila,shangrila.com,https://shangrila.com,Elentertain SRL,ALSI-202409013-FI1,2024-09-07,2026-09-06,no,https://shangrila.com/contact,,not contacted,,
Elfygaming,elfygaming.com,https://elfygaming.com,Elfy Interactive Limited,ALSI-202409008-FI1,2024-09-07,2026-09-06,no,https://elfygaming.com/contact,,not contacted,,
Betpin,betpin.com,https://betpin.com,Elfy Interactive Limited,ALSI-202409008-FI1,2024-09-07,2026-09-06,no,https://betpin.com/contact,,not contacted,,
Casimo,casimo.com,https://casimo.com,Elfy Interactive Limited,ALSI-202409008-FI1,2024-09-07,2026-09-06,no,https://casimo.com/contact,,not contacted,,
Relaxbet,relaxbet.com,https://relaxbet.com,Elfy Interactive Limited,ALSI-202409008-FI1,2024-09-07,2026-09-06,no,https://relaxbet.com/contact,,not contacted,,
Betle,betle.com,https://betle.com,Elfy Interactive Limited,ALSI-202409008-FI1,2024-09-07,2026-09-06,no,https://betle.com/contact,,not contacted,,
Multiwin,multiwin.com,https://multiwin.com,Elfy Interactive Limited,ALSI-202409008-FI1,2024-09-07,2026-09-06,no,https://multiwin.com/contact,,not contacted,,
Starora,starora.com,https://starora.com,Elfy Interactive Limited,ALSI-202409008-FI1,2024-09-07,2026-09-06,no,https://starora.com/contact,,not contacted,,
Fanatikbet,fanatikbet.com,https://fanatikbet.com,Elfy Interactive Limited,ALSI-202409008-FI1,2024-09-07,2026-09-06,no,https://fanatikbet.com/contact,,not contacted,,
Casicoin,casicoin.com,https://casicoin.com,Elfy Interactive Limited,ALSI-202409008-FI1,2024-09-07,2026-09-06,no,https://casicoin.com/contact,,not contacted,,
Epicstar,epicstar.com,https://epicstar.com,Epicstar Ltd,ALSI-202409003-FI1,2024-09-07,2026-09-06,no,https://epicstar.com/contact,,not contacted,,
Epicstar,epicstar.net,https://epicstar.net,Epicstar Ltd,ALSI-202409003-FI1,2024-09-07,2026-09-06,no,https://epicstar.net/contact,,not contacted,,
Cryptorush,cryptorush.com,https://cryptorush.com,Fortuna Ventures Limitada,ALSI-202409010-FI1,2024-09-07,2025-09-06,no,https://cryptorush.com/contact,,not contacted,,
Ritzobet,ritzobet.com,https://ritzobet.com,Kaizenco Limitada,ALSI-202409019-FI1,2024-09-07,2026-09-06,no,https://ritzobet.com/contact,,not contacted,,
Wepari,wepari.com,https://wepari.com,Lumindix Limitada,ALSI-202409004-FI1,2024-09-07,2026-09-06,no,https://wepari.com/contact,,not contacted,,
Mmvip,mmvip.com,https://mmvip.com,Medium Rare Ltd.,ALSI-202409002-FI1,2024-09-07,2025-09-06,no,https://mmvip.com/contact,,not contacted,,
9kwai,9kwai.com,https://9kwai.com,Medium Rare Ltd.,ALSI-202409002-FI1,2024-09-07,2025-09-06,no,https://9kwai.com/contact,,not contacted,,
Clubs7,clubs7.com,https://clubs7.com,Medium Rare Ltd.,ALSI-202409002-FI1,2024-09-07,2025-09-06,no,https://clubs7.com/contact,,not contacted,,
Smashup,smashup.com,https://smashup.com,Medium Rare Ltd.,ALSI-202409002-FI1,2024-09-07,2025-09-06,no,https://smashup.com/contact,,not contacted,,
Yuugido,yuugido.com,https://yuugido.com,Medium Rare Ltd.,ALSI-202409002-FI1,2024-09-07,2025-09-06,no,https://yuugido.com/contact,,not contacted,,
Paramigo,paramigo.bet,https://paramigo.bet,Mosquito Group Ltd,ALSI-202409015-FI1,2024-09-07,2025-09-06,no,https://paramigo.bet/contact,,not contacted,,
Betzter,betzter.com,https://betzter.com,Softon Ltd,ALSI-202409012-FI1,2024-09-07,2026-09-06,no,https://betzter.com/contact,,not contacted,,
Madcasino,madcasino.io,https://madcasino.io,Softon Ltd,ALSI-202409012-FI1,2024-09-07,2026-09-06,no,https://madcasino.io/contact,,not contacted,,
Kingdomcasino,kingdomcasino.io,https://kingdomcasino.io,Softon Ltd,ALSI-202409012-FI1,2024-09-07,2026-09-06,no,https://kingdomcasino.io/contact,,not contacted,,
Tenobet,tenobet.io,https://tenobet.io,Softon Ltd,ALSI-202409012-FI1,2024-09-07,2026-09-06,no,https://tenobet.io/contact,,not contacted,,
Aphrodite,aphrodite.casino,https://aphrodite.casino,Softon Ltd,ALSI-202409012-FI1,2024-09-07,2026-09-06,no,https://aphrodite.casino/contact,,not contacted,,
Wino,wino.casino,https://wino.casino,Softon Ltd,ALSI-202409012-FI1,2024-09-07,2026-09-06,no,https://wino.casino/contact,,not contacted,,
Dracula,dracula.casino,https://dracula.casino,Softon Ltd,ALSI-202409012-FI1,2024-09-07,2026-09-06,no,https://dracula.casino/contact,,not contacted,,
Tucancasino,tucancasino.com,https://tucancasino.com,Softon Ltd,ALSI-202409012-FI1,2024-09-07,2026-09-06,no,https://tucancasino.com/contact,,not contacted,,
Gambiva,gambiva.com,https://gambiva.com,Softon Ltd,ALSI-202409012-FI1,2024-09-07,2026-09-06,no,https://gambiva.com/contact,,not contacted,,
Smash,smash.casino,https://smash.casino,Softon Ltd,ALSI-202409012-FI1,2024-09-07,2026-09-06,yes,https://smash.casino/contact,,not contacted,,
Joguebet,joguebet.com,https://joguebet.com,EDI Entertainment N.V.,ALSI-202409005-FI1,2024-09-06,2025-09-06,no,https://joguebet.com/contact,,not contacted,,
Joguebet,joguebet.net,https://joguebet.net,EDI Entertainment N.V.,ALSI-202409005-FI1,2024-09-06,2025-09-06,no,https://joguebet.net/contact,,not contacted,,
Chexx,chexx.one,https://chexx.one,Continent Gaming N.V.,ALSI-202408042-FI3,2024-08-29,2026-08-28,no,https://chexx.one/contact,,not contacted,,
Eternalcasino,eternalcasino.com,https://eternalcasino.com,Crypto Industry d.o.o. Beograd,ALSI-202408050-FI3,2024-08-29,2026-08-28,no,https://eternalcasino.com/contact,,not contacted,,
Betesen,betesen.com,https://betesen.com,DB Solutions Ltd,ALSI-202408058-FI3,2024-08-29,2026-08-28,no,https://betesen.com/contact,,not contacted,,
Betforward,betforward.com,https://betforward.com,DB Solutions Ltd,ALSI-202408058-FI3,2024-08-29,2026-08-28,no,https://betforward.com/contact,,not contacted,,
Betgoo777,betgoo777.com,https://betgoo777.com,DB Solutions Ltd,ALSI-202408058-FI3,2024-08-29,2026-08-28,no,https://betgoo777.com/contact,,not contacted,,
Bayconticasino,bayconticasino.com,https://bayconticasino.com,DB Solutions Ltd,ALSI-202408058-FI3,2024-08-29,2026-08-28,no,https://bayconticasino.com/contact,,not contacted,,
Blackxbet,blackxbet.com,https://blackxbet.com,DB Solutions Ltd,ALSI-202408058-FI3,2024-08-29,2026-08-28,no,https://blackxbet.com/contact,,not contacted,,
Chamada,chamada.bet,https://chamada.bet,DB Solutions Ltd,ALSI-202408058-FI3,2024-08-29,2026-08-28,no,https://chamada.bet/contact,,not contacted,,
Istinyecasino,istinyecasino.com,https://istinyecasino.com,DB Solutions Ltd,ALSI-202408058-FI3,2024-08-29,2026-08-28,no,https://istinyecasino.com/contact,,not contacted,,
Lordpalacecasino,lordpalacecasino.com,https://lordpalacecasino.com,DB Solutions Ltd,ALSI-202408058-FI3,2024-08-29,2026-08-28,no,https://lordpalacecasino.com/contact,,not contacted,,
Saltbahis,saltbahis.com,https://saltbahis.com,DB Solutions Ltd,ALSI-202408058-FI3,2024-08-29,2026-08-28,no,https://saltbahis.com/contact,,not contacted,,
Nitrobahis,nitrobahis.com,https://nitrobahis.com,DB Solutions Ltd,ALSI-202408058-FI3,2024-08-29,2026-08-28,no,https://nitrobahis.com/contact,,not contacted,,
Sovabet,sovabet.com,https://sovabet.com,DB Solutions Ltd,ALSI-202408058-FI3,2024-08-29,2026-08-28,no,https://sovabet.com/contact,,not contacted,,
777grandbet,777grandbet.com,https://777grandbet.com,DB Solutions Ltd,ALSI-202408058-FI3,2024-08-29,2026-08-28,no,https://777grandbet.com/contact,,not contacted,,
Esascasino,esascasino.com,https://esascasino.com,DB Solutions Ltd,ALSI-202408058-FI3,2024-08-29,2026-08-28,no,https://esascasino.com/contact,,not contacted,,
Meritlimancasino,meritlimancasino.com,https://meritlimancasino.com,DB Solutions Ltd,ALSI-202408058-FI3,2024-08-29,2026-08-28,no,https://meritlimancasino.com/contact,,not contacted,,
Bluebetlive,bluebetlive.com,https://bluebetlive.com,DB Solutions Ltd,ALSI-202408058-FI3,2024-08-29,2026-08-28,no,https://bluebetlive.com/contact,,not contacted,,
Modelbahis,modelbahis.com,https://modelbahis.com,DB Solutions Ltd,ALSI-202408058-FI3,2024-08-29,2026-08-28,no,https://modelbahis.com/contact,,not contacted,,
Teosbet,teosbet.com,https://teosbet.com,DB Solutions Ltd,ALSI-202408058-FI3,2024-08-29,2026-08-28,no,https://teosbet.com/contact,,not contacted,,
Kaza,kaza.bet,https://kaza.bet,DB Solutions Ltd,ALSI-202408058-FI3,2024-08-29,2026-08-28,no,https://kaza.bet/contact,,not contacted,,
Maximcasino99,maximcasino99.com,https://maximcasino99.com,DB Solutions Ltd,ALSI-202408058-FI3,2024-08-29,2026-08-28,no,https://maximcasino99.com/contact,,not contacted,,
Elexusslot,elexusslot.com,https://elexusslot.com,DB Solutions Ltd,ALSI-202408058-FI3,2024-08-29,2026-08-28,no,https://elexusslot.com/contact,,not contacted,,
Fiksturbet,fiksturbet.com,https://fiksturbet.com,DB Solutions Ltd,ALSI-202408058-FI3,2024-08-29,2026-08-28,no,https://fiksturbet.com/contact,,not contacted,,
Bionbet,bionbet.com,https://bionbet.com,DB Solutions Ltd,ALSI-202408058-FI3,2024-08-29,2026-08-28,no,https://bionbet.com/contact,,not contacted,,
Casinoas,casinoas.com,https://casinoas.com,DB Solutions Ltd,ALSI-202408058-FI3,2024-08-29,2026-08-28,no,https://casinoas.com/contact,,not contacted,,
Ruvobet,ruvobet.com,https://ruvobet.com,DB Solutions Ltd,ALSI-202408058-FI3,2024-08-29,2026-08-28,no,https://ruvobet.com/contact,,not contacted,,
Tom3,tom3.com,https://tom3.com,DB Solutions Ltd,ALSI-202408058-FI3,2024-08-29,2026-08-28,no,https://tom3.com/contact,,not contacted,,
Oryx,oryx.casino,https://oryx.casino,Elzanero Holdings Ltd,ALSI-202408062-FI3,2024-08-29,2026-08-28,no,https://oryx.casino/contact,,not contacted,,
Olga,olga.casino,https://olga.casino,Elzanero Holdings Ltd,ALSI-202408062-FI3,2024-08-29,2026-08-28,no,https://olga.casino/contact,,not contacted,,
Mobigames,mobigames.bet,https://mobigames.bet,Elzanero Holdings Ltd,ALSI-202408062-FI3,2024-08-29,2026-08-28,no,https://mobigames.bet/contact,,not contacted,,
Elza,elza.casino,https://elza.casino,Elzanero Holdings Ltd,ALSI-202408062-FI3,2024-08-29,2026-08-28,no,https://elza.casino/contact,,not contacted,,
Casinol,casinol.com,https://casinol.com,Elzanero Holdings Ltd,ALSI-202408062-FI3,2024-08-29,2026-08-28,no,https://casinol.com/contact,,not contacted,,
Omillionaire,omillionaire.com,https://omillionaire.com,GreenBloom Global Limitada,ALSI-202408057-FI3,2024-08-29,2025-08-28,no,https://omillionaire.com/contact,,not contacted,,
102bet,102bet.net,https://102bet.net,SportEdge Innovation Ltd,ALSI-202408059-FI3,2024-08-29,2026-08-28,no,https://102bet.net/contact,,not contacted,,
Punkz,punkz.casino,https://punkz.casino,Star Bright Media SRL,ALSI-202408063-FI3,2024-08-29,2026-08-28,no,https://punkz.casino/contact,,not contacted,,
Casinopunkz,casinopunkz.io,https://casinopunkz.io,Star Bright Media SRL,ALSI-202408063-FI3,2024-08-29,2026-08-28,no,https://casinopunkz.io/contact,,not contacted,,
Casinopunkz,casinopunkz.games,https://casinopunkz.games,Star Bright Media SRL,ALSI-202408063-FI3,2024-08-29,2026-08-28,no,https://casinopunkz.games/contact,,not contacted,,
Casinopunkz,casinopunkz.com,https://casinopunkz.com,Star Bright Media SRL,ALSI-202408063-FI3,2024-08-29,2026-08-28,no,https://casinopunkz.com/contact,,not contacted,,
Casinopunkz1,casinopunkz1.io,https://casinopunkz1.io,Star Bright Media SRL,ALSI-202408063-FI3,2024-08-29,2026-08-28,no,https://casinopunkz1.io/contact,,not contacted,,
Punkz,punkz.com,https://punkz.com,Star Bright Media SRL,ALSI-202408063-FI3,2024-08-29,2026-08-28,no,https://punkz.com/contact,,not contacted,,
Punkz,punkz.info,https://punkz.info,Star Bright Media SRL,ALSI-202408063-FI3,2024-08-29,2026-08-28,no,https://punkz.info/contact,,not contacted,,
Punkz,punkz.io,https://punkz.io,Star Bright Media SRL,ALSI-202408063-FI3,2024-08-29,2026-08-28,no,https://punkz.io/contact,,not contacted,,
Punkz1,punkz1.com,https://punkz1.com,Star Bright Media SRL,ALSI-202408063-FI3,2024-08-29,2026-08-28,no,https://punkz1.com/contact,,not contacted,,
Punkzinfo,punkzinfo.com,https://punkzinfo.com,Star Bright Media SRL,ALSI-202408063-FI3,2024-08-29,2026-08-28,no,https://punkzinfo.com/contact,,not contacted,,
Punkzrewards,punkzrewards.com,https://punkzrewards.com,Star Bright Media SRL,ALSI-202408063-FI3,2024-08-29,2026-08-28,no,https://punkzrewards.com/contact,,not contacted,,
Punkz,punkz.bet,https://punkz.bet,Star Bright Media SRL,ALSI-202408063-FI3,2024-08-29,2026-08-28,no,https://punkz.bet/contact,,not contacted,,
Punkz,punkz.games,https://punkz.games,Star Bright Media SRL,ALSI-202408063-FI3,2024-08-29,2026-08-28,no,https://punkz.games/contact,,not contacted,,
Banger,banger.casino,https://banger.casino,Nexus Partners Limited,ALSI-202408035-FI2,2024-08-25,2026-08-24,no,https://banger.casino/contact,,not contacted,,
Glory,glory.casino,https://glory.casino,Nexus Partners Limited,ALSI-202408035-FI2,2024-08-25,2026-08-24,no,https://glory.casino/contact,,not contacted,,
Divine,divine.casino,https://divine.casino,Nexus Partners Limited,ALSI-202408035-FI2,2024-08-25,2026-08-24,no,https://divine.casino/contact,,not contacted,,
Slotz De,slotz-de.casino,https://slotz-de.casino,Nexus Partners Limited,ALSI-202408035-FI2,2024-08-25,2026-08-24,no,https://slotz-de.casino/contact,,not contacted,,
Tiger777,tiger777.casino,https://tiger777.casino,Nexus Partners Limited,ALSI-202408035-FI2,2024-08-25,2026-08-24,no,https://tiger777.casino/contact,,not contacted,,
Letsjackpot,letsjackpot.com,https://letsjackpot.com,Prime Web Ops SRL,ALSI-202408038-FI2,2024-08-25,2025-08-24,no,https://letsjackpot.com/contact,,not contacted,,
Dimebit,dimebit.com,https://dimebit.com,Atlantic Star SRL,ALSI-202408045-FI3,2024-08-22,2026-08-21,no,https://dimebit.com/contact,,not contacted,,
Allcomponent,allcomponent.com,https://allcomponent.com,All Components Ltd,ALSI-202408040-FI2,2024-08-21,2026-08-20,no,https://allcomponent.com/contact,,not contacted,,
Betadonis,betadonis.com,https://betadonis.com,All Components Ltd,ALSI-202408040-FI2,2024-08-21,2026-08-20,no,https://betadonis.com/contact,,not contacted,,
Wonclub,wonclub.com,https://wonclub.com,All Components Ltd,ALSI-202408040-FI2,2024-08-21,2026-08-20,no,https://wonclub.com/contact,,not contacted,,
Celticbet,celticbet.com,https://celticbet.com,All Components Ltd,ALSI-202408040-FI2,2024-08-21,2026-08-20,no,https://celticbet.com/contact,,not contacted,,
Theacecasino,theacecasino.vip,https://theacecasino.vip,RWB Solutions International Ltd,ALSI-202408039-FI2,2024-08-21,2025-08-20,no,https://theacecasino.vip/contact,,not contacted,,
Cp88,cp88.bet,https://cp88.bet,RWB Solutions International Ltd,ALSI-202408039-FI2,2024-08-21,2025-08-20,no,https://cp88.bet/contact,,not contacted,,
Marubet,marubet.com,https://marubet.com,RWB Solutions International Ltd,ALSI-202408039-FI2,2024-08-21,2025-08-20,no,https://marubet.com/contact,,not contacted,,
Spingranny,spingranny.com,https://spingranny.com,Ceshiroza SRL,ALSI-202408027-FI2,2024-08-15,2026-08-14,no,https://spingranny.com/contact,,not contacted,,
Corgibet,corgibet.com,https://corgibet.com,Ceshiroza SRL,ALSI-202408027-FI2,2024-08-15,2026-08-14,no,https://corgibet.com/contact,,not contacted,,
Betarino,betarino.com,https://betarino.com,Ceshiroza SRL,ALSI-202408027-FI2,2024-08-15,2026-08-14,no,https://betarino.com/contact,,not contacted,,
Royalzino,royalzino.com,https://royalzino.com,Ceshiroza SRL,ALSI-202408027-FI2,2024-08-15,2026-08-14,no,https://royalzino.com/contact,,not contacted,,
Godofcoins,godofcoins.com,https://godofcoins.com,Ceshiroza SRL,ALSI-202408027-FI2,2024-08-15,2026-08-14,no,https://godofcoins.com/contact,,not contacted,,
Magicspins,magicspins.com,https://magicspins.com,Ceshiroza SRL,ALSI-202408027-FI2,2024-08-15,2026-08-14,no,https://magicspins.com/contact,,not contacted,,
Betplays,betplays.com,https://betplays.com,Creative Alliance Solutions Limited,ALSI-202408023-FI2,2024-08-15,2027-08-14,no,https://betplays.com/contact,,not contacted,,
707,707.game,https://707.game,DEEPSPRING Limitada,ALSI-202408037-FI2,2024-08-15,2026-08-14,no,https://707.game/contact,,not contacted,,
Lot365,lot365.com,https://lot365.com,DEEPSPRING Limitada,ALSI-202408037-FI2,2024-08-15,2026-08-14,no,https://lot365.com/contact,,not contacted,,
Vk,vk.casino,https://vk.casino,DEEPSPRING Limitada,ALSI-202408037-FI2,2024-08-15,2026-08-14,no,https://vk.casino/contact,,not contacted,,
Betk,betk.mx,https://betk.mx,DEEPSPRING Limitada,ALSI-202408037-FI2,2024-08-15,2026-08-14,no,https://betk.mx/contact,,not contacted,,
Suerteo,suerteo.mx,https://suerteo.mx,DEEPSPRING Limitada,ALSI-202408037-FI2,2024-08-15,2026-08-14,no,https://suerteo.mx/contact,,not contacted,,
Gana,gana.mx,https://gana.mx,DEEPSPRING Limitada,ALSI-202408037-FI2,2024-08-15,2026-08-14,no,https://gana.mx/contact,,not contacted,,
Moldebet,moldebet.com,https://moldebet.com,FCG Seven Seven Limitada,ALSI-202408032-FI2,2024-08-15,2026-08-14,no,https://moldebet.com/contact,,not contacted,,
Vegasslot,vegasslot.com,https://vegasslot.com,FCG Seven Seven Limitada,ALSI-202408032-FI2,2024-08-15,2026-08-14,no,https://vegasslot.com/contact,,not contacted,,
Tosport,tosport.com,https://tosport.com,Good Day Bad Ltd.,ALSI-202408022-FI2,2024-08-15,2026-08-14,no,https://tosport.com/contact,,not contacted,,
Jack Poker,jack-poker.com,https://jack-poker.com,Jack La International Limitada,ALSI-202408001-FI1,2024-08-15,2026-08-14,no,https://jack-poker.com/contact,,not contacted,,
Jack Casino,jack-casino.com,https://jack-casino.com,Jack La International Limitada,ALSI-202408001-FI1,2024-08-15,2026-08-14,no,https://jack-casino.com/contact,,not contacted,,
Nomorebet,nomorebet.com,https://nomorebet.com,Kamikaze Innovations Inc.,ALSI-202408028-FI2,2024-08-15,2026-08-14,no,https://nomorebet.com/contact,,not contacted,,
Latambet,latambet.com,https://latambet.com,Papito Entertainment Limited,ALSI-202408034-FI2,2024-08-15,2027-08-14,no,https://latambet.com/contact,,not contacted,,
Clubn1,clubn1.lat,https://clubn1.lat,Papito Entertainment Limited,ALSI-202408034-FI2,2024-08-15,2027-08-14,no,https://clubn1.lat/contact,,not contacted,,
Drizzle,drizzle.bet,https://drizzle.bet,Papito Entertainment Limited,ALSI-202408034-FI2,2024-08-15,2027-08-14,no,https://drizzle.bet/contact,,not contacted,,
Planetslot,planetslot.io,https://planetslot.io,Papito Entertainment Limited,ALSI-202408034-FI2,2024-08-15,2027-08-14,no,https://planetslot.io/contact,,not contacted,,
Weiss,weiss.games,https://weiss.games,Taktonum Group N.V. ,ALSI-202408036-FI2,2024-08-15,2025-08-14,no,https://weiss.games/contact,,not contacted,,
Fairspin,fairspin.one,https://fairspin.one,Taktonum Group N.V. ,ALSI-202408036-FI2,2024-08-15,2025-08-14,no,https://fairspin.one/contact,,not contacted,,
Casinonight,casinonight.com,https://casinonight.com,Thelxia Holdings Ltd,ALSI-202408021-FI2,2024-08-15,2026-08-14,no,https://casinonight.com/contact,,not contacted,,
Tonpoker,tonpoker.io,https://tonpoker.io,Xin Flow Limitada,ALSI-202408026-FI2,2024-08-15,2026-08-14,no,https://tonpoker.io/contact,,not contacted,,
Korasaha,korasaha.com,https://korasaha.com,Elevex Group Ltd,ALSI-202408017-FI1,2024-08-14,2026-08-13,no,https://korasaha.com/contact,,not contacted,,
Platforms,platforms.bet,https://platforms.bet,Elevex Group Ltd,ALSI-202408017-FI1,2024-08-14,2026-08-13,no,https://platforms.bet/contact,,not contacted,,
Atacamabet,atacamabet.com,https://atacamabet.com,Elevex Group Ltd,ALSI-202408017-FI1,2024-08-14,2026-08-13,no,https://atacamabet.com/contact,,not contacted,,
Vima,vima.casino,https://vima.casino,Elevex Group Ltd,ALSI-202408017-FI1,2024-08-14,2026-08-13,no,https://vima.casino/contact,,not contacted,,
Betokay,betokay.com,https://betokay.com,Elevex Group Ltd,ALSI-202408017-FI1,2024-08-14,2026-08-13,no,https://betokay.com/contact,,not contacted,,
Molotbet,molotbet.com,https://molotbet.com,Elevex Group Ltd,ALSI-202408017-FI1,2024-08-14,2026-08-13,no,https://molotbet.com/contact,,not contacted,,
Punch,punch.bet,https://punch.bet,Elevex Group Ltd,ALSI-202408017-FI1,2024-08-14,2026-08-13,no,https://punch.bet/contact,,not contacted,,
Topacio,topacio.bet,https://topacio.bet,Elevex Group Ltd,ALSI-202408017-FI1,2024-08-14,2026-08-13,no,https://topacio.bet/contact,,not contacted,,
Apuestasegura,apuestasegura.io,https://apuestasegura.io,Elevex Group Ltd,ALSI-202408017-FI1,2024-08-14,2026-08-13,no,https://apuestasegura.io/contact,,not contacted,,
Roi,roi.bet,https://roi.bet,Elevex Group Ltd,ALSI-202408017-FI1,2024-08-14,2026-08-13,no,https://roi.bet/contact,,not contacted,,
Roibet,roibet.com,https://roibet.com,Elevex Group Ltd,ALSI-202408017-FI1,2024-08-14,2026-08-13,no,https://roibet.com/contact,,not contacted,,
Betkiss,betkiss.com,https://betkiss.com,Elevex Group Ltd,ALSI-202408017-FI1,2024-08-14,2026-08-13,no,https://betkiss.com/contact,,not contacted,,
Capibarabet,capibarabet.com,https://capibarabet.com,Elevex Group Ltd,ALSI-202408017-FI1,2024-08-14,2026-08-13,no,https://capibarabet.com/contact,,not contacted,,
Dopaminas,dopaminas.com,https://dopaminas.com,Elevex Group Ltd,ALSI-202408017-FI1,2024-08-14,2026-08-13,no,https://dopaminas.com/contact,,not contacted,,
Jaguarino,jaguarino.bet,https://jaguarino.bet,Elevex Group Ltd,ALSI-202408017-FI1,2024-08-14,2026-08-13,no,https://jaguarino.bet/contact,,not contacted,,
Yojuego,yojuego.com,https://yojuego.com,Elevex Group Ltd,ALSI-202408017-FI1,2024-08-14,2026-08-13,no,https://yojuego.com/contact,,not contacted,,
Plata,plata.bet,https://plata.bet,Elevex Group Ltd,ALSI-202408017-FI1,2024-08-14,2026-08-13,no,https://plata.bet/contact,,not contacted,,
Platabet,platabet.org,https://platabet.org,Elevex Group Ltd,ALSI-202408017-FI1,2024-08-14,2026-08-13,no,https://platabet.org/contact,,not contacted,,
Winrapido,winrapido.com,https://winrapido.com,Elevex Group Ltd,ALSI-202408017-FI1,2024-08-14,2026-08-13,no,https://winrapido.com/contact,,not contacted,,
Luckyjoya,luckyjoya.bet,https://luckyjoya.bet,Elevex Group Ltd,ALSI-202408017-FI1,2024-08-14,2026-08-13,no,https://luckyjoya.bet/contact,,not contacted,,
Dale,dale.bet,https://dale.bet,Elevex Group Ltd,ALSI-202408017-FI1,2024-08-14,2026-08-13,no,https://dale.bet/contact,,not contacted,,
Gane,gane.bet,https://gane.bet,Elevex Group Ltd,ALSI-202408017-FI1,2024-08-14,2026-08-13,no,https://gane.bet/contact,,not contacted,,
Retimba,retimba.com,https://retimba.com,Elevex Group Ltd,ALSI-202408017-FI1,2024-08-14,2026-08-13,no,https://retimba.com/contact,,not contacted,,
Boom888,boom888.com,https://boom888.com,Elevex Group Ltd,ALSI-202408017-FI1,2024-08-14,2026-08-13,no,https://boom888.com/contact,,not contacted,,
Clubrbet,clubrbet.com,https://clubrbet.com,VNGSGAMING LIMITADA,ALSI-202408016-FI1,2024-08-11,2026-08-10,no,https://clubrbet.com/contact,,not contacted,,
Heatscasino,heatscasino.com,https://heatscasino.com,ANJ OF GOLD LIMITADA,ALSI-202408054-FI3,2024-08-09,2026-08-08,no,https://heatscasino.com/contact,,not contacted,,
Delorocasino,delorocasino.com,https://delorocasino.com,ANJ OF GOLD LIMITADA,ALSI-202408054-FI3,2024-08-09,2026-08-08,no,https://delorocasino.com/contact,,not contacted,,
Cold,cold.bet,https://cold.bet,Buxler Limitada,ALSI-202408002-FI1,2024-08-07,2027-08-06,no,https://cold.bet/contact,,not contacted,,
Coinflippers,coinflippers.io,https://coinflippers.io,Coinflippers Limited,ALSI-202408003-FI1,2024-08-07,2025-08-06,no,https://coinflippers.io/contact,,not contacted,,
Sakuraslots,sakuraslots.com,https://sakuraslots.com,Entevo Ltd,ALSI-202408012-FI1,2024-08-07,2026-08-06,no,https://sakuraslots.com/contact,,not contacted,,
Lulu,lulu.bet,https://lulu.bet,GARNIK IT savjetovanje d.o.o. Sarajevo,ALSI-202408010-FI1,2024-08-07,2026-08-06,no,https://lulu.bet/contact,,not contacted,,
Crash,crash.win,https://crash.win,GARNIK IT savjetovanje d.o.o. Sarajevo,ALSI-202408010-FI1,2024-08-07,2026-08-06,no,https://crash.win/contact,,not contacted,,
777crypto,777crypto.bet,https://777crypto.bet,Hypernova Ltd,ALSI-202408015-FI1,2024-08-07,2026-08-06,no,https://777crypto.bet/contact,,not contacted,,
Wild7,wild7.bet,https://wild7.bet,Hypernova Ltd,ALSI-202408015-FI1,2024-08-07,2026-08-06,no,https://wild7.bet/contact,,not contacted,,
Winnix,winnix.bet,https://winnix.bet,Hypernova Ltd,ALSI-202408015-FI1,2024-08-07,2026-08-06,no,https://winnix.bet/contact,,not contacted,,
Dedeslot,dedeslot.com,https://dedeslot.com,Just Gaming Solutions Limitada,ALSI-202408020-FI1,2024-08-07,2026-08-06,no,https://dedeslot.com/contact,,not contacted,,
Winnz,winnz.com,https://winnz.com,Just Gaming Solutions Limitada,ALSI-202408020-FI1,2024-08-07,2026-08-06,no,https://winnz.com/contact,,not contacted,,
Salvobet,salvobet.com,https://salvobet.com,Just Gaming Solutions Limitada,ALSI-202408020-FI1,2024-08-07,2026-08-06,no,https://salvobet.com/contact,,not contacted,,
Cash Machine Casino,cash-machine-casino.com,https://cash-machine-casino.com,KeyPartnership B.V.,ALSI-202408005-FI1,2024-08-07,2025-08-06,no,https://cash-machine-casino.com/contact,,not contacted,,
Rustbattle,rustbattle.com,https://rustbattle.com,Nameless Limitada,ALSI-202408018-FI1,2024-08-07,2025-08-06,no,https://rustbattle.com/contact,,not contacted,,
Rustbattle,rustbattle.gg,https://rustbattle.gg,Nameless Limitada,ALSI-202408018-FI1,2024-08-07,2025-08-06,no,https://rustbattle.gg/contact,,not contacted,,
Tvbet,tvbet.com,https://tvbet.com,NSX Enterprise N.V.,ALSI-202408019-FI1,2024-08-07,2025-08-06,no,https://tvbet.com/contact,,not contacted,,
Mrjack,mrjack.bet,https://mrjack.bet,NSX Enterprise N.V.,ALSI-202408019-FI1,2024-08-07,2025-08-06,no,https://mrjack.bet/contact,,not contacted,,
Betpix,betpix.io,https://betpix.io,NSX Enterprise N.V.,ALSI-202408019-FI1,2024-08-07,2025-08-06,no,https://betpix.io/contact,,not contacted,,
Betnacional,betnacional.com,https://betnacional.com,NSX Enterprise N.V.,ALSI-202408019-FI1,2024-08-07,2025-08-06,no,https://betnacional.com/contact,,not contacted,,
Betfla,betfla.com,https://betfla.com,NSX Enterprise N.V.,ALSI-202408019-FI1,2024-08-07,2025-08-06,no,https://betfla.com/contact,,not contacted,,
Pagbet,pagbet.com,https://pagbet.com,NSX Enterprise N.V.,ALSI-202408019-FI1,2024-08-07,2025-08-06,no,https://pagbet.com/contact,,not contacted,,
Rollify,rollify.com,https://rollify.com,Rollify Limitada,ALSI-202408004-FI1,2024-08-07,2027-08-06,no,https://rollify.com/contact,,not contacted,,
Winx,winx.io,https://winx.io,Rollify Limitada,ALSI-202408004-FI1,2024-08-07,2027-08-06,no,https://winx.io/contact,,not contacted,,
Elon,elon.casino,https://elon.casino,Sknet Tech Ltd,ALSI-192407069-FI3,2024-08-03,2026-08-02,no,https://elon.casino/contact,,not contacted,,
M1,m1.casino,https://m1.casino,Sknet Tech Ltd,ALSI-192407069-FI3,2024-08-03,2026-08-02,no,https://m1.casino/contact,,not contacted,,
Opera,opera.casino,https://opera.casino,Sknet Tech Ltd,ALSI-192407069-FI3,2024-08-03,2026-08-02,no,https://opera.casino/contact,,not contacted,,
Bettel,bettel.com,https://bettel.com,Aleatory Tech ltd,ALSI-192407058-FI3,2024-07-29,2025-07-28,no,https://bettel.com/contact,,not contacted,,
Winwin Bet,winwin-bet.com,https://winwin-bet.com,BRAVECO LLC,ALSI-192407047-FI3,2024-07-29,2027-07-28,no,https://winwin-bet.com/contact,,not contacted,,
Goldpari,goldpari.com,https://goldpari.com,BRAVECO LLC,ALSI-192407047-FI3,2024-07-29,2027-07-28,no,https://goldpari.com/contact,,not contacted,,
Zealbet,zealbet.co,https://zealbet.co,EchoWisp Gaming Limited,ALSI-192407049-FI3,2024-07-29,2025-07-28,no,https://zealbet.co/contact,,not contacted,,
Casinomax,casinomax.com,https://casinomax.com,Entertainment Software Group Ltd,ALSI-192407055-FI3,2024-07-29,2026-07-29,no,https://casinomax.com/contact,,not contacted,,
Spinfinity,spinfinity.casino,https://spinfinity.casino,Entertainment Software Group Ltd,ALSI-192407055-FI3,2024-07-29,2026-07-29,no,https://spinfinity.casino/contact,,not contacted,,
Slotsroom,slotsroom.com,https://slotsroom.com,Entertainment Software Group Ltd,ALSI-192407055-FI3,2024-07-29,2026-07-29,no,https://slotsroom.com/contact,,not contacted,,
Slotsninja,slotsninja.com,https://slotsninja.com,Entertainment Software Group Ltd,ALSI-192407055-FI3,2024-07-29,2026-07-29,no,https://slotsninja.com/contact,,not contacted,,
Cherryjackpot,cherryjackpot.com,https://cherryjackpot.com,Entertainment Software Group Ltd,ALSI-192407055-FI3,2024-07-29,2026-07-29,no,https://cherryjackpot.com/contact,,not contacted,,
Roaring21,roaring21.com,https://roaring21.com,Entertainment Software Group Ltd,ALSI-192407055-FI3,2024-07-29,2026-07-29,no,https://roaring21.com/contact,,not contacted,,
Fairbetsglobal,fairbetsglobal.com,https://fairbetsglobal.com,Furysbet Ltd,ALSI-192407064-FI3,2024-07-29,2026-07-28,no,https://fairbetsglobal.com/contact,,not contacted,,
Fam,fam.casino,https://fam.casino,GoldGlimpse Limitada,ALSI-192407052-FI3,2024-07-29,2026-07-28,no,https://fam.casino/contact,,not contacted,,
Khelkaro,khelkaro.com,https://khelkaro.com,GoldGlimpse Limitada,ALSI-192407052-FI3,2024-07-29,2026-07-28,no,https://khelkaro.com/contact,,not contacted,,
Khelakoro,khelakoro.com,https://khelakoro.com,GoldGlimpse Limitada,ALSI-192407052-FI3,2024-07-29,2026-07-28,no,https://khelakoro.com/contact,,not contacted,,
Pulsepari,pulsepari.com,https://pulsepari.com,GRINDMANDER LLC,ALSI-192407045-FI3,2024-07-29,2027-07-28,no,https://pulsepari.com/contact,,not contacted,,
Luckywells,luckywells.net,https://luckywells.net,Guard Stone Capital Ltd.,ALSI-192407068-FI3,2024-07-29,2026-07-28,no,https://luckywells.net/contact,,not contacted,,
Luckywells,luckywells.vip,https://luckywells.vip,Guard Stone Capital Ltd.,ALSI-192407068-FI3,2024-07-29,2026-07-28,no,https://luckywells.vip/contact,,not contacted,,
Lucky Wells,lucky-wells.com,https://lucky-wells.com,Guard Stone Capital Ltd.,ALSI-192407068-FI3,2024-07-29,2026-07-28,no,https://lucky-wells.com/contact,,not contacted,,
Jetton,jetton.games,https://jetton.games,JetTon Gaming Ltd,ALSI-192407050-FI3,2024-07-29,2027-07-28,no,https://jetton.games/contact,,not contacted,,
Jetton,jetton.uno,https://jetton.uno,JetTon Gaming Ltd,ALSI-192407050-FI3,2024-07-29,2027-07-28,no,https://jetton.uno/contact,,not contacted,,
Apostapix365,apostapix365.com,https://apostapix365.com,Lux Ganing SRL,ALSI-192407053-FI3,2024-07-29,2026-07-28,no,https://apostapix365.com/contact,,not contacted,,
24vivo,24vivo.bet,https://24vivo.bet,Lux Ganing SRL,ALSI-192407053-FI3,2024-07-29,2026-07-28,no,https://24vivo.bet/contact,,not contacted,,
Yoapuesto,yoapuesto.bet,https://yoapuesto.bet,Lux Ganing SRL,ALSI-192407053-FI3,2024-07-29,2026-07-28,no,https://yoapuesto.bet/contact,,not contacted,,
24live,24live.bet,https://24live.bet,Lux Ganing SRL,ALSI-192407053-FI3,2024-07-29,2026-07-28,no,https://24live.bet/contact,,not contacted,,
Db Bet,db-bet.online,https://db-bet.online,MAKINATO LLC,ALSI-192407046-FI3,2024-07-29,2027-07-28,no,https://db-bet.online/contact,,not contacted,,
Wekawin,wekawin.com,https://wekawin.com,MAKINATO LLC,ALSI-192407046-FI3,2024-07-29,2027-07-28,no,https://wekawin.com/contact,,not contacted,,
Mk,mk.com,https://mk.com,Neo Incorporated Ltd,ALSI-192407056-FI3,2024-07-29,2027-07-28,no,https://mk.com/contact,,not contacted,,
Ozbet,ozbet.net,https://ozbet.net,Onimim Ltd,ALSI-192407051-FI3,2024-07-29,2026-07-28,no,https://ozbet.net/contact,,not contacted,,
Cleanwins,cleanwins.com,https://cleanwins.com,Onimim Ltd,ALSI-192407051-FI3,2024-07-29,2026-07-28,no,https://cleanwins.com/contact,,not contacted,,
Slotroyals,slotroyals.com,https://slotroyals.com,Onimim Ltd,ALSI-192407051-FI3,2024-07-29,2026-07-28,no,https://slotroyals.com/contact,,not contacted,,
Markaj,markaj.com,https://markaj.com,Red & Blue Ltd,ALSI-192407062-FI3,2024-07-29,2026-07-28,no,https://markaj.com/contact,,not contacted,,
Smartbahis,smartbahis.com,https://smartbahis.com,Red & Blue Ltd,ALSI-192407062-FI3,2024-07-29,2026-07-28,no,https://smartbahis.com/contact,,not contacted,,
Goosebets,goosebets.com,https://goosebets.com,Softline365 B.V.,ALSI-192407065-FI3,2024-07-29,2025-07-28,no,https://goosebets.com/contact,,not contacted,,
Catwin,catwin.games,https://catwin.games,STALWART LLC,ALSI-192407048-FI3,2024-07-29,2027-07-28,no,https://catwin.games/contact,,not contacted,,
Bonanzino,bonanzino.com,https://bonanzino.com,Crackerjack Entertainment NV,ALSI-202408009-FI1,2024-07-25,2025-07-24,no,https://bonanzino.com/contact,,not contacted,,
Slots777,slots777.casino,https://slots777.casino,Crackerjack Entertainment NV,ALSI-202408009-FI1,2024-07-25,2025-07-24,no,https://slots777.casino/contact,,not contacted,,
Acelerabet,acelerabet.com,https://acelerabet.com,BV Online Develop B.V.,ALSI-192407031-FI2,2024-07-23,2025-07-22,no,https://acelerabet.com/contact,,not contacted,,
Bateuvaleu,bateuvaleu.com,https://bateuvaleu.com,BV Online Develop B.V.,ALSI-192407031-FI2,2024-07-23,2025-07-22,no,https://bateuvaleu.com/contact,,not contacted,,
Bingoaovivo,bingoaovivo.net,https://bingoaovivo.net,BV Online Develop B.V.,ALSI-192407031-FI2,2024-07-23,2025-07-22,no,https://bingoaovivo.net/contact,,not contacted,,
Lfgc,lfgc.io,https://lfgc.io,LFGC Limited,ALSI-192407029-FI2,2024-07-23,2026-07-22,no,https://lfgc.io/contact,,not contacted,,
Orbitspins,orbitspins.com,https://orbitspins.com,Tech Zone Inc,ALSI-192407024-FI2,2024-07-23,2026-07-22,no,https://orbitspins.com/contact,,not contacted,,
Bonusblitz,bonusblitz.com,https://bonusblitz.com,Tech Zone Inc,ALSI-192407024-FI2,2024-07-23,2026-07-22,no,https://bonusblitz.com/contact,,not contacted,,
Pacificspins,pacificspins.com,https://pacificspins.com,Tech Zone Inc,ALSI-192407024-FI2,2024-07-23,2026-07-22,no,https://pacificspins.com/contact,,not contacted,,
Bettywins,bettywins.com,https://bettywins.com,Tech Zone Inc,ALSI-192407024-FI2,2024-07-23,2026-07-22,no,https://bettywins.com/contact,,not contacted,,
Limitlesscasino,limitlesscasino.com,https://limitlesscasino.com,Tech Zone Inc,ALSI-192407024-FI2,2024-07-23,2026-07-22,no,https://limitlesscasino.com/contact,,not contacted,,
Yabbycasino,yabbycasino.com,https://yabbycasino.com,Tech Zone Inc,ALSI-192407024-FI2,2024-07-23,2026-07-22,no,https://yabbycasino.com/contact,,not contacted,,
Casinoadrenaline,casinoadrenaline.com,https://casinoadrenaline.com,Tech Zone Inc,ALSI-192407024-FI2,2024-07-23,2026-07-22,no,https://casinoadrenaline.com/contact,,not contacted,,
Pingolbet,pingolbet.com,https://pingolbet.com,Titans Games N.V.,ALSI-192407038-FI2,2024-07-22,2025-07-21,no,https://pingolbet.com/contact,,not contacted,,
Pagamaissports,pagamaissports.com,https://pagamaissports.com,Titans Games N.V.,ALSI-192407038-FI2,2024-07-22,2025-07-21,no,https://pagamaissports.com/contact,,not contacted,,
Aki,aki.bet,https://aki.bet,Titans Games N.V.,ALSI-192407038-FI2,2024-07-22,2025-07-21,no,https://aki.bet/contact,,not contacted,,
Sullbet,sullbet.com,https://sullbet.com,Titans Games N.V.,ALSI-192407038-FI2,2024-07-22,2025-07-21,no,https://sullbet.com/contact,,not contacted,,
Tome,tome.bet,https://tome.bet,Titans Games N.V.,ALSI-192407038-FI2,2024-07-22,2025-07-21,no,https://tome.bet/contact,,not contacted,,
Amabet,amabet.bet,https://amabet.bet,Titans Games N.V.,ALSI-192407038-FI2,2024-07-22,2025-07-21,no,https://amabet.bet/contact,,not contacted,,
A3bet,a3bet.net,https://a3bet.net,Titans Games N.V.,ALSI-192407038-FI2,2024-07-22,2025-07-21,no,https://a3bet.net/contact,,not contacted,,
Jogodeouro,jogodeouro.bet,https://jogodeouro.bet,Titans Games N.V.,ALSI-192407038-FI2,2024-07-22,2025-07-21,no,https://jogodeouro.bet/contact,,not contacted,,
Esporte365,esporte365.com,https://esporte365.com,Titans Games N.V.,ALSI-192407038-FI2,2024-07-22,2025-07-21,no,https://esporte365.com/contact,,not contacted,,
Starsbet365,starsbet365.com,https://starsbet365.com,Blitz Gaming Solutions Ltd.,ALSI-192407022-FI2,2024-07-18,2026-07-17,no,https://starsbet365.com/contact,,not contacted,,
Teslabet365,teslabet365.com,https://teslabet365.com,Blitz Gaming Solutions Ltd.,ALSI-192407022-FI2,2024-07-18,2026-07-17,no,https://teslabet365.com/contact,,not contacted,,
Goalbet24,goalbet24.com,https://goalbet24.com,Blitz Gaming Solutions Ltd.,ALSI-192407022-FI2,2024-07-18,2026-07-17,no,https://goalbet24.com/contact,,not contacted,,
Makigame,makigame.com,https://makigame.com,Forth Fortuity Ltd,ALSI-192407035-FI2,2024-07-18,2025-07-17,no,https://makigame.com/contact,,not contacted,,
Natural8,natural8.com,https://natural8.com,Hume Tree Investments Limited,ALSI-192407036-FI2,2024-07-18,2026-07-17,no,https://natural8.com/contact,,not contacted,,
Beygirbet,beygirbet.com,https://beygirbet.com,Infinity Time Solutions Ltd,ALSI-192407044-FI2,2024-07-18,2027-07-17,no,https://beygirbet.com/contact,,not contacted,,
Euromaxbet,euromaxbet.com,https://euromaxbet.com,Infinity Time Solutions Ltd,ALSI-192407044-FI2,2024-07-18,2027-07-17,no,https://euromaxbet.com/contact,,not contacted,,
Rinabet,rinabet.com,https://rinabet.com,Infinity Time Solutions Ltd,ALSI-192407044-FI2,2024-07-18,2027-07-17,no,https://rinabet.com/contact,,not contacted,,
Elitwin,elitwin.com,https://elitwin.com,Infinity Time Solutions Ltd,ALSI-192407044-FI2,2024-07-18,2027-07-17,no,https://elitwin.com/contact,,not contacted,,
Gambizo,gambizo.com,https://gambizo.com,Infinity Time Solutions Ltd,ALSI-192407044-FI2,2024-07-18,2027-07-17,no,https://gambizo.com/contact,,not contacted,,
24games,24games.cl,https://24games.cl,Infinity Time Solutions Ltd,ALSI-192407044-FI2,2024-07-18,2027-07-17,no,https://24games.cl/contact,,not contacted,,
Guncelbenjabet,guncelbenjabet.com,https://guncelbenjabet.com,Infinity Time Solutions Ltd,ALSI-192407044-FI2,2024-07-18,2027-07-17,no,https://guncelbenjabet.com/contact,,not contacted,,
Puntobahis,puntobahis.com,https://puntobahis.com,Infinity Time Solutions Ltd,ALSI-192407044-FI2,2024-07-18,2027-07-17,no,https://puntobahis.com/contact,,not contacted,,
Polobet,polobet.com,https://polobet.com,Infinity Time Solutions Ltd,ALSI-192407044-FI2,2024-07-18,2027-07-17,no,https://polobet.com/contact,,not contacted,,
Mislici,mislici.com,https://mislici.com,Infinity Time Solutions Ltd,ALSI-192407044-FI2,2024-07-18,2027-07-17,no,https://mislici.com/contact,,not contacted,,
Sezonbahis,sezonbahis.com,https://sezonbahis.com,Infinity Time Solutions Ltd,ALSI-192407044-FI2,2024-07-18,2027-07-17,no,https://sezonbahis.com/contact,,not contacted,,
Mspor,mspor.com,https://mspor.com,Infinity Time Solutions Ltd,ALSI-192407044-FI2,2024-07-18,2027-07-17,no,https://mspor.com/contact,,not contacted,,
Apostalibre,apostalibre.com,https://apostalibre.com,Infinity Time Solutions Ltd,ALSI-192407044-FI2,2024-07-18,2027-07-17,no,https://apostalibre.com/contact,,not contacted,,
Voinbet,voinbet.com,https://voinbet.com,Infinity Time Solutions Ltd,ALSI-192407044-FI2,2024-07-18,2027-07-17,no,https://voinbet.com/contact,,not contacted,,
Hepbet,hepbet.com,https://hepbet.com,Infinity Time Solutions Ltd,ALSI-192407044-FI2,2024-07-18,2027-07-17,no,https://hepbet.com/contact,,not contacted,,
Wise Bet,wise-bet.io,https://wise-bet.io,Infinity Time Solutions Ltd,ALSI-192407044-FI2,2024-07-18,2027-07-17,no,https://wise-bet.io/contact,,not contacted,,
Lacosbet,lacosbet.com,https://lacosbet.com,Infinity Time Solutions Ltd,ALSI-192407044-FI2,2024-07-18,2027-07-17,no,https://lacosbet.com/contact,,not contacted,,
Amk,amk.bet,https://amk.bet,Infinity Time Solutions Ltd,ALSI-192407044-FI2,2024-07-18,2027-07-17,no,https://amk.bet/contact,,not contacted,,
Palermocasino,palermocasino.com,https://palermocasino.com,Infinity Time Solutions Ltd,ALSI-192407044-FI2,2024-07-18,2027-07-17,no,https://palermocasino.com/contact,,not contacted,,
Gumbetcasino,gumbetcasino.com,https://gumbetcasino.com,Infinity Time Solutions Ltd,ALSI-192407044-FI2,2024-07-18,2027-07-17,no,https://gumbetcasino.com/contact,,not contacted,,
Noranbet,noranbet.com,https://noranbet.com,Infinity Time Solutions Ltd,ALSI-192407044-FI2,2024-07-18,2027-07-17,no,https://noranbet.com/contact,,not contacted,,
Betsilin,betsilin.com,https://betsilin.com,Infinity Time Solutions Ltd,ALSI-192407044-FI2,2024-07-18,2027-07-17,no,https://betsilin.com/contact,,not contacted,,
Betyap,betyap.com,https://betyap.com,Infinity Time Solutions Ltd,ALSI-192407044-FI2,2024-07-18,2027-07-17,no,https://betyap.com/contact,,not contacted,,
Gp7,gp7.com,https://gp7.com,Infinity Time Solutions Ltd,ALSI-192407044-FI2,2024-07-18,2027-07-17,no,https://gp7.com/contact,,not contacted,,
Lizabet,lizabet.com,https://lizabet.com,Infinity Time Solutions Ltd,ALSI-192407044-FI2,2024-07-18,2027-07-17,no,https://lizabet.com/contact,,not contacted,,
Medusabahis,medusabahis.com,https://medusabahis.com,Infinity Time Solutions Ltd,ALSI-192407044-FI2,2024-07-18,2027-07-17,no,https://medusabahis.com/contact,,not contacted,,
Mrcasino10,mrcasino10.com,https://mrcasino10.com,Infinity Time Solutions Ltd,ALSI-192407044-FI2,2024-07-18,2027-07-17,no,https://mrcasino10.com/contact,,not contacted,,
Nimacasino,nimacasino.com,https://nimacasino.com,Infinity Time Solutions Ltd,ALSI-192407044-FI2,2024-07-18,2027-07-17,no,https://nimacasino.com/contact,,not contacted,,
Gammabet,gammabet.win,https://gammabet.win,Infinity Time Solutions Ltd,ALSI-192407044-FI2,2024-07-18,2027-07-17,no,https://gammabet.win/contact,,not contacted,,
Munch,munch.bet,https://munch.bet,Infinity Time Solutions Ltd,ALSI-192407044-FI2,2024-07-18,2027-07-17,no,https://munch.bet/contact,,not contacted,,
Jumbobet100,jumbobet100.com,https://jumbobet100.com,Infinity Time Solutions Ltd,ALSI-192407044-FI2,2024-07-18,2027-07-17,no,https://jumbobet100.com/contact,,not contacted,,
Tophillbet,tophillbet.com,https://tophillbet.com,Infinity Time Solutions Ltd,ALSI-192407044-FI2,2024-07-18,2027-07-17,no,https://tophillbet.com/contact,,not contacted,,
Meritbet,meritbet.co,https://meritbet.co,Infinity Time Solutions Ltd,ALSI-192407044-FI2,2024-07-18,2027-07-17,no,https://meritbet.co/contact,,not contacted,,
Zenyabet,zenyabet.com,https://zenyabet.com,Infinity Time Solutions Ltd,ALSI-192407044-FI2,2024-07-18,2027-07-17,no,https://zenyabet.com/contact,,not contacted,,
Mangodorado,mangodorado.com,https://mangodorado.com,Infinity Time Solutions Ltd,ALSI-192407044-FI2,2024-07-18,2027-07-17,no,https://mangodorado.com/contact,,not contacted,,
Vegasta,vegasta.com,https://vegasta.com,Infinity Time Solutions Ltd,ALSI-192407044-FI2,2024-07-18,2027-07-17,no,https://vegasta.com/contact,,not contacted,,
Betgray,betgray.com,https://betgray.com,Infinity Time Solutions Ltd,ALSI-192407044-FI2,2024-07-18,2027-07-17,no,https://betgray.com/contact,,not contacted,,
Kat,kat.la,https://kat.la,Infinity Time Solutions Ltd,ALSI-192407044-FI2,2024-07-18,2027-07-17,no,https://kat.la/contact,,not contacted,,
Casi10,casi10.com,https://casi10.com,Infinity Time Solutions Ltd,ALSI-192407044-FI2,2024-07-18,2027-07-17,no,https://casi10.com/contact,,not contacted,,
Betparagon,betparagon.net,https://betparagon.net,Infinity Time Solutions Ltd,ALSI-192407044-FI2,2024-07-18,2027-07-17,no,https://betparagon.net/contact,,not contacted,,
Atm777,atm777.com,https://atm777.com,Infinity Time Solutions Ltd,ALSI-192407044-FI2,2024-07-18,2027-07-17,no,https://atm777.com/contact,,not contacted,,
Btc365,btc365.com,https://btc365.com,Kamchiya Technology Limited,ALSI-192407042-FI2,2024-07-18,2026-07-17,no,https://btc365.com/contact,,not contacted,,
Sloterra,sloterra.com,https://sloterra.com,Mudanimation N.V.,ALSI-192407039-FI2,2024-07-18,2025-07-17,no,https://sloterra.com/contact,,not contacted,,
Chips,chips.gg,https://chips.gg,Notyarg Ltd,ALSI-192407025-FI2,2024-07-18,2026-07-17,no,https://chips.gg/contact,,not contacted,,
668dg,668dg.net,https://668dg.net,Nugget Projects Inc,ALSI-192407043-FI2,2024-07-18,2026-07-17,no,https://668dg.net/contact,,not contacted,,
668dg,668dg.com,https://668dg.com,Nugget Projects Inc,ALSI-192407043-FI2,2024-07-18,2026-07-17,no,https://668dg.com/contact,,not contacted,,
668dg,668dg.casino,https://668dg.casino,Nugget Projects Inc,ALSI-192407043-FI2,2024-07-18,2026-07-17,no,https://668dg.casino/contact,,not contacted,,
668dg,668dg.org,https://668dg.org,Nugget Projects Inc,ALSI-192407043-FI2,2024-07-18,2026-07-17,no,https://668dg.org/contact,,not contacted,,
Empire7777,empire7777.com,https://empire7777.com,Nugget Projects Inc,ALSI-192407043-FI2,2024-07-18,2026-07-17,no,https://empire7777.com/contact,,not contacted,,
Empire777,empire777.com,https://empire777.com,Nugget Projects Inc,ALSI-192407043-FI2,2024-07-18,2026-07-17,no,https://empire777.com/contact,,not contacted,,
Empire777vn,empire777vn.com,https://empire777vn.com,Nugget Projects Inc,ALSI-192407043-FI2,2024-07-18,2026-07-17,no,https://empire777vn.com/contact,,not contacted,,
Empire,empire.casino,https://empire.casino,Nugget Projects Inc,ALSI-192407043-FI2,2024-07-18,2026-07-17,no,https://empire.casino/contact,,not contacted,,
Move2bet,move2bet.com,https://move2bet.com,Sensor Pioneering Limitada,ALSI-192407023-FI2,2024-07-18,2026-07-17,no,https://move2bet.com/contact,,not contacted,,
Iamhabpy99,iamhabpy99.com,https://iamhabpy99.com,Solaris Innove Limitada,ALSI-192407026-FI2,2024-07-18,2026-07-17,no,https://iamhabpy99.com/contact,,not contacted,,
Hlvip789,hlvip789.com,https://hlvip789.com,Solaris Innove Limitada,ALSI-192407026-FI2,2024-07-18,2026-07-17,no,https://hlvip789.com/contact,,not contacted,,
Bet88jp,bet88jp.com,https://bet88jp.com,Solaris Innove Limitada,ALSI-192407026-FI2,2024-07-18,2026-07-17,no,https://bet88jp.com/contact,,not contacted,,
Kaoth9,kaoth9.com,https://kaoth9.com,Solaris Innove Limitada,ALSI-192407026-FI2,2024-07-18,2026-07-17,no,https://kaoth9.com/contact,,not contacted,,
L88kgoodhl,l88kgoodhl.com,https://l88kgoodhl.com,Solaris Innove Limitada,ALSI-192407026-FI2,2024-07-18,2026-07-17,no,https://l88kgoodhl.com/contact,,not contacted,,
Makth989,makth989.com,https://makth989.com,Solaris Innove Limitada,ALSI-192407026-FI2,2024-07-18,2026-07-17,no,https://makth989.com/contact,,not contacted,,
Luckyluck99,luckyluck99.com,https://luckyluck99.com,Solaris Innove Limitada,ALSI-192407026-FI2,2024-07-18,2026-07-17,no,https://luckyluck99.com/contact,,not contacted,,
Livevn88,livevn88.com,https://livevn88.com,Solaris Innove Limitada,ALSI-192407026-FI2,2024-07-18,2026-07-17,no,https://livevn88.com/contact,,not contacted,,
Lchfun,lchfun.com,https://lchfun.com,Solaris Innove Limitada,ALSI-192407026-FI2,2024-07-18,2026-07-17,no,https://lchfun.com/contact,,not contacted,,
Hllucky99,hllucky99.com,https://hllucky99.com,Solaris Innove Limitada,ALSI-192407026-FI2,2024-07-18,2026-07-17,no,https://hllucky99.com/contact,,not contacted,,
Lch Jp777,lch-jp777.com,https://lch-jp777.com,Solaris Innove Limitada,ALSI-192407026-FI2,2024-07-18,2026-07-17,no,https://lch-jp777.com/contact,,not contacted,,
Lchvui77,lchvui77.com,https://lchvui77.com,Solaris Innove Limitada,ALSI-192407026-FI2,2024-07-18,2026-07-17,no,https://lchvui77.com/contact,,not contacted,,
Hlclub88,hlclub88.com,https://hlclub88.com,Solaris Innove Limitada,ALSI-192407026-FI2,2024-07-18,2026-07-17,no,https://hlclub88.com/contact,,not contacted,,
Hv199,hv199.com,https://hv199.com,Solaris Innove Limitada,ALSI-192407026-FI2,2024-07-18,2026-07-17,no,https://hv199.com/contact,,not contacted,,
Cherryspins,cherryspins.com,https://cherryspins.com,Spinsoft Interactive N.V.,ALSI-192407033-FI2,2024-07-18,2027-07-17,no,https://cherryspins.com/contact,,not contacted,,
Orozino,orozino.com,https://orozino.com,Spinsoft Interactive N.V.,ALSI-192407033-FI2,2024-07-18,2027-07-17,no,https://orozino.com/contact,,not contacted,,
Jamslots,jamslots.com,https://jamslots.com,Spinsoft Interactive N.V.,ALSI-192407033-FI2,2024-07-18,2027-07-17,no,https://jamslots.com/contact,,not contacted,,
Sportbetsonline,sportbetsonline.bet,https://sportbetsonline.bet,Sports Betting Limited,ALSI-192407040-FI2,2024-07-18,2026-07-17,no,https://sportbetsonline.bet/contact,,not contacted,,
Bangobet,bangobet.com,https://bangobet.com,Fortune Peak Limited,ALSI-182407020-FI1,2024-07-08,2027-07-07,no,https://bangobet.com/contact,,not contacted,,
Chinchincasino,chinchincasino.com,https://chinchincasino.com,Fortune Peak Limited,ALSI-182407020-FI1,2024-07-08,2027-07-07,no,https://chinchincasino.com/contact,,not contacted,,
Sheratonscasino,sheratonscasino.com,https://sheratonscasino.com,Fortune Peak Limited,ALSI-182407020-FI1,2024-07-08,2027-07-07,no,https://sheratonscasino.com/contact,,not contacted,,
Baklavacasino,baklavacasino.com,https://baklavacasino.com,Fortune Peak Limited,ALSI-182407020-FI1,2024-07-08,2027-07-07,no,https://baklavacasino.com/contact,,not contacted,,
Casiblu,casiblu.com,https://casiblu.com,L.O.R SOFTWARE AND MARKETING LTD,ALSI-182407021-FI1,2024-07-08,2025-07-07,no,https://casiblu.com/contact,,not contacted,,
Casivera,casivera.com,https://casivera.com,L.O.R SOFTWARE AND MARKETING LTD,ALSI-182407021-FI1,2024-07-08,2025-07-07,no,https://casivera.com/contact,,not contacted,,
Rikso,rikso.com,https://rikso.com,RSO Limited,ALSI-182407017-FI1,2024-07-08,2027-07-07,no,https://rikso.com/contact,,not contacted,,
Casinoforbet,casinoforbet.com,https://casinoforbet.com,RSO Limited,ALSI-182407017-FI1,2024-07-08,2027-07-07,no,https://casinoforbet.com/contact,,not contacted,,
Slotra,slotra.com,https://slotra.com,RSO Limited,ALSI-182407017-FI1,2024-07-08,2027-07-07,no,https://slotra.com/contact,,not contacted,,
Skorsky,skorsky.com,https://skorsky.com,RSO Limited,ALSI-182407017-FI1,2024-07-08,2027-07-07,no,https://skorsky.com/contact,,not contacted,,
Mexiwin,mexiwin.com,https://mexiwin.com,RSO Limited,ALSI-182407017-FI1,2024-07-08,2027-07-07,no,https://mexiwin.com/contact,,not contacted,,
F1casino,f1casino.com,https://f1casino.com,RSO Limited,ALSI-182407017-FI1,2024-07-08,2027-07-07,no,https://f1casino.com/contact,,not contacted,,
Spinra,spinra.com,https://spinra.com,RSO Limited,ALSI-182407017-FI1,2024-07-08,2027-07-07,no,https://spinra.com/contact,,not contacted,,
Sportybet,sportybet.com,https://sportybet.com,Sporty Internet Limited,ALSI-182407016-FI1,2024-07-08,2026-07-07,no,https://sportybet.com/contact,,not contacted,,
Z50,z50.ca,https://z50.ca,Zadei International Ltd,ALSI-182407018-FI1,2024-07-08,2026-07-07,no,https://z50.ca/contact,,not contacted,,
Z50,z50.mx,https://z50.mx,Zadei International Ltd,ALSI-182407018-FI1,2024-07-08,2026-07-07,no,https://z50.mx/contact,,not contacted,,
Prettypenny,prettypenny.com,https://prettypenny.com,3-102-942972 SRL,ALSI-182407010-FI1,2024-07-05,2026-07-04,no,https://prettypenny.com/contact,,not contacted,,
247bgo,247bgo.com,https://247bgo.com,3-102-942972 SRL,ALSI-182407010-FI1,2024-07-05,2026-07-04,no,https://247bgo.com/contact,,not contacted,,
Bahibi,bahibi.com,https://bahibi.com,3-102-942972 SRL,ALSI-182407010-FI1,2024-07-05,2026-07-04,no,https://bahibi.com/contact,,not contacted,,
Bgogold,bgogold.com,https://bgogold.com,3-102-942972 SRL,ALSI-182407010-FI1,2024-07-05,2026-07-04,no,https://bgogold.com/contact,,not contacted,,
Bhg120,bhg120.com,https://bhg120.com,3-102-942972 SRL,ALSI-182407010-FI1,2024-07-05,2026-07-04,no,https://bhg120.com/contact,,not contacted,,
Bhggold,bhggold.com,https://bhggold.com,3-102-942972 SRL,ALSI-182407010-FI1,2024-07-05,2026-07-04,no,https://bhggold.com/contact,,not contacted,,
Kakeyo,kakeyo.com,https://kakeyo.com,3-102-942972 SRL,ALSI-182407010-FI1,2024-07-05,2026-07-04,no,https://kakeyo.com/contact,,not contacted,,
Wettigo,wettigo.com,https://wettigo.com,3-102-942972 SRL,ALSI-182407010-FI1,2024-07-05,2026-07-04,no,https://wettigo.com/contact,,not contacted,,
Wettigopay,wettigopay.com,https://wettigopay.com,3-102-942972 SRL,ALSI-182407010-FI1,2024-07-05,2026-07-04,no,https://wettigopay.com/contact,,not contacted,,
Wgo247,wgo247.com,https://wgo247.com,3-102-942972 SRL,ALSI-182407010-FI1,2024-07-05,2026-07-04,no,https://wgo247.com/contact,,not contacted,,
Bahigo,bahigo.com,https://bahigo.com,3-102-942972 SRL,ALSI-182407010-FI1,2024-07-05,2026-07-04,no,https://bahigo.com/contact,,not contacted,,
Wintp,wintp.com,https://wintp.com,Ace Entertainment Ltd.,ALSI-182407005-FI1,2024-07-05,2026-07-04,no,https://wintp.com/contact,,not contacted,,
999k,999k.win,https://999k.win,Ace Entertainment Ltd.,ALSI-182407005-FI1,2024-07-05,2026-07-04,no,https://999k.win/contact,,not contacted,,
Noblejili,noblejili.com,https://noblejili.com,Ace Entertainment Ltd.,ALSI-182407005-FI1,2024-07-05,2026-07-04,no,https://noblejili.com/contact,,not contacted,,
Joyjili,joyjili.com,https://joyjili.com,Ace Entertainment Ltd.,ALSI-182407005-FI1,2024-07-05,2026-07-04,no,https://joyjili.com/contact,,not contacted,,
Chill4reel,chill4reel.com,https://chill4reel.com,Alternate Technology Limitada,ALSI-182407011-FI1,2024-07-05,2027-07-04,no,https://chill4reel.com/contact,,not contacted,,
Nana Casino,nana-casino.com,https://nana-casino.com,Alternate Technology Limitada,ALSI-182407011-FI1,2024-07-05,2027-07-04,no,https://nana-casino.com/contact,,not contacted,,
Bag,bag.win,https://bag.win,BAG Limited,ALSI-152406054-FI4,2024-07-05,2026-07-04,no,https://bag.win/contact,,not contacted,,
Decentral,decentral.games,https://decentral.games,BAG Limited,ALSI-152406054-FI4,2024-07-05,2026-07-04,no,https://decentral.games/contact,,not contacted,,
Gambloria,gambloria.com,https://gambloria.com,Eventa Digital Limitada,ALSI-182407008-FI1,2024-07-05,2026-07-04,no,https://gambloria.com/contact,,not contacted,,
Spinmama,spinmama.com,https://spinmama.com,Eventa Digital Limitada,ALSI-182407008-FI1,2024-07-05,2026-07-04,no,https://spinmama.com/contact,,not contacted,,
Maronbet,maronbet.com,https://maronbet.com,Eventa Digital Limitada,ALSI-182407008-FI1,2024-07-05,2026-07-04,no,https://maronbet.com/contact,,not contacted,,
Casinacho,casinacho.com,https://casinacho.com,Eventa Digital Limitada,ALSI-182407008-FI1,2024-07-05,2026-07-04,no,https://casinacho.com/contact,,not contacted,,
Goldzino,goldzino.com,https://goldzino.com,Eventa Digital Limitada,ALSI-182407008-FI1,2024-07-05,2026-07-04,no,https://goldzino.com/contact,,not contacted,,
Browinner,browinner.com,https://browinner.com,Eventa Digital Limitada,ALSI-182407008-FI1,2024-07-05,2026-07-04,no,https://browinner.com/contact,,not contacted,,
Spinwinera,spinwinera.com,https://spinwinera.com,Eventa Digital Limitada,ALSI-182407008-FI1,2024-07-05,2026-07-04,no,https://spinwinera.com/contact,,not contacted,,
Winairlines,winairlines.com,https://winairlines.com,Eventa Digital Limitada,ALSI-182407008-FI1,2024-07-05,2026-07-04,no,https://winairlines.com/contact,,not contacted,,
Happyjokers,happyjokers.com,https://happyjokers.com,Eventa Digital Limitada,ALSI-182407008-FI1,2024-07-05,2026-07-04,no,https://happyjokers.com/contact,,not contacted,,
Bazedbet,bazedbet.com,https://bazedbet.com,FjordFront Solutions Ltd.,ALSI-182407012-FI1,2024-07-05,2026-07-04,no,https://bazedbet.com/contact,,not contacted,,
Lucky Stripe,lucky-stripe.com,https://lucky-stripe.com,Lucky Stripe Ltd.,ALSI-182407002-FI1,2024-07-05,2027-07-04,no,https://lucky-stripe.com/contact,,not contacted,,
Celsiuscasino,celsiuscasino.com,https://celsiuscasino.com,Celsius Holdings N.V.,ALSI-152406052-FI4,2024-07-02,2026-07-01,no,https://celsiuscasino.com/contact,,not contacted,,
Betting,betting.club,https://betting.club,Celsius Holdings N.V.,ALSI-152406052-FI4,2024-07-02,2026-07-01,no,https://betting.club/contact,,not contacted,,
Betcityru,betcityru.com,https://betcityru.com,BetFractal Ltd,ALSI-152406039-FI4,2024-06-30,2026-06-29,no,https://betcityru.com/contact,,not contacted,,
Betcity,betcity.net,https://betcity.net,BetFractal Ltd,ALSI-152406039-FI4,2024-06-30,2026-06-29,no,https://betcity.net/contact,,not contacted,,
Bilbet,bilbet.com,https://bilbet.com,Global Gaming Dynamics Ltd,ALSI-152406035-FI4,2024-06-30,2027-06-29,no,https://bilbet.com/contact,,not contacted,,
Betzo,betzo.net,https://betzo.net,Global Gaming Dynamics Ltd,ALSI-152406035-FI4,2024-06-30,2027-06-29,no,https://betzo.net/contact,,not contacted,,
Tel,tel.casino,https://tel.casino,Global Gaming Dynamics Ltd,ALSI-152406035-FI4,2024-06-30,2027-06-29,no,https://tel.casino/contact,,not contacted,,
Bilbet24,bilbet24.com,https://bilbet24.com,Global Gaming Dynamics Ltd,ALSI-152406035-FI4,2024-06-30,2027-06-29,no,https://bilbet24.com/contact,,not contacted,,
F0rbet,f0rbet.com,https://f0rbet.com,Golden Arvisa Group Corp SRL,ALSI-152406044-FI4,2024-06-30,2026-06-29,no,https://f0rbet.com/contact,,not contacted,,
Forbet,forbet.cl,https://forbet.cl,Golden Arvisa Group Corp SRL,ALSI-152406044-FI4,2024-06-30,2026-06-29,no,https://forbet.cl/contact,,not contacted,,
Avocasino,avocasino.com,https://avocasino.com,Hazy Ltd,ALSI-152406050-FI4,2024-06-30,2027-06-29,no,https://avocasino.com/contact,,not contacted,,
Loonabet,loonabet.com,https://loonabet.com,Hazy Ltd,ALSI-152406050-FI4,2024-06-30,2027-06-29,no,https://loonabet.com/contact,,not contacted,,
Aerobet,aerobet.com,https://aerobet.com,Hazy Ltd,ALSI-152406050-FI4,2024-06-30,2027-06-29,no,https://aerobet.com/contact,,not contacted,,
Golobet,golobet.com,https://golobet.com,Hazy Ltd,ALSI-152406050-FI4,2024-06-30,2027-06-29,no,https://golobet.com/contact,,not contacted,,
Casinobello,casinobello.com,https://casinobello.com,Hazy Ltd,ALSI-152406050-FI4,2024-06-30,2027-06-29,no,https://casinobello.com/contact,,not contacted,,
Casino Bello,casino-bello.com,https://casino-bello.com,Hazy Ltd,ALSI-152406050-FI4,2024-06-30,2027-06-29,no,https://casino-bello.com/contact,,not contacted,,
Wilddicecasino,wilddicecasino.com,https://wilddicecasino.com,Interactive Pro N.V.,ALSI-152406033-FI4,2024-06-30,2026-06-29,no,https://wilddicecasino.com/contact,,not contacted,,
Firstpremium,firstpremium.bet,https://firstpremium.bet,Interactive Pro N.V.,ALSI-152406033-FI4,2024-06-30,2026-06-29,no,https://firstpremium.bet/contact,,not contacted,,
Gamdom,gamdom.com,https://gamdom.com,Moon Revolution Limitada,ALSI-152406043-FI4,2024-06-30,2026-06-29,no,https://gamdom.com/contact,,not contacted,,
8xbet,8xbet.fan,https://8xbet.fan,Wisetech Inc,ALSI-152406038-FI4,2024-06-30,2027-06-29,no,https://8xbet.fan/contact,,not contacted,,
Lotto60,lotto60.com,https://lotto60.com,LEMONIA INTERNATIONAL (PVT) LTD,ALSI-152406042-FI3,2024-06-26,2026-06-25,no,https://lotto60.com/contact,,not contacted,,
Luxoscasino,luxoscasino.com,https://luxoscasino.com,LEMONIA INTERNATIONAL (PVT) LTD,ALSI-152406042-FI3,2024-06-26,2026-06-25,no,https://luxoscasino.com/contact,,not contacted,,
Sporttyp,sporttyp.com,https://sporttyp.com,Delphin Blue Ocean Limited,ALSI-152406031-FI3,2024-06-21,2027-06-20,no,https://sporttyp.com/contact,,not contacted,,
Opabet,opabet.com,https://opabet.com,Iner Crew Limitada,ALSI-152406037-FI3,2024-06-21,2027-06-20,no,https://opabet.com/contact,,not contacted,,
Nbg,nbg.best,https://nbg.best,NBG Ltd.,ALSI-162406030-FI3,2024-06-21,2027-06-20,no,https://nbg.best/contact,,not contacted,,
Nobbaggu100,nobbaggu100.com,https://nobbaggu100.com,NBG Ltd.,ALSI-162406030-FI3,2024-06-21,2027-06-20,no,https://nobbaggu100.com/contact,,not contacted,,
Scrg,scrg.casino,https://scrg.casino,Rich Tales Limitada,ALSI-152406038-FI3,2024-06-21,2027-06-20,no,https://scrg.casino/contact,,not contacted,,
Ludix,ludix.casino,https://ludix.casino,Rich Tales Limitada,ALSI-152406038-FI3,2024-06-21,2027-06-20,no,https://ludix.casino/contact,,not contacted,,
Overdogs,overdogs.bet,https://overdogs.bet,TKO Unlimited Limitada,ALSI-152406041-FI3,2024-06-21,2026-06-20,no,https://overdogs.bet/contact,,not contacted,,
Cosmolotclub,cosmolotclub.com,https://cosmolotclub.com,3-102-940407 SRL,ALSI-152406044-FI3,2024-06-17,2027-06-16,no,https://cosmolotclub.com/contact,,not contacted,,
Lamabet,lamabet.com,https://lamabet.com,3-102-940953 SRL,ALSI-152406018-FI2,2024-06-14,2027-06-13,no,https://lamabet.com/contact,,not contacted,,
Blitz,blitz.bet,https://blitz.bet,3-102-940953 SRL,ALSI-152406018-FI2,2024-06-14,2027-06-13,no,https://blitz.bet/contact,,not contacted,,
Betsider,betsider.com,https://betsider.com,3-102-940953 SRL,ALSI-152406018-FI2,2024-06-14,2027-06-13,no,https://betsider.com/contact,,not contacted,,
Dahibet,dahibet.com,https://dahibet.com,Dahi Global Limited,ALSI-152406024-FI2,2024-06-14,2027-06-13,no,https://dahibet.com/contact,,not contacted,,
Ossebet,ossebet.com,https://ossebet.com,Dahi Global Limited,ALSI-152406024-FI2,2024-06-14,2027-06-13,no,https://ossebet.com/contact,,not contacted,,
Nurwin,nurwin.com,https://nurwin.com,Fortunation Limited,ALSI-152406022-FI2,2024-06-14,2026-06-13,no,https://nurwin.com/contact,,not contacted,,
Bratanbet,bratanbet.com,https://bratanbet.com,GTS Interactive Ltd,ALSI-152406019-FI2,2024-06-14,2026-06-13,no,https://bratanbet.com/contact,,not contacted,,
Ice,ice.game,https://ice.game,ICE Game Ltd,ALSI-152406032-FI3,2024-06-14,2026-06-13,no,https://ice.game/contact,,not contacted,,
Degencoinflip,degencoinflip.com,https://degencoinflip.com,OG Labs N.V.,ALSI-152406033-FI3,2024-06-14,2027-06-13,no,https://degencoinflip.com/contact,,not contacted,,
Rainbet,rainbet.com,https://rainbet.com,RBGAMING N.V.,ALSI-152406029-FI2,2024-06-14,2027-06-13,no,https://rainbet.com/contact,,not contacted,,
8,8.bet,https://8.bet,Best Choice Entertainment Ltd,ALSI-142406015-FI1,2024-06-12,2026-06-11,no,https://8.bet/contact,,not contacted,,
9,9.bet,https://9.bet,Best Choice Entertainment Ltd,ALSI-142406015-FI1,2024-06-12,2026-06-11,no,https://9.bet/contact,,not contacted,,
10black,10black.net,https://10black.net,Gigantic Games Group Ltd,ALSI-142406016-FI 1,2024-06-12,2026-06-11,no,https://10black.net/contact,,not contacted,,
Betggg,betggg.win,https://betggg.win,Gigantic Games Group Ltd,ALSI-142406016-FI 1,2024-06-12,2026-06-11,no,https://betggg.win/contact,,not contacted,,
Lusoslots,lusoslots.com,https://lusoslots.com,Gigantic Games Group Ltd,ALSI-142406016-FI 1,2024-06-12,2026-06-11,no,https://lusoslots.com/contact,,not contacted,,
10,10.black,https://10.black,Gigantic Games Group Ltd,ALSI-142406016-FI 1,2024-06-12,2026-06-11,no,https://10.black/contact,,not contacted,,
Winiwin,winiwin.com,https://winiwin.com,Gigantic Games Group Ltd,ALSI-142406016-FI 1,2024-06-12,2026-06-11,no,https://winiwin.com/contact,,not contacted,,
10black,10black.com,https://10black.com,Gigantic Games Group Ltd,ALSI-142406016-FI 1,2024-06-12,2026-06-11,no,https://10black.com/contact,,not contacted,,
Betmakerz,betmakerz.com,https://betmakerz.com,Gigantic Games Group Ltd,ALSI-142406016-FI 1,2024-06-12,2026-06-11,no,https://betmakerz.com/contact,,not contacted,,
Artofzeus,artofzeus.com,https://artofzeus.com,Gigantic Games Group Ltd,ALSI-142406016-FI 1,2024-06-12,2026-06-11,no,https://artofzeus.com/contact,,not contacted,,
Dueltitan,dueltitan.com,https://dueltitan.com,Gigantic Games Group Ltd,ALSI-142406016-FI 1,2024-06-12,2026-06-11,no,https://dueltitan.com/contact,,not contacted,,
Slotasy,slotasy.com,https://slotasy.com,Gigantic Games Group Ltd,ALSI-142406016-FI 1,2024-06-12,2026-06-11,no,https://slotasy.com/contact,,not contacted,,
Slotspiral,slotspiral.com,https://slotspiral.com,Gigantic Games Group Ltd,ALSI-142406016-FI 1,2024-06-12,2026-06-11,no,https://slotspiral.com/contact,,not contacted,,
Velvetwager,velvetwager.com,https://velvetwager.com,Gigantic Games Group Ltd,ALSI-142406016-FI 1,2024-06-12,2026-06-11,no,https://velvetwager.com/contact,,not contacted,,
Wagerdrome,wagerdrome.com,https://wagerdrome.com,Gigantic Games Group Ltd,ALSI-142406016-FI 1,2024-06-12,2026-06-11,no,https://wagerdrome.com/contact,,not contacted,,
Aceofspin,aceofspin.com,https://aceofspin.com,Gigantic Games Group Ltd,ALSI-142406016-FI 1,2024-06-12,2026-06-11,no,https://aceofspin.com/contact,,not contacted,,
Regalrolls,regalrolls.com,https://regalrolls.com,Gigantic Games Group Ltd,ALSI-142406016-FI 1,2024-06-12,2026-06-11,no,https://regalrolls.com/contact,,not contacted,,
Zyntslot,zyntslot.com,https://zyntslot.com,Zoritron Limitada,ALSI-192407041-FI2,2024-06-12,2027-06-11,no,https://zyntslot.com/contact,,not contacted,,
21dealer,21dealer.com,https://21dealer.com,Leva Limited,ALSI-152406026-FI2,2024-06-10,2027-06-09,no,https://21dealer.com/contact,,not contacted,,
21hit,21hit.bet,https://21hit.bet,Leva Limited,ALSI-152406026-FI2,2024-06-10,2027-06-09,no,https://21hit.bet/contact,,not contacted,,
Playit8,playit8.club,https://playit8.club,Leva Limited,ALSI-152406026-FI2,2024-06-10,2027-06-09,no,https://playit8.club/contact,,not contacted,,
Sevenplay,sevenplay.com,https://sevenplay.com,Leva Limited,ALSI-152406026-FI2,2024-06-10,2027-06-09,no,https://sevenplay.com/contact,,not contacted,,
Wildies,wildies.com,https://wildies.com,Leva Limited,ALSI-152406026-FI2,2024-06-10,2027-06-09,no,https://wildies.com/contact,,not contacted,,
Shelbyspin,shelbyspin.com,https://shelbyspin.com,Leva Limited,ALSI-152406026-FI2,2024-06-10,2027-06-09,no,https://shelbyspin.com/contact,,not contacted,,
Drleanx,drleanx.com,https://drleanx.com,Leva Limited,ALSI-152406026-FI2,2024-06-10,2027-06-09,no,https://drleanx.com/contact,,not contacted,,
Drgn2m,drgn2m.casino,https://drgn2m.casino,3-102-942055 SRL,ALSI-142406009-FI1,2024-06-07,2027-06-06,no,https://drgn2m.casino/contact,,not contacted,,
Vegaslegacy,vegaslegacy.com,https://vegaslegacy.com,Agento N.V.,ALSI-142406004-FI1,2024-06-07,2026-06-06,no,https://vegaslegacy.com/contact,,not contacted,,
Agentlotto,agentlotto.com,https://agentlotto.com,Agento N.V.,ALSI-142406004-FI1,2024-06-07,2026-06-06,no,https://agentlotto.com/contact,,not contacted,,
Onyxbet,onyxbet.com,https://onyxbet.com,Astor Holdings Ltd,ALSI-142406002-FI1,2024-06-07,2027-06-06,no,https://onyxbet.com/contact,,not contacted,,
Vaycasino,vaycasino.com,https://vaycasino.com,Astor Holdings Ltd,ALSI-142406002-FI1,2024-06-07,2027-06-06,no,https://vaycasino.com/contact,,not contacted,,
Turboslot,turboslot.com,https://turboslot.com,Astor Holdings Ltd,ALSI-142406002-FI1,2024-06-07,2027-06-06,no,https://turboslot.com/contact,,not contacted,,
Rocketbet,rocketbet.com,https://rocketbet.com,Astor Holdings Ltd,ALSI-142406002-FI1,2024-06-07,2027-06-06,no,https://rocketbet.com/contact,,not contacted,,
Sharkcasino,sharkcasino.com,https://sharkcasino.com,Astor Holdings Ltd,ALSI-142406002-FI1,2024-06-07,2027-06-06,no,https://sharkcasino.com/contact,,not contacted,,
Lunabet,lunabet.com,https://lunabet.com,Astor Holdings Ltd,ALSI-142406002-FI1,2024-06-07,2027-06-06,no,https://lunabet.com/contact,,not contacted,,
Elitebet,elitebet.io,https://elitebet.io,Astor Holdings Ltd,ALSI-142406002-FI1,2024-06-07,2027-06-06,no,https://elitebet.io/contact,,not contacted,,
Topspins88,topspins88.io,https://topspins88.io,Astor Holdings Ltd,ALSI-142406002-FI1,2024-06-07,2027-06-06,no,https://topspins88.io/contact,,not contacted,,
Deuces,deuces.com,https://deuces.com,Cupertino Entertainment Ltd.,ALSI-142406007-FI1,2024-06-07,2026-06-06,no,https://deuces.com/contact,,not contacted,,
24vivo,24vivo.com,https://24vivo.com,Tircotech N.V.,ALSI-142406008-FI1,2024-06-07,2026-06-06,no,https://24vivo.com/contact,,not contacted,,
Casinoextra,casinoextra.com,https://casinoextra.com,Samaki Limited,ALSI-142406012-FI1,2024-06-02,2027-06-01,no,https://casinoextra.com/contact,,not contacted,,
Casinoestrella,casinoestrella.com,https://casinoestrella.com,Samaki Limited,ALSI-142406012-FI1,2024-06-02,2027-06-01,no,https://casinoestrella.com/contact,,not contacted,,
Dublinbet,dublinbet.com,https://dublinbet.com,Samaki Limited,ALSI-142406012-FI1,2024-06-02,2027-06-01,no,https://dublinbet.com/contact,,not contacted,,
Hiperwin,hiperwin.com,https://hiperwin.com,Samaki Limited,ALSI-142406012-FI1,2024-06-02,2027-06-01,no,https://hiperwin.com/contact,,not contacted,,
Lucky31,lucky31.com,https://lucky31.com,Samaki Limited,ALSI-142406012-FI1,2024-06-02,2027-06-01,no,https://lucky31.com/contact,,not contacted,,
Alexandercasino,alexandercasino.com,https://alexandercasino.com,Samaki Limited,ALSI-142406012-FI1,2024-06-02,2027-06-01,no,https://alexandercasino.com/contact,,not contacted,,
Fatboss,fatboss.com,https://fatboss.com,Samaki Limited,ALSI-142406012-FI1,2024-06-02,2027-06-01,no,https://fatboss.com/contact,,not contacted,,
Onlinebingo,onlinebingo.eu,https://onlinebingo.eu,Samaki Limited,ALSI-142406012-FI1,2024-06-02,2027-06-01,no,https://onlinebingo.eu/contact,,not contacted,,
Sapanahai,sapanahai.org,https://sapanahai.org,High Rollers Limited,ALSI-132405051-FI3,2024-05-31,2026-05-30,no,https://sapanahai.org/contact,,not contacted,,
Sikwin,sikwin.com,https://sikwin.com,12 Stars International Technology Solutions Limited,ALSI-132405043-FI3,2024-05-28,2027-05-27,no,https://sikwin.com/contact,,not contacted,,
Wolfbet,wolfbet.com,https://wolfbet.com,Cipher Games Ltd,ALSI-132405048-FI3,2024-05-28,2027-05-27,no,https://wolfbet.com/contact,,not contacted,,
Lotoclub,lotoclub.io,https://lotoclub.io,Lotoclub World Limitada,ALSI-132405036-FI3,2024-05-28,2026-05-27,no,https://lotoclub.io/contact,,not contacted,,
Lotoclub,lotoclub.com,https://lotoclub.com,Lotoclub World Limitada,ALSI-132405036-FI3,2024-05-28,2026-05-27,no,https://lotoclub.com/contact,,not contacted,,
Play2x,play2x.com,https://play2x.com,Overplayed Ltd,ALSI-132405037-FI3,2024-05-28,2026-05-27,no,https://play2x.com/contact,,not contacted,,
Olimp Games,olimp-games.com,https://olimp-games.com,Perantia N.V.,ALSI-132405049-FI3,2024-05-28,2026-05-27,no,https://olimp-games.com/contact,,not contacted,,
Empire,empire.io,https://empire.io,Pixel Entertainment Limited,ALSI-132405042-FI3,2024-05-28,2026-05-27,no,https://empire.io/contact,,not contacted,,
Vegaslot777,vegaslot777.com,https://vegaslot777.com,QWIK LLC,ALSI-132405040-FI3,2024-05-28,2026-05-27,no,https://vegaslot777.com/contact,,not contacted,,
Don Cash,don-cash.com,https://don-cash.com,QWIK LLC,ALSI-132405040-FI3,2024-05-28,2026-05-27,no,https://don-cash.com/contact,,not contacted,,
Valtera,valtera.club,https://valtera.club,QWIK LLC,ALSI-132405040-FI3,2024-05-28,2026-05-27,no,https://valtera.club/contact,,not contacted,,
Needforwin,needforwin.com,https://needforwin.com,QWIK LLC,ALSI-132405040-FI3,2024-05-28,2026-05-27,no,https://needforwin.com/contact,,not contacted,,
Lucky7,lucky7.org,https://lucky7.org,QWIK LLC,ALSI-132405040-FI3,2024-05-28,2026-05-27,no,https://lucky7.org/contact,,not contacted,,
4starscasino,4starscasino.net,https://4starscasino.net,Skythor N.V.,ALSI-132405046-FI3,2024-05-28,2027-05-27,no,https://4starscasino.net/contact,,not contacted,,
Skythor,skythor.io,https://skythor.io,Skythor N.V.,ALSI-132405046-FI3,2024-05-28,2027-05-27,no,https://skythor.io/contact,,not contacted,,
4stars,4stars.casino,https://4stars.casino,Skythor N.V.,ALSI-132405046-FI3,2024-05-28,2027-05-27,no,https://4stars.casino/contact,,not contacted,,
Ecuabet,ecuabet.com,https://ecuabet.com,VS Services Ltd,ALSI-132405045-FI3,2024-05-28,2027-05-27,no,https://ecuabet.com/contact,,not contacted,,
Doradobet,doradobet.com,https://doradobet.com,VS Services Ltd,ALSI-132405045-FI3,2024-05-28,2027-05-27,no,https://doradobet.com/contact,,not contacted,,
Paniplay,paniplay.com,https://paniplay.com,VS Services Ltd,ALSI-132405045-FI3,2024-05-28,2027-05-27,no,https://paniplay.com/contact,,not contacted,,
Camanbet,camanbet.com,https://camanbet.com,VS Services Ltd,ALSI-132405045-FI3,2024-05-28,2027-05-27,no,https://camanbet.com/contact,,not contacted,,
Razed,razed.com,https://razed.com,Wild Technology Limitada,ALSI-132405034-FI3,2024-05-28,2027-05-27,no,https://razed.com/contact,,not contacted,,
Chicken,chicken.gg,https://chicken.gg,World54 Holdings Limited,ALSI-132405038-FI3,2024-05-28,2026-05-27,no,https://chicken.gg/contact,,not contacted,,
1redbet,1redbet.com,https://1redbet.com,ZOSMA LLC,ALSI-132405050-FI3,2024-05-28,2027-05-27,no,https://1redbet.com/contact,,not contacted,,
Evospin,evospin.com,https://evospin.com,ZOSMA LLC,ALSI-132405050-FI3,2024-05-28,2027-05-27,no,https://evospin.com/contact,,not contacted,,
Samratbet,samratbet.com,https://samratbet.com,Samrat Sports and Games Limited,ALSI-122405033-FI2,2024-05-22,2026-05-21,no,https://samratbet.com/contact,,not contacted,,
Duelbet,duelbet.com,https://duelbet.com,1Adventure Ltd,ALSI-122405025-FI2,2024-05-17,2027-05-16,no,https://duelbet.com/contact,,not contacted,,
Betvoro,betvoro.com,https://betvoro.com,Aurum Gaming Limited,ALSI-122405015-FI2,2024-05-17,2026-05-16,no,https://betvoro.com/contact,,not contacted,,
Fcmoon,fcmoon.com,https://fcmoon.com,Bermuda Triangle Ltd.,ALSI-122405030-FI2,2024-05-17,2026-05-16,no,https://fcmoon.com/contact,,not contacted,,
Cbet,cbet.gg,https://cbet.gg,Bermuda Triangle Ltd.,ALSI-122405030-FI2,2024-05-17,2026-05-16,no,https://cbet.gg/contact,,not contacted,,
Betexper9999,betexper9999.com,https://betexper9999.com,Catalyst Tech Solutions Inc,ALSI-122405018-FI2,2024-05-17,2027-05-16,no,https://betexper9999.com/contact,,not contacted,,
Ilbet9999,ilbet9999.com,https://ilbet9999.com,Catalyst Tech Solutions Inc,ALSI-122405018-FI2,2024-05-17,2027-05-16,no,https://ilbet9999.com/contact,,not contacted,,
Modabet9999,modabet9999.com,https://modabet9999.com,Catalyst Tech Solutions Inc,ALSI-122405018-FI2,2024-05-17,2027-05-16,no,https://modabet9999.com/contact,,not contacted,,
Netxcasino9999,netxcasino9999.com,https://netxcasino9999.com,Catalyst Tech Solutions Inc,ALSI-122405018-FI2,2024-05-17,2027-05-16,no,https://netxcasino9999.com/contact,,not contacted,,
Neyine9999,neyine9999.com,https://neyine9999.com,Catalyst Tech Solutions Inc,ALSI-122405018-FI2,2024-05-17,2027-05-16,no,https://neyine9999.com/contact,,not contacted,,
Vdcasino9999,vdcasino9999.com,https://vdcasino9999.com,Catalyst Tech Solutions Inc,ALSI-122405018-FI2,2024-05-17,2027-05-16,no,https://vdcasino9999.com/contact,,not contacted,,
Olmobet9999,olmobet9999.com,https://olmobet9999.com,Catalyst Tech Solutions Inc,ALSI-122405018-FI2,2024-05-17,2027-05-16,no,https://olmobet9999.com/contact,,not contacted,,
Niki365,niki365.com,https://niki365.com,Catalyst Tech Solutions Inc,ALSI-122405018-FI2,2024-05-17,2027-05-16,no,https://niki365.com/contact,,not contacted,,
Chancer,chancer.bet,https://chancer.bet,Chancer Group Ltd.,ALSI-122405028-FI2,2024-05-17,2027-05-16,no,https://chancer.bet/contact,,not contacted,,
Maxispin,maxispin.com,https://maxispin.com,CYBERCRAZE LIMITADA,ALSI-122405031-FI2,2024-05-17,2027-05-16,no,https://maxispin.com/contact,,not contacted,,
Slotseater,slotseater.com,https://slotseater.com,CYBERCRAZE LIMITADA,ALSI-122405031-FI2,2024-05-17,2027-05-16,no,https://slotseater.com/contact,,not contacted,,
Gem,gem.bet,https://gem.bet,Grand Complications N.V.,ALSI-122405027-FI2,2024-05-17,2027-05-16,no,https://gem.bet/contact,,not contacted,,
Kavabet,kavabet.com,https://kavabet.com,Grand Complications N.V.,ALSI-122405027-FI2,2024-05-17,2027-05-16,no,https://kavabet.com/contact,,not contacted,,
Pigmo,pigmo.com,https://pigmo.com,Maktub Limited,ALSI-122405026-FI2,2024-05-17,2026-05-16,no,https://pigmo.com/contact,,not contacted,,
Mipix,mipix.bet,https://mipix.bet,MIPIX BET LIMITADA,ALSI-122405019-FI2,2024-05-17,2026-05-16,no,https://mipix.bet/contact,,not contacted,,
Mipix,mipix.pro,https://mipix.pro,MIPIX BET LIMITADA,ALSI-122405019-FI2,2024-05-17,2026-05-16,no,https://mipix.pro/contact,,not contacted,,
Belabet,belabet.com,https://belabet.com,Onorio Limited,ALSI-122405024-FI2,2024-05-17,2027-05-16,no,https://belabet.com/contact,,not contacted,,
Paripesa,paripesa.africa,https://paripesa.africa,Onorio Limited,ALSI-122405024-FI2,2024-05-17,2027-05-16,no,https://paripesa.africa/contact,,not contacted,,
Paripesa,paripesa.io,https://paripesa.io,Onorio Limited,ALSI-122405024-FI2,2024-05-17,2027-05-16,no,https://paripesa.io/contact,,not contacted,,
On,on.bet,https://on.bet,Agrote 85 EOOD,ALSI-112405007-FI1,2024-05-07,2027-05-06,no,https://on.bet/contact,,not contacted,,
Gama,gama.bet,https://gama.bet,Agrote 85 EOOD,ALSI-112405007-FI1,2024-05-07,2027-05-06,no,https://gama.bet/contact,,not contacted,,
Pandacasino,pandacasino.com,https://pandacasino.com,Asoft Limited,ALSI-112405006-FI1,2024-05-07,2026-05-06,no,https://pandacasino.com/contact,,not contacted,,
Acasino,acasino.com,https://acasino.com,Asoft Limited,ALSI-112405006-FI1,2024-05-07,2026-05-06,no,https://acasino.com/contact,,not contacted,,
Bbrwin,bbrwin.com,https://bbrwin.com,BBRWIN Limitada,ALSI-112405011-FI1,2024-05-07,2026-05-06,no,https://bbrwin.com/contact,,not contacted,,
Blazingwildz,blazingwildz.com,https://blazingwildz.com,Flowerinas SRL,ALSI-112405008-FI1,2024-05-07,2026-05-06,no,https://blazingwildz.com/contact,,not contacted,,
Gigaspinz,gigaspinz.com,https://gigaspinz.com,Flowerinas SRL,ALSI-112405008-FI1,2024-05-07,2026-05-06,no,https://gigaspinz.com/contact,,not contacted,,
Betsixty,betsixty.com,https://betsixty.com,Greenwich N.V.,ALSI-112405004-FI1,2024-05-07,2026-05-06,no,https://betsixty.com/contact,,not contacted,,
Nyxbets,nyxbets.com,https://nyxbets.com,Greenwich N.V.,ALSI-112405004-FI1,2024-05-07,2026-05-06,no,https://nyxbets.com/contact,,not contacted,,
Crystalroll,crystalroll.com,https://crystalroll.com,Greenwich N.V.,ALSI-112405004-FI1,2024-05-07,2026-05-06,no,https://crystalroll.com/contact,,not contacted,,
Vipzino,vipzino.com,https://vipzino.com,Greenwich N.V.,ALSI-112405004-FI1,2024-05-07,2026-05-06,no,https://vipzino.com/contact,,not contacted,,
Casinuu,casinuu.com,https://casinuu.com,Interactive Tech Solutions SRL,ALSI-112405002-FI1,2024-05-07,2027-05-06,no,https://casinuu.com/contact,,not contacted,,
Spinamaxcasino,spinamaxcasino.com,https://spinamaxcasino.com,Interplay Network Ltd.,ALSI-112405001-FI1,2024-05-07,2026-05-06,no,https://spinamaxcasino.com/contact,,not contacted,,
Spinamax,spinamax.com,https://spinamax.com,Interplay Network Ltd.,ALSI-112405001-FI1,2024-05-07,2026-05-06,no,https://spinamax.com/contact,,not contacted,,
Jokabet,jokabet.com,https://jokabet.com,Investan N.V.,ALSI-112405003-FI1,2024-05-07,2026-05-06,no,https://jokabet.com/contact,,not contacted,,
Fridaywave,fridaywave.com,https://fridaywave.com,Investan N.V.,ALSI-112405003-FI1,2024-05-07,2026-05-06,no,https://fridaywave.com/contact,,not contacted,,
F7casino,f7casino.com,https://f7casino.com,Investan N.V.,ALSI-112405003-FI1,2024-05-07,2026-05-06,no,https://f7casino.com/contact,,not contacted,,
Jackpotrover,jackpotrover.com,https://jackpotrover.com,Investan N.V.,ALSI-112405003-FI1,2024-05-07,2026-05-06,no,https://jackpotrover.com/contact,,not contacted,,
Iledecasino,iledecasino.casino,https://iledecasino.casino,Lightsoft Solution Ltd,ALSI-112405013-FI1,2024-05-07,2027-05-06,no,https://iledecasino.casino/contact,,not contacted,,
Jetonrouge,jetonrouge.casino,https://jetonrouge.casino,Lightsoft Solution Ltd,ALSI-112405013-FI1,2024-05-07,2027-05-06,no,https://jetonrouge.casino/contact,,not contacted,,
Slot7,slot7.casino,https://slot7.casino,Lightsoft Solution Ltd,ALSI-112405013-FI1,2024-05-07,2027-05-06,no,https://slot7.casino/contact,,not contacted,,
Retrocasino,retrocasino.casino,https://retrocasino.casino,Lightsoft Solution Ltd,ALSI-112405013-FI1,2024-05-07,2027-05-06,no,https://retrocasino.casino/contact,,not contacted,,
Alpino,alpino.casino,https://alpino.casino,Lightsoft Solution Ltd,ALSI-112405013-FI1,2024-05-07,2027-05-06,no,https://alpino.casino/contact,,not contacted,,
Slotshake,slotshake.casino,https://slotshake.casino,Lightsoft Solution Ltd,ALSI-112405013-FI1,2024-05-07,2027-05-06,no,https://slotshake.casino/contact,,not contacted,,
Pokiesurf,pokiesurf.club,https://pokiesurf.club,Lightsoft Solution Ltd,ALSI-112405013-FI1,2024-05-07,2027-05-06,no,https://pokiesurf.club/contact,,not contacted,,
Pocketpokies,pocketpokies.casino,https://pocketpokies.casino,Lightsoft Solution Ltd,ALSI-112405013-FI1,2024-05-07,2027-05-06,no,https://pocketpokies.casino/contact,,not contacted,,
Luckymate,luckymate.casino,https://luckymate.casino,Lightsoft Solution Ltd,ALSI-112405013-FI1,2024-05-07,2027-05-06,no,https://luckymate.casino/contact,,not contacted,,
Luckygreen,luckygreen.casino,https://luckygreen.casino,Lightsoft Solution Ltd,ALSI-112405013-FI1,2024-05-07,2027-05-06,no,https://luckygreen.casino/contact,,not contacted,,
Casino13,casino13.casino,https://casino13.casino,Lightsoft Solution Ltd,ALSI-112405013-FI1,2024-05-07,2027-05-06,no,https://casino13.casino/contact,,not contacted,,
Spinmania,spinmania.casino,https://spinmania.casino,Lightsoft Solution Ltd,ALSI-112405013-FI1,2024-05-07,2027-05-06,no,https://spinmania.casino/contact,,not contacted,,
Spinstralia,spinstralia.casino,https://spinstralia.casino,Lightsoft Solution Ltd,ALSI-112405013-FI1,2024-05-07,2027-05-06,no,https://spinstralia.casino/contact,,not contacted,,
Stellarecasino,stellarecasino.casino,https://stellarecasino.casino,Lightsoft Solution Ltd,ALSI-112405013-FI1,2024-05-07,2027-05-06,no,https://stellarecasino.casino/contact,,not contacted,,
Gamble88,gamble88.casino,https://gamble88.casino,Lightsoft Solution Ltd,ALSI-112405013-FI1,2024-05-07,2027-05-06,no,https://gamble88.casino/contact,,not contacted,,
Suerte247,suerte247.casino,https://suerte247.casino,Lightsoft Solution Ltd,ALSI-112405013-FI1,2024-05-07,2027-05-06,no,https://suerte247.casino/contact,,not contacted,,
Dominion,dominion.casino,https://dominion.casino,Lightsoft Solution Ltd,ALSI-112405013-FI1,2024-05-07,2027-05-06,no,https://dominion.casino/contact,,not contacted,,
Pokie7,pokie7.casino,https://pokie7.casino,Lightsoft Solution Ltd,ALSI-112405013-FI1,2024-05-07,2027-05-06,no,https://pokie7.casino/contact,,not contacted,,
Wbetz,wbetz.com,https://wbetz.com,Velona Holdings SRL,ALSI-112405005-FI1,2024-05-07,2027-05-06,no,https://wbetz.com/contact,,not contacted,,
Briobets,briobets.com,https://briobets.com,Velona Holdings SRL,ALSI-112405005-FI1,2024-05-07,2027-05-06,no,https://briobets.com/contact,,not contacted,,
Bdmbet,bdmbet.com,https://bdmbet.com,3-102-942808 SRL,ALSI-102404013-FI3,2024-04-25,2026-04-24,no,https://bdmbet.com/contact,,not contacted,,
Coolzino,coolzino.com,https://coolzino.com,3-102-942808 SRL,ALSI-102404013-FI3,2024-04-25,2026-04-24,no,https://coolzino.com/contact,,not contacted,,
Moneytree,moneytree.games,https://moneytree.games,Global Dice Gaming Ltd,ALSI-102404007-FI3,2024-04-25,2026-04-24,no,https://moneytree.games/contact,,not contacted,,
Betdaddys,betdaddys.com,https://betdaddys.com,Interactive Digits Ltd.,ALSI-102404004-FI3,2024-04-25,2027-04-24,no,https://betdaddys.com/contact,,not contacted,,
Ibetin,ibetin.com,https://ibetin.com,Interactive Digits Ltd.,ALSI-102404004-FI3,2024-04-25,2027-04-24,no,https://ibetin.com/contact,,not contacted,,
Betroxy,betroxy.com,https://betroxy.com,Interactive Digits Ltd.,ALSI-102404004-FI3,2024-04-25,2027-04-24,no,https://betroxy.com/contact,,not contacted,,
Betamericano,betamericano.com,https://betamericano.com,Interactive Digits Ltd.,ALSI-102404004-FI3,2024-04-25,2027-04-24,no,https://betamericano.com/contact,,not contacted,,
Playlike,playlike.vip,https://playlike.vip,Interactive Digits Ltd.,ALSI-102404004-FI3,2024-04-25,2027-04-24,no,https://playlike.vip/contact,,not contacted,,
Fantzo,fantzo.com,https://fantzo.com,Interactive Digits Ltd.,ALSI-102404004-FI3,2024-04-25,2027-04-24,no,https://fantzo.com/contact,,not contacted,,
Jackpotcash,jackpotcash.com,https://jackpotcash.com,Paxson Marketing Ltd.,ALSI-102404011-FI3,2024-04-25,2026-04-24,no,https://jackpotcash.com/contact,,not contacted,,
Silversandscasino,silversandscasino.com,https://silversandscasino.com,Paxson Marketing Ltd.,ALSI-102404011-FI3,2024-04-25,2026-04-24,no,https://silversandscasino.com/contact,,not contacted,,
Silversandspoker,silversandspoker.com,https://silversandspoker.com,Paxson Marketing Ltd.,ALSI-102404011-FI3,2024-04-25,2026-04-24,no,https://silversandspoker.com/contact,,not contacted,,
Whitelotuscasino,whitelotuscasino.com,https://whitelotuscasino.com,Paxson Marketing Ltd.,ALSI-102404011-FI3,2024-04-25,2026-04-24,no,https://whitelotuscasino.com/contact,,not contacted,,
Apolloslots,apolloslots.com,https://apolloslots.com,Paxson Marketing Ltd.,ALSI-102404011-FI3,2024-04-25,2026-04-24,no,https://apolloslots.com/contact,,not contacted,,
Chesnok,chesnok.bet,https://chesnok.bet,3-102-946419 SRL,ALSI-092404023-FI2,2024-04-15,2027-04-14,no,https://chesnok.bet/contact,,not contacted,,
Tennisi,tennisi.pro,https://tennisi.pro,3-102-946419 SRL,ALSI-092404023-FI2,2024-04-15,2027-04-14,no,https://tennisi.pro/contact,,not contacted,,
Galactix,galactix.io,https://galactix.io,3-102-949573 SRL,ALSI-092404019-FI2,2024-04-15,2027-04-14,no,https://galactix.io/contact,,not contacted,,
Wnnr,wnnr.com,https://wnnr.com,3-102-949573 SRL,ALSI-092404019-FI2,2024-04-15,2027-04-14,no,https://wnnr.com/contact,,not contacted,,
Viibet,viibet.com,https://viibet.com,Chemiva Limited,ALSI-102404002-FI3,2024-04-15,2027-04-14,no,https://viibet.com/contact,,not contacted,,
Usdtbet,usdtbet.tv,https://usdtbet.tv,Chemiva Limited,ALSI-102404002-FI3,2024-04-15,2027-04-14,no,https://usdtbet.tv/contact,,not contacted,,
Msss818,msss818.com,https://msss818.com,New Game System Solution SRL,ALSI-092404017-FI2,2024-04-15,2027-04-14,no,https://msss818.com/contact,,not contacted,,
Bspin,bspin.io,https://bspin.io,Pixel Gaming Limited,ALSI-092404013-FI2,2024-04-15,2027-04-14,no,https://bspin.io/contact,,not contacted,,
Spinly,spinly.io,https://spinly.io,Pixel Gaming Limited,ALSI-092404013-FI2,2024-04-15,2027-04-14,no,https://spinly.io/contact,,not contacted,,
Nerublix,nerublix.com,https://nerublix.com,Rublix Dev Ltd,ALSI-092404020-FI2,2024-04-15,2027-04-14,no,https://nerublix.com/contact,,not contacted,,
Sleeva,sleeva.bet,https://sleeva.bet,Rublix Dev Ltd,ALSI-092404020-FI2,2024-04-15,2027-04-14,no,https://sleeva.bet/contact,,not contacted,,
Sleeva,sleeva.com,https://sleeva.com,Rublix Dev Ltd,ALSI-092404020-FI2,2024-04-15,2027-04-14,no,https://sleeva.com/contact,,not contacted,,
Betdex,betdex.com,https://betdex.com,Stucktaymore Limited,ALSI-092404022-FI2,2024-04-15,2027-04-14,no,https://betdex.com/contact,,not contacted,,
Tkbet365,tkbet365.com,https://tkbet365.com,TK 365 Limited,ALSI-092404024-FI2,2024-04-15,2027-04-14,no,https://tkbet365.com/contact,,not contacted,,
Goldrush,goldrush.io,https://goldrush.io,Cavolo Boss Limitada,ALSI-082404002-FI1,2024-04-08,2027-04-07,no,https://goldrush.io/contact,,not contacted,,
Private,private.casino,https://private.casino,Cavolo Boss Limitada,ALSI-082404002-FI1,2024-04-08,2027-04-07,no,https://private.casino/contact,,not contacted,,
Luckybreaker,luckybreaker.com,https://luckybreaker.com,Cavolo Boss Limitada,ALSI-082404002-FI1,2024-04-08,2027-04-07,no,https://luckybreaker.com/contact,,not contacted,,
Reels,reels.io,https://reels.io,Cavolo Boss Limitada,ALSI-082404002-FI1,2024-04-08,2027-04-07,no,https://reels.io/contact,,not contacted,,
Goldenreels,goldenreels.casino,https://goldenreels.casino,Cavolo Boss Limitada,ALSI-082404002-FI1,2024-04-08,2027-04-07,no,https://goldenreels.casino/contact,,not contacted,,
Conquestador,conquestador.com,https://conquestador.com,Cavolo Boss Limitada,ALSI-082404002-FI1,2024-04-08,2027-04-07,no,https://conquestador.com/contact,,not contacted,,
Lsbet,lsbet.com,https://lsbet.com,Devcohub Limited,ALSI-082404001-FI1,2024-04-08,2026-04-07,no,https://lsbet.com/contact,,not contacted,,
Reloadbet,reloadbet.com,https://reloadbet.com,Devcohub Limited,ALSI-082404001-FI1,2024-04-08,2026-04-07,no,https://reloadbet.com/contact,,not contacted,,
Eldoah,eldoah.com,https://eldoah.com,Global System Technologies Inc,ALSI-082404008-FI1,2024-04-08,2026-04-07,no,https://eldoah.com/contact,,not contacted,,
Pinkor88,pinkor88.com,https://pinkor88.com,KPlay Limited,ALSI-082404011-FI1,2024-04-08,2027-04-07,no,https://pinkor88.com/contact,,not contacted,,
K Play,k-play.com,https://k-play.com,KPlay Limited,ALSI-082404011-FI1,2024-04-08,2027-04-07,no,https://k-play.com/contact,,not contacted,,
Krsb99,krsb99.com,https://krsb99.com,KPlay Limited,ALSI-082404011-FI1,2024-04-08,2027-04-07,no,https://krsb99.com/contact,,not contacted,,
Money X,money-x.casino,https://money-x.casino,MX Holding Ltd.,ALSI-082404007-FI1,2024-04-08,2027-04-07,no,https://money-x.casino/contact,,not contacted,,
Pop,pop.game,https://pop.game,Fair Play Limited,ALSI-072403001-FI7,2024-03-22,2027-03-21,no,https://pop.game/contact,,not contacted,,
Gosuplay,gosuplay.io,https://gosuplay.io,Fair Play Limited,ALSI-072403001-FI7,2024-03-22,2027-03-21,no,https://gosuplay.io/contact,,not contacted,,
Firespin,firespin.com,https://firespin.com,Skadi Ventures Ltd.,ALSI-072403005-FI7,2024-03-22,2027-03-21,no,https://firespin.com/contact,,not contacted,,
Nopein,nopein.com,https://nopein.com,Skadi Ventures Ltd.,ALSI-072403005-FI7,2024-03-22,2027-03-21,no,https://nopein.com/contact,,not contacted,,
Hillo,hillo.com,https://hillo.com,Skadi Ventures Ltd.,ALSI-072403005-FI7,2024-03-22,2027-03-21,no,https://hillo.com/contact,,not contacted,,
Koicasino,koicasino.com,https://koicasino.com,Skadi Ventures Ltd.,ALSI-072403005-FI7,2024-03-22,2027-03-21,no,https://koicasino.com/contact,,not contacted,,
Joker,joker.io,https://joker.io,Skadi Ventures Ltd.,ALSI-072403005-FI7,2024-03-22,2027-03-21,no,https://joker.io/contact,,not contacted,,
Buumi,buumi.com,https://buumi.com,Skadi Ventures Ltd.,ALSI-072403005-FI7,2024-03-22,2027-03-21,no,https://buumi.com/contact,,not contacted,,
Billy,billy.io,https://billy.io,Skadi Ventures Ltd.,ALSI-072403005-FI7,2024-03-22,2027-03-21,no,https://billy.io/contact,,not contacted,,
Pelifantti,pelifantti.com,https://pelifantti.com,Skadi Ventures Ltd.,ALSI-072403005-FI7,2024-03-22,2027-03-21,no,https://pelifantti.com/contact,,not contacted,,
Casinowildwild,casinowildwild.com,https://casinowildwild.com,Borse Limited,ALSI-062403002-FI6,2024-03-15,2027-03-14,no,https://casinowildwild.com/contact,,not contacted,,
Casinoflashdash,casinoflashdash.com,https://casinoflashdash.com,Borse Limited,ALSI-062403002-FI6,2024-03-15,2027-03-14,no,https://casinoflashdash.com/contact,,not contacted,,
Beemcasino,beemcasino.com,https://beemcasino.com,Borse Limited,ALSI-062403002-FI6,2024-03-15,2027-03-14,no,https://beemcasino.com/contact,,not contacted,,
Vulkka,vulkka.com,https://vulkka.com,Borse Limited,ALSI-062403002-FI6,2024-03-15,2027-03-14,no,https://vulkka.com/contact,,not contacted,,
Wettzo,wettzo.com,https://wettzo.com,Borse Limited,ALSI-062403002-FI6,2024-03-15,2027-03-14,no,https://wettzo.com/contact,,not contacted,,
Spinita,spinita.com,https://spinita.com,Borse Limited,ALSI-062403002-FI6,2024-03-15,2027-03-14,no,https://spinita.com/contact,,not contacted,,
Winzu,winzu.casino,https://winzu.casino,Borse Limited,ALSI-062403002-FI6,2024-03-15,2027-03-14,no,https://winzu.casino/contact,,not contacted,,
Betzmarkcasino,betzmarkcasino.xyz,https://betzmarkcasino.xyz,Bykush Ventures N.V.,ALSI-062403010-FI6,2024-03-15,2026-03-14,no,https://betzmarkcasino.xyz/contact,,not contacted,,
Bitzmark,bitzmark.xyz,https://bitzmark.xyz,Bykush Ventures N.V.,ALSI-062403010-FI6,2024-03-15,2026-03-14,no,https://bitzmark.xyz/contact,,not contacted,,
Chipfling,chipfling.com,https://chipfling.com,ChipFling Limited,ALSI-062403015-FI6,2024-03-15,2026-03-14,no,https://chipfling.com/contact,,not contacted,,
Junglebet,junglebet.com,https://junglebet.com,Deveron SRL,ALSI-062403005-FI6,2024-03-15,2026-03-14,no,https://junglebet.com/contact,,not contacted,,
Rizzy,rizzy.com,https://rizzy.com,Golden Ape Ltd,ALSI-062403016-F16,2024-03-15,2027-03-14,no,https://rizzy.com/contact,,not contacted,,
Jeffybet,jeffybet.com,https://jeffybet.com,Jardin Du Roi Ltd.,ALSI-042402006-FI4,2024-02-27,2027-02-26,no,https://jeffybet.com/contact,,not contacted,,
Jeffybet,jeffybet.net,https://jeffybet.net,Jardin Du Roi Ltd.,ALSI-042402006-FI4,2024-02-27,2027-02-26,no,https://jeffybet.net/contact,,not contacted,,
Mightycrown,mightycrown.club,https://mightycrown.club,Golden Crown Ltd.,ALSI-042402011-FI4,2024-02-22,2026-02-21,no,https://mightycrown.club/contact,,not contacted,,
Mightycrown,mightycrown.ph,https://mightycrown.ph,Golden Crown Ltd.,ALSI-042402011-FI4,2024-02-22,2026-02-21,no,https://mightycrown.ph/contact,,not contacted,,
Katsuwin,katsuwin.ai,https://katsuwin.ai,Initial Singularity Limited,ALSI-042402005-FI4,2024-02-22,2027-02-21,no,https://katsuwin.ai/contact,,not contacted,,
Khelraja,khelraja.com,https://khelraja.com,Kings Technology Services N.V.,ALSI-042402001-FI4,2024-02-22,2027-02-21,no,https://khelraja.com/contact,,not contacted,,
Luckyhandscasino,luckyhandscasino.com,https://luckyhandscasino.com,Konnected Entertainment Group Ltd.,ALSI-042402013-FI4,2024-02-22,2027-02-21,no,https://luckyhandscasino.com/contact,,not contacted,,
888starz,888starz.com,https://888starz.com,MDBet Limited,ALSI-042402010-FI4,2024-02-22,2027-02-21,no,https://888starz.com/contact,,not contacted,,
Phenompoker,phenompoker.com,https://phenompoker.com,Phenom Poker S.A.,ALSI-042402004-FI4,2024-02-22,2027-02-21,no,https://phenompoker.com/contact,,not contacted,,
Eclbet,eclbet.com,https://eclbet.com,TF GLOBAL GROUP LTD.,ALSI-042402002-FI4,2024-02-22,2027-02-21,no,https://eclbet.com/contact,,not contacted,,
Tfbo365,tfbo365.com,https://tfbo365.com,TF GLOBAL GROUP LTD.,ALSI-042402002-FI4,2024-02-22,2027-02-21,no,https://tfbo365.com/contact,,not contacted,,
Ecl,ecl.com,https://ecl.com,TF GLOBAL GROUP LTD.,ALSI-042402002-FI4,2024-02-22,2027-02-21,no,https://ecl.com/contact,,not contacted,,
Betveni,betveni.com,https://betveni.com,Unexpected Ltd.,ALSI-042402014-FI4,2024-02-22,2027-02-21,no,https://betveni.com/contact,,not contacted,,
Betvidi,betvidi.com,https://betvidi.com,Unexpected Ltd.,ALSI-042402014-FI4,2024-02-22,2027-02-21,no,https://betvidi.com/contact,,not contacted,,
Odinbet,odinbet.com,https://odinbet.com,Unexpected Ltd.,ALSI-042402014-FI4,2024-02-22,2027-02-21,no,https://odinbet.com/contact,,not contacted,,
Betvici,betvici.com,https://betvici.com,Unexpected Ltd.,ALSI-042402014-FI4,2024-02-22,2027-02-21,no,https://betvici.com/contact,,not contacted,,
Jajabet,jajabet.com,https://jajabet.com,Unexpected Ltd.,ALSI-042402014-FI4,2024-02-22,2027-02-21,no,https://jajabet.com/contact,,not contacted,,
Bettinder,bettinder.com,https://bettinder.com,Unexpected Ltd.,ALSI-042402014-FI4,2024-02-22,2027-02-21,no,https://bettinder.com/contact,,not contacted,,
Betonda,betonda.com,https://betonda.com,Unexpected Ltd.,ALSI-042402014-FI4,2024-02-22,2027-02-21,no,https://betonda.com/contact,,not contacted,,
Casinolog,casinolog.com,https://casinolog.com,Unexpected Ltd.,ALSI-042402014-FI4,2024-02-22,2027-02-21,no,https://casinolog.com/contact,,not contacted,,
1xcasino Kz,1xcasino-kz.com,https://1xcasino-kz.com,Yaysimple SRL,ALSI-042402007-FI4,2024-02-22,2027-02-21,no,https://1xcasino-kz.com/contact,,not contacted,,
1xcasino Kazakhstan,1xcasino-kazakhstan.com,https://1xcasino-kazakhstan.com,Yaysimple SRL,ALSI-042402007-FI4,2024-02-22,2027-02-21,no,https://1xcasino-kazakhstan.com/contact,,not contacted,,
Oshcasino,oshcasino.com,https://oshcasino.com,Osh Entertainment Group Ltd,ALSI-202502032-FI1,2024-02-06,2027-02-05,no,https://oshcasino.com/contact,,not contacted,,
Caspins,caspins.com,https://caspins.com,Osh Entertainment Group Ltd,ALSI-202502032-FI1,2024-02-06,2027-02-05,no,https://caspins.com/contact,,not contacted,,
Scandispins,scandispins.com,https://scandispins.com,Osh Entertainment Group Ltd,ALSI-202502032-FI1,2024-02-06,2027-02-05,no,https://scandispins.com/contact,,not contacted,,
Olimp,olimp.casino,https://olimp.casino,3-102-935657 SRL,ALSI-032401023-FI3,2024-02-03,2027-02-02,no,https://olimp.casino/contact,,not contacted,,
Olymp,olymp.casino,https://olymp.casino,3-102-935657 SRL,ALSI-032401023-FI3,2024-02-03,2027-02-02,no,https://olymp.casino/contact,,not contacted,,
Fpscasino,fpscasino.fun,https://fpscasino.fun,Eszakisolyom Invest Ltd,ALSI-032401024-FI3,2024-02-03,2027-02-02,no,https://fpscasino.fun/contact,,not contacted,,
Fpscasino,fpscasino.in,https://fpscasino.in,Eszakisolyom Invest Ltd,ALSI-032401024-FI3,2024-02-03,2027-02-02,no,https://fpscasino.in/contact,,not contacted,,
Degens,degens.gg,https://degens.gg,High Score Limited,ALSI-032401018-FI3,2024-02-03,2026-02-02,no,https://degens.gg/contact,,not contacted,,
Maxwin,maxwin.io,https://maxwin.io,High Score Limited,ALSI-032401018-FI3,2024-02-03,2026-02-02,no,https://maxwin.io/contact,,not contacted,,
Hondubet,hondubet.com,https://hondubet.com,Interplay Tech Ltd.,ALSI-032401020-FI3,2024-02-03,2027-02-02,no,https://hondubet.com/contact,,not contacted,,
Sivarbet,sivarbet.com,https://sivarbet.com,Interplay Tech Ltd.,ALSI-032401020-FI3,2024-02-03,2027-02-02,no,https://sivarbet.com/contact,,not contacted,,
Powerbet,powerbet.la,https://powerbet.la,Interplay Tech Ltd.,ALSI-032401020-FI3,2024-02-03,2027-02-02,no,https://powerbet.la/contact,,not contacted,,
Owners,owners.bet,https://owners.bet,Owners Gaming Ventures SRL,ALSI-032401026-FI3,2024-02-03,2026-02-02,no,https://owners.bet/contact,,not contacted,,
Softlab,softlab.technology,https://softlab.technology,P.E. Sofia Ltd.,ALSI-032401028-FI3,2024-02-03,2027-02-02,no,https://softlab.technology/contact,,not contacted,,
Callmebet,callmebet.com,https://callmebet.com,PlaySafe Gaming SRL,ALSI-032401027-FI3,2024-02-03,2027-02-02,no,https://callmebet.com/contact,,not contacted,,
Betxstar,betxstar.com,https://betxstar.com,Promobet50 N.V.,ALSI-032401015-FI3,2024-02-03,2026-02-02,no,https://betxstar.com/contact,,not contacted,,
Betelite,betelite.org,https://betelite.org,Promobet50 N.V.,ALSI-032401015-FI3,2024-02-03,2026-02-02,no,https://betelite.org/contact,,not contacted,,
Madmarket,madmarket.io,https://madmarket.io,Purple Dust Ltd,ALSI-032401019-FI3,2024-02-03,2027-02-02,no,https://madmarket.io/contact,,not contacted,,
Onlyvips,onlyvips.io,https://onlyvips.io,Satya Code SRL,ALSI-032401017-FI3,2024-02-03,2027-02-02,no,https://onlyvips.io/contact,,not contacted,,
Rollhub,rollhub.com,https://rollhub.com,Satya Code SRL,ALSI-032401017-FI3,2024-02-03,2027-02-02,no,https://rollhub.com/contact,,not contacted,,
777owl,777owl.com,https://777owl.com,SPACEDOG LTD.,ALSI-032401029-FI3,2024-02-03,2026-02-02,no,https://777owl.com/contact,,not contacted,,
52bonus,52bonus.com,https://52bonus.com,SPACEDOG LTD.,ALSI-032401029-FI3,2024-02-03,2026-02-02,no,https://52bonus.com/contact,,not contacted,,
Pittagames,pittagames.com,https://pittagames.com,SPACEDOG LTD.,ALSI-032401029-FI3,2024-02-03,2026-02-02,no,https://pittagames.com/contact,,not contacted,,
Telo,telo.bet,https://telo.bet,SPACEDOG LTD.,ALSI-032401029-FI3,2024-02-03,2026-02-02,no,https://telo.bet/contact,,not contacted,,
Betandhold,betandhold.com,https://betandhold.com,B&H EVOLUTION LIMITADA,ALSI-012401003-FI1,2024-01-11,2027-01-10,no,https://betandhold.com/contact,,not contacted,,
188bet,188bet.net,https://188bet.net,CyberArena Ltd,ALSI-012401012-FI1,2024-01-11,2027-01-10,no,https://188bet.net/contact,,not contacted,,
Cyberarena,cyberarena.bet,https://cyberarena.bet,CyberArena Ltd,ALSI-012401012-FI1,2024-01-11,2027-01-10,no,https://cyberarena.bet/contact,,not contacted,,
Taptap,taptap.asia,https://taptap.asia,CyberArena Ltd,ALSI-012401012-FI1,2024-01-11,2027-01-10,no,https://taptap.asia/contact,,not contacted,,
Bofcasino,bofcasino.com,https://bofcasino.com,Elite Cyber Services Limited,ALSI-012401013-FI2,2024-01-11,2027-01-10,no,https://bofcasino.com/contact,,not contacted,,
Spineazy,spineazy.com,https://spineazy.com,Elite Cyber Services Limited,ALSI-012401013-FI2,2024-01-11,2027-01-10,no,https://spineazy.com/contact,,not contacted,,
Goldbet,goldbet.gg,https://goldbet.gg,Goldkey Technologies Limitada,ALSI-012401005-FI1,2024-01-11,2027-01-10,no,https://goldbet.gg/contact,,not contacted,,
Goldbet,goldbet.io,https://goldbet.io,Goldkey Technologies Limitada,ALSI-012401005-FI1,2024-01-11,2027-01-10,no,https://goldbet.io/contact,,not contacted,,
Icecric,icecric.com,https://icecric.com,IceSports Ltd,ALSI-012401002-FI1,2024-01-11,2027-01-10,no,https://icecric.com/contact,,not contacted,,
Ardenteclub,ardenteclub.com,https://ardenteclub.com,UniqueGame N.V.,ALSI-012401001-FI1,2024-01-11,2026-01-10,no,https://ardenteclub.com/contact,,not contacted,,
Metla,metla.bet,https://metla.bet,UniqueGame N.V.,ALSI-012401001-FI1,2024-01-11,2026-01-10,no,https://metla.bet/contact,,not contacted,,
Myspinwin,myspinwin.com,https://myspinwin.com,UniqueGame N.V.,ALSI-012401001-FI1,2024-01-11,2026-01-10,no,https://myspinwin.com/contact,,not contacted,,
Beastargame,beastargame.com,https://beastargame.com,UniqueGame N.V.,ALSI-012401001-FI1,2024-01-11,2026-01-10,no,https://beastargame.com/contact,,not contacted,,
Casinotheworld,casinotheworld.com,https://casinotheworld.com,Value Entertainment N.V.,ALSI-012401009-FI1,2024-01-11,2027-01-10,no,https://casinotheworld.com/contact,,not contacted,,
Miracle Miracle,miracle-miracle.com,https://miracle-miracle.com,Value Entertainment N.V.,ALSI-012401009-FI1,2024-01-11,2027-01-10,no,https://miracle-miracle.com/contact,,not contacted,,
Casino Wonder,casino-wonder.com,https://casino-wonder.com,Value Entertainment N.V.,ALSI-012401009-FI1,2024-01-11,2027-01-10,no,https://casino-wonder.com/contact,,not contacted,,
Slotier,slotier.com,https://slotier.com,3-102-937139 SRL,ALSI-152312006-FI3,2023-12-12,2026-12-11,no,https://slotier.com/contact,,not contacted,,
Betimpact,betimpact.mx,https://betimpact.mx,Dux Supreme Holdings N.V.,ALSI-152312011-FI3,2023-12-12,2026-12-11,no,https://betimpact.mx/contact,,not contacted,,
Betimpact,betimpact.com,https://betimpact.com,Dux Supreme Holdings N.V.,ALSI-152312011-FI3,2023-12-12,2026-12-11,no,https://betimpact.com/contact,,not contacted,,
Gamba,gamba.com,https://gamba.com,Gamba Gaming N.V.,ALSI-152312013-FI3,2023-12-12,2026-12-11,no,https://gamba.com/contact,,not contacted,,
Betnova,betnova.io,https://betnova.io,ISLA ROJA LIMITED,ALSI-152312019-FI3,2023-12-12,2026-12-11,no,https://betnova.io/contact,,not contacted,,
W1casino,w1casino.com,https://w1casino.com,ISLA ROJA LIMITED,ALSI-152312019-FI3,2023-12-12,2026-12-11,no,https://w1casino.com/contact,,not contacted,,
Get2bet,get2bet.com,https://get2bet.com,ISLA ROJA LIMITED,ALSI-152312019-FI3,2023-12-12,2026-12-11,no,https://get2bet.com/contact,,not contacted,,
Spinfellas,spinfellas.com,https://spinfellas.com,ISLA ROJA LIMITED,ALSI-152312019-FI3,2023-12-12,2026-12-11,no,https://spinfellas.com/contact,,not contacted,,
Gcway,gcway.vip,https://gcway.vip,ISLA ROJA LIMITED,ALSI-152312019-FI3,2023-12-12,2026-12-11,no,https://gcway.vip/contact,,not contacted,,
Wingoat,wingoat.com,https://wingoat.com,ISLA ROJA LIMITED,ALSI-152312019-FI3,2023-12-12,2026-12-11,no,https://wingoat.com/contact,,not contacted,,
Mtt,mtt.xyz,https://mtt.xyz,MTT SPORTS Limited,ALSI-152312001-FI3,2023-12-12,2026-12-11,no,https://mtt.xyz/contact,,not contacted,,
Betterwin,betterwin.com,https://betterwin.com,TWO SIX FIVE ENTERPRISES LIMITADA,ALSI-152312008-FI3,2023-12-12,2026-12-11,no,https://betterwin.com/contact,,not contacted,,
Jita,jita.bet,https://jita.bet,Altervance Ltd.,ALSI-142311014-FI2,2023-11-15,2026-11-14,no,https://jita.bet/contact,,not contacted,,
Osbet,osbet.com,https://osbet.com,Altervance Ltd.,ALSI-142311014-FI2,2023-11-15,2026-11-14,no,https://osbet.com/contact,,not contacted,,
Voj8,voj8.online,https://voj8.online,"CSA Polisen Information Co., Ltd.",ALSI-142311013-FI2,2023-11-15,2026-11-14,no,https://voj8.online/contact,,not contacted,,
Betdasorte,betdasorte.com,https://betdasorte.com,DECOLA Operations N.V.,ALSI-142311010-FI2,2023-11-15,2025-11-14,no,https://betdasorte.com/contact,,not contacted,,
Futebolbet,futebolbet.com,https://futebolbet.com,DECOLA Operations N.V.,ALSI-142311010-FI2,2023-11-15,2025-11-14,no,https://futebolbet.com/contact,,not contacted,,
Apostei,apostei.com,https://apostei.com,DECOLA Operations N.V.,ALSI-142311010-FI2,2023-11-15,2025-11-14,no,https://apostei.com/contact,,not contacted,,
Ganhabet,ganhabet.com,https://ganhabet.com,DECOLA Operations N.V.,ALSI-142311010-FI2,2023-11-15,2025-11-14,no,https://ganhabet.com/contact,,not contacted,,
Ganhei,ganhei.com,https://ganhei.com,DECOLA Operations N.V.,ALSI-142311010-FI2,2023-11-15,2025-11-14,no,https://ganhei.com/contact,,not contacted,,
Pixbet,pixbet.com,https://pixbet.com,DECOLA Operations N.V.,ALSI-142311010-FI2,2023-11-15,2025-11-14,no,https://pixbet.com/contact,,not contacted,,
Pixcasino,pixcasino.com,https://pixcasino.com,DECOLA Operations N.V.,ALSI-142311010-FI2,2023-11-15,2025-11-14,no,https://pixcasino.com/contact,,not contacted,,
Futbet,futbet.com,https://futbet.com,DECOLA Operations N.V.,ALSI-142311010-FI2,2023-11-15,2025-11-14,no,https://futbet.com/contact,,not contacted,,
Mmabet,mmabet.com,https://mmabet.com,DECOLA Operations N.V.,ALSI-142311010-FI2,2023-11-15,2025-11-14,no,https://mmabet.com/contact,,not contacted,,
Bet,bet.bet,https://bet.bet,DECOLA Operations N.V.,ALSI-142311010-FI2,2023-11-15,2025-11-14,no,https://bet.bet/contact,,not contacted,,
Betvip,betvip.com,https://betvip.com,DECOLA Operations N.V.,ALSI-142311010-FI2,2023-11-15,2025-11-14,no,https://betvip.com/contact,,not contacted,,
Flabet,flabet.com,https://flabet.com,DECOLA Operations N.V.,ALSI-142311010-FI2,2023-11-15,2025-11-14,no,https://flabet.com/contact,,not contacted,,
Spacebet,spacebet.com,https://spacebet.com,DECOLA Operations N.V.,ALSI-142311010-FI2,2023-11-15,2025-11-14,no,https://spacebet.com/contact,,not contacted,,
Funcubecorp,funcubecorp.com,https://funcubecorp.com,FunCube Corp,ALSI-142311011-FI2,2023-11-15,2026-11-14,no,https://funcubecorp.com/contact,,not contacted,,
588ws,588ws.com,https://588ws.com,FunCube Corp,ALSI-142311011-FI2,2023-11-15,2026-11-14,no,https://588ws.com/contact,,not contacted,,
777kyat,777kyat.com,https://777kyat.com,FunCube Corp,ALSI-142311011-FI2,2023-11-15,2026-11-14,no,https://777kyat.com/contact,,not contacted,,
Borojeet,borojeet.com,https://borojeet.com,FunCube Corp,ALSI-142311011-FI2,2023-11-15,2026-11-14,no,https://borojeet.com/contact,,not contacted,,
Gxy888,gxy888.com,https://gxy888.com,FunCube Corp,ALSI-142311011-FI2,2023-11-15,2026-11-14,no,https://gxy888.com/contact,,not contacted,,
Luk666,luk666.com,https://luk666.com,FunCube Corp,ALSI-142311011-FI2,2023-11-15,2026-11-14,no,https://luk666.com/contact,,not contacted,,
Milyon88,milyon88.com,https://milyon88.com,FunCube Corp,ALSI-142311011-FI2,2023-11-15,2026-11-14,no,https://milyon88.com/contact,,not contacted,,
Mnl168,mnl168.com,https://mnl168.com,FunCube Corp,ALSI-142311011-FI2,2023-11-15,2026-11-14,no,https://mnl168.com/contact,,not contacted,,
Phil168,phil168.com,https://phil168.com,FunCube Corp,ALSI-142311011-FI2,2023-11-15,2026-11-14,no,https://phil168.com/contact,,not contacted,,
Pinoyluck,pinoyluck.com,https://pinoyluck.com,FunCube Corp,ALSI-142311011-FI2,2023-11-15,2026-11-14,no,https://pinoyluck.com/contact,,not contacted,,
Swerte99,swerte99.com,https://swerte99.com,FunCube Corp,ALSI-142311011-FI2,2023-11-15,2026-11-14,no,https://swerte99.com/contact,,not contacted,,
Neonclub,neonclub.pro,https://neonclub.pro,Glow Effect SRL,ALSI-142311016-FI2,2023-11-15,2026-11-14,no,https://neonclub.pro/contact,,not contacted,,
Slotclub,slotclub.pro,https://slotclub.pro,Glow Effect SRL,ALSI-142311016-FI2,2023-11-15,2026-11-14,no,https://slotclub.pro/contact,,not contacted,,
Bet2,bet2.fun,https://bet2.fun,ICY OPERATIONS LIMITED,ALSI-142311018-FI2,2023-11-15,2026-11-14,no,https://bet2.fun/contact,,not contacted,,
Jack Pot,jack-pot.com,https://jack-pot.com,ICY OPERATIONS LIMITED,ALSI-142311018-FI2,2023-11-15,2026-11-14,no,https://jack-pot.com/contact,,not contacted,,
Betpirat,betpirat.com,https://betpirat.com,ICY OPERATIONS LIMITED,ALSI-142311018-FI2,2023-11-15,2026-11-14,no,https://betpirat.com/contact,,not contacted,,
Top Win,top-win.com,https://top-win.com,ICY OPERATIONS LIMITED,ALSI-142311018-FI2,2023-11-15,2026-11-14,no,https://top-win.com/contact,,not contacted,,
Incognitocasino,incognitocasino.io,https://incognitocasino.io,Igloo Ventures SRL,ALSI-142311005-FI2,2023-11-15,2026-11-14,no,https://incognitocasino.io/contact,,not contacted,,
Betblast,betblast.com,https://betblast.com,Igloo Ventures SRL,ALSI-142311005-FI2,2023-11-15,2026-11-14,no,https://betblast.com/contact,,not contacted,,
Reelcrypto,reelcrypto.com,https://reelcrypto.com,Igloo Ventures SRL,ALSI-142311005-FI2,2023-11-15,2026-11-14,no,https://reelcrypto.com/contact,,not contacted,,
Thehighroller,thehighroller.com,https://thehighroller.com,Igloo Ventures SRL,ALSI-142311005-FI2,2023-11-15,2026-11-14,no,https://thehighroller.com/contact,,not contacted,,
Wsmcasino,wsmcasino.com,https://wsmcasino.com,Igloo Ventures SRL,ALSI-142311005-FI2,2023-11-15,2026-11-14,no,https://wsmcasino.com/contact,,not contacted,,
Betiro,betiro.com,https://betiro.com,Igloo Ventures SRL,ALSI-142311005-FI2,2023-11-15,2026-11-14,no,https://betiro.com/contact,,not contacted,,
Slotmonster,slotmonster.com,https://slotmonster.com,Igloo Ventures SRL,ALSI-142311005-FI2,2023-11-15,2026-11-14,no,https://slotmonster.com/contact,,not contacted,,
Coinkings,coinkings.io,https://coinkings.io,Igloo Ventures SRL,ALSI-142311005-FI2,2023-11-15,2026-11-14,no,https://coinkings.io/contact,,not contacted,,
Megadice,megadice.com,https://megadice.com,Igloo Ventures SRL,ALSI-142311005-FI2,2023-11-15,2026-11-14,no,https://megadice.com/contact,,not contacted,,
Luckyblock,luckyblock.com,https://luckyblock.com,Igloo Ventures SRL,ALSI-142311005-FI2,2023-11-15,2026-11-14,no,https://luckyblock.com/contact,,not contacted,,
Betrunner,betrunner.com,https://betrunner.com,Igloo Ventures SRL,ALSI-142311005-FI2,2023-11-15,2026-11-14,no,https://betrunner.com/contact,,not contacted,,
Tg,tg.casino,https://tg.casino,Igloo Ventures SRL,ALSI-142311005-FI2,2023-11-15,2026-11-14,no,https://tg.casino/contact,,not contacted,,
Memebet,memebet.com,https://memebet.com,Igloo Ventures SRL,ALSI-142311005-FI2,2023-11-15,2026-11-14,no,https://memebet.com/contact,,not contacted,,
Winbetz,winbetz.com,https://winbetz.com,Igloo Ventures SRL,ALSI-142311005-FI2,2023-11-15,2026-11-14,no,https://winbetz.com/contact,,not contacted,,
Crashino,crashino.com,https://crashino.com,Igloo Ventures SRL,ALSI-142311005-FI2,2023-11-15,2026-11-14,no,https://crashino.com/contact,,not contacted,,
Goldenpanda,goldenpanda.com,https://goldenpanda.com,Igloo Ventures SRL,ALSI-142311005-FI2,2023-11-15,2026-11-14,no,https://goldenpanda.com/contact,,not contacted,,
Wolfz,wolfz.io,https://wolfz.io,Igloo Ventures SRL,ALSI-142311005-FI2,2023-11-15,2026-11-14,no,https://wolfz.io/contact,,not contacted,,
Cryptocasino,cryptocasino.com,https://cryptocasino.com,Igloo Ventures SRL,ALSI-142311005-FI2,2023-11-15,2026-11-14,no,https://cryptocasino.com/contact,,not contacted,,
Sambaslots,sambaslots.com,https://sambaslots.com,Igloo Ventures SRL,ALSI-142311005-FI2,2023-11-15,2026-11-14,no,https://sambaslots.com/contact,,not contacted,,
Skyhills,skyhills.com,https://skyhills.com,Igloo Ventures SRL,ALSI-142311005-FI2,2023-11-15,2026-11-14,no,https://skyhills.com/contact,,not contacted,,
Luckypays,luckypays.io,https://luckypays.io,Igloo Ventures SRL,ALSI-142311005-FI2,2023-11-15,2026-11-14,no,https://luckypays.io/contact,,not contacted,,
Telbet,telbet.com,https://telbet.com,Igloo Ventures SRL,ALSI-142311005-FI2,2023-11-15,2026-11-14,no,https://telbet.com/contact,,not contacted,,
Coincasino,coincasino.com,https://coincasino.com,Igloo Ventures SRL,ALSI-142311005-FI2,2023-11-15,2026-11-14,no,https://coincasino.com/contact,,not contacted,,
Fastslots,fastslots.com,https://fastslots.com,Igloo Ventures SRL,ALSI-142311005-FI2,2023-11-15,2026-11-14,no,https://fastslots.com/contact,,not contacted,,
Puppybet,puppybet.com,https://puppybet.com,Igloo Ventures SRL,ALSI-142311005-FI2,2023-11-15,2026-11-14,no,https://puppybet.com/contact,,not contacted,,
Spinsino,spinsino.com,https://spinsino.com,Igloo Ventures SRL,ALSI-142311005-FI2,2023-11-15,2026-11-14,no,https://spinsino.com/contact,,not contacted,,
Wreckbet,wreckbet.com,https://wreckbet.com,Igloo Ventures SRL,ALSI-142311005-FI2,2023-11-15,2026-11-14,no,https://wreckbet.com/contact,,not contacted,,
Foxygold,foxygold.com,https://foxygold.com,Igloo Ventures SRL,ALSI-142311005-FI2,2023-11-15,2026-11-14,no,https://foxygold.com/contact,,not contacted,,
Winningz,winningz.com,https://winningz.com,Igloo Ventures SRL,ALSI-142311005-FI2,2023-11-15,2026-11-14,no,https://winningz.com/contact,,not contacted,,
Casinopayservice,casinopayservice.com,https://casinopayservice.com,Igloo Ventures SRL,ALSI-142311005-FI2,2023-11-15,2026-11-14,no,https://casinopayservice.com/contact,,not contacted,,
Slotsdon,slotsdon.com,https://slotsdon.com,Igloo Ventures SRL,ALSI-142311005-FI2,2023-11-15,2026-11-14,no,https://slotsdon.com/contact,,not contacted,,
Partyspins,partyspins.com,https://partyspins.com,Igloo Ventures SRL,ALSI-142311005-FI2,2023-11-15,2026-11-14,no,https://partyspins.com/contact,,not contacted,,
Eletia,eletia.com,https://eletia.com,Igloo Ventures SRL,ALSI-142311005-FI2,2023-11-15,2026-11-14,no,https://eletia.com/contact,,not contacted,,
Jemlit,jemlit.com,https://jemlit.com,Igloo Ventures SRL,ALSI-142311005-FI2,2023-11-15,2026-11-14,no,https://jemlit.com/contact,,not contacted,,
Richgringo,richgringo.com,https://richgringo.com,Igloo Ventures SRL,ALSI-142311005-FI2,2023-11-15,2026-11-14,no,https://richgringo.com/contact,,not contacted,,
Mybet,mybet.com,https://mybet.com,Igloo Ventures SRL,ALSI-142311005-FI2,2023-11-15,2026-11-14,no,https://mybet.com/contact,,not contacted,,
Turbowins,turbowins.com,https://turbowins.com,Igloo Ventures SRL,ALSI-142311005-FI2,2023-11-15,2026-11-14,no,https://turbowins.com/contact,,not contacted,,
Ghostino,ghostino.com,https://ghostino.com,Igloo Ventures SRL,ALSI-142311005-FI2,2023-11-15,2026-11-14,no,https://ghostino.com/contact,,not contacted,,
Monsieurlapin,monsieurlapin.com,https://monsieurlapin.com,Igloo Ventures SRL,ALSI-142311005-FI2,2023-11-15,2026-11-14,no,https://monsieurlapin.com/contact,,not contacted,,
Spinlegend,spinlegend.com,https://spinlegend.com,Igloo Ventures SRL,ALSI-142311005-FI2,2023-11-15,2026-11-14,no,https://spinlegend.com/contact,,not contacted,,
Vivaspin,vivaspin.com,https://vivaspin.com,Igloo Ventures SRL,ALSI-142311005-FI2,2023-11-15,2026-11-14,yes,https://vivaspin.com/contact,,not contacted,,
Slotmaster,slotmaster.com,https://slotmaster.com,Igloo Ventures SRL,ALSI-142311005-FI2,2023-11-15,2026-11-14,no,https://slotmaster.com/contact,,not contacted,,
Marius,marius.club,https://marius.club,Ludos Optima Ltd.,ALSI-142311017-FI2,2023-11-15,2026-11-14,no,https://marius.club/contact,,not contacted,,
Sunduck,sunduck.net,https://sunduck.net,Ludos Optima Ltd.,ALSI-142311017-FI2,2023-11-15,2026-11-14,no,https://sunduck.net/contact,,not contacted,,
Zedocash,zedocash.com,https://zedocash.com,NexusInnovate Ltd,ALSI-142311004-FI2,2023-11-15,2025-11-14,no,https://zedocash.com/contact,,not contacted,,
Venetianmoneta,venetianmoneta.com,https://venetianmoneta.com,Wallios N.V.,ALSI-142311008-FI2,2023-11-15,2026-11-14,no,https://venetianmoneta.com/contact,,not contacted,,
Granspincity,granspincity.com,https://granspincity.com,Wallios N.V.,ALSI-142311008-FI2,2023-11-15,2026-11-14,no,https://granspincity.com/contact,,not contacted,,
Betiex,betiex.com,https://betiex.com,Penta Adventures N.V.,ALSI-132311001-FI1,2023-11-03,2025-11-02,no,https://betiex.com/contact,,not contacted,,
9 Club,9-club.com,https://9-club.com,The Big Shot Ltd.,ALSI-132311002-FI1,2023-11-03,2026-11-02,no,https://9-club.com/contact,,not contacted,,
Star88,star88.com,https://star88.com,The Big Shot Ltd.,ALSI-132311002-FI1,2023-11-03,2026-11-02,no,https://star88.com/contact,,not contacted,,
Stakeheroes,stakeheroes.com,https://stakeheroes.com,Keycorp Solutions LTD.,ALSI-122310019-FI6,2023-10-26,2025-10-25,no,https://stakeheroes.com/contact,,not contacted,,
Casilando,casilando.casino,https://casilando.casino,Keycorp Solutions LTD.,ALSI-122310019-FI6,2023-10-26,2025-10-25,no,https://casilando.casino/contact,,not contacted,,
Vegas11,vegas11.net,https://vegas11.net,KWBYO LIMITED,ALSI-122310016-FI6,2023-10-26,2026-10-25,no,https://vegas11.net/contact,,not contacted,,
Uplus,uplus.bet,https://uplus.bet,KWBYO LIMITED,ALSI-122310016-FI6,2023-10-26,2026-10-25,no,https://uplus.bet/contact,,not contacted,,
Daddybet,daddybet.com,https://daddybet.com,Seven Investments America N.V.,ALSI-122310018-FI6,2023-10-26,2025-10-25,no,https://daddybet.com/contact,,not contacted,,
Playon99,playon99.com,https://playon99.com,Seven Investments America N.V.,ALSI-122310018-FI6,2023-10-26,2025-10-25,no,https://playon99.com/contact,,not contacted,,
Durabet,durabet.com,https://durabet.com,Seven Investments America N.V.,ALSI-122310018-FI6,2023-10-26,2025-10-25,no,https://durabet.com/contact,,not contacted,,
Mglion,mglion.com,https://mglion.com,Seven Investments America N.V.,ALSI-122310018-FI6,2023-10-26,2025-10-25,no,https://mglion.com/contact,,not contacted,,
Profit777,profit777.com,https://profit777.com,Seven Investments America N.V.,ALSI-122310018-FI6,2023-10-26,2025-10-25,no,https://profit777.com/contact,,not contacted,,
Duelbits,duelbits.io,https://duelbits.io,Elevated Entertainment Ltd,ALSI-112310013-FI5,2023-10-13,2026-10-12,no,https://duelbits.io/contact,,not contacted,,
4tuns,4tuns.com,https://4tuns.com,Levelup Enterprise Ltd,ALSI-112310014-FI5,2023-10-13,2026-10-12,no,https://4tuns.com/contact,,not contacted,,
4tuns1,4tuns1.com,https://4tuns1.com,Levelup Enterprise Ltd,ALSI-112310014-FI5,2023-10-13,2026-10-12,no,https://4tuns1.com/contact,,not contacted,,
Megapari,megapari.com,https://megapari.com,VDSOFT&SCRIPT DEVELOPMENT SRL,ALSI-112310012-FI5,2023-10-13,2026-10-12,no,https://megapari.com/contact,,not contacted,,
Acecasino,acecasino.io,https://acecasino.io,Ace Gaming Limitada,ALSI-102310006-FI5,2023-10-05,2026-10-04,no,https://acecasino.io/contact,,not contacted,,
Fgfox,fgfox.com,https://fgfox.com,FGS Software Solutions SRL,ALSI-102310003-FI5,2023-10-05,2026-10-04,no,https://fgfox.com/contact,,not contacted,,
Wizebets,wizebets.com,https://wizebets.com,FGS Software Solutions SRL,ALSI-102310003-FI5,2023-10-05,2026-10-04,no,https://wizebets.com/contact,,not contacted,,
Bm,bm.bet,https://bm.bet,FGS Software Solutions SRL,ALSI-102310003-FI5,2023-10-05,2026-10-04,no,https://bm.bet/contact,,not contacted,,
Rakoocasino,rakoocasino.com,https://rakoocasino.com,FGS Software Solutions SRL,ALSI-102310003-FI5,2023-10-05,2026-10-04,no,https://rakoocasino.com/contact,,not contacted,,
Pakobet,pakobet.com,https://pakobet.com,FGS Software Solutions SRL,ALSI-102310003-FI5,2023-10-05,2026-10-04,no,https://pakobet.com/contact,,not contacted,,
Onedun,onedun.com,https://onedun.com,FGS Software Solutions SRL,ALSI-102310003-FI5,2023-10-05,2026-10-04,no,https://onedun.com/contact,,not contacted,,
Jacktop,jacktop.com,https://jacktop.com,FGS Software Solutions SRL,ALSI-102310003-FI5,2023-10-05,2026-10-04,no,https://jacktop.com/contact,,not contacted,,
Gonzabet,gonzabet.com,https://gonzabet.com,FGS Software Solutions SRL,ALSI-102310003-FI5,2023-10-05,2026-10-04,no,https://gonzabet.com/contact,,not contacted,,
Goldenbilly,goldenbilly.com,https://goldenbilly.com,FGS Software Solutions SRL,ALSI-102310003-FI5,2023-10-05,2026-10-04,no,https://goldenbilly.com/contact,,not contacted,,
Cuscocasino,cuscocasino.com,https://cuscocasino.com,FGS Software Solutions SRL,ALSI-102310003-FI5,2023-10-05,2026-10-04,no,https://cuscocasino.com/contact,,not contacted,,
Corgislot,corgislot.com,https://corgislot.com,FGS Software Solutions SRL,ALSI-102310003-FI5,2023-10-05,2026-10-04,no,https://corgislot.com/contact,,not contacted,,
Coltspin,coltspin.com,https://coltspin.com,FGS Software Solutions SRL,ALSI-102310003-FI5,2023-10-05,2026-10-04,no,https://coltspin.com/contact,,not contacted,,
Betsomnia,betsomnia.com,https://betsomnia.com,FGS Software Solutions SRL,ALSI-102310003-FI5,2023-10-05,2026-10-04,no,https://betsomnia.com/contact,,not contacted,,
Bazzbet,bazzbet.com,https://bazzbet.com,FGS Software Solutions SRL,ALSI-102310003-FI5,2023-10-05,2026-10-04,no,https://bazzbet.com/contact,,not contacted,,
Bambobet,bambobet.com,https://bambobet.com,FGS Software Solutions SRL,ALSI-102310003-FI5,2023-10-05,2026-10-04,no,https://bambobet.com/contact,,not contacted,,
Skyslots,skyslots.com,https://skyslots.com,FGS Software Solutions SRL,ALSI-102310003-FI5,2023-10-05,2026-10-04,no,https://skyslots.com/contact,,not contacted,,
Monixbet,monixbet.com,https://monixbet.com,FGS Software Solutions SRL,ALSI-102310003-FI5,2023-10-05,2026-10-04,no,https://monixbet.com/contact,,not contacted,,
Playpalm,playpalm.com,https://playpalm.com,FGS Software Solutions SRL,ALSI-102310003-FI5,2023-10-05,2026-10-04,no,https://playpalm.com/contact,,not contacted,,
Rcasino,rcasino.com,https://rcasino.com,FGS Software Solutions SRL,ALSI-102310003-FI5,2023-10-05,2026-10-04,no,https://rcasino.com/contact,,not contacted,,
Goldcoastspin,goldcoastspin.com,https://goldcoastspin.com,FGS Software Solutions SRL,ALSI-102310003-FI5,2023-10-05,2026-10-04,no,https://goldcoastspin.com/contact,,not contacted,,
Gamix,gamix.bet,https://gamix.bet,FGS Software Solutions SRL,ALSI-102310003-FI5,2023-10-05,2026-10-04,no,https://gamix.bet/contact,,not contacted,,
Lordspin,lordspin.com,https://lordspin.com,FGS Software Solutions SRL,ALSI-102310003-FI5,2023-10-05,2026-10-04,no,https://lordspin.com/contact,,not contacted,,
Lumoracasino,lumoracasino.com,https://lumoracasino.com,FGS Software Solutions SRL,ALSI-102310003-FI5,2023-10-05,2026-10-04,no,https://lumoracasino.com/contact,,not contacted,,
Voltslot,voltslot.com,https://voltslot.com,FGS Software Solutions SRL,ALSI-102310003-FI5,2023-10-05,2026-10-04,no,https://voltslot.com/contact,,not contacted,,
Betybet,betybet.com,https://betybet.com,FGS Software Solutions SRL,ALSI-102310003-FI5,2023-10-05,2026-10-04,no,https://betybet.com/contact,,not contacted,,
Betzard,betzard.com,https://betzard.com,FGS Software Solutions SRL,ALSI-102310003-FI5,2023-10-05,2026-10-04,no,https://betzard.com/contact,,not contacted,,
Goldhorns,goldhorns.com,https://goldhorns.com,FGS Software Solutions SRL,ALSI-102310003-FI5,2023-10-05,2026-10-04,no,https://goldhorns.com/contact,,not contacted,,
Jonix,jonix.bet,https://jonix.bet,FGS Software Solutions SRL,ALSI-102310003-FI5,2023-10-05,2026-10-04,no,https://jonix.bet/contact,,not contacted,,
Spinguru,spinguru.bet,https://spinguru.bet,FGS Software Solutions SRL,ALSI-102310003-FI5,2023-10-05,2026-10-04,no,https://spinguru.bet/contact,,not contacted,,
Spinstellar,spinstellar.com,https://spinstellar.com,FGS Software Solutions SRL,ALSI-102310003-FI5,2023-10-05,2026-10-04,no,https://spinstellar.com/contact,,not contacted,,
Xtream,xtream.bet,https://xtream.bet,FGS Software Solutions SRL,ALSI-102310003-FI5,2023-10-05,2026-10-04,no,https://xtream.bet/contact,,not contacted,,
Tombriches,tombriches.com,https://tombriches.com,FGS Software Solutions SRL,ALSI-102310003-FI5,2023-10-05,2026-10-04,no,https://tombriches.com/contact,,not contacted,,
Cricadda,cricadda.com,https://cricadda.com,GIT Operations Ltd.,ALSI-102310007-FI5,2023-10-05,2027-10-04,no,https://cricadda.com/contact,,not contacted,,
Winfair247,winfair247.com,https://winfair247.com,GIT Operations Ltd.,ALSI-102310007-FI5,2023-10-05,2027-10-04,no,https://winfair247.com/contact,,not contacted,,
Sporthub365,sporthub365.org,https://sporthub365.org,Global Infotech Consultancy N.V.,ALSI-102310008-FI5,2023-10-05,2025-10-04,no,https://sporthub365.org/contact,,not contacted,,
Sporthub365,sporthub365.co,https://sporthub365.co,Global Infotech Consultancy N.V.,ALSI-102310008-FI5,2023-10-05,2025-10-04,no,https://sporthub365.co/contact,,not contacted,,
Realspin,realspin.com,https://realspin.com,Next Global Era Limited,ALSI-102310002-FI5,2023-10-05,2026-10-04,no,https://realspin.com/contact,,not contacted,,
Slotsvil,slotsvil.com,https://slotsvil.com,Next Global Era Limited,ALSI-102310002-FI5,2023-10-05,2026-10-04,no,https://slotsvil.com/contact,,not contacted,,
Cryptoroyal,cryptoroyal.com,https://cryptoroyal.com,Next Global Era Limited,ALSI-102310002-FI5,2023-10-05,2026-10-04,no,https://cryptoroyal.com/contact,,not contacted,,
Spinoli,spinoli.com,https://spinoli.com,Next Global Era Limited,ALSI-102310002-FI5,2023-10-05,2026-10-04,no,https://spinoli.com/contact,,not contacted,,
Spinabet,spinabet.co,https://spinabet.co,Next Global Era Limited,ALSI-102310002-FI5,2023-10-05,2026-10-04,no,https://spinabet.co/contact,,not contacted,,
Winmega,winmega.co,https://winmega.co,Next Global Era Limited,ALSI-102310002-FI5,2023-10-05,2026-10-04,no,https://winmega.co/contact,,not contacted,,
Yoyospins,yoyospins.co,https://yoyospins.co,Next Global Era Limited,ALSI-102310002-FI5,2023-10-05,2026-10-04,no,https://yoyospins.co/contact,,not contacted,,
Zodiacbet,zodiacbet.com,https://zodiacbet.com,Next Global Era Limited,ALSI-102310002-FI5,2023-10-05,2026-10-04,no,https://zodiacbet.com/contact,,not contacted,,
Thrillsy,thrillsy.com,https://thrillsy.com,Next Global Era Limited,ALSI-102310002-FI5,2023-10-05,2026-10-04,no,https://thrillsy.com/contact,,not contacted,,
Slotimo,slotimo.com,https://slotimo.com,Next Global Era Limited,ALSI-102310002-FI5,2023-10-05,2026-10-04,no,https://slotimo.com/contact,,not contacted,,
Slot103,slot103.com,https://slot103.com,Next Global Era Limited,ALSI-102310002-FI5,2023-10-05,2026-10-04,no,https://slot103.com/contact,,not contacted,,
Select,select.bet,https://select.bet,Next Global Era Limited,ALSI-102310002-FI5,2023-10-05,2026-10-04,no,https://select.bet/contact,,not contacted,,
Lucknation,lucknation.com,https://lucknation.com,Next Global Era Limited,ALSI-102310002-FI5,2023-10-05,2026-10-04,no,https://lucknation.com/contact,,not contacted,,
Emirbet,emirbet.com,https://emirbet.com,Next Global Era Limited,ALSI-102310002-FI5,2023-10-05,2026-10-04,no,https://emirbet.com/contact,,not contacted,,
Directionbet,directionbet.com,https://directionbet.com,Next Global Era Limited,ALSI-102310002-FI5,2023-10-05,2026-10-04,no,https://directionbet.com/contact,,not contacted,,
18betasia,18betasia.com,https://18betasia.com,Next Global Era Limited,ALSI-102310002-FI5,2023-10-05,2026-10-04,no,https://18betasia.com/contact,,not contacted,,
1bet,1bet.com,https://1bet.com,Next Global Era Limited,ALSI-102310002-FI5,2023-10-05,2026-10-04,no,https://1bet.com/contact,,not contacted,,
Betonic,betonic.com,https://betonic.com,Next Global Era Limited,ALSI-102310002-FI5,2023-10-05,2026-10-04,no,https://betonic.com/contact,,not contacted,,
Betrophy,betrophy.com,https://betrophy.com,Next Global Era Limited,ALSI-102310002-FI5,2023-10-05,2026-10-04,no,https://betrophy.com/contact,,not contacted,,
Dachbet,dachbet.com,https://dachbet.com,Next Global Era Limited,ALSI-102310002-FI5,2023-10-05,2026-10-04,no,https://dachbet.com/contact,,not contacted,,
Felicebet,felicebet.com,https://felicebet.com,Next Global Era Limited,ALSI-102310002-FI5,2023-10-05,2026-10-04,no,https://felicebet.com/contact,,not contacted,,
Grandwin,grandwin.com,https://grandwin.com,Next Global Era Limited,ALSI-102310002-FI5,2023-10-05,2026-10-04,no,https://grandwin.com/contact,,not contacted,,
Royalistplay,royalistplay.com,https://royalistplay.com,Next Global Era Limited,ALSI-102310002-FI5,2023-10-05,2026-10-04,no,https://royalistplay.com/contact,,not contacted,,
Betindi1,betindi1.com,https://betindi1.com,Next Global Era Limited,ALSI-102310002-FI5,2023-10-05,2026-10-04,no,https://betindi1.com/contact,,not contacted,,
777vault,777vault.com,https://777vault.com,Next Global Era Limited,ALSI-102310002-FI5,2023-10-05,2026-10-04,no,https://777vault.com/contact,,not contacted,,
Godofcasino,godofcasino.com,https://godofcasino.com,Next Global Era Limited,ALSI-102310002-FI5,2023-10-05,2026-10-04,no,https://godofcasino.com/contact,,not contacted,,
Spinabet,spinabet.com,https://spinabet.com,Next Global Era Limited,ALSI-102310002-FI5,2023-10-05,2026-10-04,no,https://spinabet.com/contact,,not contacted,,
Spiderbets,spiderbets.com,https://spiderbets.com,Next Global Era Limited,ALSI-102310002-FI5,2023-10-05,2026-10-04,no,https://spiderbets.com/contact,,not contacted,,
Monoplay,monoplay.com,https://monoplay.com,Next Global Era Limited,ALSI-102310002-FI5,2023-10-05,2026-10-04,no,https://monoplay.com/contact,,not contacted,,
Spininio,spininio.com,https://spininio.com,Next Global Era Limited,ALSI-102310002-FI5,2023-10-05,2026-10-04,no,https://spininio.com/contact,,not contacted,,
Winmega,winmega.com,https://winmega.com,Next Global Era Limited,ALSI-102310002-FI5,2023-10-05,2026-10-04,no,https://winmega.com/contact,,not contacted,,
Yoyospins,yoyospins.com,https://yoyospins.com,Next Global Era Limited,ALSI-102310002-FI5,2023-10-05,2026-10-04,no,https://yoyospins.com/contact,,not contacted,,
Spinimax,spinimax.com,https://spinimax.com,Next Global Era Limited,ALSI-102310002-FI5,2023-10-05,2026-10-04,no,https://spinimax.com/contact,,not contacted,,
Zentio1,zentio1.online,https://zentio1.online,Next Global Era Limited,ALSI-102310002-FI5,2023-10-05,2026-10-04,no,https://zentio1.online/contact,,not contacted,,
Kavon1,kavon1.org,https://kavon1.org,Next Global Era Limited,ALSI-102310002-FI5,2023-10-05,2026-10-04,no,https://kavon1.org/contact,,not contacted,,
Milecasino,milecasino.com,https://milecasino.com,Next Global Era Limited,ALSI-102310002-FI5,2023-10-05,2026-10-04,no,https://milecasino.com/contact,,not contacted,,
Betlily,betlily.com,https://betlily.com,Lily Entertainment Limited,ALSI-082309006-FI4,2023-09-12,2025-09-11,no,https://betlily.com/contact,,not contacted,,
Instaspin,instaspin.com,https://instaspin.com,Magico Games N.V.,ALSI-082309007-FI4,2023-09-12,2026-09-11,no,https://instaspin.com/contact,,not contacted,,
Betninja,betninja.com,https://betninja.com,Magico Games N.V.,ALSI-082309007-FI4,2023-09-12,2026-09-11,no,https://betninja.com/contact,,not contacted,,
Xrp,xrp.bet,https://xrp.bet,ORBIT Interactive Tech LTD,ALSI-082309005-FI4,2023-09-12,2026-09-11,no,https://xrp.bet/contact,,not contacted,,
Girobet,girobet.com,https://girobet.com,ORBIT Interactive Tech LTD,ALSI-082309005-FI4,2023-09-12,2026-09-11,no,https://girobet.com/contact,,not contacted,,
Oddsgate,oddsgate.com,https://oddsgate.com,ORBIT Interactive Tech LTD,ALSI-082309005-FI4,2023-09-12,2026-09-11,no,https://oddsgate.com/contact,,not contacted,,
4play,4play.game,https://4play.game,ORBIT Interactive Tech LTD,ALSI-082309005-FI4,2023-09-12,2026-09-11,no,https://4play.game/contact,,not contacted,,
Betmidas Oficial,betmidas-oficial.net,https://betmidas-oficial.net,ORBIT Interactive Tech LTD,ALSI-082309005-FI4,2023-09-12,2026-09-11,no,https://betmidas-oficial.net/contact,,not contacted,,
Sever,sever.casino,https://sever.casino,ORBIT Interactive Tech LTD,ALSI-082309005-FI4,2023-09-12,2026-09-11,no,https://sever.casino/contact,,not contacted,,
Zamba,zamba.bet,https://zamba.bet,ORBIT Interactive Tech LTD,ALSI-082309005-FI4,2023-09-12,2026-09-11,no,https://zamba.bet/contact,,not contacted,,
Flashbetza,flashbetza.com,https://flashbetza.com,ORBIT Interactive Tech LTD,ALSI-082309005-FI4,2023-09-12,2026-09-11,no,https://flashbetza.com/contact,,not contacted,,
Luckyrushza,luckyrushza.com,https://luckyrushza.com,ORBIT Interactive Tech LTD,ALSI-082309005-FI4,2023-09-12,2026-09-11,no,https://luckyrushza.com/contact,,not contacted,,
Superpix,superpix.bet,https://superpix.bet,ORBIT Interactive Tech LTD,ALSI-082309005-FI4,2023-09-12,2026-09-11,no,https://superpix.bet/contact,,not contacted,,
Yoller,yoller.com,https://yoller.com,ORBIT Interactive Tech LTD,ALSI-082309005-FI4,2023-09-12,2026-09-11,no,https://yoller.com/contact,,not contacted,,
Bollybet,bollybet.com,https://bollybet.com,Tagus Media Americas (Curaçao) N.V.,ALSI-082309008-FI4,2023-09-12,2025-09-11,no,https://bollybet.com/contact,,not contacted,,
Unicabet,unicabet.com,https://unicabet.com,Vert Investments N.V.,ALSI-082309009-FI4,2023-09-12,2025-09-11,no,https://unicabet.com/contact,,not contacted,,
Bichonopix,bichonopix.com,https://bichonopix.com,Vert Investments N.V.,ALSI-082309009-FI4,2023-09-12,2025-09-11,no,https://bichonopix.com/contact,,not contacted,,
Win,win.casino,https://win.casino,3-102-940395 SRL,ALSI-052308001-FI2,2023-08-24,2026-08-23,no,https://win.casino/contact,,not contacted,,
2up,2up.net,https://2up.net,Uponly Limited,ALSI-042308001-FI1,2023-08-16,2026-08-28,no,https://2up.net/contact,,not contacted,,
2up,2up.io,https://2up.io,Uponly Limited,ALSI-042308001-FI1,2023-08-16,2026-08-28,no,https://2up.io/contact,,not contacted,,
2up,2up.org,https://2up.org,Uponly Limited,ALSI-042308001-FI1,2023-08-16,2026-08-28,no,https://2up.org/contact,,not contacted,,
Lyracasino,lyracasino.com,https://lyracasino.com,3-102-946282 SRL,ALSI-022307003-FI2,2023-07-18,2026-07-17,no,https://lyracasino.com/contact,,not contacted,,
Happyspins,happyspins.com,https://happyspins.com,3-102-946282 SRL,ALSI-022307003-FI2,2023-07-18,2026-07-17,no,https://happyspins.com/contact,,not contacted,,
Heycasino,heycasino.com,https://heycasino.com,3-102-946282 SRL,ALSI-022307003-FI2,2023-07-18,2026-07-17,no,https://heycasino.com/contact,,not contacted,,
Moicasino,moicasino.com,https://moicasino.com,3-102-946282 SRL,ALSI-022307003-FI2,2023-07-18,2026-07-17,no,https://moicasino.com/contact,,not contacted,,
Quickslot,quickslot.com,https://quickslot.com,3-102-946282 SRL,ALSI-022307003-FI2,2023-07-18,2026-07-17,no,https://quickslot.com/contact,,not contacted,,
Yaacasino,yaacasino.com,https://yaacasino.com,3-102-946282 SRL,ALSI-022307003-FI2,2023-07-18,2026-07-17,no,https://yaacasino.com/contact,,not contacted,,
Prontobet,prontobet.com,https://prontobet.com,3-102-946282 SRL,ALSI-022307003-FI2,2023-07-18,2026-07-17,no,https://prontobet.com/contact,,not contacted,,
Slotparadise,slotparadise.com,https://slotparadise.com,3-102-946282 SRL,ALSI-022307003-FI2,2023-07-18,2026-07-17,no,https://slotparadise.com/contact,,not contacted,,
Cryptowilds,cryptowilds.io,https://cryptowilds.io,3-102-946282 SRL,ALSI-022307003-FI2,2023-07-18,2026-07-17,no,https://cryptowilds.io/contact,,not contacted,,
Punterz,punterz.com,https://punterz.com,3-102-946282 SRL,ALSI-022307003-FI2,2023-07-18,2026-07-17,no,https://punterz.com/contact,,not contacted,,
Reddice,reddice.com,https://reddice.com,3-102-946282 SRL,ALSI-022307003-FI2,2023-07-18,2026-07-17,no,https://reddice.com/contact,,not contacted,,
Trivelabet,trivelabet.com,https://trivelabet.com,3-102-946282 SRL,ALSI-022307003-FI2,2023-07-18,2026-07-17,no,https://trivelabet.com/contact,,not contacted,,
Happyslots,happyslots.com,https://happyslots.com,3-102-946282 SRL,ALSI-022307003-FI2,2023-07-18,2026-07-17,no,https://happyslots.com/contact,,not contacted,,
Dynabet,dynabet.com,https://dynabet.com,3-102-946282 SRL,ALSI-022307003-FI2,2023-07-18,2026-07-17,no,https://dynabet.com/contact,,not contacted,,
Lyrabet,lyrabet.com,https://lyrabet.com,3-102-946282 SRL,ALSI-022307003-FI2,2023-07-18,2026-07-17,no,https://lyrabet.com/contact,,not contacted,,
Betzando,betzando.com,https://betzando.com,OG OVERSEAS SERVICES LTD,ALSI-022307004-FI2,2023-07-18,2025-07-18,no,https://betzando.com/contact,,not contacted,,
Betou,betou.io,https://betou.io,OG OVERSEAS SERVICES LTD,ALSI-022307004-FI2,2023-07-18,2025-07-18,no,https://betou.io/contact,,not contacted,,
Dezenasbet,dezenasbet.com,https://dezenasbet.com,OG OVERSEAS SERVICES LTD,ALSI-022307004-FI2,2023-07-18,2025-07-18,no,https://dezenasbet.com/contact,,not contacted,,
Betlove7,betlove7.com,https://betlove7.com,OG OVERSEAS SERVICES LTD,ALSI-022307004-FI2,2023-07-18,2025-07-18,no,https://betlove7.com/contact,,not contacted,,
Dimas,dimas.bet,https://dimas.bet,OG OVERSEAS SERVICES LTD,ALSI-022307004-FI2,2023-07-18,2025-07-18,no,https://dimas.bet/contact,,not contacted,,
Kangubet,kangubet.com,https://kangubet.com,OG OVERSEAS SERVICES LTD,ALSI-022307004-FI2,2023-07-18,2025-07-18,no,https://kangubet.com/contact,,not contacted,,
Yummygame,yummygame.io,https://yummygame.io,Candy Factory Ltd.,ALSI-152312018-FI3,2023-01-12,2025-12-11,no,https://yummygame.io/contact,,not contacted,,
